time,temperature,humidity
00:00:02,28.1,48.9
00:00:12,28.1,48.9
00:00:22,28.1,48.9
00:00:32,28.1,48.7
00:00:42,28.1,48.6
00:00:52,28.1,48.7
00:01:02,28.1,48.8
00:01:12,28.1,48.8
00:01:22,28.1,48.7
00:01:32,28.1,48.7
00:01:42,28.1,48.7
00:01:52,28.1,48.6
00:02:02,28.1,48.5
00:02:12,28.1,48.6
00:02:22,28.1,48.7
00:02:32,28.1,48.7
00:02:42,28.2,48.8
00:02:52,28.2,48.8
00:03:02,28.2,48.7
00:03:12,28.2,48.9
00:03:22,28.1,49.0
00:03:32,28.2,48.9
00:03:42,28.2,48.7
00:03:52,28.2,48.5
00:04:02,28.2,48.6
00:04:12,28.2,48.5
00:04:22,28.2,48.5
00:04:32,28.2,48.5
00:04:42,28.2,48.6
00:04:52,28.2,48.9
00:05:02,28.2,48.9
00:05:12,28.2,48.8
00:05:22,28.2,48.7
00:05:32,28.2,48.5
00:05:42,28.2,48.4
00:05:52,28.2,48.4
00:06:02,28.2,48.3
00:06:12,28.2,48.4
00:06:22,28.2,48.4
00:06:32,28.2,48.6
00:06:42,28.2,48.5
00:06:52,28.2,48.3
00:07:02,28.2,48.3
00:07:12,28.2,48.3
00:07:22,28.2,48.3
00:07:32,28.2,48.2
00:07:42,28.2,48.3
00:07:52,28.2,48.2
00:08:02,28.2,48.2
00:08:12,28.2,48.2
00:08:22,28.2,48.2
00:08:32,28.2,48.3
00:08:42,28.2,48.3
00:08:52,28.2,48.3
00:09:02,28.2,48.2
00:09:12,28.2,48.2
00:09:22,28.2,48.2
00:09:32,28.2,48.1
00:09:42,28.2,48.1
00:09:52,28.2,48.2
00:10:02,28.2,48.1
00:10:12,28.2,48.2
00:10:22,28.2,48.2
00:10:32,28.2,48.3
00:10:42,28.2,48.2
00:10:52,28.2,48.2
00:11:02,28.2,48.2
00:11:12,28.2,48.2
00:11:22,28.2,48.2
00:11:32,28.2,48.2
00:11:42,28.2,48.2
00:11:52,28.2,48.3
00:12:02,28.2,48.2
00:12:12,28.2,48.2
00:12:22,28.2,48.1
00:12:32,28.2,48.2
00:12:42,28.2,48.1
00:12:52,28.2,48.2
00:13:02,28.2,48.3
00:13:12,28.2,48.3
00:13:22,28.2,48.3
00:13:32,28.2,48.2
00:13:42,28.2,48.1
00:13:52,28.2,48.2
00:14:02,28.2,48.2
00:14:12,28.2,48.2
00:14:22,28.2,48.2
00:14:32,28.2,48.2
00:14:42,28.2,48.3
00:14:52,28.2,48.3
00:15:02,28.2,48.2
00:15:12,28.2,48.3
00:15:22,28.2,48.3
00:15:32,28.2,48.3
00:15:42,28.2,48.3
00:15:52,28.2,48.2
00:16:02,28.2,48.3
00:16:12,28.2,48.3
00:16:22,28.2,48.3
00:16:32,28.2,48.3
00:16:42,28.2,48.2
00:16:52,28.2,48.1
00:17:02,28.2,48.2
00:17:12,28.2,48.3
00:17:22,28.2,48.3
00:17:32,28.2,48.3
00:17:42,28.2,48.2
00:17:52,28.2,48.2
00:18:02,28.2,48.2
00:18:12,28.2,48.1
00:18:22,28.2,48.1
00:18:32,28.2,48.1
00:18:42,28.2,48.1
00:18:52,28.2,48.1
00:19:02,28.2,48.1
00:19:12,28.2,48.2
00:19:22,28.2,48.2
00:19:32,28.2,48.1
00:19:42,28.2,48.1
00:19:52,28.2,48.2
00:20:02,28.2,48.1
00:20:12,28.2,48.1
00:20:22,28.2,48.1
00:20:32,28.2,48.1
00:20:42,28.2,48.0
00:20:52,28.2,48.1
00:21:02,28.2,48.1
00:21:12,28.2,48.1
00:21:22,28.2,48.1
00:21:32,28.2,48.0
00:21:42,28.2,48.0
00:21:52,28.2,48.0
00:22:02,28.2,48.1
00:22:12,28.2,48.0
00:22:22,28.2,48.0
00:22:32,28.2,48.0
00:22:42,28.2,48.0
00:22:52,28.2,48.0
00:23:02,28.2,48.0
00:23:12,28.2,48.0
00:23:22,28.2,48.0
00:23:32,28.2,48.0
00:23:42,28.2,48.0
00:23:52,28.2,47.9
00:24:02,28.2,47.9
00:24:12,28.2,47.9
00:24:22,28.2,47.8
00:24:32,28.2,47.9
00:24:42,28.2,47.8
00:24:52,28.2,47.9
00:25:02,28.2,47.8
00:25:12,28.2,47.9
00:25:22,28.3,47.9
00:25:32,28.2,47.8
00:25:42,28.2,47.8
00:25:52,28.2,47.8
00:26:02,28.2,47.8
00:26:12,28.2,47.8
00:26:22,28.2,47.7
00:26:32,28.2,47.7
00:26:42,28.2,47.8
00:26:52,28.3,47.8
00:27:02,28.2,47.7
00:27:12,28.3,47.7
00:27:22,28.2,47.6
00:27:32,28.3,47.7
00:27:42,28.2,47.7
00:27:52,28.2,47.7
00:28:02,28.2,47.7
00:28:12,28.2,47.7
00:28:22,28.2,47.7
00:28:32,28.2,47.7
00:28:42,28.2,47.7
00:28:52,28.2,47.7
00:29:02,28.2,47.7
00:29:12,28.3,47.7
00:29:22,28.2,47.8
00:29:32,28.2,47.7
00:29:42,28.2,47.8
00:29:52,28.2,47.7
00:30:02,28.3,47.7
00:30:12,28.2,47.7
00:30:22,28.2,47.7
00:30:32,28.3,47.7
00:30:42,28.3,47.7
00:30:52,28.3,47.7
00:31:02,28.2,47.7
00:31:12,28.2,47.8
00:31:22,28.3,47.8
00:31:32,28.3,47.7
00:31:42,28.2,47.7
00:31:52,28.2,47.8
00:32:02,28.3,47.8
00:32:12,28.3,47.7
00:32:22,28.3,47.7
00:32:32,28.3,47.6
00:32:42,28.3,47.6
00:32:52,28.3,47.6
00:33:02,28.3,47.7
00:33:12,28.3,47.7
00:33:22,28.2,47.7
00:33:32,28.3,47.7
00:33:42,28.3,47.7
00:33:52,28.3,47.7
00:34:02,28.3,47.6
00:34:12,28.3,47.7
00:34:22,28.2,47.7
00:34:32,28.3,47.7
00:34:42,28.3,47.6
00:34:52,28.3,47.6
00:35:02,28.3,47.7
00:35:12,28.3,47.6
00:35:22,28.3,47.6
00:35:32,28.3,47.6
00:35:42,28.3,47.6
00:35:52,28.3,47.7
00:36:02,28.3,47.6
00:36:12,28.3,47.7
00:36:22,28.3,47.7
00:36:32,28.3,47.7
00:36:42,28.3,47.7
00:36:52,28.3,47.7
00:37:02,28.3,47.6
00:37:12,28.3,47.6
00:37:22,28.3,47.5
00:37:32,28.3,47.6
00:37:42,28.3,47.6
00:37:52,28.3,47.7
00:38:02,28.3,47.7
00:38:12,28.3,47.7
00:38:22,28.3,47.7
00:38:32,28.3,47.6
00:38:42,28.3,47.6
00:38:52,28.3,47.6
00:39:02,28.3,47.6
00:39:12,28.3,47.6
00:39:22,28.3,47.6
00:39:32,28.3,47.6
00:39:42,28.3,47.6
00:39:52,28.3,47.6
00:40:02,28.3,47.6
00:40:12,28.3,47.6
00:40:22,28.3,47.6
00:40:32,28.3,47.6
00:40:42,28.3,47.7
00:40:52,28.3,47.7
00:41:02,28.3,47.6
00:41:12,28.3,47.5
00:41:22,28.3,47.6
00:41:32,28.3,47.5
00:41:42,28.3,47.6
00:41:52,28.3,47.5
00:42:02,28.3,47.6
00:42:12,28.3,47.5
00:42:22,28.3,47.5
00:42:32,28.3,47.5
00:42:42,28.3,47.5
00:42:52,28.3,47.5
00:43:02,28.3,47.4
00:43:12,28.3,47.5
00:43:22,28.3,47.4
00:43:32,28.3,47.4
00:43:42,28.3,47.5
00:43:52,28.3,47.5
00:44:02,28.3,47.4
00:44:12,28.3,47.5
00:44:22,28.3,47.5
00:44:32,28.3,47.4
00:44:42,28.3,47.4
00:44:52,28.3,47.3
00:45:02,28.3,47.4
00:45:12,28.3,47.4
00:45:22,28.3,47.4
00:45:32,28.3,47.4
00:45:42,28.3,47.4
00:45:52,28.3,47.4
00:46:02,28.3,47.4
00:46:12,28.3,47.4
00:46:22,28.3,47.4
00:46:32,28.3,47.4
00:46:42,28.3,47.3
00:46:52,28.3,47.3
00:47:02,28.3,47.4
00:47:12,28.3,47.3
00:47:22,28.3,47.3
00:47:32,28.3,47.3
00:47:42,28.3,47.4
00:47:52,28.3,47.3
00:48:02,28.3,47.3
00:48:12,28.3,47.4
00:48:22,28.3,47.3
00:48:32,28.3,47.4
00:48:42,28.3,47.3
00:48:52,28.3,47.3
00:49:02,28.3,47.3
00:49:12,28.3,47.3
00:49:22,28.3,47.3
00:49:32,28.3,47.3
00:49:42,28.3,47.4
00:49:52,28.3,47.3
00:50:02,28.3,47.3
00:50:12,28.3,47.3
00:50:22,28.3,47.3
00:50:32,28.3,47.3
00:50:42,28.3,47.2
00:50:52,28.3,47.3
00:51:02,28.3,47.4
00:51:12,28.3,47.3
00:51:22,28.3,47.4
00:51:32,28.3,47.4
00:51:42,28.3,47.4
00:51:52,28.3,47.3
00:52:02,28.3,47.3
00:52:12,28.3,47.3
00:52:22,28.3,47.3
00:52:32,28.3,47.3
00:52:42,28.3,47.4
00:52:52,28.3,47.4
00:53:02,28.3,47.4
00:53:12,28.3,47.3
00:53:22,28.3,47.3
00:53:32,28.3,47.4
00:53:42,28.3,47.4
00:53:52,28.3,47.4
00:54:02,28.3,47.4
00:54:12,28.3,47.4
00:54:22,28.3,47.3
00:54:32,28.3,47.3
00:54:42,28.3,47.3
00:54:52,28.3,47.4
00:55:02,28.3,47.5
00:55:12,28.3,47.4
00:55:22,28.3,47.3
00:55:32,28.3,47.4
00:55:42,28.3,47.4
00:55:52,28.3,47.3
00:56:02,28.3,47.3
00:56:12,28.3,47.2
00:56:22,28.3,47.3
00:56:32,28.3,47.2
00:56:42,28.3,47.3
00:56:52,28.3,47.3
00:57:02,28.3,47.3
00:57:12,28.3,47.3
00:57:22,28.3,47.3
00:57:32,28.3,47.3
00:57:42,28.3,47.3
00:57:52,28.3,47.3
00:58:02,28.3,47.3
00:58:12,28.3,47.2
00:58:22,28.3,47.2
00:58:32,28.3,47.2
00:58:42,28.3,47.2
00:58:52,28.3,47.3
00:59:02,28.3,47.3
00:59:12,28.3,47.3
00:59:22,28.3,47.2
00:59:32,28.3,47.2
00:59:42,28.3,47.1
00:59:52,28.3,47.2
01:00:02,28.3,47.1
01:00:12,28.3,47.2
01:00:22,28.3,47.2
01:00:32,28.3,47.2
01:00:42,28.3,47.1
01:00:52,28.3,47.1
01:01:02,28.3,47.2
01:01:12,28.3,47.3
01:01:22,28.3,47.2
01:01:32,28.3,47.2
01:01:42,28.3,47.2
01:01:52,28.3,47.2
01:02:02,28.3,47.2
01:02:12,28.3,47.2
01:02:22,28.3,47.3
01:02:32,28.3,47.2
01:02:42,28.3,47.1
01:02:52,28.3,47.1
01:03:02,28.3,47.1
01:03:12,28.3,47.1
01:03:22,28.3,47.3
01:03:32,28.3,47.2
01:03:42,28.3,47.1
01:03:52,28.3,47.1
01:04:02,28.3,47.1
01:04:12,28.3,47.1
01:04:22,28.3,47.1
01:04:32,28.3,47.1
01:04:42,28.3,47.3
01:04:52,28.3,47.2
01:05:02,28.3,47.2
01:05:12,28.3,47.1
01:05:22,28.3,47.2
01:05:32,28.3,47.2
01:05:42,28.3,47.2
01:05:52,28.3,47.1
01:06:02,28.3,47.1
01:06:12,28.3,47.2
01:06:22,28.3,47.1
01:06:32,28.3,47.1
01:06:42,28.3,47.2
01:06:52,28.3,47.1
01:07:02,28.4,47.1
01:07:12,28.4,47.1
01:07:22,28.4,47.1
01:07:32,28.3,47.1
01:07:42,28.4,47.0
01:07:52,28.4,47.1
01:08:02,28.4,47.1
01:08:12,28.4,47.0
01:08:22,28.4,47.0
01:08:32,28.4,47.0
01:08:42,28.3,47.0
01:08:52,28.3,47.0
01:09:02,28.3,47.0
01:09:12,28.4,47.0
01:09:22,28.4,47.0
01:09:32,28.3,47.0
01:09:42,28.3,46.9
01:09:52,28.3,47.0
01:10:02,28.4,47.0
01:10:12,28.4,47.0
01:10:22,28.4,47.0
01:10:32,28.4,47.0
01:10:42,28.4,47.0
01:10:52,28.4,47.1
01:11:02,28.4,47.1
01:11:12,28.4,47.0
01:11:22,28.4,47.1
01:11:32,28.4,47.1
01:11:42,28.4,47.0
01:11:52,28.4,47.0
01:12:02,28.4,47.0
01:12:12,28.4,47.0
01:12:22,28.4,47.1
01:12:32,28.4,47.1
01:12:42,28.4,47.0
01:12:52,28.4,47.1
01:13:02,28.4,47.0
01:13:12,28.4,47.1
01:13:22,28.4,47.1
01:13:32,28.4,47.1
01:13:42,28.4,46.9
01:13:52,28.4,47.0
01:14:02,28.4,47.0
01:14:12,28.4,47.0
01:14:22,28.4,47.0
01:14:32,28.4,47.0
01:14:42,28.4,47.1
01:14:52,28.4,47.0
01:15:02,28.4,46.9
01:15:12,28.4,46.9
01:15:22,28.4,46.8
01:15:32,28.4,46.9
01:15:42,28.4,47.0
01:15:52,28.4,46.9
01:16:02,28.4,46.9
01:16:12,28.4,46.9
01:16:22,28.4,46.9
01:16:32,28.4,46.9
01:16:42,28.4,47.0
01:16:52,28.4,46.9
01:17:02,28.4,47.0
01:17:12,28.4,46.9
01:17:22,28.4,46.9
01:17:32,28.4,47.0
01:17:42,28.4,47.0
01:17:52,28.4,47.0
01:18:02,28.4,46.9
01:18:12,28.4,46.9
01:18:22,28.4,46.9
01:18:32,28.4,46.9
01:18:42,28.4,46.9
01:18:52,28.4,46.8
01:19:02,28.4,46.9
01:19:12,28.4,46.8
01:19:22,28.4,46.8
01:19:32,28.4,46.9
01:19:42,28.4,46.9
01:19:52,28.4,46.9
01:20:02,28.4,46.9
01:20:12,28.4,46.8
01:20:22,28.4,46.9
01:20:32,28.4,46.9
01:20:42,28.4,46.8
01:20:52,28.4,46.8
01:21:02,28.4,46.9
01:21:12,28.4,46.8
01:21:22,28.4,46.9
01:21:32,28.4,46.9
01:21:42,28.4,47.0
01:21:52,28.4,46.8
01:22:02,28.4,46.8
01:22:12,28.4,46.9
01:22:22,28.4,46.9
01:22:32,28.4,46.9
01:22:42,28.4,46.9
01:22:52,28.4,46.9
01:23:02,28.4,47.0
01:23:12,28.4,46.9
01:23:22,28.4,46.9
01:23:32,28.4,46.9
01:23:42,28.4,47.0
01:23:52,28.4,46.9
01:24:02,28.4,46.8
01:24:12,28.4,46.8
01:24:22,28.4,46.8
01:24:32,28.4,46.8
01:24:42,28.4,46.8
01:24:52,28.4,46.8
01:25:02,28.4,46.8
01:25:12,28.4,46.7
01:25:22,28.4,46.7
01:25:32,28.4,46.8
01:25:42,28.4,46.8
01:25:52,28.4,46.7
01:26:02,28.4,46.7
01:26:12,28.4,46.7
01:26:22,28.4,46.8
01:26:32,28.4,46.7
01:26:42,28.4,46.7
01:26:52,28.4,46.7
01:27:02,28.4,46.7
01:27:12,28.4,46.7
01:27:22,28.4,46.7
01:27:32,28.4,46.7
01:27:42,28.4,46.7
01:27:52,28.4,46.7
01:28:02,28.4,46.7
01:28:12,28.4,46.8
01:28:22,28.4,46.7
01:28:32,28.4,46.7
01:28:42,28.4,46.7
01:28:52,28.4,46.7
01:29:02,28.4,46.6
01:29:12,28.4,46.6
01:29:22,28.4,46.6
01:29:32,28.4,46.6
01:29:42,28.4,46.6
01:29:52,28.4,46.6
01:30:02,28.4,46.6
01:30:12,28.4,46.6
01:30:22,28.4,46.7
01:30:32,28.4,46.6
01:30:42,28.4,46.6
01:30:52,28.4,46.6
01:31:02,28.4,46.6
01:31:12,28.4,46.6
01:31:22,28.4,46.6
01:31:32,28.4,46.6
01:31:42,28.4,46.5
01:31:52,28.4,46.6
01:32:02,28.4,46.6
01:32:12,28.4,46.6
01:32:22,28.4,46.5
01:32:32,28.4,46.5
01:32:42,28.4,46.6
01:32:52,28.4,46.5
01:33:02,28.4,46.6
01:33:12,28.4,46.5
01:33:22,28.4,46.5
01:33:32,28.4,46.5
01:33:42,28.4,46.5
01:33:52,28.4,46.5
01:34:02,28.4,46.5
01:34:12,28.4,46.6
01:34:22,28.4,46.6
01:34:32,28.4,46.5
01:34:42,28.4,46.5
01:34:52,28.4,46.5
01:35:02,28.4,46.5
01:35:12,28.4,46.5
01:35:22,28.4,46.5
01:35:32,28.4,46.5
01:35:42,28.4,46.4
01:35:52,28.5,46.4
01:36:02,28.4,46.5
01:36:12,28.4,46.4
01:36:22,28.4,46.5
01:36:32,28.4,46.5
01:36:42,28.4,46.4
01:36:52,28.4,46.5
01:37:02,28.4,46.4
01:37:12,28.4,46.4
01:37:22,28.4,46.4
01:37:32,28.4,46.4
01:37:42,28.4,46.4
01:37:52,28.4,46.4
01:38:02,28.4,46.5
01:38:12,28.4,46.4
01:38:22,28.4,46.4
01:38:32,28.4,46.5
01:38:42,28.4,46.4
01:38:52,28.4,46.4
01:39:02,28.4,46.4
01:39:12,28.4,46.5
01:39:22,28.4,46.5
01:39:32,28.4,46.5
01:39:42,28.4,46.5
01:39:52,28.4,46.5
01:40:02,28.4,46.4
01:40:12,28.5,46.4
01:40:22,28.4,46.4
01:40:32,28.4,46.4
01:40:42,28.4,46.4
01:40:52,28.4,46.3
01:41:02,28.4,46.4
01:41:12,28.4,46.3
01:41:22,28.4,46.3
01:41:32,28.5,46.3
01:41:42,28.4,46.3
01:41:52,28.4,46.3
01:42:02,28.4,46.3
01:42:12,28.4,46.2
01:42:22,28.5,46.2
01:42:32,28.5,46.2
01:42:42,28.4,46.3
01:42:52,28.4,46.3
01:43:02,28.4,46.3
01:43:12,28.4,46.2
01:43:22,28.5,46.3
01:43:32,28.4,46.2
01:43:42,28.4,46.2
01:43:52,28.5,46.2
01:44:02,28.5,46.2
01:44:12,28.4,46.2
01:44:22,28.5,46.3
01:44:32,28.5,46.2
01:44:42,28.4,46.2
01:44:52,28.5,46.3
01:45:02,28.4,46.2
01:45:12,28.5,46.3
01:45:22,28.5,46.2
01:45:32,28.4,46.2
01:45:42,28.4,46.1
01:45:52,28.5,46.1
01:46:02,28.4,46.1
01:46:12,28.4,46.1
01:46:22,28.5,46.1
01:46:32,28.5,46.1
01:46:42,28.5,46.1
01:46:52,28.5,46.1
01:47:02,28.5,46.2
01:47:12,28.5,46.1
01:47:22,28.5,46.1
01:47:32,28.5,46.1
01:47:42,28.5,46.1
01:47:52,28.5,46.1
01:48:02,28.5,46.0
01:48:12,28.5,46.1
01:48:22,28.5,46.0
01:48:32,28.5,46.0
01:48:42,28.5,46.1
01:48:52,28.5,46.0
01:49:02,28.5,46.1
01:49:12,28.5,46.1
01:49:22,28.5,46.1
01:49:32,28.5,46.1
01:49:42,28.5,46.1
01:49:52,28.5,46.1
01:50:02,28.5,46.0
01:50:12,28.5,46.0
01:50:22,28.5,46.0
01:50:32,28.5,46.1
01:50:42,28.5,46.1
01:50:52,28.5,46.0
01:51:02,28.5,46.1
01:51:12,28.5,46.1
01:51:22,28.5,46.1
01:51:32,28.5,46.1
01:51:42,28.5,46.0
01:51:52,28.5,46.0
01:52:02,28.5,46.0
01:52:12,28.5,46.0
01:52:22,28.5,46.0
01:52:32,28.5,46.0
01:52:42,28.5,46.0
01:52:52,28.5,46.0
01:53:02,28.5,46.0
01:53:12,28.5,46.0
01:53:22,28.5,46.0
01:53:32,28.5,46.0
01:53:42,28.5,46.0
01:53:52,28.5,46.0
01:54:02,28.5,46.0
01:54:12,28.5,46.0
01:54:22,28.5,46.0
01:54:32,28.5,46.0
01:54:42,28.5,46.0
01:54:52,28.5,46.0
01:55:02,28.5,46.0
01:55:12,28.5,46.0
01:55:22,28.5,46.0
01:55:32,28.5,46.0
01:55:42,28.5,46.0
01:55:52,28.5,46.0
01:56:02,28.5,45.9
01:56:12,28.5,46.0
01:56:22,28.5,46.0
01:56:32,28.5,45.9
01:56:42,28.5,45.9
01:56:52,28.5,45.9
01:57:02,28.5,45.9
01:57:12,28.5,45.9
01:57:22,28.5,45.9
01:57:32,28.5,45.9
01:57:42,28.5,45.9
01:57:52,28.5,45.8
01:58:02,28.5,45.8
01:58:12,28.5,45.9
01:58:22,28.5,45.8
01:58:32,28.5,45.8
01:58:42,28.5,45.8
01:58:52,28.5,45.8
01:59:02,28.5,45.7
01:59:12,28.5,45.8
01:59:22,28.5,45.7
01:59:32,28.5,45.7
01:59:42,28.5,45.7
01:59:52,28.5,45.7
02:00:02,28.5,45.7
02:00:12,28.5,45.8
02:00:22,28.5,45.7
02:00:32,28.5,45.7
02:00:42,28.5,45.7
02:00:52,28.5,45.7
02:01:02,28.5,45.7
02:01:12,28.5,45.7
02:01:22,28.5,45.7
02:01:32,28.5,45.7
02:01:42,28.5,45.7
02:01:52,28.5,45.7
02:02:02,28.5,45.7
02:02:12,28.5,45.7
02:02:22,28.5,45.7
02:02:32,28.5,45.7
02:02:42,28.5,45.6
02:02:52,28.5,45.7
02:03:02,28.5,45.7
02:03:12,28.5,45.7
02:03:22,28.5,45.6
02:03:32,28.5,45.7
02:03:42,28.5,45.7
02:03:52,28.5,45.6
02:04:02,28.5,45.6
02:04:12,28.5,45.6
02:04:22,28.5,45.6
02:04:32,28.5,45.6
02:04:42,28.5,45.6
02:04:52,28.5,45.6
02:05:02,28.5,45.6
02:05:12,28.5,45.6
02:05:22,28.5,45.5
02:05:32,28.5,45.5
02:05:42,28.5,45.5
02:05:52,28.5,45.5
02:06:02,28.5,45.5
02:06:12,28.5,45.5
02:06:22,28.5,45.5
02:06:32,28.5,45.5
02:06:42,28.5,45.5
02:06:52,28.5,45.5
02:07:02,28.5,45.4
02:07:12,28.5,45.5
02:07:22,28.5,45.5
02:07:32,28.5,45.6
02:07:42,28.5,45.5
02:07:52,28.5,45.5
02:08:02,28.5,45.5
02:08:12,28.5,45.5
02:08:22,28.5,45.5
02:08:32,28.5,45.5
02:08:42,28.5,45.5
02:08:52,28.5,45.5
02:09:02,28.5,45.5
02:09:12,28.5,45.5
02:09:22,28.5,45.5
02:09:32,28.5,45.5
02:09:42,28.5,45.6
02:09:52,28.5,45.5
02:10:02,28.5,45.5
02:10:12,28.5,45.5
02:10:22,28.5,45.5
02:10:32,28.5,45.5
02:10:42,28.5,45.5
02:10:52,28.5,45.5
02:11:02,28.5,45.4
02:11:12,28.5,45.5
02:11:22,28.5,45.5
02:11:32,28.5,45.4
02:11:42,28.5,45.4
02:11:52,28.5,45.5
02:12:02,28.5,45.4
02:12:12,28.5,45.4
02:12:22,28.5,45.4
02:12:32,28.5,45.4
02:12:42,28.5,45.4
02:12:52,28.5,45.4
02:13:02,28.5,45.4
02:13:12,28.5,45.4
02:13:22,28.5,45.4
02:13:32,28.5,45.4
02:13:42,28.5,45.3
02:13:52,28.5,45.4
02:14:02,28.5,45.3
02:14:12,28.5,45.4
02:14:22,28.5,45.4
02:14:32,28.5,45.4
02:14:42,28.5,45.4
02:14:52,28.5,45.4
02:15:02,28.5,45.3
02:15:12,28.5,45.4
02:15:22,28.5,45.4
02:15:32,28.5,45.4
02:15:42,28.5,45.4
02:15:52,28.6,45.4
02:16:02,28.5,45.4
02:16:12,28.6,45.4
02:16:22,28.5,45.3
02:16:32,28.5,45.3
02:16:42,28.5,45.4
02:16:52,28.5,45.4
02:17:02,28.5,45.3
02:17:12,28.5,45.3
02:17:22,28.5,45.4
02:17:32,28.5,45.4
02:17:42,28.5,45.4
02:17:52,28.5,45.4
02:18:02,28.5,45.4
02:18:12,28.6,45.4
02:18:22,28.6,45.4
02:18:32,28.6,45.4
02:18:42,28.6,45.4
02:18:52,28.5,45.4
02:19:02,28.6,45.4
02:19:12,28.5,45.4
02:19:22,28.5,45.4
02:19:32,28.5,45.4
02:19:42,28.6,45.4
02:19:52,28.6,45.4
02:20:02,28.6,45.4
02:20:12,28.6,45.5
02:20:22,28.6,45.4
02:20:32,28.6,45.4
02:20:42,28.5,45.4
02:20:52,28.6,45.4
02:21:02,28.6,45.5
02:21:12,28.6,45.4
02:21:22,28.6,45.4
02:21:32,28.6,45.4
02:21:42,28.6,45.4
02:21:52,28.6,45.4
02:22:02,28.6,45.4
02:22:12,28.6,45.4
02:22:22,28.6,45.4
02:22:32,28.6,45.4
02:22:42,28.6,45.4
02:22:52,28.6,45.4
02:23:02,28.6,45.4
02:23:12,28.6,45.4
02:23:22,28.6,45.3
02:23:32,28.6,45.4
02:23:42,28.6,45.3
02:23:52,28.6,45.3
02:24:02,28.6,45.3
02:24:12,28.6,45.3
02:24:22,28.6,45.3
02:24:32,28.6,45.3
02:24:42,28.6,45.3
02:24:52,28.6,45.3
02:25:02,28.6,45.3
02:25:12,28.6,45.3
02:25:22,28.6,45.3
02:25:32,28.6,45.3
02:25:42,28.6,45.2
02:25:52,28.5,45.2
02:26:02,28.6,45.1
02:26:12,28.6,45.1
02:26:22,28.6,45.1
02:26:32,28.6,45.2
02:26:42,28.6,45.2
02:26:52,28.6,45.2
02:27:02,28.6,45.2
02:27:12,28.6,45.2
02:27:22,28.6,45.2
02:27:32,28.6,45.2
02:27:42,28.6,45.2
02:27:52,28.6,45.2
02:28:02,28.6,45.2
02:28:12,28.6,45.3
02:28:22,28.6,45.3
02:28:32,28.6,45.2
02:28:42,28.6,45.2
02:28:52,28.6,45.2
02:29:02,28.6,45.2
02:29:12,28.6,45.2
02:29:22,28.6,45.2
02:29:32,28.6,45.2
02:29:42,28.6,45.2
02:29:52,28.6,45.2
02:30:02,28.6,45.2
02:30:12,28.6,45.2
02:30:22,28.6,45.1
02:30:32,28.6,45.2
02:30:42,28.6,45.2
02:30:52,28.6,45.2
02:31:02,28.6,45.1
02:31:12,28.6,45.1
02:31:22,28.6,45.1
02:31:32,28.6,45.1
02:31:42,28.6,45.1
02:31:52,28.6,45.1
02:32:02,28.6,45.1
02:32:12,28.6,45.1
02:32:22,28.6,45.1
02:32:32,28.6,45.1
02:32:42,28.6,45.1
02:32:52,28.6,45.0
02:33:02,28.6,45.0
02:33:12,28.6,45.0
02:33:22,28.6,45.0
02:33:32,28.6,45.1
02:33:42,28.6,45.0
02:33:52,28.6,45.0
02:34:02,28.6,45.0
02:34:12,28.6,45.1
02:34:22,28.6,45.1
02:34:32,28.6,45.0
02:34:42,28.6,45.1
02:34:52,28.6,45.1
02:35:02,28.6,45.0
02:35:12,28.6,45.0
02:35:22,28.6,45.1
02:35:32,28.6,45.1
02:35:42,28.6,45.1
02:35:52,28.6,45.1
02:36:02,28.6,45.1
02:36:12,28.6,45.0
02:36:22,28.6,45.0
02:36:32,28.6,45.1
02:36:42,28.6,45.0
02:36:52,28.6,45.0
02:37:02,28.6,45.0
02:37:12,28.6,45.0
02:37:22,28.6,45.0
02:37:32,28.6,45.0
02:37:42,28.6,45.0
02:37:52,28.5,44.9
02:38:02,28.6,44.9
02:38:12,28.6,45.0
02:38:22,28.6,44.9
02:38:32,28.6,45.0
02:38:42,28.6,44.9
02:38:52,28.6,44.9
02:39:02,28.6,44.9
02:39:12,28.6,44.9
02:39:22,28.6,44.9
02:39:32,28.6,44.9
02:39:42,28.6,44.9
02:39:52,28.6,44.9
02:40:02,28.6,44.9
02:40:12,28.6,44.8
02:40:22,28.6,44.9
02:40:32,28.6,44.9
02:40:42,28.6,44.9
02:40:52,28.6,44.8
02:41:02,28.6,44.9
02:41:12,28.6,44.9
02:41:22,28.6,44.9
02:41:32,28.6,44.8
02:41:42,28.6,44.9
02:41:52,28.6,44.9
02:42:02,28.6,44.9
02:42:12,28.6,44.9
02:42:22,28.6,44.9
02:42:32,28.6,44.9
02:42:42,28.6,44.9
02:42:52,28.6,44.9
02:43:02,28.6,44.8
02:43:12,28.6,44.8
02:43:22,28.6,44.9
02:43:32,28.6,44.8
02:43:42,28.6,44.9
02:43:52,28.6,44.9
02:44:02,28.6,44.8
02:44:12,28.6,44.8
02:44:22,28.6,44.8
02:44:32,28.6,44.8
02:44:42,28.6,44.8
02:44:52,28.6,44.8
02:45:02,28.6,44.7
02:45:12,28.6,44.7
02:45:22,28.6,44.8
02:45:32,28.6,44.7
02:45:42,28.6,44.7
02:45:52,28.6,44.7
02:46:02,28.6,44.7
02:46:12,28.6,44.7
02:46:22,28.6,44.7
02:46:32,28.6,44.7
02:46:42,28.6,44.7
02:46:52,28.6,44.7
02:47:02,28.6,44.7
02:47:12,28.6,44.8
02:47:22,28.6,44.8
02:47:32,28.6,44.8
02:47:42,28.6,44.8
02:47:52,28.6,44.8
02:48:02,28.6,44.8
02:48:12,28.6,44.8
02:48:22,28.6,44.8
02:48:32,28.6,44.8
02:48:42,28.6,44.8
02:48:52,28.6,44.7
02:49:02,28.6,44.8
02:49:12,28.6,44.8
02:49:22,28.6,44.7
02:49:32,28.6,44.7
02:49:42,28.6,44.7
02:49:52,28.6,44.8
02:50:02,28.6,44.7
02:50:12,28.6,44.7
02:50:22,28.6,44.6
02:50:32,28.6,44.7
02:50:42,28.6,44.7
02:50:52,28.6,44.6
02:51:02,28.6,44.6
02:51:12,28.6,44.6
02:51:22,28.6,44.6
02:51:32,28.6,44.6
02:51:42,28.6,44.6
02:51:52,28.6,44.6
02:52:02,28.6,44.6
02:52:12,28.6,44.6
02:52:22,28.6,44.6
02:52:32,28.6,44.6
02:52:42,28.6,44.6
02:52:52,28.6,44.6
02:53:02,28.6,44.6
02:53:12,28.6,44.6
02:53:22,28.6,44.6
02:53:32,28.6,44.6
02:53:42,28.6,44.6
02:53:52,28.6,44.6
02:54:02,28.6,44.6
02:54:12,28.6,44.6
02:54:22,28.6,44.6
02:54:32,28.6,44.6
02:54:42,28.6,44.6
02:54:52,28.6,44.6
02:55:02,28.6,44.6
02:55:12,28.6,44.6
02:55:22,28.6,44.6
02:55:32,28.6,44.7
02:55:42,28.6,44.6
02:55:52,28.6,44.6
02:56:02,28.6,44.6
02:56:12,28.6,44.7
02:56:22,28.6,44.7
02:56:32,28.6,44.6
02:56:42,28.6,44.5
02:56:52,28.6,44.6
02:57:02,28.6,44.6
02:57:12,28.6,44.6
02:57:22,28.6,44.5
02:57:32,28.6,44.6
02:57:42,28.6,44.6
02:57:52,28.6,44.6
02:58:02,28.6,44.6
02:58:12,28.6,44.5
02:58:22,28.6,44.6
02:58:32,28.6,44.5
02:58:42,28.6,44.5
02:58:52,28.6,44.6
02:59:02,28.6,44.7
02:59:12,28.6,44.5
02:59:22,28.6,44.5
02:59:32,28.6,44.6
02:59:42,28.6,44.6
02:59:52,28.6,44.6
03:00:02,28.6,44.5
03:00:12,28.6,44.6
03:00:22,28.6,44.6
03:00:32,28.6,44.6
03:00:42,28.6,44.6
03:00:52,28.6,44.6
03:01:02,28.6,44.6
03:01:12,28.6,44.6
03:01:22,28.6,44.5
03:01:32,28.6,44.5
03:01:42,28.6,44.5
03:01:52,28.6,44.5
03:02:02,28.6,44.6
03:02:12,28.6,44.6
03:02:22,28.6,44.6
03:02:32,28.6,44.5
03:02:42,28.6,44.5
03:02:52,28.6,44.5
03:03:02,28.6,44.4
03:03:12,28.6,44.5
03:03:22,28.6,44.5
03:03:32,28.6,44.5
03:03:42,28.6,44.5
03:03:52,28.6,44.5
03:04:02,28.6,44.5
03:04:12,28.6,44.5
03:04:22,28.6,44.5
03:04:32,28.6,44.5
03:04:42,28.6,44.5
03:04:52,28.6,44.4
03:05:02,28.6,44.5
03:05:12,28.6,44.5
03:05:22,28.6,44.5
03:05:32,28.6,44.4
03:05:42,28.6,44.5
03:05:52,28.6,44.5
03:06:02,28.6,44.4
03:06:12,28.6,44.5
03:06:22,28.6,44.4
03:06:32,28.6,44.5
03:06:42,28.6,44.4
03:06:52,28.6,44.5
03:07:02,28.6,44.5
03:07:12,28.6,44.4
03:07:22,28.6,44.4
03:07:32,28.6,44.4
03:07:42,28.6,44.4
03:07:52,28.6,44.4
03:08:02,28.6,44.4
03:08:12,28.6,44.4
03:08:22,28.6,44.3
03:08:32,28.6,44.3
03:08:42,28.6,44.4
03:08:52,28.6,44.4
03:09:02,28.6,44.4
03:09:12,28.6,44.3
03:09:22,28.6,44.4
03:09:32,28.6,44.2
03:09:42,28.6,44.3
03:09:52,28.6,44.3
03:10:02,28.6,44.3
03:10:12,28.6,44.3
03:10:22,28.6,44.4
03:10:32,28.6,44.3
03:10:42,28.6,44.3
03:10:52,28.6,44.3
03:11:02,28.6,44.3
03:11:12,28.6,44.3
03:11:22,28.6,44.3
03:11:32,28.6,44.3
03:11:42,28.6,44.3
03:11:52,28.6,44.3
03:12:02,28.6,44.3
03:12:12,28.6,44.4
03:12:22,28.6,44.3
03:12:32,28.6,44.3
03:12:42,28.6,44.3
03:12:52,28.6,44.3
03:13:02,28.6,44.3
03:13:12,28.6,44.3
03:13:22,28.6,44.3
03:13:32,28.6,44.3
03:13:42,28.6,44.3
03:13:52,28.6,44.3
03:14:02,28.6,44.3
03:14:12,28.6,44.3
03:14:22,28.6,44.3
03:14:32,28.6,44.3
03:14:42,28.6,44.3
03:14:52,28.6,44.3
03:15:02,28.6,44.3
03:15:12,28.6,44.3
03:15:22,28.6,44.3
03:15:32,28.6,44.3
03:15:42,28.6,44.2
03:15:52,28.6,44.2
03:16:02,28.6,44.3
03:16:12,28.6,44.3
03:16:22,28.6,44.3
03:16:32,28.6,44.3
03:16:42,28.6,44.3
03:16:52,28.6,44.3
03:17:02,28.6,44.3
03:17:12,28.6,44.3
03:17:22,28.6,44.3
03:17:32,28.6,44.3
03:17:42,28.6,44.3
03:17:52,28.6,44.3
03:18:02,28.6,44.3
03:18:12,28.6,44.3
03:18:22,28.6,44.3
03:18:32,28.6,44.3
03:18:42,28.6,44.3
03:18:52,28.6,44.3
03:19:02,28.6,44.2
03:19:12,28.6,44.3
03:19:22,28.6,44.3
03:19:32,28.6,44.2
03:19:42,28.6,44.3
03:19:52,28.6,44.3
03:20:02,28.6,44.3
03:20:12,28.6,44.3
03:20:22,28.6,44.3
03:20:32,28.6,44.3
03:20:42,28.6,44.3
03:20:52,28.6,44.3
03:21:02,28.6,44.3
03:21:12,28.6,44.3
03:21:22,28.6,44.3
03:21:32,28.6,44.3
03:21:42,28.6,44.3
03:21:52,28.6,44.3
03:22:02,28.6,44.3
03:22:12,28.6,44.3
03:22:22,28.6,44.1
03:22:32,28.6,44.2
03:22:42,28.6,44.3
03:22:52,28.6,44.3
03:23:02,28.6,44.4
03:23:12,28.6,44.2
03:23:22,28.6,44.3
03:23:32,28.6,44.3
03:23:42,28.6,44.2
03:23:52,28.6,44.3
03:24:02,28.6,44.2
03:24:12,28.6,44.3
03:24:22,28.6,44.3
03:24:32,28.6,44.2
03:24:42,28.6,44.2
03:24:52,28.6,44.2
03:25:02,28.6,44.2
03:25:12,28.6,44.3
03:25:22,28.6,44.3
03:25:32,28.6,44.2
03:25:42,28.6,44.3
03:25:52,28.6,44.2
03:26:02,28.6,44.2
03:26:12,28.6,44.2
03:26:22,28.6,44.3
03:26:32,28.6,44.3
03:26:42,28.6,44.2
03:26:52,28.6,44.2
03:27:02,28.6,44.2
03:27:12,28.6,44.2
03:27:22,28.6,44.2
03:27:32,28.6,44.2
03:27:42,28.6,44.3
03:27:52,28.6,44.2
03:28:02,28.6,44.2
03:28:12,28.6,44.2
03:28:22,28.6,44.2
03:28:32,28.6,44.2
03:28:42,28.6,44.1
03:28:52,28.6,44.1
03:29:02,28.6,44.2
03:29:12,28.6,44.2
03:29:22,28.6,44.2
03:29:32,28.6,44.2
03:29:42,28.6,44.2
03:29:52,28.6,44.2
03:30:02,28.6,44.2
03:30:12,28.6,44.2
03:30:22,28.6,44.2
03:30:32,28.6,44.2
03:30:42,28.6,44.2
03:30:52,28.6,44.1
03:31:02,28.6,44.1
03:31:12,28.6,44.0
03:31:22,28.6,44.1
03:31:32,28.6,44.1
03:31:42,28.6,44.0
03:31:52,28.6,44.0
03:32:02,28.6,44.0
03:32:12,28.6,44.0
03:32:22,28.6,44.0
03:32:32,28.6,44.0
03:32:42,28.6,44.0
03:32:52,28.6,44.0
03:33:02,28.6,44.0
03:33:12,28.6,44.0
03:33:22,28.6,44.0
03:33:32,28.6,44.0
03:33:42,28.6,44.1
03:33:52,28.6,44.0
03:34:02,28.6,44.0
03:34:12,28.6,44.0
03:34:22,28.6,44.0
03:34:32,28.6,44.0
03:34:42,28.6,44.0
03:34:52,28.6,44.0
03:35:02,28.6,44.0
03:35:12,28.6,44.0
03:35:22,28.6,44.0
03:35:32,28.6,43.9
03:35:42,28.6,43.9
03:35:52,28.6,43.9
03:36:02,28.6,43.9
03:36:12,28.6,43.9
03:36:22,28.6,43.9
03:36:32,28.6,43.9
03:36:42,28.6,43.9
03:36:52,28.6,43.9
03:37:02,28.6,43.9
03:37:12,28.6,43.9
03:37:22,28.6,44.0
03:37:32,28.6,43.9
03:37:42,28.6,43.9
03:37:52,28.6,44.0
03:38:02,28.6,43.9
03:38:12,28.6,43.9
03:38:22,28.6,44.0
03:38:32,28.6,43.9
03:38:42,28.6,43.9
03:38:52,28.6,43.9
03:39:02,28.6,43.9
03:39:12,28.6,43.9
03:39:22,28.6,43.9
03:39:32,28.6,43.9
03:39:42,28.6,44.0
03:39:52,28.6,44.0
03:40:02,28.6,43.9
03:40:12,28.6,43.9
03:40:22,28.6,43.9
03:40:32,28.6,43.9
03:40:42,28.6,44.0
03:40:52,28.6,44.0
03:41:02,28.6,43.9
03:41:12,28.6,44.0
03:41:22,28.6,44.0
03:41:32,28.6,44.0
03:41:42,28.6,44.0
03:41:52,28.6,44.0
03:42:02,28.6,44.0
03:42:12,28.7,44.0
03:42:22,28.6,44.1
03:42:32,28.6,44.0
03:42:42,28.6,44.0
03:42:52,28.6,44.0
03:43:02,28.6,44.0
03:43:12,28.6,44.1
03:43:22,28.6,44.0
03:43:32,28.6,44.0
03:43:42,28.6,44.0
03:43:52,28.6,44.0
03:44:02,28.6,44.0
03:44:12,28.6,44.0
03:44:22,28.6,44.0
03:44:32,28.6,44.0
03:44:42,28.6,44.0
03:44:52,28.6,43.9
03:45:02,28.6,44.0
03:45:12,28.6,43.9
03:45:22,28.6,44.0
03:45:32,28.6,44.0
03:45:42,28.6,44.0
03:45:52,28.6,43.9
03:46:02,28.6,43.9
03:46:12,28.6,44.0
03:46:23,28.6,44.0
03:46:32,28.6,44.0
03:46:42,28.6,43.9
03:46:52,28.6,43.9
03:47:02,28.6,44.0
03:47:12,28.6,43.9
03:47:22,28.6,43.9
03:47:32,28.6,43.9
03:47:42,28.6,43.9
03:47:52,28.6,44.0
03:48:02,28.6,43.9
03:48:12,28.6,43.9
03:48:22,28.6,44.0
03:48:32,28.6,43.9
03:48:42,28.6,43.9
03:48:52,28.6,43.9
03:49:02,28.6,43.9
03:49:12,28.6,44.0
03:49:22,28.6,43.9
03:49:32,28.6,43.9
03:49:42,28.6,43.9
03:49:52,28.6,43.9
03:50:02,28.6,43.9
03:50:12,28.6,43.9
03:50:22,28.6,43.9
03:50:32,28.6,43.9
03:50:42,28.6,43.9
03:50:52,28.6,43.9
03:51:02,28.6,43.9
03:51:12,28.6,43.9
03:51:22,28.6,43.9
03:51:32,28.6,43.9
03:51:42,28.6,43.9
03:51:52,28.6,43.8
03:52:02,28.6,43.9
03:52:12,28.6,43.9
03:52:22,28.6,43.8
03:52:32,28.6,43.8
03:52:42,28.6,43.8
03:52:52,28.6,43.9
03:53:02,28.6,43.9
03:53:12,28.6,43.9
03:53:22,28.6,43.9
03:53:32,28.6,43.8
03:53:42,28.6,43.9
03:53:52,28.6,43.8
03:54:02,28.6,43.9
03:54:12,28.6,43.8
03:54:22,28.6,43.8
03:54:32,28.6,43.9
03:54:42,28.6,43.9
03:54:52,28.6,43.8
03:55:02,28.6,43.9
03:55:12,28.6,43.9
03:55:22,28.6,43.8
03:55:32,28.6,43.9
03:55:42,28.6,43.8
03:55:52,28.6,43.8
03:56:02,28.6,43.9
03:56:12,28.6,43.8
03:56:22,28.6,43.9
03:56:32,28.6,43.9
03:56:42,28.6,43.9
03:56:52,28.6,43.9
03:57:02,28.6,43.9
03:57:12,28.6,43.8
03:57:22,28.6,43.8
03:57:32,28.6,43.9
03:57:42,28.6,43.8
03:57:52,28.6,43.9
03:58:02,28.6,43.9
03:58:12,28.6,43.9
03:58:22,28.6,43.8
03:58:32,28.6,43.8
03:58:42,28.6,43.8
03:58:52,28.6,43.9
03:59:02,28.6,43.8
03:59:12,28.6,43.9
03:59:22,28.6,43.8
03:59:32,28.6,43.9
03:59:42,28.6,43.9
03:59:52,28.7,43.8
04:00:02,28.7,43.8
04:00:12,28.7,43.8
04:00:22,28.6,43.8
04:00:32,28.7,43.8
04:00:42,28.7,43.8
04:00:52,28.7,43.9
04:01:02,28.7,43.8
04:01:12,28.7,43.8
04:01:22,28.6,43.8
04:01:32,28.7,43.8
04:01:42,28.7,43.8
04:01:52,28.6,43.8
04:02:02,28.6,43.8
04:02:12,28.7,43.8
04:02:22,28.7,43.8
04:02:32,28.7,43.7
04:02:42,28.7,43.8
04:02:52,28.7,43.8
04:03:02,28.7,43.8
04:03:12,28.7,43.8
04:03:22,28.7,43.8
04:03:32,28.6,43.8
04:03:42,28.7,43.8
04:03:52,28.7,43.8
04:04:02,28.7,43.7
04:04:12,28.7,43.8
04:04:22,28.7,43.8
04:04:32,28.7,43.7
04:04:42,28.7,43.7
04:04:52,28.7,43.7
04:05:02,28.7,43.7
04:05:12,28.7,43.7
04:05:22,28.7,43.7
04:05:32,28.7,43.7
04:05:42,28.7,43.7
04:05:52,28.7,43.6
04:06:02,28.7,43.7
04:06:12,28.7,43.7
04:06:22,28.7,43.7
04:06:32,28.7,43.7
04:06:42,28.7,43.6
04:06:52,28.7,43.7
04:07:02,28.7,43.7
04:07:12,28.7,43.7
04:07:22,28.7,43.6
04:07:32,28.7,43.7
04:07:42,28.7,43.7
04:07:52,28.7,43.7
04:08:02,28.6,43.7
04:08:12,28.7,43.7
04:08:22,28.7,43.7
04:08:32,28.7,43.7
04:08:42,28.7,43.7
04:08:52,28.7,43.7
04:09:02,28.7,43.7
04:09:12,28.7,43.7
04:09:22,28.7,43.7
04:09:32,28.7,43.7
04:09:42,28.7,43.8
04:09:52,28.7,43.6
04:10:02,28.7,43.7
04:10:12,28.7,43.7
04:10:22,28.7,43.6
04:10:32,28.7,43.7
04:10:42,28.7,43.7
04:10:52,28.7,43.7
04:11:02,28.7,43.7
04:11:12,28.7,43.7
04:11:22,28.7,43.7
04:11:32,28.7,43.7
04:11:42,28.7,43.7
04:11:52,28.7,43.6
04:12:02,28.7,43.7
04:12:12,28.7,43.6
04:12:22,28.7,43.7
04:12:32,28.7,43.7
04:12:42,28.7,43.7
04:12:52,28.7,43.7
04:13:02,28.7,43.7
04:13:12,28.7,43.7
04:13:22,28.7,43.7
04:13:32,28.7,43.7
04:13:42,28.7,43.7
04:13:52,28.7,43.7
04:14:02,28.7,43.7
04:14:12,28.7,43.7
04:14:22,28.7,43.6
04:14:32,28.7,43.7
04:14:42,28.7,43.6
04:14:52,28.7,43.7
04:15:02,28.7,43.6
04:15:12,28.7,43.7
04:15:22,28.7,43.7
04:15:32,28.7,43.7
04:15:42,28.7,43.7
04:15:52,28.7,43.7
04:16:02,28.7,43.7
04:16:12,28.7,43.7
04:16:22,28.7,43.7
04:16:32,28.7,43.7
04:16:42,28.7,43.7
04:16:52,28.7,43.6
04:17:02,28.7,43.7
04:17:12,28.7,43.6
04:17:22,28.7,43.7
04:17:32,28.7,43.7
04:17:42,28.7,43.7
04:17:52,28.7,43.6
04:18:02,28.7,43.7
04:18:12,28.7,43.7
04:18:22,28.7,43.7
04:18:32,28.7,43.6
04:18:42,28.7,43.6
04:18:52,28.7,43.7
04:19:02,28.7,43.7
04:19:12,28.7,43.7
04:19:22,28.7,43.6
04:19:32,28.7,43.7
04:19:42,28.7,43.7
04:19:52,28.7,43.7
04:20:02,28.7,43.7
04:20:12,28.7,43.6
04:20:22,28.7,43.7
04:20:32,28.7,43.6
04:20:42,28.7,43.7
04:20:52,28.7,43.7
04:21:02,28.7,43.7
04:21:12,28.7,43.7
04:21:22,28.7,43.7
04:21:32,28.7,43.6
04:21:42,28.7,43.7
04:21:52,28.7,43.7
04:22:02,28.7,43.7
04:22:12,28.7,43.7
04:22:22,28.7,43.7
04:22:32,28.7,43.7
04:22:42,28.7,43.6
04:22:52,28.7,43.7
04:23:02,28.7,43.7
04:23:12,28.7,43.7
04:23:22,28.7,43.7
04:23:32,28.7,43.7
04:23:42,28.7,43.7
04:23:52,28.7,43.7
04:24:02,28.7,43.7
04:24:12,28.7,43.7
04:24:22,28.7,43.7
04:24:32,28.7,43.7
04:24:42,28.7,43.7
04:24:52,28.7,43.7
04:25:02,28.7,43.7
04:25:12,28.7,43.7
04:25:22,28.7,43.7
04:25:32,28.7,43.6
04:25:42,28.7,43.7
04:25:52,28.7,43.6
04:26:02,28.7,43.6
04:26:12,28.7,43.6
04:26:22,28.7,43.6
04:26:32,28.7,43.7
04:26:42,28.7,43.7
04:26:52,28.7,43.6
04:27:02,28.7,43.7
04:27:12,28.7,43.6
04:27:22,28.7,43.6
04:27:32,28.7,43.6
04:27:42,28.7,43.6
04:27:52,28.7,43.6
04:28:02,28.7,43.6
04:28:12,28.7,43.6
04:28:22,28.7,43.6
04:28:32,28.7,43.6
04:28:42,28.7,43.6
04:28:52,28.7,43.6
04:29:02,28.7,43.6
04:29:12,28.7,43.6
04:29:22,28.7,43.5
04:29:32,28.7,43.5
04:29:42,28.7,43.6
04:29:52,28.7,43.6
04:30:02,28.7,43.6
04:30:12,28.7,43.6
04:30:22,28.7,43.6
04:30:32,28.7,43.6
04:30:42,28.7,43.6
04:30:52,28.7,43.6
04:31:02,28.7,43.5
04:31:12,28.7,43.5
04:31:22,28.7,43.5
04:31:32,28.7,43.5
04:31:42,28.7,43.5
04:31:52,28.7,43.5
04:32:02,28.7,43.5
04:32:12,28.7,43.6
04:32:22,28.7,43.5
04:32:32,28.7,43.5
04:32:42,28.7,43.5
04:32:52,28.7,43.5
04:33:02,28.7,43.5
04:33:12,28.7,43.5
04:33:22,28.7,43.5
04:33:32,28.7,43.4
04:33:42,28.7,43.5
04:33:52,28.7,43.5
04:34:02,28.7,43.4
04:34:12,28.7,43.5
04:34:22,28.7,43.4
04:34:32,28.7,43.4
04:34:42,28.7,43.4
04:34:52,28.7,43.4
04:35:02,28.7,43.5
04:35:12,28.7,43.4
04:35:22,28.7,43.4
04:35:32,28.7,43.4
04:35:42,28.7,43.4
04:35:52,28.7,43.5
04:36:02,28.7,43.4
04:36:12,28.7,43.5
04:36:22,28.7,43.4
04:36:32,28.7,43.4
04:36:42,28.7,43.5
04:36:52,28.7,43.4
04:37:02,28.7,43.4
04:37:12,28.7,43.4
04:37:22,28.7,43.4
04:37:32,28.7,43.3
04:37:42,28.7,43.4
04:37:52,28.7,43.4
04:38:02,28.7,43.4
04:38:12,28.7,43.3
04:38:22,28.7,43.4
04:38:32,28.7,43.4
04:38:42,28.7,43.3
04:38:52,28.7,43.3
04:39:02,28.7,43.3
04:39:12,28.7,43.3
04:39:22,28.7,43.3
04:39:32,28.7,43.2
04:39:42,28.7,43.3
04:39:52,28.7,43.3
04:40:02,28.7,43.2
04:40:12,28.7,43.2
04:40:22,28.7,43.3
04:40:32,28.7,43.3
04:40:42,28.7,43.3
04:40:52,28.7,43.3
04:41:02,28.7,43.2
04:41:12,28.7,43.3
04:41:22,28.7,43.3
04:41:32,28.7,43.3
04:41:42,28.7,43.3
04:41:52,28.7,43.2
04:42:02,28.7,43.3
04:42:12,28.7,43.3
04:42:22,28.7,43.3
04:42:32,28.7,43.3
04:42:42,28.7,43.3
04:42:52,28.7,43.3
04:43:02,28.7,43.3
04:43:12,28.7,43.3
04:43:22,28.7,43.3
04:43:32,28.7,43.3
04:43:42,28.7,43.3
04:43:52,28.7,43.3
04:44:02,28.7,43.3
04:44:12,28.7,43.3
04:44:22,28.7,43.3
04:44:32,28.7,43.4
04:44:42,28.7,43.4
04:44:52,28.7,43.3
04:45:02,28.7,43.3
04:45:12,28.7,43.3
04:45:22,28.7,43.4
04:45:32,28.7,43.3
04:45:42,28.7,43.4
04:45:52,28.7,43.4
04:46:02,28.7,43.3
04:46:12,28.7,43.4
04:46:22,28.7,43.3
04:46:32,28.7,43.3
04:46:42,28.7,43.4
04:46:52,28.7,43.3
04:47:02,28.7,43.3
04:47:12,28.7,43.3
04:47:22,28.7,43.3
04:47:32,28.7,43.3
04:47:42,28.7,43.3
04:47:52,28.7,43.3
04:48:02,28.7,43.3
04:48:12,28.7,43.3
04:48:22,28.7,43.3
04:48:32,28.7,43.3
04:48:42,28.7,43.3
04:48:52,28.7,43.3
04:49:02,28.7,43.4
04:49:12,28.7,43.3
04:49:22,28.7,43.3
04:49:32,28.7,43.3
04:49:42,28.7,43.3
04:49:52,28.7,43.3
04:50:02,28.7,43.3
04:50:12,28.7,43.3
04:50:22,28.7,43.3
04:50:32,28.7,43.3
04:50:42,28.7,43.4
04:50:52,28.7,43.3
04:51:02,28.7,43.3
04:51:12,28.7,43.2
04:51:22,28.7,43.3
04:51:32,28.7,43.3
04:51:42,28.7,43.3
04:51:52,28.7,43.3
04:52:02,28.7,43.2
04:52:12,28.7,43.3
04:52:22,28.7,43.3
04:52:32,28.7,43.2
04:52:42,28.7,43.3
04:52:52,28.7,43.3
04:53:02,28.7,43.2
04:53:12,28.7,43.2
04:53:22,28.7,43.2
04:53:32,28.7,43.3
04:53:42,28.7,43.2
04:53:52,28.7,43.3
04:54:02,28.7,43.2
04:54:12,28.7,43.3
04:54:22,28.7,43.3
04:54:32,28.7,43.2
04:54:42,28.7,43.3
04:54:52,28.7,43.2
04:55:02,28.7,43.3
04:55:12,28.7,43.2
04:55:22,28.7,43.3
04:55:32,28.7,43.3
04:55:42,28.7,43.2
04:55:52,28.7,43.2
04:56:02,28.7,43.2
04:56:12,28.7,43.2
04:56:22,28.7,43.2
04:56:32,28.7,43.2
04:56:42,28.7,43.2
04:56:52,28.7,43.2
04:57:02,28.7,43.2
04:57:12,28.7,43.1
04:57:22,28.7,43.2
04:57:32,28.7,43.1
04:57:42,28.7,43.1
04:57:52,28.7,43.2
04:58:02,28.7,43.1
04:58:12,28.7,43.1
04:58:22,28.7,43.1
04:58:32,28.7,43.1
04:58:42,28.7,43.1
04:58:52,28.7,43.2
04:59:02,28.7,43.1
04:59:12,28.7,43.1
04:59:22,28.7,43.1
04:59:32,28.7,43.2
04:59:42,28.7,43.2
04:59:52,28.7,43.1
05:00:02,28.7,43.1
05:00:12,28.7,43.1
05:00:22,28.7,43.2
05:00:32,28.7,43.1
05:00:42,28.7,43.1
05:00:52,28.7,43.1
05:01:02,28.7,43.2
05:01:12,28.7,43.2
05:01:22,28.7,43.2
05:01:32,28.7,43.2
05:01:42,28.7,43.1
05:01:52,28.7,43.2
05:02:02,28.7,43.1
05:02:12,28.7,43.1
05:02:22,28.7,43.1
05:02:32,28.7,43.2
05:02:42,28.7,43.2
05:02:52,28.7,43.1
05:03:02,28.7,43.2
05:03:12,28.7,43.2
05:03:22,28.7,43.1
05:03:32,28.7,43.2
05:03:42,28.7,43.2
05:03:52,28.7,43.1
05:04:02,28.7,43.2
05:04:12,28.7,43.2
05:04:22,28.7,43.1
05:04:32,28.7,43.2
05:04:42,28.7,43.1
05:04:52,28.7,43.1
05:05:02,28.7,43.2
05:05:12,28.7,43.1
05:05:22,28.7,43.2
05:05:32,28.7,43.1
05:05:42,28.7,43.1
05:05:52,28.7,43.1
05:06:02,28.7,43.1
05:06:12,28.7,43.2
05:06:22,28.7,43.2
05:06:32,28.7,43.1
05:06:42,28.7,43.1
05:06:52,28.7,43.2
05:07:02,28.7,43.1
05:07:12,28.7,43.1
05:07:22,28.7,43.1
05:07:32,28.7,43.1
05:07:42,28.7,43.1
05:07:52,28.7,43.2
05:08:02,28.7,43.1
05:08:12,28.7,43.1
05:08:22,28.7,43.1
05:08:32,28.7,43.1
05:08:42,28.7,43.2
05:08:52,28.7,43.2
05:09:02,28.7,43.1
05:09:12,28.7,43.1
05:09:22,28.7,43.2
05:09:32,28.7,43.2
05:09:42,28.7,43.2
05:09:52,28.7,43.2
05:10:02,28.7,43.2
05:10:12,28.7,43.2
05:10:22,28.7,43.2
05:10:32,28.7,43.2
05:10:42,28.7,43.2
05:10:52,28.7,43.2
05:11:02,28.7,43.1
05:11:12,28.7,43.2
05:11:22,28.7,43.2
05:11:32,28.7,43.2
05:11:42,28.7,43.1
05:11:52,28.7,43.2
05:12:02,28.7,43.2
05:12:12,28.7,43.2
05:12:22,28.7,43.2
05:12:32,28.7,43.2
05:12:42,28.7,43.2
05:12:52,28.7,43.2
05:13:02,28.8,43.3
05:13:12,28.7,43.2
05:13:22,28.7,43.2
05:13:32,28.7,43.2
05:13:42,28.7,43.2
05:13:52,28.7,43.2
05:14:02,28.7,43.2
05:14:12,28.7,43.3
05:14:22,28.7,43.2
05:14:32,28.7,43.3
05:14:42,28.8,43.3
05:14:52,28.7,43.2
05:15:02,28.7,43.2
05:15:12,28.7,43.2
05:15:22,28.7,43.2
05:15:32,28.7,43.2
05:15:42,28.7,43.2
05:15:52,28.7,43.2
05:16:02,28.7,43.3
05:16:12,28.7,43.3
05:16:22,28.7,43.2
05:16:32,28.7,43.2
05:16:42,28.7,43.3
05:16:52,28.7,43.3
05:17:02,28.7,43.2
05:17:12,28.7,43.3
05:17:22,28.7,43.2
05:17:32,28.7,43.3
05:17:42,28.7,43.3
05:17:52,28.7,43.2
05:18:02,28.7,43.3
05:18:12,28.8,43.2
05:18:22,28.7,43.3
05:18:32,28.7,43.3
05:18:42,28.7,43.2
05:18:52,28.7,43.3
05:19:02,28.7,43.2
05:19:12,28.7,43.2
05:19:22,28.7,43.2
05:19:32,28.7,43.2
05:19:42,28.7,43.2
05:19:52,28.7,43.2
05:20:02,28.7,43.1
05:20:12,28.7,43.2
05:20:22,28.7,43.1
05:20:32,28.7,43.1
05:20:42,28.7,43.1
05:20:52,28.7,43.1
05:21:02,28.7,43.2
05:21:12,28.7,43.1
05:21:22,28.7,43.1
05:21:32,28.7,43.1
05:21:42,28.7,43.1
05:21:52,28.7,43.1
05:22:02,28.8,43.1
05:22:12,28.7,43.1
05:22:22,28.7,43.0
05:22:32,28.7,43.0
05:22:42,28.7,43.1
05:22:52,28.7,43.0
05:23:02,28.7,43.1
05:23:12,28.7,43.0
05:23:22,28.7,43.0
05:23:32,28.7,43.0
05:23:42,28.7,43.0
05:23:52,28.8,43.0
05:24:02,28.7,43.0
05:24:12,28.8,42.9
05:24:22,28.7,42.9
05:24:32,28.7,42.9
05:24:42,28.7,42.9
05:24:52,28.7,42.9
05:25:02,28.7,42.9
05:25:12,28.7,42.9
05:25:22,28.7,42.9
05:25:32,28.8,42.9
05:25:42,28.7,42.8
05:25:52,28.7,42.8
05:26:02,28.7,42.8
05:26:12,28.7,42.8
05:26:22,28.7,42.8
05:26:32,28.7,42.8
05:26:42,28.7,42.7
05:26:52,28.7,42.8
05:27:02,28.7,42.8
05:27:12,28.7,42.7
05:27:22,28.7,42.7
05:27:32,28.8,42.7
05:27:42,28.7,42.7
05:27:52,28.7,42.7
05:28:02,28.7,42.7
05:28:12,28.7,42.6
05:28:22,28.7,42.7
05:28:32,28.7,42.6
05:28:42,28.7,42.7
05:28:52,28.7,42.6
05:29:02,28.7,42.6
05:29:12,28.8,42.6
05:29:22,28.8,42.5
05:29:32,28.7,42.5
05:29:42,28.8,42.6
05:29:52,28.7,42.5
05:30:02,28.7,42.6
05:30:12,28.8,42.6
05:30:22,28.7,42.6
05:30:32,28.7,42.5
05:30:42,28.7,42.5
05:30:52,28.7,42.5
05:31:02,28.7,42.5
05:31:12,28.8,42.5
05:31:22,28.7,42.5
05:31:32,28.7,42.5
05:31:42,28.7,42.4
05:31:52,28.7,42.4
05:32:02,28.8,42.4
05:32:12,28.7,42.4
05:32:22,28.8,42.4
05:32:32,28.7,42.4
05:32:42,28.7,42.4
05:32:52,28.7,42.3
05:33:02,28.7,42.3
05:33:12,28.7,42.3
05:33:22,28.7,42.3
05:33:32,28.7,42.2
05:33:42,28.7,42.3
05:33:52,28.7,42.3
05:34:02,28.7,42.2
05:34:12,28.7,42.2
05:34:22,28.7,42.1
05:34:32,28.7,42.1
05:34:42,28.7,42.1
05:34:52,28.7,42.0
05:35:02,28.7,42.1
05:35:12,28.7,42.1
05:35:22,28.7,42.1
05:35:32,28.7,42.1
05:35:42,28.8,42.1
05:35:52,28.7,42.0
05:36:02,28.7,42.0
05:36:12,28.7,42.0
05:36:22,28.7,41.9
05:36:32,28.7,41.9
05:36:42,28.7,41.9
05:36:52,28.7,41.9
05:37:02,28.7,42.0
05:37:12,28.7,41.8
05:37:22,28.7,41.8
05:37:32,28.7,41.8
05:37:42,28.7,41.8
05:37:52,28.7,41.8
05:38:02,28.7,41.7
05:38:12,28.7,41.7
05:38:22,28.7,41.6
05:38:32,28.7,41.7
05:38:42,28.7,41.7
05:38:52,28.7,41.8
05:39:02,28.7,41.8
05:39:12,28.7,41.6
05:39:22,28.7,41.6
05:39:32,28.7,41.6
05:39:42,28.7,41.6
05:39:52,28.7,41.6
05:40:02,28.7,41.6
05:40:12,28.7,41.6
05:40:22,28.7,41.6
05:40:32,28.7,41.6
05:40:42,28.7,41.6
05:40:52,28.7,41.6
05:41:02,28.7,41.6
05:41:12,28.7,41.6
05:41:22,28.7,41.6
05:41:32,28.7,41.6
05:41:42,28.7,41.6
05:41:52,28.7,41.6
05:42:02,28.7,41.5
05:42:12,28.7,41.5
05:42:22,28.7,41.5
05:42:32,28.7,41.5
05:42:42,28.7,41.4
05:42:52,28.7,41.3
05:43:02,28.7,41.3
05:43:12,28.7,41.3
05:43:22,28.7,41.4
05:43:32,28.7,41.3
05:43:42,28.7,41.3
05:43:52,28.7,41.3
05:44:02,28.7,41.3
05:44:12,28.7,41.3
05:44:22,28.7,41.3
05:44:32,28.7,41.3
05:44:42,28.8,41.3
05:44:52,28.7,41.3
05:45:02,28.7,41.3
05:45:12,28.8,41.3
05:45:22,28.7,41.2
05:45:32,28.7,41.2
05:45:42,28.7,41.2
05:45:52,28.7,41.3
05:46:02,28.7,41.3
05:46:12,28.7,41.2
05:46:22,28.7,41.2
05:46:32,28.7,41.2
05:46:42,28.7,41.1
05:46:52,28.7,41.1
05:47:02,28.7,41.2
05:47:12,28.7,41.2
05:47:22,28.7,41.2
05:47:32,28.7,41.2
05:47:42,28.7,41.1
05:47:52,28.7,41.1
05:48:02,28.7,41.2
05:48:12,28.7,41.2
05:48:22,28.7,41.2
05:48:32,28.7,41.2
05:48:42,28.7,41.2
05:48:52,28.7,41.2
05:49:02,28.7,41.2
05:49:12,28.7,41.2
05:49:22,28.7,41.2
05:49:32,28.7,41.2
05:49:42,28.7,41.2
05:49:52,28.7,41.1
05:50:02,28.7,41.0
05:50:12,28.7,41.0
05:50:22,28.7,41.0
05:50:32,28.7,41.0
05:50:42,28.7,41.0
05:50:52,28.7,41.0
05:51:02,28.7,41.0
05:51:12,28.7,40.9
05:51:22,28.7,40.9
05:51:32,28.7,41.0
05:51:42,28.7,41.0
05:51:52,28.7,41.0
05:52:02,28.7,41.0
05:52:12,28.7,41.0
05:52:22,28.7,41.0
05:52:32,28.7,41.0
05:52:42,28.7,40.9
05:52:52,28.7,40.8
05:53:02,28.7,40.8
05:53:12,28.7,40.8
05:53:22,28.7,40.9
05:53:32,28.7,40.9
05:53:42,28.7,40.9
05:53:52,28.7,40.9
05:54:02,28.7,40.9
05:54:12,28.7,40.9
05:54:22,28.7,40.9
05:54:32,28.7,41.0
05:54:42,28.7,41.0
05:54:52,28.7,41.0
05:55:02,28.7,41.1
05:55:12,28.7,41.1
05:55:22,28.7,41.1
05:55:32,28.7,41.0
05:55:42,28.7,41.0
05:55:52,28.7,41.0
05:56:02,28.7,41.0
05:56:12,28.7,41.0
05:56:22,28.7,40.9
05:56:32,28.7,40.8
05:56:42,28.7,40.8
05:56:52,28.7,40.8
05:57:02,28.7,40.9
05:57:12,28.7,41.0
05:57:22,28.7,40.9
05:57:32,28.7,40.8
05:57:42,28.7,40.8
05:57:52,28.7,40.9
05:58:02,28.7,40.9
05:58:12,28.7,40.9
05:58:22,28.7,40.9
05:58:32,28.7,40.9
05:58:42,28.7,40.8
05:58:52,28.7,40.7
05:59:02,28.7,40.8
05:59:12,28.7,40.8
05:59:22,28.7,40.9
05:59:32,28.7,40.9
05:59:42,28.7,40.8
05:59:52,28.7,40.9
06:00:02,28.7,40.9
06:00:12,28.7,40.8
06:00:22,28.7,40.8
06:00:32,28.7,40.8
06:00:42,28.7,40.8
06:00:52,28.7,40.7
06:01:02,28.7,40.7
06:02:22,28.7,40.7
06:02:32,28.7,40.7
06:02:42,28.7,40.7
06:02:52,28.7,40.7
06:03:02,28.7,40.7
06:03:12,28.7,40.7
06:03:22,28.7,40.7
06:03:32,28.7,40.7
06:03:42,28.7,40.8
06:03:52,28.7,40.8
06:04:02,28.7,40.9
06:04:12,28.7,40.9
06:04:22,28.7,40.9
06:04:32,28.7,40.9
06:04:42,28.7,40.8
06:04:52,28.7,40.8
06:05:02,28.7,40.8
06:05:12,28.7,40.7
06:05:22,28.7,40.8
06:05:32,28.7,40.8
06:05:42,28.7,40.8
06:05:52,28.7,40.8
06:06:02,28.7,40.8
06:06:12,28.7,40.8
06:06:22,28.7,40.8
06:06:32,28.8,40.8
06:06:42,28.7,40.7
06:06:52,28.7,40.6
06:07:02,28.7,40.6
06:07:12,28.7,40.5
06:07:22,28.7,40.5
06:07:32,28.7,40.5
06:07:42,28.7,40.5
06:07:52,28.7,40.5
06:08:02,28.7,40.5
06:08:12,28.7,40.4
06:08:22,28.7,40.4
06:08:32,28.7,40.5
06:08:42,28.7,40.4
06:08:52,28.7,40.5
06:09:02,28.7,40.5
06:09:12,28.7,40.4
06:09:22,28.7,40.4
06:09:32,28.7,40.5
06:09:42,28.7,40.5
06:09:52,28.7,40.4
06:10:02,28.7,40.5
06:10:12,28.7,40.6
06:10:22,28.7,40.6
06:10:32,28.7,40.5
06:10:42,28.7,40.5
06:10:52,28.7,40.5
06:11:02,28.7,40.5
06:11:12,28.7,40.6
06:11:22,28.7,40.6
06:11:32,28.7,40.5
06:11:42,28.7,40.4
06:11:52,28.7,40.4
06:12:02,28.7,40.4
06:12:12,28.7,40.4
06:12:22,28.7,40.4
06:12:32,28.7,40.4
06:12:42,28.7,40.4
06:12:52,28.7,40.4
06:13:02,28.7,40.3
06:13:12,28.7,40.3
06:13:22,28.7,40.3
06:13:32,28.7,40.3
06:13:42,28.7,40.3
06:13:52,28.7,40.3
06:14:02,28.7,40.1
06:14:12,28.7,40.2
06:14:22,28.7,40.1
06:14:32,28.7,40.1
06:14:42,28.7,40.1
06:14:52,28.7,40.0
06:15:02,28.7,40.0
06:15:12,28.7,39.9
06:15:22,28.7,39.9
06:15:32,28.7,39.9
06:15:42,28.7,40.0
06:15:52,28.7,40.0
06:16:02,28.7,40.0
06:16:12,28.7,40.0
06:16:22,28.7,40.0
06:16:32,28.7,39.9
06:16:42,28.7,39.9
06:16:52,28.7,39.8
06:17:02,28.7,40.0
06:17:12,28.7,40.0
06:17:22,28.7,40.1
06:17:32,28.7,40.2
06:17:42,28.7,40.3
06:17:52,28.7,40.2
06:18:02,28.7,40.2
06:18:12,28.7,40.2
06:18:22,28.7,40.2
06:18:32,28.7,40.1
06:18:42,28.7,40.1
06:18:52,28.7,40.1
06:19:02,28.7,40.1
06:19:12,28.7,40.1
06:19:22,28.7,40.0
06:19:32,28.7,40.0
06:19:42,28.7,40.0
06:19:52,28.7,40.0
06:20:02,28.7,39.9
06:20:12,28.7,40.0
06:20:22,28.7,39.9
06:20:32,28.7,39.9
06:20:42,28.7,39.9
06:20:52,28.7,39.9
06:21:02,28.7,40.0
06:21:12,28.7,39.9
06:21:22,28.7,39.8
06:21:32,28.7,39.8
06:21:42,28.7,39.9
06:21:52,28.7,39.9
06:22:02,28.7,40.0
06:22:12,28.7,40.0
06:22:22,28.7,39.9
06:22:32,28.7,39.7
06:22:42,28.7,39.5
06:22:52,28.8,39.2
06:23:02,28.7,39.0
06:23:12,28.7,39.0
06:23:22,28.7,39.0
06:23:32,28.7,39.0
06:23:42,28.7,39.0
06:23:52,28.8,39.0
06:24:02,28.7,39.2
06:24:12,28.7,39.3
06:24:22,28.8,39.5
06:24:32,28.7,39.6
06:24:42,28.7,39.7
06:24:52,28.7,39.7
06:25:02,28.7,39.7
06:25:12,28.7,39.7
06:25:22,28.7,39.6
06:25:32,28.7,39.6
06:25:42,28.7,39.6
06:25:52,28.8,39.6
06:26:02,28.7,39.6
06:26:12,28.8,39.6
06:26:22,28.7,39.7
06:26:32,28.7,39.7
06:26:42,28.7,39.7
06:26:52,28.7,39.7
06:27:02,28.7,39.7
06:27:12,28.7,39.7
06:27:22,28.7,39.8
06:27:32,28.7,39.8
06:27:42,28.7,39.7
06:27:52,28.7,39.7
06:28:02,28.7,39.6
06:28:12,28.7,39.7
06:28:22,28.7,39.7
06:28:32,28.7,39.7
06:28:42,28.7,39.7
06:28:52,28.8,39.7
06:29:02,28.8,39.6
06:29:12,28.7,39.7
06:29:22,28.7,39.6
06:29:32,28.8,39.8
06:29:42,28.7,39.7
06:29:52,28.7,39.6
06:30:02,28.7,39.6
06:30:12,28.7,39.5
06:30:22,28.7,39.6
06:30:32,28.7,39.6
06:30:42,28.7,39.6
06:30:52,28.7,39.5
06:31:02,28.7,39.5
06:31:12,28.7,39.4
06:31:22,28.7,39.4
06:31:32,28.7,39.5
06:31:42,28.7,39.4
06:31:52,28.7,39.5
06:32:02,28.7,39.5
06:32:12,28.7,39.4
06:32:22,28.7,39.2
06:32:32,28.7,39.1
06:32:42,28.7,39.0
06:32:52,28.7,38.9
06:33:02,28.8,39.0
06:33:12,28.7,39.0
06:33:22,28.7,38.9
06:33:32,28.7,38.9
06:33:42,28.7,38.8
06:33:52,28.7,38.8
06:34:02,28.7,38.8
06:34:12,28.7,38.8
06:34:22,28.7,38.8
06:34:32,28.8,38.8
06:34:42,28.7,38.9
06:34:52,28.7,38.8
06:35:02,28.8,38.9
06:35:12,28.8,38.9
06:35:22,28.8,38.9
06:35:32,28.7,38.8
06:35:42,28.7,38.6
06:35:52,28.7,38.5
06:36:02,28.7,38.5
06:36:12,28.8,38.5
06:36:22,28.7,38.5
06:36:32,28.7,38.5
06:36:42,28.8,38.6
06:36:52,28.7,38.6
06:37:02,28.8,38.6
06:37:12,28.7,38.8
06:37:22,28.7,38.8
06:37:32,28.7,38.9
06:37:42,28.7,38.9
06:37:52,28.7,38.9
06:38:02,28.7,39.0
06:38:12,28.8,39.0
06:38:22,28.7,39.0
06:38:32,28.8,39.0
06:38:42,28.8,39.0
06:38:52,28.7,39.0
06:39:02,28.8,39.0
06:39:12,28.7,39.0
06:39:22,28.7,39.1
06:39:32,28.7,39.2
06:39:42,28.7,39.2
06:39:52,28.8,39.2
06:40:02,28.8,39.3
06:40:12,28.8,39.2
06:40:22,28.8,39.2
06:40:32,28.8,39.2
06:40:42,28.8,39.2
06:40:52,28.8,39.2
06:41:02,28.7,39.2
06:41:12,28.8,39.1
06:41:22,28.7,39.1
06:41:32,28.8,39.0
06:41:42,28.8,39.0
06:41:52,28.8,39.0
06:42:02,28.7,39.0
06:42:12,28.8,39.0
06:42:22,28.8,39.0
06:42:32,28.8,38.9
06:42:42,28.8,38.8
06:42:52,28.7,38.7
06:43:02,28.8,38.6
06:43:12,28.8,38.5
06:43:22,28.8,38.5
06:43:32,28.8,38.4
06:43:42,28.7,38.4
06:43:52,28.7,38.5
06:44:02,28.7,38.6
06:44:12,28.8,38.5
06:44:22,28.8,38.5
06:44:32,28.8,38.5
06:44:42,28.8,38.5
06:44:52,28.8,38.5
06:45:02,28.8,38.5
06:45:12,28.7,38.4
06:45:22,28.8,38.4
06:45:32,28.8,38.4
06:45:42,28.8,38.4
06:45:52,28.8,38.5
06:46:02,28.7,38.5
06:46:12,28.8,38.5
06:46:22,28.8,38.5
06:46:32,28.8,38.5
06:46:42,28.7,38.5
06:46:52,28.8,38.6
06:47:02,28.8,38.6
06:47:12,28.8,38.6
06:47:22,28.8,38.6
06:47:32,28.7,38.6
06:47:42,28.8,38.6
06:47:52,28.8,38.5
06:48:02,28.7,38.6
06:48:12,28.8,38.6
06:48:22,28.8,38.5
06:48:32,28.8,38.5
06:48:42,28.8,38.5
06:48:52,28.8,38.4
06:49:02,28.8,38.4
06:49:12,28.8,38.3
06:49:22,28.8,38.4
06:49:32,28.8,38.4
06:49:42,28.8,38.4
06:49:52,28.8,38.4
06:50:02,28.8,38.3
06:50:12,28.8,38.3
06:50:22,28.7,38.2
06:50:32,28.8,38.4
06:50:42,28.8,38.4
06:50:52,28.8,38.3
06:51:02,28.8,38.1
06:51:12,28.7,38.0
06:51:22,28.8,38.0
06:51:32,28.8,38.0
06:51:42,28.8,38.0
06:51:52,28.8,38.0
06:52:02,28.8,38.0
06:52:12,28.8,38.0
06:52:22,28.8,38.1
06:52:32,28.8,38.1
06:52:42,28.8,38.2
06:52:52,28.8,38.1
06:53:02,28.8,38.1
06:53:12,28.8,38.1
06:53:22,28.8,38.1
06:53:32,28.8,38.1
06:53:42,28.8,38.2
06:53:52,28.8,38.1
06:54:02,28.8,38.1
06:54:12,28.8,38.1
06:54:22,28.8,38.0
06:54:32,28.8,37.9
06:54:42,28.8,37.9
06:54:52,28.8,37.9
06:55:02,28.8,37.8
06:55:12,28.8,37.8
06:55:22,28.8,37.9
06:55:32,28.8,37.9
06:55:42,28.8,37.9
06:55:52,28.7,38.0
06:56:02,28.8,38.1
06:56:12,28.7,38.0
06:56:22,28.8,38.1
06:56:32,28.8,38.1
06:56:42,28.8,38.0
06:56:52,28.8,38.1
06:57:02,28.8,38.0
06:57:12,28.8,38.1
06:57:22,28.8,38.1
06:57:32,28.8,38.2
06:57:42,28.8,38.1
06:57:52,28.8,38.2
06:58:02,28.7,38.2
06:58:12,28.8,38.2
06:58:22,28.8,38.2
06:58:32,28.8,38.2
06:58:42,28.8,38.2
06:58:52,28.8,38.1
06:59:02,28.8,38.1
06:59:12,28.8,38.2
06:59:22,28.8,38.2
06:59:32,28.8,38.1
06:59:42,28.8,38.1
06:59:52,28.8,38.1
07:00:02,28.8,38.2
07:00:12,28.8,38.1
07:00:22,28.8,38.1
07:00:32,28.8,38.1
07:00:42,28.8,38.1
07:00:52,28.8,38.1
07:01:02,28.8,38.1
07:01:12,28.8,38.1
07:01:22,28.8,38.0
07:01:32,28.8,38.1
07:01:42,28.8,38.1
07:01:52,28.8,38.1
07:02:02,28.8,38.1
07:02:12,28.8,38.2
07:02:22,28.8,38.2
07:02:32,28.8,38.1
07:02:42,28.8,38.2
07:02:52,28.8,38.2
07:03:02,28.8,38.2
07:03:12,28.8,38.2
07:03:22,28.8,38.2
07:03:32,28.8,38.2
07:03:42,28.8,38.2
07:03:52,28.8,38.1
07:04:02,28.8,38.1
07:04:12,28.8,38.2
07:04:22,28.8,38.2
07:04:32,28.8,38.2
07:04:42,28.8,38.2
07:04:52,28.8,38.2
07:05:02,28.8,38.2
07:05:12,28.8,38.2
07:05:22,28.8,38.2
07:05:32,28.8,38.2
07:05:42,28.8,38.1
07:05:52,28.8,38.1
07:06:02,28.8,38.0
07:06:12,28.8,38.0
07:06:22,28.8,37.9
07:06:32,28.8,37.9
07:06:42,28.8,37.9
07:06:52,28.8,37.8
07:07:02,28.8,37.9
07:07:12,28.8,37.9
07:07:22,28.8,37.9
07:07:32,28.8,37.9
07:07:42,28.8,38.0
07:07:52,28.8,38.0
07:08:02,28.8,37.9
07:08:12,28.8,38.0
07:08:22,28.8,38.0
07:08:32,28.8,38.1
07:08:42,28.8,38.0
07:08:52,28.8,38.0
07:09:02,28.8,38.0
07:09:12,28.8,37.9
07:09:22,28.8,37.8
07:09:32,28.8,37.8
07:09:42,28.8,37.8
07:09:52,28.8,37.8
07:10:02,28.8,37.9
07:10:12,28.8,37.9
07:10:22,28.8,37.9
07:10:32,28.8,38.0
07:10:42,28.8,38.1
07:10:52,28.8,38.0
07:11:02,28.8,38.0
07:11:12,28.8,38.1
07:11:22,28.8,38.1
07:11:32,28.8,38.1
07:11:42,28.8,38.0
07:11:52,28.8,38.1
07:12:02,28.8,38.0
07:12:12,28.8,38.0
07:12:22,28.8,37.9
07:12:32,28.8,37.9
07:12:42,28.8,37.9
07:12:52,28.8,37.9
07:13:02,28.8,37.9
07:13:12,28.8,37.9
07:13:22,28.8,37.9
07:13:32,28.8,38.0
07:13:42,28.8,38.0
07:13:52,28.8,38.1
07:14:02,28.8,38.1
07:14:12,28.8,38.1
07:14:22,28.8,38.1
07:14:32,28.8,38.1
07:14:42,28.8,38.2
07:14:52,28.8,38.2
07:15:02,28.8,38.2
07:15:12,28.8,38.2
07:15:22,28.8,38.1
07:15:32,28.8,38.1
07:15:42,28.8,38.1
07:15:52,28.8,38.1
07:16:02,28.8,38.1
07:16:12,28.8,38.1
07:16:22,28.8,38.2
07:16:32,28.8,38.1
07:16:42,28.8,38.1
07:16:52,28.8,38.1
07:17:02,28.8,38.1
07:17:12,28.8,38.1
07:17:22,28.8,38.1
07:17:32,28.8,38.1
07:17:42,28.8,38.1
07:17:52,28.8,38.2
07:18:02,28.8,38.2
07:18:12,28.8,38.2
07:18:22,28.8,38.3
07:18:32,28.8,38.3
07:18:42,28.8,38.2
07:18:52,28.8,38.2
07:19:02,28.8,38.1
07:19:12,28.8,38.1
07:19:22,28.8,38.1
07:19:32,28.8,38.1
07:19:42,28.8,38.1
07:19:52,28.8,38.1
07:20:02,28.8,38.1
07:20:12,28.8,38.1
07:20:22,28.8,38.2
07:20:32,28.8,38.1
07:20:42,28.8,38.1
07:20:52,28.8,38.1
07:21:02,28.8,38.1
07:21:12,28.8,38.1
07:21:22,28.8,38.1
07:21:32,28.8,38.1
07:21:42,28.8,38.1
07:21:52,28.8,38.1
07:22:02,28.8,38.1
07:22:12,28.8,38.1
07:22:22,28.8,38.2
07:22:32,28.8,38.3
07:22:42,28.8,38.2
07:22:52,28.8,38.3
07:23:02,28.8,38.3
07:23:12,28.8,38.2
07:23:22,28.8,38.1
07:23:32,28.8,38.2
07:23:42,28.8,38.2
07:23:52,28.8,38.2
07:24:02,28.8,38.2
07:24:12,28.8,38.3
07:24:22,28.8,38.3
07:24:32,28.8,38.3
07:24:42,28.8,38.2
07:24:52,28.8,38.3
07:25:02,28.8,38.3
07:25:12,28.8,38.3
07:25:22,28.8,38.3
07:25:32,28.8,38.3
07:25:42,28.8,38.3
07:25:52,28.8,38.3
07:26:02,28.8,38.3
07:26:12,28.8,38.4
07:26:22,28.8,38.3
07:26:32,28.8,38.3
07:26:42,28.8,38.3
07:26:52,28.8,38.3
07:27:02,28.8,38.3
07:27:12,28.8,38.3
07:27:22,28.8,38.3
07:27:32,28.8,38.2
07:27:42,28.8,38.2
07:27:52,28.8,38.2
07:28:02,28.8,38.2
07:28:12,28.8,38.1
07:28:22,28.8,38.1
07:28:32,28.8,38.1
07:28:42,28.8,38.1
07:28:52,28.8,38.1
07:29:02,28.8,38.1
07:29:12,28.8,38.1
07:29:22,28.8,38.1
07:29:32,28.8,38.0
07:29:42,28.8,38.1
07:29:52,28.8,38.1
07:30:02,28.8,38.1
07:30:12,28.8,38.1
07:30:22,28.8,38.2
07:30:32,28.8,38.1
07:30:42,28.8,38.0
07:30:52,28.8,38.0
07:31:02,28.8,38.1
07:31:12,28.8,38.1
07:31:22,28.8,38.0
07:31:32,28.8,38.0
07:31:42,28.8,38.0
07:31:52,28.8,38.1
07:32:02,28.8,38.1
07:32:12,28.8,38.1
07:32:22,28.8,38.2
07:32:32,28.8,38.1
07:32:42,28.8,38.2
07:32:52,28.8,38.2
07:33:02,28.8,38.2
07:33:12,28.8,38.3
07:33:22,28.8,38.3
07:33:32,28.8,38.2
07:33:42,28.8,38.3
07:33:52,28.8,38.3
07:34:02,28.8,38.3
07:34:12,28.8,38.3
07:34:22,28.8,38.4
07:34:32,28.8,38.4
07:34:42,28.8,38.3
07:34:52,28.8,38.3
07:35:02,28.8,38.3
07:35:12,28.8,38.3
07:35:22,28.8,38.3
07:35:32,28.8,38.3
07:35:42,28.8,38.3
07:35:52,28.8,38.4
07:36:02,28.8,38.4
07:36:12,28.8,38.4
07:36:22,28.8,38.4
07:36:32,28.8,38.4
07:36:42,28.8,38.5
07:36:52,28.8,38.4
07:37:02,28.8,38.5
07:37:12,28.8,38.4
07:37:22,28.8,38.5
07:37:32,28.8,38.5
07:37:42,28.8,38.5
07:37:52,28.8,38.6
07:38:02,28.8,38.5
07:38:12,28.8,38.6
07:38:22,28.8,38.6
07:38:32,28.8,38.5
07:38:42,28.8,38.5
07:38:52,28.8,38.5
07:39:02,28.8,38.5
07:39:12,28.8,38.5
07:39:22,28.8,38.6
07:39:32,28.8,38.6
07:39:43,28.8,38.6
07:39:52,28.8,38.6
07:40:02,28.8,38.6
07:40:12,28.8,38.6
07:40:22,28.8,38.7
07:40:32,28.8,38.6
07:40:42,28.8,38.6
07:40:52,28.8,38.6
07:41:02,28.8,38.7
07:41:12,28.8,38.7
07:41:22,28.8,38.7
07:41:32,28.8,38.7
07:41:42,28.8,38.8
07:41:52,28.8,38.8
07:42:02,28.8,38.7
07:42:12,28.8,38.7
07:42:22,28.8,38.7
07:42:32,28.8,38.7
07:42:42,28.8,38.7
07:42:52,28.8,38.7
07:43:02,28.8,38.7
07:43:12,28.8,38.8
07:43:22,28.8,38.8
07:43:32,28.8,38.8
07:43:42,28.8,38.8
07:43:52,28.8,38.8
07:44:02,28.8,38.7
07:44:12,28.8,38.7
07:44:22,28.8,38.7
07:44:32,28.8,38.7
07:44:42,28.8,38.8
07:44:52,28.8,38.8
07:45:02,28.8,38.7
07:45:12,28.8,38.7
07:45:22,28.8,38.7
07:45:32,28.8,38.8
07:45:42,28.8,38.8
07:45:52,28.9,38.8
07:46:02,28.9,38.9
07:46:12,28.8,38.9
07:46:22,28.8,38.9
07:46:32,28.8,38.9
07:46:42,28.8,38.8
07:46:52,28.8,38.8
07:47:02,28.8,38.9
07:47:12,28.8,38.9
07:47:22,28.9,38.9
07:47:32,28.8,38.9
07:47:42,28.8,38.9
07:47:52,28.8,38.9
07:48:02,28.8,38.9
07:48:12,28.8,38.9
07:48:22,28.8,38.9
07:48:32,28.9,38.9
07:48:42,28.8,38.9
07:48:52,28.8,38.9
07:49:02,28.8,38.9
07:49:12,28.8,38.9
07:49:22,28.8,39.0
07:49:32,28.8,38.9
07:49:42,28.9,39.0
07:49:52,28.8,38.9
07:50:02,28.8,38.9
07:50:12,28.8,38.9
07:50:22,28.8,38.9
07:50:32,28.8,38.9
07:50:42,28.8,38.9
07:50:52,28.8,38.9
07:51:02,28.8,38.8
07:51:12,28.8,38.8
07:51:22,28.8,38.8
07:51:32,28.8,38.8
07:51:42,28.8,38.9
07:51:52,28.8,38.9
07:52:02,28.8,38.8
07:52:12,28.8,38.9
07:52:22,28.8,38.8
07:52:32,28.8,38.8
07:52:42,28.8,38.9
07:52:52,28.8,38.9
07:53:02,28.8,39.0
07:53:12,28.8,39.0
07:53:22,28.8,39.0
07:53:32,28.8,38.9
07:53:42,28.8,38.9
07:53:52,28.8,38.9
07:54:02,28.8,38.9
07:54:12,28.8,38.9
07:54:22,28.8,38.9
07:54:32,28.8,39.0
07:54:42,28.8,39.0
07:54:52,28.8,39.1
07:55:02,28.8,39.0
07:55:12,28.8,39.0
07:55:22,28.8,39.0
07:55:32,28.8,39.0
07:55:42,28.8,39.0
07:55:52,28.8,38.5
07:56:02,28.8,38.6
07:56:12,28.9,38.7
07:56:22,28.8,38.8
07:56:32,28.8,38.8
07:56:42,28.8,38.8
07:56:52,28.9,38.9
07:57:02,28.9,38.9
07:57:12,28.9,38.9
07:57:22,28.8,38.9
07:57:32,28.9,38.9
07:57:42,28.8,38.6
07:57:52,28.9,38.6
07:58:02,28.9,38.7
07:58:12,28.8,38.7
07:58:22,28.9,38.8
07:58:32,28.9,38.8
07:58:42,28.9,38.9
07:58:52,28.9,38.8
07:59:02,28.9,38.8
07:59:12,28.9,38.9
07:59:22,28.9,38.9
07:59:32,28.9,38.8
07:59:42,28.9,38.8
07:59:52,28.9,38.9
08:00:02,28.9,38.9
08:00:12,28.9,38.9
08:00:22,28.9,38.9
08:00:32,28.9,39.0
08:00:42,28.9,39.0
08:00:52,28.9,38.6
08:01:02,28.9,38.3
08:01:12,28.9,38.3
08:01:22,28.9,38.4
08:01:32,28.9,38.4
08:01:42,28.9,38.5
08:01:52,28.9,38.6
08:02:02,28.9,38.7
08:02:12,28.9,38.8
08:02:22,28.9,38.8
08:02:32,28.9,38.6
08:02:42,28.9,38.7
08:02:52,28.9,38.7
08:03:02,28.9,38.7
08:03:12,28.9,38.6
08:03:22,28.9,38.3
08:03:32,28.9,38.1
08:03:42,28.9,38.3
08:03:52,28.9,38.4
08:04:02,28.9,38.5
08:04:12,28.9,38.6
08:04:22,28.9,38.7
08:04:32,28.9,38.8
08:04:42,28.9,38.5
08:04:52,28.9,38.0
08:05:02,28.9,38.1
08:05:12,28.9,38.3
08:05:22,28.9,38.5
08:05:32,28.9,38.6
08:05:42,28.9,38.7
08:05:52,28.9,38.9
08:06:02,28.9,38.8
08:06:12,28.9,38.8
08:06:22,28.9,38.8
08:06:32,28.9,38.8
08:06:42,28.9,38.9
08:06:52,28.9,38.9
08:07:02,28.9,38.9
08:07:12,28.9,38.8
08:07:22,28.9,38.8
08:07:32,28.9,38.8
08:07:42,28.9,38.8
08:07:52,28.9,38.7
08:08:02,29.0,38.7
08:08:12,28.9,38.8
08:08:22,28.9,38.7
08:08:32,28.9,38.7
08:08:42,28.9,38.6
08:08:52,28.9,38.7
08:09:02,28.9,38.6
08:09:12,28.9,38.7
08:09:22,28.9,38.7
08:09:32,28.9,38.4
08:09:42,28.9,37.9
08:09:52,28.9,37.7
08:10:02,28.9,37.7
08:10:12,28.9,37.3
08:10:22,29.0,36.8
08:10:32,29.0,36.5
08:10:42,29.0,37.0
08:10:52,28.9,37.3
08:11:02,29.0,37.8
08:11:12,29.0,37.9
08:11:22,29.0,37.9
08:11:32,29.0,37.9
08:11:42,29.0,37.8
08:11:52,29.0,37.4
08:12:02,29.0,36.7
08:12:12,29.0,35.9
08:12:22,29.0,35.6
08:12:32,29.0,35.9
08:12:42,29.0,34.9
08:12:52,29.0,34.0
08:13:02,29.0,33.5
08:13:12,29.0,33.4
08:13:22,29.0,33.0
08:13:32,29.0,32.8
08:13:42,29.0,33.0
08:13:52,29.0,33.4
08:14:02,29.0,33.6
08:14:12,29.0,33.3
08:14:22,29.0,33.5
08:14:32,29.0,33.6
08:14:42,29.0,34.1
08:14:52,29.0,34.7
08:15:02,29.0,35.2
08:15:12,29.0,35.5
08:15:22,29.0,35.9
08:15:32,29.0,36.0
08:15:42,29.0,36.1
08:15:52,29.0,36.3
08:16:02,29.0,36.5
08:16:12,29.0,36.5
08:16:22,29.0,36.2
08:16:32,29.0,35.9
08:16:42,29.0,36.1
08:16:52,29.0,36.0
08:17:02,29.0,36.2
08:17:12,29.0,36.4
08:17:22,29.0,36.4
08:17:32,29.0,36.3
08:17:42,29.0,35.8
08:17:52,29.0,35.8
08:18:02,29.0,36.0
08:18:12,29.0,36.1
08:18:22,29.0,35.8
08:18:32,29.0,35.4
08:18:42,29.0,35.9
08:18:52,29.0,36.2
08:19:02,29.0,36.4
08:19:12,29.0,36.6
08:19:22,29.0,36.6
08:19:32,29.0,36.8
08:19:42,29.0,36.9
08:19:52,29.0,36.9
08:20:02,29.0,36.9
08:20:12,29.0,36.9
08:20:22,29.0,36.8
08:20:32,29.0,36.1
08:20:42,29.0,36.0
08:20:52,29.0,35.8
08:21:02,29.0,35.3
08:21:12,29.0,35.0
08:21:22,29.0,35.2
08:21:32,29.0,35.2
08:21:42,29.0,35.3
08:21:52,29.0,35.2
08:22:02,29.0,34.9
08:22:12,29.0,34.3
08:22:22,29.0,34.2
08:22:32,29.0,34.0
08:22:42,29.0,33.8
08:22:52,29.0,33.9
08:23:02,29.0,34.1
08:23:12,29.0,34.2
08:23:22,29.0,34.2
08:23:32,29.0,33.7
08:23:42,29.0,33.7
08:23:52,29.0,33.6
08:24:02,29.0,33.5
08:24:12,29.0,33.1
08:24:22,29.0,32.9
08:24:32,29.0,32.8
08:24:42,29.0,33.3
08:24:52,29.0,33.4
08:25:02,29.0,33.6
08:25:12,29.0,33.7
08:25:22,29.0,34.0
08:25:32,29.0,34.1
08:25:42,29.0,34.3
08:25:52,29.0,34.3
08:26:02,29.0,33.9
08:26:12,29.0,33.5
08:26:22,29.0,33.3
08:26:32,29.0,33.0
08:26:42,29.0,32.9
08:26:52,29.0,33.0
08:27:02,29.0,33.2
08:27:12,29.0,33.6
08:27:22,29.0,33.8
08:27:32,29.0,33.6
08:27:42,29.0,33.8
08:27:52,29.0,33.8
08:28:02,29.0,34.2
08:28:12,29.0,34.0
08:28:22,29.0,34.0
08:28:32,29.0,34.4
08:28:42,29.0,34.4
08:28:52,29.0,34.1
08:29:02,29.1,34.2
08:29:12,29.0,34.1
08:29:22,29.0,34.3
08:29:32,29.0,34.3
08:29:42,29.0,33.7
08:29:52,29.0,33.3
08:30:02,29.0,34.1
08:30:12,29.0,34.3
08:30:22,29.0,34.5
08:30:32,29.0,34.8
08:30:42,29.0,34.8
08:30:52,29.0,34.7
08:31:02,29.0,34.5
08:31:12,29.0,34.8
08:31:22,29.0,34.9
08:31:32,29.0,35.3
08:31:42,29.0,35.4
08:31:52,29.0,35.7
08:32:02,29.0,35.4
08:32:12,29.0,35.4
08:32:22,29.0,35.4
08:32:32,29.0,35.4
08:32:42,29.0,35.3
08:32:52,29.0,35.2
08:33:02,29.0,35.0
08:33:12,29.0,35.3
08:33:22,29.0,35.4
08:33:32,29.0,35.1
08:33:42,29.0,34.5
08:33:52,29.0,33.9
08:34:02,29.0,33.7
08:34:12,29.0,33.9
08:34:22,29.0,34.3
08:34:32,29.0,34.5
08:34:42,29.0,34.4
08:34:52,29.0,34.7
08:35:02,29.0,34.7
08:35:12,29.0,34.0
08:35:22,29.0,33.2
08:35:32,29.0,33.0
08:35:42,29.0,33.2
08:35:52,29.0,33.4
08:36:02,29.0,33.9
08:36:12,29.0,34.3
08:36:22,29.0,34.5
08:36:32,29.0,34.1
08:36:42,29.0,34.0
08:36:52,29.0,33.6
08:37:02,29.0,33.0
08:37:12,29.0,32.4
08:37:22,29.0,32.0
08:37:32,29.0,31.9
08:37:42,29.0,31.9
08:37:52,29.0,31.7
08:38:02,29.0,31.6
08:38:12,29.0,31.9
08:38:22,29.0,32.1
08:38:32,29.0,32.1
08:38:42,29.0,32.4
08:38:52,29.0,32.7
08:39:02,29.0,32.8
08:39:12,29.0,32.9
08:39:22,29.0,33.0
08:39:32,29.0,32.7
08:39:42,29.0,32.7
08:39:52,29.0,32.7
08:40:02,29.0,32.7
08:40:12,29.0,32.5
08:40:22,29.0,32.5
08:40:32,29.0,32.5
08:40:42,29.1,32.3
08:40:52,29.0,31.9
08:41:02,29.0,31.9
08:41:12,29.0,32.0
08:41:22,29.0,31.6
08:41:32,29.0,31.4
08:41:42,29.0,31.4
08:41:52,29.0,31.4
08:42:02,29.0,31.4
08:42:12,29.0,31.4
08:42:22,29.0,31.2
08:42:32,29.0,31.0
08:42:42,29.0,30.9
08:42:52,29.0,30.8
08:43:02,29.0,30.9
08:43:12,29.0,31.0
08:43:22,29.0,31.2
08:43:32,29.0,30.8
08:43:42,29.0,30.8
08:43:52,29.0,30.7
08:44:02,29.0,30.9
08:44:12,29.1,30.8
08:44:22,29.0,30.6
08:44:32,29.0,30.7
08:44:42,29.0,31.0
08:44:52,29.0,30.7
08:45:02,29.0,30.8
08:45:12,29.0,31.1
08:45:22,29.0,31.2
08:45:32,29.0,31.0
08:45:42,29.0,30.8
08:45:52,29.1,30.7
08:46:02,29.0,30.8
08:46:12,29.0,30.9
08:46:22,29.1,31.2
08:46:32,29.0,31.1
08:46:42,29.0,31.1
08:46:52,29.1,31.1
08:47:02,29.1,31.1
08:47:12,29.0,31.0
08:47:22,29.0,30.9
08:47:32,29.0,30.9
08:47:42,29.0,31.1
08:47:52,29.0,30.8
08:48:02,29.0,30.9
08:48:12,29.0,30.9
08:48:22,29.0,31.1
08:48:32,29.0,31.0
08:48:42,29.0,30.9
08:48:52,29.0,31.0
08:49:02,29.0,31.0
08:49:12,29.1,31.0
08:49:22,29.0,30.8
08:49:32,29.0,30.8
08:49:42,29.0,30.7
08:49:52,29.0,30.9
08:50:02,29.0,30.9
08:50:12,29.1,30.8
08:50:22,29.0,30.8
08:50:32,29.0,30.5
08:50:42,29.0,30.6
08:50:52,29.0,30.5
08:51:02,29.0,30.7
08:51:12,29.0,30.9
08:51:22,29.1,31.1
08:51:32,29.0,31.2
08:51:42,29.0,31.4
08:51:52,29.0,31.4
08:52:02,29.0,31.5
08:52:12,29.0,31.3
08:52:22,29.0,31.3
08:52:32,29.0,31.2
08:52:42,29.0,31.2
08:52:52,29.0,31.1
08:53:02,29.0,31.0
08:53:12,29.0,31.1
08:53:22,29.0,31.1
08:53:32,29.1,31.1
08:53:42,29.0,31.0
08:53:52,29.0,31.1
08:54:02,29.0,31.0
08:54:12,29.0,31.1
08:54:22,29.0,31.0
08:54:32,29.0,30.9
08:54:42,29.0,30.7
08:54:52,29.0,30.9
08:55:02,29.0,31.0
08:55:12,29.0,30.9
08:55:22,29.0,30.9
08:55:32,29.0,30.8
08:55:42,29.0,30.9
08:55:52,29.0,31.0
08:56:02,29.0,31.0
08:56:12,29.0,31.0
08:56:22,29.0,30.9
08:56:32,29.0,30.9
08:56:42,29.0,31.0
08:56:52,29.1,31.1
08:57:02,29.1,31.2
08:57:12,29.1,31.1
08:57:22,29.1,31.2
08:57:32,29.1,31.1
08:57:42,29.1,31.2
08:57:52,29.1,31.3
08:58:02,29.1,31.5
08:58:12,29.0,31.3
08:58:22,29.0,31.3
08:58:32,29.0,31.7
08:58:42,29.1,31.9
08:58:52,29.0,31.8
08:59:02,29.1,31.9
08:59:12,29.1,31.9
08:59:22,29.1,32.0
08:59:32,29.1,31.7
08:59:42,29.0,32.0
08:59:52,29.1,32.0
09:00:02,29.1,32.2
09:00:12,29.1,32.2
09:00:22,29.1,32.4
09:00:32,29.1,32.2
09:00:42,29.1,32.1
09:00:52,29.1,31.9
09:01:02,29.1,31.9
09:01:12,29.1,31.9
09:01:22,29.1,31.9
09:01:32,29.1,32.0
09:01:42,29.1,31.9
09:01:52,29.1,31.9
09:02:02,29.1,31.6
09:02:12,29.1,31.6
09:02:22,29.1,31.4
09:02:32,29.1,31.6
09:02:42,29.1,31.3
09:02:52,29.1,31.2
09:03:02,29.1,31.2
09:03:12,29.1,31.2
09:03:22,29.1,31.2
09:03:32,29.1,31.2
09:03:42,29.1,31.2
09:03:52,29.1,31.1
09:04:02,29.1,31.2
09:04:12,29.1,31.1
09:04:22,29.1,31.2
09:04:32,29.1,31.2
09:04:42,29.1,31.5
09:04:52,29.1,31.3
09:05:02,29.1,31.5
09:05:12,29.1,31.5
09:05:22,29.1,31.7
09:05:32,29.1,31.7
09:05:42,29.1,31.9
09:05:52,29.1,31.7
09:06:02,29.1,31.6
09:06:12,29.1,31.8
09:06:22,29.1,31.7
09:06:32,29.1,31.8
09:06:42,29.1,31.8
09:06:52,29.1,32.0
09:07:02,29.1,31.9
09:07:12,29.1,32.0
09:07:22,29.1,32.5
09:07:32,29.1,33.1
09:07:42,29.1,33.2
09:07:52,29.1,33.1
09:08:02,29.1,32.9
09:08:12,29.1,32.8
09:08:22,29.1,32.6
09:08:32,29.1,32.6
09:08:42,29.1,32.6
09:08:52,29.1,32.5
09:09:02,29.1,32.6
09:09:12,29.1,32.6
09:09:22,29.1,32.5
09:09:32,29.1,32.3
09:09:42,29.1,32.2
09:09:52,29.1,32.0
09:10:02,29.1,31.6
09:10:12,29.1,31.7
09:10:22,29.1,31.8
09:10:32,29.1,31.8
09:10:42,29.1,31.6
09:10:52,29.1,31.7
09:11:02,29.1,31.3
09:11:12,29.1,31.4
09:11:22,29.1,31.6
09:11:32,29.1,31.3
09:11:42,29.1,31.2
09:11:52,29.1,31.5
09:12:02,29.1,31.7
09:12:12,29.1,32.2
09:12:22,29.1,32.7
09:12:32,29.1,32.4
09:12:42,29.1,32.1
09:12:52,29.1,31.8
09:13:02,29.1,31.8
09:13:12,29.1,31.7
09:13:22,29.1,31.6
09:13:32,29.1,31.7
09:13:42,29.1,31.6
09:13:52,29.1,31.5
09:14:02,29.1,31.3
09:14:12,29.1,31.1
09:14:22,29.1,31.2
09:14:32,29.1,31.3
09:14:42,29.1,31.3
09:14:52,29.1,31.3
09:15:02,29.1,31.3
09:15:12,29.1,31.2
09:15:22,29.1,31.4
09:15:32,29.1,31.2
09:15:42,29.1,31.0
09:15:52,29.1,31.0
09:16:02,29.1,31.0
09:16:12,29.1,30.8
09:16:22,29.1,30.7
09:16:32,29.1,30.7
09:16:42,29.1,30.6
09:16:52,29.1,30.8
09:17:02,29.1,30.9
09:17:12,29.1,30.6
09:17:22,29.1,30.7
09:17:32,29.1,30.8
09:17:42,29.1,30.9
09:17:52,29.1,31.1
09:18:02,29.1,31.0
09:18:12,29.2,31.0
09:18:22,29.1,30.9
09:18:32,29.2,31.0
09:18:42,29.1,31.2
09:18:52,29.2,31.0
09:19:02,29.1,30.9
09:19:12,29.1,30.7
09:19:22,29.1,30.2
09:19:32,29.1,30.3
09:19:42,29.1,30.2
09:19:52,29.1,30.0
09:20:02,29.1,30.2
09:20:12,29.1,30.3
09:20:22,29.1,30.2
09:20:32,29.1,30.1
09:20:42,29.1,30.1
09:20:52,29.1,30.2
09:21:02,29.1,30.3
09:21:12,29.1,30.1
09:21:22,29.1,29.6
09:21:32,29.1,29.5
09:21:42,29.1,29.3
09:21:52,29.1,29.4
09:22:02,29.1,29.4
09:22:12,29.1,29.4
09:22:22,29.1,29.2
09:22:32,29.1,29.3
09:22:42,29.1,29.2
09:22:52,29.1,29.3
09:23:02,29.1,29.4
09:23:12,29.1,29.3
09:23:22,29.2,29.3
09:23:32,29.2,29.4
09:23:42,29.2,29.0
09:23:52,29.1,29.3
09:24:02,29.1,29.2
09:24:12,29.1,29.3
09:24:22,29.1,29.2
09:24:32,29.2,29.2
09:24:42,29.2,29.3
09:24:52,29.2,29.4
09:25:02,29.2,29.4
09:25:12,29.2,29.2
09:25:22,29.1,29.1
09:25:32,29.2,29.1
09:25:42,29.1,29.0
09:25:52,29.2,29.1
09:26:02,29.2,29.3
09:26:12,29.1,29.2
09:26:22,29.2,29.3
09:26:32,29.2,29.4
09:26:42,29.2,29.3
09:26:52,29.2,29.0
09:27:02,29.2,29.1
09:27:12,29.2,29.1
09:27:22,29.2,29.0
09:27:32,29.1,29.1
09:27:42,29.2,28.7
09:27:52,29.2,28.5
09:28:02,29.2,28.5
09:28:12,29.1,28.3
09:28:22,29.2,28.4
09:28:32,29.2,28.5
09:28:42,29.2,28.6
09:28:52,29.2,28.8
09:29:02,29.2,28.6
09:29:12,29.2,28.5
09:29:22,29.2,28.4
09:29:32,29.2,28.3
09:29:42,29.2,28.5
09:29:52,29.2,28.6
09:30:02,29.2,28.9
09:30:12,29.2,28.9
09:30:22,29.2,28.7
09:30:32,29.2,28.8
09:30:42,29.2,29.0
09:30:52,29.2,29.4
09:31:02,29.2,29.0
09:31:12,29.2,28.8
09:31:22,29.2,28.8
09:31:32,29.2,28.8
09:31:42,29.2,28.9
09:31:52,29.2,29.1
09:32:02,29.2,29.0
09:32:12,29.2,28.8
09:32:22,29.2,28.8
09:32:32,29.2,28.9
09:32:42,29.2,28.7
09:32:52,29.2,28.4
09:33:02,29.2,28.3
09:33:12,29.2,28.6
09:33:22,29.2,28.7
09:33:32,29.2,29.4
09:33:42,29.2,29.8
09:33:52,29.2,29.5
09:34:02,29.2,29.2
09:34:12,29.2,29.1
09:34:22,29.2,29.3
09:34:32,29.2,29.3
09:34:42,29.2,29.4
09:34:52,29.2,29.2
09:35:02,29.2,29.0
09:35:12,29.2,29.1
09:35:22,29.2,29.0
09:35:32,29.2,29.1
09:35:42,29.2,28.7
09:35:52,29.2,28.7
09:36:02,29.2,28.7
09:36:12,29.2,28.6
09:36:22,29.2,28.5
09:36:32,29.2,28.6
09:36:42,29.2,28.6
09:36:52,29.2,28.6
09:37:02,29.2,28.8
09:37:12,29.2,28.7
09:37:22,29.2,28.7
09:37:32,29.2,28.9
09:37:42,29.2,28.6
09:37:52,29.2,28.5
09:38:02,29.2,28.4
09:38:12,29.2,28.2
09:38:22,29.2,28.4
09:38:32,29.2,28.3
09:38:42,29.2,28.4
09:38:52,29.2,28.4
09:39:02,29.2,28.1
09:39:12,29.2,28.1
09:39:22,29.2,28.4
09:39:32,29.2,28.5
09:39:42,29.2,28.6
09:39:52,29.2,28.6
09:40:02,29.2,28.8
09:40:12,29.2,28.6
09:40:22,29.2,28.7
09:40:32,29.2,28.6
09:40:42,29.2,28.6
09:40:52,29.2,28.4
09:41:02,29.2,28.5
09:41:12,29.2,28.6
09:41:22,29.2,28.6
09:41:32,29.2,28.4
09:41:42,29.2,28.5
09:41:52,29.2,28.4
09:42:02,29.2,28.5
09:42:12,29.2,28.4
09:42:22,29.2,28.5
09:42:32,29.2,28.5
09:42:42,29.2,28.5
09:42:52,29.2,28.3
09:43:02,29.2,28.3
09:43:12,29.2,28.4
09:43:22,29.2,28.6
09:43:32,29.2,28.6
09:43:42,29.2,28.5
09:43:52,29.2,28.5
09:44:02,29.2,28.6
09:44:12,29.2,28.8
09:44:22,29.2,29.1
09:44:32,29.2,29.4
09:44:42,29.2,28.9
09:44:52,29.2,28.7
09:45:02,29.2,28.7
09:45:12,29.2,28.7
09:45:22,29.2,28.8
09:45:32,29.2,28.8
09:45:42,29.2,28.8
09:45:52,29.2,28.7
09:46:02,29.2,28.6
09:46:12,29.2,28.5
09:46:22,29.2,28.4
09:46:32,29.2,28.5
09:46:42,29.2,28.7
09:46:52,29.2,28.9
09:47:02,29.2,28.9
09:47:12,29.2,28.8
09:47:22,29.2,28.6
09:47:32,29.2,28.8
09:47:42,29.2,28.7
09:47:52,29.2,28.8
09:48:02,29.2,28.8
09:48:12,29.2,28.6
09:48:22,29.2,28.5
09:48:32,29.2,28.5
09:48:42,29.2,28.6
09:48:52,29.2,28.5
09:49:02,29.2,28.6
09:49:12,29.2,28.6
09:49:22,29.2,28.2
09:49:32,29.2,28.1
09:49:42,29.2,28.0
09:49:52,29.2,28.2
09:50:02,29.2,28.1
09:50:12,29.2,27.9
09:50:22,29.2,28.0
09:50:32,29.2,28.1
09:50:42,29.2,28.2
09:50:52,29.2,28.3
09:51:02,29.2,28.2
09:51:12,29.2,28.3
09:51:22,29.2,28.3
09:51:32,29.2,28.1
09:51:42,29.2,28.2
09:51:52,29.2,28.3
09:52:02,29.2,28.3
09:52:12,29.2,28.4
09:52:22,29.2,28.4
09:52:32,29.2,28.4
09:52:42,29.2,28.4
09:52:52,29.2,28.3
09:53:02,29.2,28.4
09:53:12,29.2,28.5
09:53:22,29.2,28.5
09:53:32,29.2,28.6
09:53:42,29.2,28.7
09:53:52,29.2,28.6
09:54:02,29.2,28.6
09:54:12,29.2,28.6
09:54:22,29.2,28.6
09:54:32,29.2,28.7
09:54:42,29.2,28.7
09:54:52,29.2,28.8
09:55:02,29.3,28.9
09:55:12,29.3,28.9
09:55:22,29.3,28.8
09:55:32,29.2,28.7
09:55:42,29.2,29.1
09:55:52,29.3,29.0
09:56:02,29.3,29.1
09:56:12,29.3,28.9
09:56:22,29.3,29.1
09:56:32,29.3,29.2
09:56:42,29.2,29.1
09:56:52,29.3,29.3
09:57:02,29.3,29.2
09:57:12,29.3,29.3
09:57:22,29.2,29.4
09:57:32,29.3,29.3
09:57:42,29.3,29.1
09:57:52,29.3,28.9
09:58:02,29.3,28.7
09:58:12,29.2,29.1
09:58:22,29.3,29.4
09:58:32,29.3,29.4
09:58:42,29.3,29.5
09:58:52,29.3,28.9
09:59:02,29.3,28.5
09:59:12,29.2,28.5
09:59:22,29.3,28.9
09:59:32,29.3,28.8
09:59:42,29.3,28.8
09:59:52,29.3,28.7
10:00:02,29.2,28.7
10:00:12,29.2,28.8
10:00:22,29.3,28.7
10:00:32,29.2,28.6
10:00:42,29.3,28.5
10:00:52,29.3,28.1
10:01:02,29.3,28.2
10:01:12,29.3,28.3
10:01:22,29.3,28.5
10:01:32,29.3,28.7
10:01:42,29.3,28.7
10:01:52,29.3,28.2
10:02:02,29.3,28.1
10:02:12,29.3,28.5
10:02:22,29.3,28.6
10:02:32,29.3,28.4
10:02:42,29.3,28.5
10:02:52,29.3,28.4
10:03:02,29.3,28.2
10:03:12,29.3,27.8
10:03:22,29.3,28.1
10:03:32,29.3,28.1
10:03:42,29.3,28.3
10:03:52,29.3,28.2
10:04:02,29.3,28.4
10:04:12,29.3,28.4
10:04:22,29.3,28.5
10:04:32,29.3,28.3
10:04:42,29.3,28.3
10:04:52,29.3,28.4
10:05:02,29.3,28.4
10:05:12,29.3,28.1
10:05:22,29.3,27.8
10:05:32,29.3,27.9
10:05:42,29.3,28.2
10:05:52,29.3,28.2
10:06:02,29.3,28.3
10:06:12,29.3,28.1
10:06:22,29.3,27.9
10:06:32,29.3,27.8
10:06:42,29.3,27.5
10:06:52,29.3,27.5
10:07:02,29.3,27.7
10:07:12,29.3,28.1
10:07:22,29.3,28.3
10:07:32,29.3,28.3
10:07:42,29.3,28.3
10:07:52,29.3,27.8
10:08:02,29.3,27.8
10:08:12,29.3,27.7
10:08:22,29.3,27.6
10:08:32,29.3,27.6
10:08:42,29.3,27.7
10:08:52,29.3,27.5
10:09:02,29.3,27.5
10:09:12,29.3,27.5
10:09:22,29.3,27.4
10:09:32,29.3,27.3
10:09:42,29.3,27.4
10:09:52,29.3,27.5
10:10:02,29.3,27.7
10:10:12,29.3,27.8
10:10:22,29.3,28.0
10:10:32,29.3,27.8
10:10:42,29.3,28.1
10:10:52,29.3,28.0
10:11:02,29.3,27.6
10:11:12,29.3,27.5
10:11:22,29.3,27.5
10:11:32,29.3,27.4
10:11:42,29.4,27.3
10:11:52,29.4,27.2
10:12:02,29.4,27.2
10:12:12,29.4,27.4
10:12:22,29.4,27.6
10:12:32,29.3,27.8
10:12:42,29.4,27.6
10:12:52,29.4,27.5
10:13:02,29.4,27.5
10:13:12,29.4,27.6
10:13:22,29.3,27.6
10:13:32,29.4,27.7
10:13:42,29.4,27.7
10:13:52,29.4,27.4
10:14:02,29.4,27.4
10:14:12,29.4,27.3
10:14:22,29.4,27.4
10:14:32,29.4,27.3
10:14:42,29.4,27.5
10:14:52,29.4,27.4
10:15:02,29.4,27.3
10:15:12,29.4,27.3
10:15:22,29.4,27.4
10:15:32,29.4,27.4
10:15:42,29.4,27.4
10:15:52,29.4,27.3
10:16:02,29.4,27.3
10:16:12,29.4,27.3
10:16:22,29.4,27.5
10:16:32,29.4,27.4
10:16:42,29.4,27.5
10:16:52,29.4,27.4
10:17:02,29.4,27.3
10:17:12,29.4,27.1
10:17:22,29.4,27.3
10:17:32,29.4,27.3
10:17:42,29.4,27.3
10:17:52,29.4,27.5
10:18:02,29.4,27.1
10:18:12,29.4,27.2
10:18:22,29.4,27.4
10:18:32,29.4,27.2
10:18:42,29.4,27.1
10:18:52,29.4,27.3
10:19:02,29.4,27.4
10:19:12,29.4,27.2
10:19:22,29.4,27.2
10:19:32,29.4,27.2
10:19:42,29.4,27.3
10:19:52,29.4,27.3
10:20:02,29.4,27.3
10:20:12,29.4,27.3
10:20:22,29.4,27.3
10:20:32,29.4,27.1
10:20:42,29.4,27.0
10:20:52,29.4,27.0
10:21:02,29.4,27.1
10:21:12,29.4,27.3
10:21:22,29.4,27.3
10:21:32,29.4,27.4
10:21:42,29.4,27.5
10:21:52,29.4,27.5
10:22:02,29.4,27.6
10:22:12,29.4,27.2
10:22:23,29.4,27.2
10:22:35,29.4,27.3
10:22:48,29.4,27.4
10:22:52,29.4,27.5
10:23:02,29.4,27.8
10:23:12,29.4,27.9
10:23:32,29.4,28.1
10:23:42,29.4,28.1
10:23:52,29.4,28.1
10:24:02,29.4,28.1
10:24:12,29.4,27.9
10:24:22,29.4,27.6
10:24:32,29.4,27.5
10:24:42,29.4,27.4
10:24:52,29.4,27.5
10:25:02,29.4,27.2
10:25:12,29.4,27.3
10:25:22,29.4,27.4
10:25:32,29.4,27.4
10:25:42,29.4,27.6
10:25:52,29.4,27.7
10:26:02,29.4,27.6
10:26:12,29.4,27.9
10:26:22,29.4,28.1
10:26:32,29.4,28.1
10:26:42,29.4,28.1
10:26:52,29.4,28.2
10:27:02,29.4,28.2
10:27:12,29.4,28.1
10:27:22,29.4,28.0
10:27:32,29.4,28.2
10:27:42,29.4,28.2
10:27:52,29.4,28.2
10:28:02,29.4,28.1
10:28:12,29.4,28.2
10:28:22,29.4,28.5
10:28:32,29.4,28.2
10:28:42,29.4,28.1
10:28:52,29.4,28.2
10:29:02,29.4,28.2
10:29:12,29.4,28.2
10:29:22,29.4,28.1
10:29:32,29.4,27.8
10:29:42,29.4,28.0
10:29:52,29.4,27.8
10:30:02,29.4,27.7
10:30:12,29.4,27.6
10:30:22,29.4,27.7
10:30:32,29.4,27.8
10:30:42,29.4,27.8
10:30:52,29.4,27.8
10:31:02,29.4,27.9
10:31:12,29.4,27.8
10:31:22,29.4,27.8
10:31:32,29.4,27.9
10:31:42,29.4,27.8
10:31:52,29.4,28.1
10:32:02,29.4,28.2
10:32:12,29.4,28.3
10:32:22,29.4,28.3
10:32:32,29.4,28.2
10:32:42,29.4,28.2
10:32:52,29.4,28.2
10:33:02,29.4,28.1
10:33:12,29.4,28.3
10:33:22,29.4,28.4
10:33:32,29.4,28.3
10:33:42,29.4,28.3
10:33:52,29.4,28.3
10:34:02,29.4,28.4
10:34:12,29.4,28.3
10:34:22,29.4,28.1
10:34:32,29.4,28.3
10:34:42,29.4,28.2
10:34:52,29.4,28.2
10:35:02,29.4,28.1
10:35:12,29.4,28.3
10:35:22,29.4,28.2
10:35:32,29.4,27.9
10:35:42,29.4,27.7
10:35:52,29.4,27.6
10:36:02,29.4,27.3
10:36:12,29.4,27.3
10:36:22,29.4,27.3
10:36:32,29.4,27.9
10:36:42,29.4,28.1
10:36:52,29.4,27.8
10:37:02,29.4,27.8
10:37:12,29.4,27.6
10:37:22,29.4,27.1
10:37:32,29.4,26.9
10:37:42,29.4,27.0
10:37:52,29.4,27.0
10:38:02,29.4,27.1
10:38:12,29.4,27.1
10:38:22,29.4,27.2
10:38:32,29.4,27.5
10:38:42,29.4,27.5
10:38:52,29.4,27.5
10:39:02,29.4,27.5
10:39:12,29.4,27.5
10:39:22,29.4,27.6
10:39:32,29.4,27.8
10:39:42,29.5,27.7
10:39:52,29.4,27.7
10:40:02,29.4,27.8
10:40:12,29.4,27.6
10:40:22,29.4,27.7
10:40:33,29.4,27.6
10:40:42,29.5,27.4
10:40:52,29.5,27.7
10:41:03,29.5,27.7
10:41:12,29.4,27.8
10:41:22,29.4,27.3
10:41:32,29.5,27.3
10:41:42,29.5,27.6
10:41:52,29.5,27.7
10:42:02,29.5,27.4
10:42:13,29.4,27.5
10:42:22,29.5,27.4
10:42:32,29.5,27.4
10:42:42,29.4,27.5
10:42:52,29.4,27.5
10:43:02,29.4,27.7
10:43:12,29.4,27.5
10:43:22,29.4,27.8
10:43:32,29.5,27.8
10:43:42,29.5,27.8
10:43:52,29.5,27.8
10:44:02,29.5,27.6
10:44:12,29.5,27.2
10:44:22,29.5,27.2
10:44:32,29.5,27.2
10:44:42,29.5,27.6
10:44:52,29.5,27.7
10:45:02,29.5,27.5
10:45:12,29.5,27.8
10:45:22,29.5,28.0
10:45:32,29.5,27.9
10:45:42,29.5,27.6
10:45:52,29.5,27.5
10:46:02,29.5,27.7
10:46:12,29.5,27.4
10:46:22,29.5,27.1
10:46:32,29.5,27.0
10:46:42,29.5,27.0
10:46:52,29.5,27.1
10:47:02,29.5,27.3
10:47:12,29.5,26.7
10:47:22,29.5,26.5
10:47:32,29.5,26.7
10:47:42,29.5,26.9
10:47:52,29.5,26.9
10:48:02,29.5,27.0
10:48:12,29.5,27.3
10:48:22,29.5,27.1
10:48:32,29.5,26.7
10:48:42,29.5,26.8
10:48:52,29.5,27.0
10:49:02,29.5,27.2
10:49:12,29.5,26.9
10:49:24,29.5,27.2
10:49:34,29.5,27.3
10:49:44,29.5,27.1
10:49:52,29.5,27.0
10:50:02,29.5,27.1
10:50:12,29.5,26.8
10:50:22,29.5,26.3
10:50:32,29.5,26.7
10:50:42,29.5,26.8
10:50:52,29.5,27.0
10:51:02,29.5,27.2
10:51:12,29.5,27.3
10:51:22,29.5,27.5
10:51:32,29.5,27.3
10:51:42,29.5,27.2
10:51:52,29.5,27.3
10:52:02,29.5,27.3
10:52:12,29.5,27.0
10:52:22,29.5,27.1
10:52:32,29.5,27.0
10:52:42,29.5,27.0
10:52:52,29.5,26.7
10:53:02,29.5,26.8
10:53:12,29.5,26.9
10:53:22,29.5,26.6
10:53:32,29.5,26.4
10:53:42,29.5,26.9
10:53:52,29.5,26.8
10:54:02,29.5,26.7
10:54:12,29.5,27.0
10:54:22,29.5,27.2
10:54:32,29.5,26.9
10:54:42,29.5,26.7
10:54:52,29.5,26.8
10:55:02,29.5,26.8
10:55:12,29.5,26.9
10:55:22,29.5,26.9
10:55:32,29.5,26.8
10:55:42,29.5,26.8
10:55:52,29.5,26.7
10:56:02,29.5,26.8
10:56:12,29.5,26.7
10:56:22,29.5,26.7
10:56:32,29.5,26.7
10:56:42,29.5,26.8
10:56:52,29.5,26.6
10:57:02,29.5,26.8
10:57:12,29.5,26.7
10:57:22,29.5,26.7
10:57:32,29.5,26.7
10:57:42,29.5,26.8
10:57:52,29.5,27.0
10:58:02,29.5,27.0
10:58:12,29.5,26.4
10:58:22,29.5,26.3
10:58:32,29.5,26.3
10:58:42,29.5,26.5
10:58:52,29.5,26.4
10:59:02,29.5,26.2
10:59:12,29.5,26.1
10:59:22,29.5,26.3
10:59:32,29.5,26.6
10:59:42,29.5,26.8
10:59:53,29.5,26.6
11:00:02,29.5,26.5
11:00:13,29.5,26.7
11:00:22,29.5,26.7
11:00:32,29.5,26.9
13:06:13,30.6,17.1
13:06:23,30.6,17.3
13:06:33,30.6,17.3
13:06:43,30.6,17.0
13:06:53,30.6,16.9
13:06:58,30.6,17.0
13:07:08,30.6,17.0
13:07:18,30.6,17.2
13:07:28,30.6,17.1
13:07:38,30.6,17.3
13:07:48,30.6,17.3
13:07:58,30.6,17.3
13:08:08,30.6,17.1
13:08:18,30.6,17.0
13:08:28,30.6,17.0
13:08:38,30.6,16.8
13:08:48,30.6,16.9
13:08:58,30.6,17.0
13:09:08,30.6,16.9
13:09:18,30.6,17.1
13:09:28,30.6,17.1
13:09:38,30.6,17.1
13:09:48,30.6,17.2
13:09:58,30.6,17.3
13:10:08,30.6,17.3
13:10:18,30.6,17.2
13:10:28,30.6,17.1
13:10:38,30.6,17.1
13:10:48,30.6,17.0
13:10:58,30.6,17.1
13:11:08,30.6,17.3
13:11:18,30.6,17.3
13:11:28,30.6,17.2
13:11:38,30.6,17.3
13:11:48,30.6,17.2
13:11:58,30.6,17.2
13:12:08,30.6,17.3
13:12:18,30.6,17.3
13:12:28,30.6,17.3
13:12:38,30.6,17.1
13:12:48,30.6,17.0
13:12:58,30.6,17.1
13:13:08,30.6,17.2
13:13:18,30.6,17.1
13:13:28,30.6,17.1
13:13:38,30.6,16.9
13:13:48,30.6,16.9
13:13:58,30.6,16.8
13:14:08,30.6,16.9
13:14:18,30.6,16.9
13:14:28,30.6,16.9
13:14:38,30.6,16.9
13:14:48,30.6,16.9
13:14:58,30.6,17.0
13:15:08,30.6,17.0
13:15:18,30.6,17.1
13:15:28,30.6,17.1
13:15:38,30.6,17.3
13:15:48,30.6,17.4
13:15:58,30.6,17.9
13:16:08,30.6,17.8
13:16:18,30.6,17.6
13:16:28,30.6,17.6
13:16:38,30.6,17.4
13:16:48,30.5,17.2
13:16:58,30.6,17.4
13:17:08,30.5,17.3
13:17:18,30.5,17.2
13:17:28,30.5,17.4
13:17:43,30.5,17.3
13:17:48,30.6,17.4
13:17:58,30.5,17.5
13:18:08,30.6,17.5
13:18:18,30.6,17.3
13:18:28,30.5,17.4
13:18:38,30.6,17.5
13:18:48,30.5,17.4
13:18:58,30.6,17.1
13:19:08,30.6,17.3
13:19:18,30.6,17.6
13:19:28,30.6,17.8
13:19:38,30.6,17.9
13:19:48,30.6,17.7
13:19:58,30.6,17.6
13:20:08,30.6,17.6
13:20:18,30.6,17.7
13:20:28,30.6,17.6
13:20:38,30.6,17.6
13:20:48,30.6,17.6
13:20:58,30.6,17.5
13:21:08,30.6,17.5
13:21:18,30.6,17.5
13:21:28,30.6,17.6
13:21:38,30.6,17.6
13:21:48,30.6,17.6
13:21:58,30.6,17.6
13:22:08,30.6,17.6
13:22:18,30.6,17.6
13:22:28,30.6,17.5
13:22:38,30.6,17.5
13:22:48,30.7,17.6
13:22:58,30.6,17.5
13:23:08,30.6,17.5
13:23:18,30.6,17.6
13:23:28,30.7,17.7
13:23:38,30.7,17.7
13:23:48,30.6,17.7
13:23:58,30.6,17.7
13:24:08,30.6,17.7
13:24:18,30.7,17.9
13:24:28,30.7,17.9
13:24:38,30.7,17.9
13:24:48,30.7,17.9
13:24:58,30.6,18.0
13:25:08,30.7,18.0
13:25:18,30.6,18.0
13:25:28,30.6,18.0
13:25:38,30.7,18.0
13:25:48,30.6,18.0
13:25:58,30.7,17.9
13:26:08,30.6,17.8
13:26:18,30.7,17.9
13:26:28,30.7,17.9
13:26:38,30.7,17.9
13:26:48,30.6,18.0
13:26:58,30.6,18.0
13:27:08,30.6,18.0
13:27:18,30.6,18.2
13:27:28,30.6,18.1
13:27:38,30.6,18.1
13:27:48,30.6,18.0
13:27:58,30.6,18.1
13:28:08,30.6,18.1
13:28:18,30.6,18.1
13:28:28,30.6,18.3
13:28:38,30.6,18.1
13:28:48,30.6,18.1
13:28:58,30.6,18.1
13:29:08,30.7,18.1
13:29:18,30.6,18.1
13:29:28,30.6,18.3
13:29:38,30.6,18.5
13:29:48,30.6,18.5
13:29:58,30.6,18.5
13:30:08,30.6,18.5
13:30:18,30.6,18.6
13:30:28,30.6,18.7
13:30:38,30.6,18.6
13:30:49,30.6,18.7
13:30:58,30.6,18.7
13:31:08,30.6,18.8
13:31:18,30.6,18.8
13:31:28,30.6,18.9
13:31:38,30.6,18.9
13:31:48,30.6,18.9
13:31:58,30.6,18.9
13:32:08,30.6,18.7
13:32:18,30.6,18.6
13:32:28,30.6,18.7
13:32:38,30.6,18.7
13:32:48,30.6,18.7
13:32:58,30.6,18.6
13:33:08,30.6,18.7
13:33:18,30.6,18.8
13:33:28,30.6,18.9
13:33:38,30.6,18.9
13:33:48,30.6,18.9
13:33:58,30.6,18.9
13:34:08,30.6,19.0
13:34:18,30.6,19.1
13:34:28,30.6,19.1
13:34:38,30.6,19.0
13:34:48,30.6,19.0
13:34:58,30.6,19.2
13:35:08,30.6,19.3
13:35:18,30.6,19.2
13:35:28,30.6,19.2
13:35:38,30.6,19.2
13:35:48,30.6,19.2
13:35:58,30.6,19.0
13:36:08,30.6,19.0
13:36:18,30.6,19.0
13:36:28,30.6,19.1
13:36:38,30.6,19.3
13:36:48,30.6,19.2
13:36:58,30.6,19.3
13:37:08,30.6,19.2
13:37:18,30.6,19.2
13:37:28,30.6,19.4
13:37:38,30.6,19.4
13:37:48,30.6,19.3
13:37:58,30.6,19.3
13:38:08,30.6,19.3
13:38:18,30.6,19.2
13:38:28,30.6,19.1
13:38:38,30.6,19.0
13:38:48,30.5,19.0
13:38:58,30.6,19.0
13:39:08,30.6,18.8
13:39:18,30.6,18.9
13:39:28,30.6,18.8
13:39:38,30.5,19.0
13:39:48,30.6,18.7
13:39:58,30.5,18.6
13:40:08,30.6,18.6
13:40:18,30.6,18.6
13:40:28,30.5,18.7
13:40:38,30.5,18.8
13:40:48,30.5,18.8
13:40:58,30.6,18.9
13:41:08,30.5,18.9
13:41:18,30.5,19.0
13:41:28,30.6,18.9
13:41:38,30.5,18.8
13:41:48,30.5,18.9
13:41:58,30.5,19.1
13:42:08,30.5,19.0
13:42:18,30.5,18.9
13:42:28,30.5,19.0
13:42:38,30.5,19.0
13:42:48,30.5,19.0
13:42:58,30.5,19.0
13:43:08,30.5,19.0
13:43:18,30.5,18.9
13:43:28,30.5,18.8
13:43:38,30.5,18.7
13:43:48,30.5,18.6
13:43:58,30.5,18.6
13:44:08,30.5,18.7
13:44:18,30.5,18.7
13:44:28,30.5,18.8
13:44:38,30.5,18.8
13:44:48,30.6,18.8
13:44:58,30.5,18.7
13:45:08,30.6,18.8
13:45:18,30.5,18.8
13:45:28,30.6,18.8
13:45:38,30.6,18.7
13:45:48,30.6,18.7
13:45:58,30.6,18.8
13:46:08,30.6,19.2
13:46:18,30.6,19.3
13:46:28,30.6,19.0
13:46:38,30.6,18.9
13:46:48,30.6,18.8
13:46:58,30.6,18.8
13:47:08,30.6,18.9
13:47:18,30.6,19.0
13:47:28,30.6,20.1
13:47:38,30.5,20.4
13:47:48,30.6,19.5
13:47:58,30.6,18.9
13:48:08,30.6,18.8
13:48:18,30.6,18.6
13:48:28,30.6,18.8
13:48:38,30.6,18.8
13:48:48,30.6,19.3
13:48:58,30.6,19.0
13:49:08,30.6,18.8
13:49:18,30.6,18.7
13:49:28,30.5,18.7
13:49:38,30.6,18.6
13:49:48,30.6,18.7
13:49:58,30.6,18.7
13:50:08,30.6,18.8
13:50:18,30.6,18.9
13:50:28,30.6,18.8
13:50:38,30.6,18.8
13:50:48,30.6,18.9
13:50:58,30.6,18.9
13:51:08,30.6,19.1
13:51:18,30.6,19.0
13:51:28,30.5,18.9
13:51:38,30.6,18.9
13:51:48,30.6,18.9
13:51:58,30.6,19.3
13:52:08,30.6,19.9
13:52:18,30.5,20.0
13:52:28,30.6,19.9
13:52:38,30.6,19.3
13:52:48,30.5,19.0
13:52:58,30.6,19.4
13:53:08,30.5,19.1
13:53:18,30.5,18.9
13:53:28,30.5,19.0
13:53:38,30.5,19.2
13:53:48,30.5,19.2
13:53:58,30.5,19.2
13:54:08,30.5,19.1
13:54:18,30.5,19.0
13:54:28,30.5,19.1
13:54:38,30.5,19.1
13:54:48,30.5,19.3
13:54:58,30.5,19.1
13:55:08,30.5,19.2
13:55:18,30.5,19.2
13:55:28,30.5,19.2
13:55:38,30.5,19.2
13:55:48,30.5,19.3
13:55:58,30.5,19.4
13:56:08,30.5,19.5
13:56:18,30.5,19.6
13:56:28,30.5,19.5
13:56:38,30.5,19.5
13:56:48,30.5,19.4
13:56:58,30.5,19.3
13:57:08,30.5,19.3
13:57:18,30.5,19.3
13:57:28,30.5,19.3
13:57:38,30.5,19.5
13:57:48,30.5,19.5
13:57:58,30.5,19.5
13:58:08,30.5,19.5
13:58:18,30.5,19.5
13:58:28,30.5,19.3
13:58:38,30.6,19.3
13:58:48,30.6,19.4
13:58:58,30.6,19.4
13:59:08,30.6,19.5
13:59:18,30.6,19.5
13:59:28,30.6,19.6
13:59:38,30.6,19.5
13:59:48,30.6,19.5
13:59:58,30.6,19.6
14:00:08,30.6,19.6
14:00:18,30.6,19.7
14:00:28,30.6,19.5
14:00:38,30.6,19.4
14:00:48,30.6,19.3
14:00:58,30.6,19.5
14:01:08,30.6,19.6
14:01:18,30.6,19.7
14:01:28,30.6,19.7
14:01:38,30.6,19.7
14:01:48,30.6,19.7
14:01:58,30.6,19.8
14:02:08,30.6,19.6
14:02:18,30.6,19.6
14:02:28,30.6,19.7
14:02:38,30.6,19.7
14:02:48,30.6,19.4
14:02:58,30.6,19.4
14:03:08,30.6,19.3
14:03:18,30.6,19.3
14:03:28,30.6,19.4
14:03:38,30.6,19.4
14:03:48,30.6,19.3
14:03:58,30.6,19.3
14:04:08,30.7,19.3
14:04:18,30.7,19.5
14:04:28,30.7,19.5
14:04:38,30.7,19.4
14:04:48,30.7,19.4
14:04:58,30.7,19.3
14:05:08,30.7,19.2
14:05:18,30.7,19.3
14:05:28,30.7,19.2
14:05:38,30.7,19.3
14:05:48,30.7,19.3
14:05:58,30.7,19.3
14:06:08,30.7,19.4
14:06:18,30.7,19.3
14:06:28,30.7,19.3
14:06:38,30.7,19.5
14:06:48,30.7,19.5
14:06:59,30.7,19.5
14:07:08,30.7,19.5
14:07:18,30.7,19.3
14:07:28,30.7,19.2
14:07:38,30.7,19.6
14:07:49,30.7,19.6
14:07:58,30.7,19.5
14:08:08,30.7,19.2
14:08:18,30.7,19.3
14:08:28,30.8,19.6
14:08:38,30.8,19.7
14:08:48,30.8,19.5
14:08:58,30.8,19.6
14:09:08,30.8,19.5
14:09:18,30.8,19.2
14:09:28,30.7,19.0
14:09:38,30.7,19.0
14:09:48,30.8,18.8
14:09:58,30.7,18.7
14:10:08,30.8,18.9
14:10:18,30.8,18.9
14:10:28,30.8,18.9
14:10:38,30.7,18.9
14:10:48,30.8,19.0
14:10:58,30.7,19.1
14:11:08,30.7,19.3
14:11:18,30.8,19.3
14:11:28,30.8,19.3
14:11:38,30.8,19.4
14:11:48,30.8,19.5
14:11:58,30.7,19.6
14:12:08,30.8,20.0
14:12:18,30.8,19.9
14:12:28,30.8,19.6
14:12:38,30.7,19.5
14:12:48,30.7,19.5
14:12:58,30.7,19.5
14:13:08,30.7,19.6
14:13:18,30.7,19.6
14:13:28,30.7,19.9
14:13:38,30.7,20.2
14:13:48,30.7,20.2
14:13:58,30.7,19.9
14:14:08,30.7,20.0
14:14:18,30.7,19.8
14:14:28,30.7,19.8
14:14:38,30.7,20.1
14:14:48,30.7,20.5
14:14:58,30.7,20.4
14:15:08,30.7,20.8
14:15:18,30.7,20.6
14:15:28,30.7,20.1
14:15:38,30.7,20.1
14:15:48,30.7,19.9
14:15:58,30.7,19.8
14:16:08,30.7,19.9
14:16:18,30.7,19.9
14:16:28,30.7,19.8
14:16:38,30.7,19.9
14:16:48,30.7,19.9
14:16:58,30.7,19.8
14:17:08,30.7,19.8
14:17:18,30.7,19.8
14:17:28,30.7,19.8
14:17:38,30.8,19.7
14:17:48,30.7,19.8
14:17:58,30.8,19.9
14:18:08,30.8,19.8
14:18:18,30.8,19.8
14:18:28,30.8,19.8
14:18:38,30.8,19.8
14:18:48,30.8,19.8
14:18:58,30.8,19.9
14:19:08,30.8,19.8
14:19:18,30.8,19.8
14:19:28,30.8,19.9
14:19:38,30.8,19.9
14:19:48,30.8,20.0
14:19:58,30.8,20.0
14:20:08,30.8,20.0
14:20:18,30.8,20.0
14:20:28,30.8,20.0
14:20:38,30.8,20.6
14:20:48,30.8,21.6
14:20:58,30.8,21.2
14:21:08,30.8,20.3
14:21:18,30.8,20.3
14:21:28,30.8,21.6
14:21:38,30.8,20.8
14:21:48,30.8,20.6
14:21:58,30.8,20.6
14:22:08,30.8,20.9
14:22:18,30.8,20.7
14:22:28,30.8,20.6
14:22:38,30.8,20.4
14:22:48,30.8,20.4
14:22:58,30.8,20.3
14:23:08,30.8,20.3
14:23:18,30.8,20.3
14:23:28,30.8,20.1
14:23:38,30.8,20.3
14:23:48,30.8,20.6
14:23:58,30.8,21.6
14:24:08,30.8,20.9
14:24:18,30.8,20.7
14:24:28,30.8,20.5
14:24:38,30.8,20.4
14:24:48,30.9,20.4
14:24:58,30.9,20.5
14:25:08,30.9,20.4
14:25:18,30.8,20.4
14:25:28,30.8,20.4
14:25:38,30.9,20.3
14:25:48,30.9,20.2
14:25:58,30.9,20.3
14:26:08,30.9,20.4
14:26:18,30.9,20.3
14:26:28,30.9,20.2
14:26:38,30.9,20.3
14:26:48,30.9,20.1
14:26:58,30.9,20.2
14:27:08,30.9,20.2
14:27:18,30.9,20.1
14:27:28,30.9,20.1
14:27:38,30.9,20.0
14:27:48,30.9,20.0
14:27:58,30.9,20.0
14:28:08,30.9,20.1
14:28:18,30.9,20.1
14:28:28,30.9,19.9
14:28:38,30.9,19.9
14:28:48,30.9,19.9
14:28:58,30.9,19.9
14:29:08,30.9,20.0
14:29:18,30.9,20.0
14:29:28,30.9,20.0
14:29:38,30.9,20.0
14:29:48,30.9,19.9
14:29:58,30.9,19.8
14:30:08,30.8,19.8
14:30:18,30.9,19.7
14:30:28,30.9,19.6
14:30:38,30.9,19.6
14:30:48,30.9,19.8
14:30:58,30.9,19.7
14:31:08,30.9,19.7
14:31:18,30.9,19.7
14:31:28,30.9,19.7
14:31:38,30.9,19.7
14:31:48,30.9,19.6
14:31:58,30.9,19.5
14:32:08,30.9,19.5
14:32:18,30.9,19.6
14:32:28,30.9,19.6
14:32:38,30.9,19.6
14:32:48,30.9,19.5
14:32:58,30.9,19.5
14:33:08,30.9,19.5
14:33:18,30.9,19.5
14:33:28,30.9,19.4
14:33:38,30.9,19.5
14:33:48,30.9,20.2
14:33:58,30.9,20.5
14:34:08,30.9,19.9
14:34:18,30.8,19.6
14:34:28,30.8,19.5
14:34:38,30.8,19.5
14:34:48,30.8,19.8
14:34:58,30.9,20.3
14:35:08,30.8,21.0
14:35:18,30.8,20.3
14:35:28,30.8,20.2
14:35:38,30.8,20.8
14:35:48,30.8,20.7
14:35:58,30.8,20.2
14:36:08,30.8,20.0
14:36:18,30.8,20.1
14:36:28,30.8,20.7
14:36:38,30.8,21.5
14:36:48,30.8,20.7
14:36:58,30.8,20.1
14:37:08,30.8,20.1
14:37:18,30.8,20.2
14:37:28,30.8,20.1
14:37:38,30.8,20.1
14:37:48,30.8,20.1
14:37:58,30.8,20.2
14:38:08,30.8,20.4
14:38:18,30.8,20.3
14:38:28,30.8,20.2
14:38:38,30.8,20.2
14:38:48,30.8,20.3
14:38:58,30.8,20.1
14:39:08,30.8,20.1
14:39:18,30.8,20.0
14:39:28,30.8,20.0
14:39:38,30.8,20.0
14:39:48,30.8,20.0
14:39:58,30.8,20.0
14:40:08,30.8,20.0
14:40:18,30.8,20.0
14:40:28,30.9,20.0
14:40:38,30.8,20.0
14:40:48,30.8,20.1
14:40:58,30.8,20.2
14:41:08,30.8,20.2
14:41:18,30.8,20.1
14:41:28,30.9,20.1
14:41:38,30.8,20.2
14:41:48,30.9,20.0
14:41:58,30.9,20.1
14:42:08,30.8,20.0
14:42:18,30.9,20.0
14:42:28,30.9,20.1
14:42:38,30.9,20.5
14:42:48,30.9,20.2
14:42:58,30.9,20.1
14:43:08,30.9,20.0
14:43:18,30.9,20.0
14:43:28,30.9,20.1
14:43:38,30.9,20.0
14:43:48,30.9,20.0
14:43:58,30.9,20.1
14:44:08,30.9,20.2
14:44:18,30.9,20.2
14:44:28,30.9,20.2
14:44:38,30.9,20.2
14:44:48,30.9,20.0
14:44:58,30.9,19.9
14:45:08,30.9,20.0
14:45:18,30.9,19.8
14:45:28,30.9,19.7
14:45:38,30.9,19.7
14:45:48,30.9,19.8
14:45:58,30.9,19.6
14:46:08,30.9,19.8
14:46:18,30.9,19.8
14:46:28,30.9,19.7
14:46:38,30.9,19.5
14:46:48,31.0,19.4
14:46:58,31.0,19.4
14:47:08,31.0,19.5
14:47:18,31.0,19.4
14:47:28,31.0,19.4
14:47:38,31.0,19.3
14:47:48,31.0,19.4
14:47:58,31.0,19.3
14:48:08,31.0,19.4
14:48:18,31.0,19.8
14:48:28,31.0,19.8
14:48:38,31.0,19.7
14:48:48,31.0,19.7
14:48:58,31.0,19.6
14:49:08,31.0,19.7
14:49:18,31.0,19.7
14:49:28,31.0,19.6
14:49:38,31.0,19.7
14:49:48,31.0,19.8
14:49:58,30.9,20.0
14:50:08,31.0,19.9
14:50:18,31.0,19.9
14:50:28,31.0,19.7
14:50:38,30.9,19.5
14:50:48,31.0,19.5
14:50:58,30.9,19.7
14:51:08,30.9,20.0
14:51:18,30.9,19.8
14:51:28,30.9,20.0
14:51:38,30.9,20.1
14:51:48,30.9,19.9
14:51:58,30.9,19.7
14:52:08,30.9,19.7
14:52:18,30.9,19.7
14:52:28,30.9,19.8
14:52:38,30.9,19.8
14:52:48,30.9,19.9
14:52:58,30.9,19.8
14:53:08,30.9,19.7
14:53:18,30.9,19.5
14:53:28,30.9,19.7
14:53:38,30.9,19.7
14:53:48,30.9,19.6
14:53:58,30.9,19.6
14:54:08,30.9,19.8
14:54:18,30.9,19.9
14:54:28,30.9,20.0
14:54:38,30.9,19.8
14:54:48,30.9,19.8
14:54:58,30.9,20.0
14:55:08,30.9,20.1
14:55:18,30.9,19.7
14:55:28,30.9,19.7
14:55:38,30.9,20.7
14:55:48,30.9,21.0
14:55:58,30.9,20.2
14:56:08,30.9,19.9
14:56:18,30.9,19.9
14:56:28,30.9,19.8
14:56:38,30.9,19.8
14:56:48,30.9,19.8
14:56:58,30.9,19.9
14:57:08,30.9,19.9
14:57:18,30.9,19.8
14:57:28,30.9,20.0
14:57:38,30.9,19.8
14:57:48,30.9,19.7
14:57:58,30.9,19.9
14:58:08,30.9,19.8
14:58:18,30.9,19.7
14:58:28,30.9,19.7
14:58:38,30.9,19.7
14:58:48,30.9,19.6
14:58:58,30.9,20.0
14:59:08,30.9,19.9
14:59:18,30.9,19.8
14:59:28,30.9,20.4
14:59:38,30.9,20.2
14:59:48,30.9,19.9
14:59:58,30.9,20.1
15:00:08,30.9,19.9
15:00:18,30.9,19.8
15:00:28,30.9,19.8
15:00:38,30.9,20.1
15:00:48,30.9,20.0
15:00:58,30.9,20.0
15:01:08,30.9,19.8
15:01:18,30.9,20.0
15:01:28,30.9,20.4
15:01:38,30.9,20.1
15:01:48,30.9,20.0
15:01:58,30.9,20.0
15:02:08,30.9,20.3
15:02:18,30.9,20.4
15:02:28,30.9,20.4
15:02:38,30.9,20.0
15:02:48,30.9,20.1
15:02:58,30.9,20.4
15:03:08,30.9,20.2
15:03:18,30.8,20.3
15:03:28,30.9,20.3
15:03:38,30.8,20.3
15:03:48,30.8,20.3
15:03:58,30.8,20.1
15:04:08,30.8,20.0
15:04:18,30.8,20.0
15:04:28,30.8,19.9
15:04:38,30.8,20.7
15:04:48,30.8,21.3
15:04:58,30.8,20.9
15:05:08,30.8,20.5
15:05:18,30.8,20.4
15:05:28,30.8,21.2
15:05:38,30.8,20.4
15:05:48,30.8,20.1
15:05:58,30.8,20.2
15:06:08,30.8,20.5
15:06:18,30.8,20.5
15:06:28,30.8,19.9
15:06:38,30.8,20.1
15:06:48,30.8,20.5
15:06:58,30.8,20.2
15:07:08,30.8,20.1
15:07:18,30.8,20.2
15:07:28,30.9,20.1
15:07:38,30.9,20.0
15:07:48,30.8,19.9
15:07:58,30.8,19.9
15:08:08,30.8,19.9
15:08:18,30.8,20.3
15:08:28,30.9,20.9
15:08:38,30.9,20.7
15:08:48,30.8,20.3
15:08:58,30.8,20.0
15:09:08,30.8,19.8
15:09:18,30.8,19.7
15:09:28,30.8,20.0
15:09:38,30.8,20.7
15:09:48,30.8,20.7
15:09:58,30.8,20.2
15:10:08,30.8,20.4
15:10:18,30.8,20.4
15:10:28,30.8,20.2
15:10:38,30.8,20.1
15:10:48,30.8,20.5
15:10:58,30.8,21.2
15:11:08,30.8,21.1
15:11:18,30.8,20.4
15:11:28,30.8,20.2
15:11:38,30.8,19.9
15:11:48,30.8,19.9
15:11:58,30.8,19.9
15:12:08,30.8,19.7
15:12:18,30.8,19.4
15:12:28,30.8,19.4
15:12:38,30.8,19.6
15:12:48,30.8,19.7
15:12:58,30.8,19.8
15:13:08,30.8,19.9
15:13:18,30.9,19.9
15:13:28,30.9,20.0
15:13:38,30.9,20.3
15:13:48,30.9,20.0
15:13:58,30.8,19.9
15:14:08,30.9,20.2
15:14:18,30.9,20.1
15:14:28,30.8,19.7
15:14:38,30.9,19.7
15:14:48,30.9,20.1
15:14:58,30.8,20.3
15:15:08,30.8,19.9
15:15:18,30.8,19.7
15:15:28,30.9,19.7
15:15:38,30.8,19.8
15:15:48,30.8,19.6
15:15:58,30.8,19.7
15:16:08,30.8,19.7
15:16:18,30.8,19.6
15:16:28,30.8,19.7
15:16:38,30.8,19.6
15:16:48,30.8,19.9
15:16:58,30.8,20.3
15:17:08,30.9,20.3
15:17:18,30.8,20.3
15:17:28,30.8,20.3
15:17:38,30.8,20.0
15:17:48,30.8,20.7
15:17:58,30.8,20.7
15:18:08,30.8,20.1
15:18:18,30.8,20.9
15:18:28,30.8,20.6
15:18:38,30.8,19.9
15:18:48,30.8,19.8
15:18:58,30.8,19.6
15:19:08,30.8,19.6
15:19:18,30.8,20.1
15:19:28,30.8,20.0
15:19:38,30.8,19.8
15:19:48,30.8,20.1
15:19:58,30.8,20.0
15:20:08,30.8,19.8
15:20:18,30.8,19.6
15:20:28,30.8,19.5
15:20:38,30.8,19.5
15:20:48,30.8,19.8
15:20:58,30.8,19.9
15:21:08,30.8,19.6
15:21:18,30.8,19.8
15:21:28,30.8,20.5
15:21:38,30.8,20.2
15:21:48,30.8,20.0
15:21:58,30.8,19.5
15:22:08,30.8,19.4
15:22:18,30.8,19.3
15:22:28,30.8,19.7
15:22:38,30.8,19.8
15:22:48,30.8,19.6
15:22:58,30.8,19.5
15:23:08,30.8,19.5
15:23:18,30.8,19.6
15:23:28,30.8,19.6
15:23:38,30.8,19.7
15:23:48,30.8,19.6
15:23:58,30.8,19.7
15:24:08,30.8,19.6
15:24:18,30.8,19.7
15:24:28,30.8,19.7
15:24:38,30.8,19.5
15:24:48,30.8,19.5
15:24:58,30.8,19.8
15:25:08,30.8,19.7
15:25:19,30.8,19.5
15:25:29,30.8,19.5
15:25:38,30.8,19.6
15:25:48,30.8,20.0
15:25:58,30.8,19.7
15:26:08,30.8,19.4
15:26:18,30.8,19.5
15:26:28,30.8,19.4
15:26:38,30.8,19.5
15:26:48,30.8,19.6
15:26:58,30.8,19.8
15:27:08,30.8,19.8
15:27:18,30.8,20.0
15:27:28,30.8,19.7
15:27:38,30.8,19.6
15:27:48,30.8,19.9
15:27:58,30.8,19.9
15:28:08,30.8,19.7
15:28:18,30.8,19.6
15:28:28,30.8,19.5
15:28:38,30.9,19.7
15:28:48,30.8,20.0
15:28:58,30.8,20.5
15:29:08,30.9,20.5
15:29:18,30.8,20.4
15:29:28,30.8,19.8
15:29:38,30.8,19.8
15:29:48,30.8,20.4
15:29:58,30.8,20.1
15:30:08,30.8,20.0
15:30:18,30.8,19.8
15:30:28,30.8,19.8
15:30:38,30.8,19.7
15:30:48,30.8,19.8
15:30:58,30.8,19.9
15:31:08,30.8,19.7
15:31:18,30.8,19.8
15:31:28,30.8,19.8
15:31:38,30.8,19.9
15:31:48,30.8,19.9
15:31:58,30.8,20.0
15:32:08,30.8,19.8
15:32:18,30.8,19.8
15:32:28,30.8,20.4
15:32:38,30.8,20.0
15:32:48,30.8,19.8
15:32:58,30.8,20.0
15:33:08,30.8,20.1
15:33:18,30.8,19.9
15:33:28,30.8,20.5
15:33:38,30.8,20.1
15:33:48,30.8,19.8
15:33:58,30.8,19.7
15:34:08,30.8,20.1
15:34:18,30.8,20.3
15:34:28,30.8,20.6
15:34:38,30.8,20.7
15:34:48,30.8,20.1
15:34:58,30.8,20.2
15:35:08,30.8,20.9
15:35:18,30.8,20.7
15:35:28,30.8,20.5
15:35:38,30.8,20.5
15:35:48,30.8,20.4
15:35:58,30.8,20.4
15:36:08,30.8,21.0
15:36:18,30.8,21.1
15:36:28,30.8,20.9
15:36:38,30.8,20.9
15:36:48,30.8,20.7
15:36:58,30.8,21.1
15:37:08,30.8,20.8
15:37:18,30.8,20.9
15:37:28,30.8,20.4
15:37:38,30.8,20.1
15:37:48,30.8,20.1
15:37:58,30.8,19.9
15:38:08,30.8,20.1
15:38:18,30.8,20.2
15:38:28,30.8,20.0
15:38:38,30.8,20.4
15:38:48,30.8,21.0
15:38:58,30.7,20.5
15:39:08,30.8,19.7
15:39:18,30.8,19.4
15:39:28,30.8,19.2
15:39:38,30.8,19.2
15:39:48,30.8,19.9
15:39:58,30.8,20.2
15:40:08,30.8,19.9
15:40:18,30.8,19.8
15:40:28,30.8,19.6
15:40:38,30.8,19.6
15:40:48,30.8,19.6
15:40:58,30.8,19.5
15:41:08,30.8,19.2
15:41:18,30.8,19.1
15:41:28,30.8,19.8
15:41:38,30.8,19.6
15:41:48,30.8,19.2
15:41:58,30.8,19.2
15:42:08,30.8,19.4
15:42:18,30.8,19.5
15:42:28,30.8,19.9
15:42:38,30.8,19.8
15:42:48,30.8,19.6
15:42:58,30.8,19.9
15:43:08,30.8,19.8
15:43:18,30.8,20.0
15:43:28,30.8,20.5
15:43:38,30.8,20.9
15:43:48,30.8,20.3
15:43:58,30.8,19.9
15:44:08,30.8,19.8
15:44:18,30.8,19.8
15:44:28,30.8,19.8
15:44:38,30.8,19.9
15:44:48,30.8,20.4
15:44:58,30.8,20.1
15:45:08,30.8,20.1
15:58:42,30.8,19.2
15:58:52,30.8,19.3
15:59:02,30.8,19.3
15:59:12,30.8,19.3
15:59:22,30.8,19.3
15:59:32,30.8,19.3
15:59:42,30.8,19.4
15:59:52,30.8,19.3
16:00:02,30.8,19.3
16:00:12,30.8,19.3
16:00:22,30.8,19.4
16:00:32,30.8,19.2
16:00:42,30.8,19.3
16:00:52,30.8,19.3
16:01:02,30.8,19.4
16:01:12,30.8,19.4
16:01:22,30.8,19.4
16:01:32,30.8,19.5
16:01:42,30.8,19.6
16:01:52,30.8,19.6
16:02:02,30.8,19.5
16:02:12,30.8,19.7
16:02:22,30.8,19.6
16:02:32,30.8,19.6
16:02:42,30.7,19.5
16:02:52,30.8,19.5
16:03:02,30.8,19.6
16:03:12,30.7,19.7
16:03:22,30.7,19.8
16:03:32,30.7,19.7
16:03:42,30.7,19.8
16:03:52,30.7,20.1
16:04:02,30.7,20.7
16:04:12,30.7,20.0
16:04:22,30.7,19.8
16:04:32,30.7,19.5
16:04:42,30.7,19.5
16:04:52,30.7,19.6
16:05:02,30.7,19.7
16:05:12,30.7,19.6
16:05:22,30.7,19.6
16:05:32,30.7,19.5
16:05:42,30.7,19.6
16:05:52,30.7,19.4
16:06:02,30.7,19.5
16:06:12,30.7,19.5
16:06:22,30.7,19.6
16:06:32,30.7,19.6
16:06:42,30.7,19.4
16:06:52,30.7,19.5
16:07:02,30.7,19.4
16:07:12,30.7,19.3
16:07:22,30.7,19.4
16:07:32,30.7,19.4
16:07:42,30.7,19.5
16:07:52,30.7,19.5
16:08:02,30.7,19.5
16:08:12,30.7,19.5
16:08:22,30.7,19.5
16:08:32,30.7,19.5
16:08:42,30.7,19.6
16:08:52,30.7,19.6
16:09:02,30.7,19.7
16:09:12,30.7,19.6
16:09:22,30.7,19.6
16:09:32,30.7,19.6
16:09:42,30.7,19.5
16:09:52,30.7,19.5
16:10:02,30.7,19.5
16:10:12,30.7,19.6
16:10:22,30.7,19.6
16:10:32,30.8,19.7
16:10:42,30.8,19.7
16:10:52,30.8,19.7
16:11:02,30.7,19.8
16:11:12,30.7,19.7
16:11:22,30.7,19.8
16:11:32,30.7,19.8
16:11:42,30.7,19.7
16:11:52,30.7,19.7
16:12:02,30.7,19.9
16:12:12,30.7,19.9
16:12:22,30.7,19.9
16:12:32,30.7,19.9
16:12:42,30.7,19.9
16:12:52,30.7,19.8
16:13:02,30.7,19.7
16:13:12,30.7,19.6
16:13:22,30.7,19.6
16:13:32,30.7,19.7
16:13:42,30.7,19.8
16:13:52,30.7,19.6
16:14:02,30.7,19.7
16:14:12,30.7,19.8
16:14:22,30.7,19.6
16:14:32,30.7,19.5
16:14:42,30.7,19.6
16:14:52,30.7,19.6
16:15:02,30.7,19.6
16:15:12,30.8,19.5
16:15:22,30.7,20.1
16:15:32,30.7,19.8
16:15:42,30.7,19.6
16:15:52,30.7,19.5
16:16:02,30.8,19.5
16:16:12,30.7,19.6
16:16:22,30.7,19.5
16:16:32,30.8,19.4
16:16:42,30.8,19.4
16:16:52,30.7,19.5
16:17:02,30.7,19.5
16:17:12,30.8,19.4
16:17:22,30.8,19.4
16:17:32,30.8,19.4
16:17:42,30.8,19.4
16:17:52,30.8,19.5
16:18:02,30.8,19.4
16:18:12,30.8,19.3
16:18:22,30.8,19.4
16:18:32,30.8,19.4
16:18:42,30.8,19.3
16:18:52,30.8,19.2
16:19:02,30.8,19.4
16:19:12,30.8,19.4
16:19:22,30.8,20.0
16:19:32,30.9,20.5
16:19:42,30.9,21.2
16:19:52,30.9,21.8
16:20:02,30.9,22.3
16:20:12,31.0,22.9
16:20:22,30.9,23.3
16:20:32,31.0,23.7
16:20:42,31.0,24.1
16:20:52,31.0,24.4
16:21:02,31.0,24.6
16:21:12,31.0,25.1
16:21:22,31.0,25.4
16:21:32,31.0,25.8
16:21:42,30.9,26.2
16:21:52,31.0,26.6
16:22:02,30.9,26.8
16:22:12,30.9,27.2
16:22:22,30.9,27.5
16:22:32,30.9,27.7
16:22:42,30.8,28.0
16:22:52,30.8,28.3
16:23:02,30.8,28.4
16:23:12,30.8,28.5
16:23:22,30.7,28.7
16:23:32,30.7,29.0
16:23:42,30.7,29.0
16:23:52,30.7,29.3
16:24:02,30.6,29.4
16:24:12,30.6,29.5
16:24:22,30.6,29.5
16:24:32,30.5,29.7
16:24:42,30.5,29.8
16:24:52,30.5,30.2
16:25:02,30.5,30.3
16:25:12,30.4,30.3
16:25:22,30.4,30.3
16:25:32,30.4,30.6
16:25:42,30.4,30.7
16:25:52,30.3,31.0
16:26:02,30.3,30.9
16:26:12,30.3,31.0
16:26:22,30.3,31.0
16:26:32,30.3,31.1
16:26:42,30.2,31.2
16:26:52,30.2,31.2
16:27:02,30.2,31.5
16:27:12,30.1,31.5
16:27:22,30.1,31.5
16:27:32,30.1,31.6
16:27:42,30.1,31.6
16:27:52,30.0,31.8
16:28:02,30.0,31.8
16:28:12,30.0,31.7
16:28:22,30.0,31.8
16:28:32,30.0,31.8
16:28:42,30.0,32.0
16:28:52,29.9,31.9
16:29:02,29.9,32.0
16:29:11,29.9,32.1
16:29:22,29.9,32.2
16:29:32,29.9,32.3
16:29:42,29.9,32.4
16:29:52,29.8,32.4
16:30:02,29.8,32.6
16:30:12,29.8,32.6
16:30:22,29.8,32.6
16:30:32,29.8,32.6
16:30:42,29.7,32.7
16:30:52,29.7,32.7
16:31:02,29.7,32.6
16:31:12,29.7,32.7
16:31:22,29.7,32.9
16:31:32,29.7,32.9
16:31:42,29.7,32.8
16:31:52,29.7,33.0
16:32:02,29.7,32.9
16:32:12,29.7,33.0
16:32:22,29.6,33.0
16:32:32,29.6,33.1
16:32:42,29.6,33.2
16:32:52,29.6,33.3
16:33:02,29.6,33.2
16:33:12,29.6,33.4
16:33:22,29.6,33.4
16:33:32,29.6,33.5
16:33:42,29.6,33.4
16:33:52,29.6,33.5
16:34:02,29.6,33.6
16:34:12,29.6,33.5
16:34:22,29.5,33.6
16:34:32,29.5,33.7
16:34:42,29.5,33.7
16:34:52,29.5,33.8
16:35:02,29.5,33.8
16:35:12,29.5,33.9
16:35:22,29.5,33.8
16:35:32,29.5,33.8
16:35:42,29.5,33.8
16:35:52,29.5,33.8
16:36:02,29.5,33.9
16:36:12,29.5,33.9
16:36:22,29.5,33.9
16:36:32,29.4,33.9
16:36:42,29.4,33.9
16:36:52,29.4,34.0
16:37:02,29.4,33.9
16:37:12,29.4,33.9
16:37:22,29.4,33.9
16:37:32,29.4,33.9
16:37:42,29.4,33.9
16:37:52,29.4,33.9
16:38:02,29.4,33.9
16:38:12,29.4,33.9
16:38:22,29.4,33.8
16:38:32,29.4,33.7
16:38:42,29.4,33.7
16:38:52,29.3,33.7
16:39:02,29.4,33.7
16:39:12,29.3,33.8
16:39:22,29.3,33.8
16:39:32,29.3,33.8
16:39:42,29.3,33.9
16:39:52,29.3,33.9
16:40:02,29.3,34.0
16:40:12,29.3,34.0
16:40:22,29.3,33.9
16:40:32,29.3,33.9
16:40:42,29.3,33.9
16:40:52,29.3,33.9
16:41:02,29.3,33.8
16:41:12,29.3,33.8
16:41:22,29.3,33.8
16:41:32,29.3,33.6
16:41:42,29.3,33.5
16:41:52,29.3,33.5
16:42:02,29.3,33.4
16:42:12,29.3,33.4
16:42:22,29.3,33.4
16:42:32,29.3,33.3
16:42:42,29.3,33.3
16:42:52,29.3,33.3
16:43:02,29.3,33.3
16:43:12,29.2,33.3
16:43:21,29.3,33.4
16:43:32,29.2,33.3
16:43:42,29.2,33.4
16:43:52,29.2,33.4
16:44:02,29.2,33.3
16:44:12,29.2,33.4
16:44:22,29.2,33.3
16:44:32,29.2,33.4
16:44:42,29.2,33.2
16:44:52,29.2,33.2
16:45:02,29.2,33.2
16:45:12,29.2,33.1
16:45:22,29.2,33.1
16:45:32,29.2,33.1
16:45:42,29.2,33.1
16:45:52,29.2,33.1
16:46:02,29.2,33.1
16:46:12,29.2,33.1
16:46:22,29.2,33.1
16:46:32,29.2,33.1
16:46:42,29.2,33.1
16:46:52,29.2,33.0
16:47:02,29.2,33.0
16:47:12,29.2,33.0
16:47:22,29.2,32.9
16:47:32,29.2,32.8
16:47:42,29.2,32.9
16:47:51,29.2,32.9
16:48:02,29.2,32.9
16:48:12,29.2,32.9
16:48:22,29.2,32.9
16:48:32,29.1,32.9
16:48:42,29.2,32.9
16:48:51,29.2,32.8
16:49:02,29.2,32.8
16:49:12,29.1,32.8
16:49:22,29.2,32.8
16:49:32,29.2,32.8
16:49:42,29.1,32.7
16:49:52,29.2,32.7
16:50:02,29.2,32.6
16:50:12,29.2,32.6
16:50:22,29.2,32.5
16:50:32,29.1,32.5
16:50:42,29.2,32.5
16:50:52,29.2,32.5
16:51:02,29.2,32.4
16:51:12,29.1,32.3
16:51:22,29.1,32.2
16:51:32,29.2,32.3
16:51:42,29.1,32.2
16:51:52,29.1,32.2
16:52:02,29.1,32.1
16:52:12,29.2,32.1
16:52:22,29.1,32.0
16:52:32,29.2,32.0
16:52:42,29.2,32.1
16:52:52,29.1,32.0
16:53:02,29.2,32.0
16:53:12,29.2,31.9
16:53:22,29.2,31.9
16:53:32,29.2,31.9
16:53:42,29.2,31.9
16:53:52,29.2,31.9
16:54:02,29.1,32.0
16:54:12,29.2,32.0
16:54:22,29.2,32.1
16:54:32,29.1,32.1
16:54:42,29.2,32.1
16:54:52,29.2,32.0
16:55:02,29.2,32.1
16:55:12,29.1,32.1
16:55:22,29.2,32.1
16:55:32,29.2,32.2
16:55:42,29.2,32.2
16:55:52,29.1,32.2
16:56:02,29.2,32.2
16:56:12,29.1,32.2
16:56:22,29.1,32.2
16:56:32,29.2,32.4
16:56:42,29.1,32.4
16:56:52,29.1,32.5
16:57:02,29.1,32.5
16:57:12,29.2,32.6
16:57:22,29.2,32.5
16:57:32,29.1,32.6
16:57:42,29.2,32.7
16:57:52,29.1,32.6
16:58:02,29.1,32.6
16:58:12,29.2,32.7
16:58:22,29.1,32.7
16:58:32,29.1,32.7
16:58:42,29.1,32.7
16:58:52,29.1,32.7
16:59:02,29.1,32.8
16:59:12,29.1,32.8
16:59:22,29.1,32.8
16:59:32,29.1,32.8
16:59:42,29.1,32.8
16:59:52,29.1,32.8
17:00:02,29.2,32.9
17:00:12,29.1,32.9
17:00:22,29.1,33.0
17:00:32,29.1,33.1
17:00:42,29.1,33.1
17:00:52,29.1,33.0
17:01:02,29.1,33.0
17:01:12,29.1,33.1
17:01:22,29.1,33.1
17:01:32,29.1,33.2
17:01:42,29.1,33.2
17:01:52,29.1,33.2
17:02:02,29.1,33.3
17:02:12,29.1,33.3
17:02:22,29.1,33.4
17:02:32,29.1,33.3
17:02:42,29.1,33.4
17:02:52,29.1,33.4
17:03:02,29.1,33.5
17:03:12,29.1,33.5
17:03:22,29.1,33.6
17:03:32,29.1,33.6
17:03:42,29.1,33.5
17:03:52,29.1,33.5
17:04:02,29.1,33.6
17:04:12,29.1,33.6
17:04:22,29.1,33.6
17:04:32,29.1,33.7
17:04:42,29.1,33.6
17:04:52,29.1,33.7
17:05:02,29.1,33.6
17:05:12,29.0,33.6
17:05:22,29.0,33.5
17:05:32,29.1,33.5
17:05:42,29.1,33.4
17:05:52,29.0,33.5
17:06:02,29.0,33.4
17:06:12,29.0,33.4
17:06:22,29.0,33.4
17:06:31,29.0,33.4
17:06:42,29.0,33.4
17:06:52,29.0,33.4
17:07:02,29.0,33.4
17:07:12,29.0,33.5
17:07:22,29.0,33.4
17:07:32,29.0,33.4
17:07:42,29.0,33.5
17:07:52,29.0,33.5
17:08:02,29.0,33.5
17:08:12,29.0,33.5
17:08:22,29.0,33.5
17:08:32,29.0,33.6
17:08:42,29.0,33.6
17:08:52,29.0,33.6
17:09:02,29.0,33.6
17:09:12,29.0,33.6
17:09:22,29.0,33.8
17:09:32,29.0,33.7
17:09:42,28.9,33.7
17:09:52,28.9,33.7
17:10:02,28.9,33.7
17:10:12,28.9,33.7
17:10:22,28.9,33.7
17:10:32,28.9,33.8
17:10:42,29.0,33.8
17:10:52,28.9,33.8
17:11:02,28.9,33.9
17:11:12,28.9,33.9
17:11:22,28.9,33.8
17:11:32,28.9,33.8
17:11:42,28.9,33.9
17:11:52,28.9,33.9
17:12:02,28.9,33.9
17:12:12,28.9,34.0
17:12:22,28.9,34.0
17:12:32,28.9,34.0
17:12:42,28.9,34.1
17:12:52,28.9,34.1
17:13:02,28.9,34.1
17:13:12,28.9,34.2
17:13:22,28.9,34.2
17:13:32,28.9,34.2
17:13:42,28.9,34.2
17:13:52,28.9,34.2
17:14:02,28.9,34.2
17:14:12,28.9,34.2
17:14:22,28.9,34.2
17:14:32,28.9,34.2
17:14:42,28.9,34.2
17:14:52,28.9,34.2
17:15:02,28.9,34.2
17:15:12,28.9,34.2
17:15:22,28.9,34.1
17:15:32,28.8,34.3
17:15:42,28.8,34.3
17:15:51,28.9,34.3
17:16:02,28.8,34.4
17:16:12,28.9,34.3
17:16:22,28.8,34.3
17:16:32,28.8,34.4
17:16:42,28.8,34.4
17:16:51,28.8,34.4
17:17:02,28.8,34.4
17:17:12,28.8,34.4
17:17:22,28.8,34.4
17:17:32,28.8,34.4
17:17:42,28.8,34.4
17:17:52,28.8,34.4
17:18:02,28.8,34.5
17:18:12,28.8,34.5
17:18:22,28.8,34.6
17:18:32,28.8,34.6
17:18:42,28.8,34.6
17:18:52,28.7,34.6
17:19:02,28.7,34.6
17:19:12,28.8,34.7
17:19:22,28.8,34.7
17:19:32,28.8,34.7
17:19:42,28.7,34.7
17:19:51,28.8,34.7
17:20:02,28.8,34.7
17:20:12,28.7,34.7
17:20:22,28.7,34.7
17:20:32,28.7,34.8
17:20:42,28.7,34.7
17:20:52,28.7,34.8
17:21:02,28.7,34.8
17:21:12,28.7,34.8
17:21:22,28.7,34.8
17:21:32,28.7,34.9
17:21:42,28.7,34.9
17:21:52,28.7,34.9
17:22:02,28.7,35.0
17:22:12,28.7,35.0
17:22:22,28.7,35.0
17:22:32,28.7,35.0
17:22:42,28.7,35.0
17:22:52,28.7,35.0
17:23:02,28.7,35.0
17:23:12,28.7,35.0
17:23:22,28.7,35.1
17:23:32,28.7,35.2
17:23:42,28.7,35.2
17:23:52,28.7,35.1
17:24:02,28.7,35.2
17:24:12,28.7,35.2
17:24:22,28.7,35.1
17:24:31,28.7,35.2
17:24:42,28.7,35.1
17:24:52,28.7,35.3
17:25:02,28.7,35.3
17:25:12,28.7,35.2
17:25:22,28.7,35.3
17:25:32,28.7,35.3
17:25:42,28.7,35.4
17:25:52,28.7,35.4
17:26:02,28.6,35.4
17:26:12,28.7,35.4
17:26:22,28.6,35.4
17:26:32,28.6,35.3
17:26:42,28.6,35.4
17:26:52,28.6,35.5
17:27:02,28.6,35.5
17:27:12,28.6,35.5
17:27:22,28.6,35.5
17:27:32,28.6,35.5
17:27:42,28.6,35.4
17:27:52,28.6,35.5
17:28:02,28.6,35.5
17:28:12,28.6,35.5
17:28:22,28.6,35.4
17:28:32,28.6,35.5
17:28:42,28.6,35.6
17:28:52,28.6,35.5
17:29:02,28.6,35.5
17:29:12,28.6,35.6
17:29:22,28.6,35.6
17:29:32,28.6,35.6
17:29:42,28.6,35.6
17:29:52,28.6,35.7
17:30:02,28.6,35.5
17:30:12,28.6,35.6
17:30:22,28.6,35.6
17:30:32,28.6,35.7
17:30:42,28.7,35.6
17:30:52,28.6,35.6
17:31:02,28.6,35.6
17:31:12,28.6,35.6
17:31:22,28.6,35.6
17:31:32,28.6,35.6
17:31:42,28.6,35.5
17:31:52,28.6,35.3
17:32:02,28.6,35.4
17:32:12,28.6,35.3
17:32:22,28.7,35.4
17:32:32,28.7,35.3
17:32:42,28.6,35.4
17:32:52,28.6,35.3
17:33:02,28.6,35.4
17:33:12,28.7,35.4
17:33:22,28.6,35.4
17:33:32,28.6,35.4
17:33:42,28.6,35.4
17:33:52,28.6,35.3
17:34:02,28.6,35.3
17:34:12,28.6,35.3
17:34:22,28.6,35.3
17:34:32,28.6,35.4
17:34:42,28.6,35.4
17:34:52,28.6,35.4
17:35:02,28.6,35.4
17:35:12,28.6,35.5
17:35:22,28.6,35.5
17:35:32,28.6,35.5
17:35:42,28.6,35.5
17:35:52,28.6,35.3
17:36:02,28.6,35.3
17:36:12,28.6,35.3
17:36:22,28.6,35.4
17:36:32,28.6,35.4
17:36:42,28.6,35.4
17:36:52,28.6,35.4
17:37:02,28.6,35.4
17:37:12,28.6,35.5
17:37:22,28.6,35.5
17:37:32,28.6,35.4
17:37:42,28.6,35.5
17:37:52,28.6,35.5
17:38:02,28.6,35.5
17:38:12,28.5,35.5
17:38:22,28.5,35.5
17:38:32,28.5,35.6
17:38:42,28.6,35.6
17:38:52,28.5,35.7
17:39:02,28.6,35.6
17:39:12,28.5,35.7
17:39:22,28.5,35.7
17:39:32,28.5,35.6
17:39:42,28.5,35.7
17:39:52,28.5,35.8
17:40:02,28.5,35.7
17:40:12,28.5,35.7
17:40:22,28.5,35.7
17:40:32,28.5,35.7
17:40:42,28.5,35.7
17:40:52,28.5,35.7
17:41:02,28.5,35.6
17:41:12,28.5,35.7
17:41:22,28.5,35.8
17:41:32,28.5,35.7
17:41:42,28.5,35.7
17:41:52,28.5,35.7
17:42:02,28.5,35.8
17:42:12,28.5,35.7
17:42:22,28.5,35.7
17:42:32,28.5,35.7
17:42:42,28.5,35.8
17:42:52,28.5,35.8
17:43:02,28.5,35.9
17:43:12,28.5,35.9
17:43:22,28.5,36.0
17:43:32,28.5,36.0
17:43:42,28.5,36.0
17:43:52,28.5,36.1
17:44:02,28.5,36.1
17:44:12,28.5,36.2
17:44:22,28.4,36.1
17:44:32,28.5,36.1
17:44:42,28.5,36.2
17:44:52,28.5,36.3
17:45:03,28.4,36.3
17:45:12,28.4,36.3
17:45:22,28.4,36.3
17:45:32,28.4,36.2
17:45:42,28.4,36.3
17:45:52,28.4,36.4
17:46:02,28.4,36.4
17:46:12,28.5,36.5
17:46:22,28.5,36.4
17:46:32,28.5,36.5
17:46:42,28.4,36.5
17:46:52,28.4,36.5
17:47:02,28.4,36.6
17:47:12,28.4,36.6
17:47:22,28.4,36.7
17:47:37,28.4,36.7
17:47:42,28.4,36.6
17:47:52,28.4,36.7
17:48:02,28.4,36.8
17:48:12,28.4,36.9
17:48:22,28.4,36.9
17:48:32,28.4,36.9
17:48:42,28.4,36.9
17:48:52,28.4,37.0
17:49:02,28.4,37.0
17:49:12,28.4,37.0
17:49:22,28.4,37.0
17:49:32,28.4,37.0
17:49:42,28.4,37.0
17:49:52,28.4,37.0
17:50:02,28.4,37.1
17:50:12,28.4,37.1
17:50:22,28.4,37.1
17:50:32,28.4,37.1
17:50:42,28.4,37.1
17:50:52,28.4,37.2
17:51:02,28.4,37.1
17:51:12,28.4,37.1
17:51:22,28.4,37.1
17:51:32,28.4,37.0
17:51:42,28.4,37.1
17:51:52,28.4,37.1
17:52:02,28.4,37.1
17:52:12,28.4,37.1
17:52:22,28.4,37.1
17:52:32,28.4,37.1
17:52:42,28.4,37.2
17:52:52,28.4,37.2
17:53:02,28.3,37.2
17:53:12,28.3,37.2
17:53:22,28.3,37.1
17:53:32,28.3,37.1
17:53:42,28.3,37.1
17:53:52,28.3,37.2
17:54:02,28.3,37.2
17:54:12,28.3,37.1
17:54:22,28.3,37.1
17:54:32,28.3,37.2
17:54:42,28.3,37.2
17:54:52,28.3,37.2
17:55:02,28.3,37.2
17:55:12,28.3,37.2
17:55:22,28.3,37.2
17:55:32,28.3,37.2
17:55:42,28.3,37.2
17:55:52,28.3,37.2
17:56:02,28.3,37.2
17:56:12,28.3,37.3
17:56:22,28.3,37.2
17:56:32,28.3,37.2
17:56:42,28.3,37.2
17:56:52,28.3,37.2
17:57:02,28.3,37.2
17:57:12,28.3,37.3
17:57:22,28.3,37.2
17:57:32,28.3,37.2
17:57:42,28.3,37.3
17:57:52,28.3,37.3
17:58:02,28.3,37.3
17:58:12,28.3,37.3
17:58:22,28.3,37.3
17:58:32,28.3,37.3
17:58:42,28.3,37.4
17:58:52,28.3,37.4
17:59:02,28.2,37.3
17:59:12,28.3,37.4
17:59:22,28.3,37.4
17:59:32,28.3,37.4
17:59:42,28.3,37.5
17:59:52,28.3,37.4
18:00:02,28.3,37.5
18:00:12,28.3,37.4
18:00:22,28.2,37.5
18:00:32,28.3,37.4
18:00:42,28.2,37.5
18:00:52,28.2,37.5
18:01:02,28.2,37.5
18:01:12,28.2,37.6
18:01:22,28.2,37.5
18:01:32,28.2,37.5
18:01:42,28.2,37.5
18:01:52,28.2,37.5
18:02:02,28.3,37.5
18:02:12,28.2,37.5
18:02:22,28.3,37.6
18:02:32,28.3,37.5
18:02:42,28.3,37.5
18:02:52,28.3,37.5
18:03:02,28.3,37.5
18:03:11,28.3,37.4
18:03:22,28.3,37.5
18:03:32,28.3,37.3
18:03:42,28.3,37.3
18:03:52,28.3,37.3
18:04:02,28.3,37.4
18:04:12,28.3,37.4
18:04:22,28.3,37.2
18:04:32,28.3,37.3
18:04:42,28.3,37.2
18:04:52,28.3,37.3
18:05:02,28.3,37.2
18:05:12,28.3,37.2
18:05:22,28.3,37.1
18:05:32,28.3,37.0
18:05:42,28.3,37.0
18:05:52,28.3,37.1
18:06:02,28.3,37.1
18:06:12,28.3,37.1
18:06:22,28.3,37.1
18:06:32,28.3,37.0
18:06:42,28.3,37.0
18:06:52,28.3,37.0
18:07:02,28.3,37.1
18:07:12,28.3,37.1
18:07:22,28.3,37.1
18:07:32,28.3,37.1
18:07:42,28.3,37.0
18:07:52,28.3,37.0
18:08:02,28.4,36.9
18:08:12,28.3,36.8
18:08:22,28.3,36.9
18:08:32,28.4,36.9
18:08:42,28.3,36.9
18:08:52,28.3,36.8
18:09:02,28.3,36.7
18:09:12,28.3,36.8
18:09:22,28.3,36.8
18:09:32,28.3,36.8
18:09:42,28.4,36.9
18:09:52,28.3,36.9
18:10:02,28.3,36.9
18:10:12,28.3,37.0
18:10:22,28.3,36.9
18:10:32,28.3,36.9
18:10:42,28.3,37.0
18:10:52,28.3,37.0
18:11:02,28.3,37.1
18:11:12,28.3,37.1
18:11:22,28.3,37.2
18:11:32,28.3,37.1
18:11:42,28.3,37.2
18:11:52,28.3,37.2
18:12:02,28.3,37.2
18:12:12,28.3,37.3
18:12:22,28.3,37.3
18:12:32,28.3,37.3
18:12:42,28.3,37.3
18:12:52,28.3,37.3
18:13:02,28.3,37.3
18:13:12,28.3,37.4
18:13:22,28.3,37.4
18:13:32,28.3,37.3
18:13:42,28.3,37.3
18:13:52,28.3,37.3
18:14:02,28.3,37.3
18:14:12,28.3,37.3
18:14:22,28.3,37.3
18:14:32,28.3,37.4
18:14:42,28.3,37.4
18:14:52,28.3,37.4
18:15:02,28.3,37.3
18:15:12,28.3,37.3
18:15:22,28.3,37.4
18:15:32,28.3,37.4
18:15:42,28.3,37.3
18:15:52,28.3,37.3
18:16:02,28.3,37.3
18:16:12,28.2,37.3
18:16:22,28.3,37.3
18:16:32,28.3,37.3
18:16:42,28.2,37.3
18:16:52,28.3,37.3
18:17:02,28.3,37.4
18:17:12,28.3,37.3
18:17:22,28.3,37.3
18:17:32,28.3,37.4
18:17:42,28.3,37.3
18:17:52,28.3,37.4
18:18:02,28.3,37.3
18:18:12,28.2,37.4
18:18:22,28.3,37.4
18:18:32,28.3,37.4
18:18:42,28.2,37.3
18:18:52,28.2,37.4
18:19:02,28.2,37.4
18:19:12,28.2,37.4
18:19:22,28.2,37.4
18:19:32,28.2,37.4
18:19:42,28.2,37.4
18:19:52,28.2,37.5
18:20:02,28.2,37.5
18:20:12,28.2,37.5
18:20:22,28.2,37.4
18:20:32,28.2,37.5
18:20:42,28.2,37.5
18:20:52,28.2,37.5
18:21:02,28.2,37.5
18:21:12,28.2,37.6
18:21:22,28.2,37.5
18:21:32,28.2,37.5
18:21:42,28.2,37.5
18:21:52,28.2,37.5
18:22:02,28.2,37.5
18:22:12,28.2,37.4
18:22:22,28.2,37.4
18:22:32,28.3,37.3
18:22:42,28.3,37.4
18:22:52,28.3,37.4
18:23:02,28.3,37.4
18:23:12,28.3,37.4
18:23:22,28.3,37.4
18:23:32,28.3,37.4
18:23:42,28.3,37.4
18:23:52,28.3,37.4
18:24:02,28.3,37.5
18:24:12,28.3,37.5
18:24:22,28.2,37.4
18:24:32,28.2,37.4
18:24:42,28.2,37.4
18:24:52,28.2,37.5
18:25:02,28.2,37.5
18:25:12,28.2,37.5
18:25:22,28.2,37.4
18:25:32,28.2,37.4
18:25:42,28.2,37.4
18:25:52,28.2,37.4
18:26:02,28.2,37.4
18:26:12,28.2,37.5
18:26:21,28.2,37.5
18:26:32,28.2,37.4
18:26:42,28.2,37.5
18:26:52,28.2,37.5
18:27:02,28.2,37.5
18:27:12,28.1,37.5
18:27:22,28.1,37.6
18:27:32,28.1,37.6
18:27:42,28.1,37.5
18:27:52,28.1,37.4
18:28:02,28.1,37.5
18:28:12,28.1,37.5
18:28:22,28.1,37.5
18:28:32,28.1,37.6
18:28:42,28.1,37.6
18:28:52,28.1,37.6
18:29:02,28.1,37.6
