time,temperature,humidity
00:00:05,29.2,29.4
00:00:15,29.2,29.5
00:00:25,29.2,29.4
00:00:35,29.2,29.4
00:00:45,29.2,29.4
00:00:55,29.2,29.4
00:01:05,29.2,29.4
00:01:15,29.2,29.5
00:01:25,29.2,29.5
00:01:35,29.2,29.4
00:01:45,29.2,29.5
00:01:55,29.2,29.5
00:02:05,29.2,29.5
00:02:15,29.2,29.6
00:02:25,29.2,29.6
00:02:35,29.2,29.6
00:02:45,29.2,29.6
00:02:55,29.2,29.6
00:03:05,29.2,29.6
00:03:15,29.2,29.6
00:03:25,29.2,29.6
00:03:35,29.2,29.6
00:03:45,29.2,29.6
00:03:55,29.2,29.7
00:04:05,29.2,29.7
00:04:15,29.2,29.7
00:04:25,29.2,29.8
00:04:35,29.2,29.8
00:04:45,29.2,29.8
00:04:55,29.2,29.9
00:05:05,29.2,29.9
00:05:15,29.2,29.9
00:05:25,29.2,30.0
00:05:35,29.2,29.9
00:05:45,29.2,29.9
00:05:55,29.2,30.0
00:06:05,29.2,30.1
00:06:15,29.2,30.0
00:06:25,29.2,30.0
00:06:35,29.2,30.1
00:06:45,29.2,30.1
00:06:55,29.2,30.1
00:07:05,29.2,30.1
00:07:15,29.2,30.1
00:07:25,29.2,30.1
00:07:35,29.2,30.0
00:07:45,29.2,30.0
00:07:55,29.2,30.0
00:08:05,29.2,30.0
00:08:15,29.2,29.9
00:08:25,29.2,29.9
00:08:35,29.2,29.8
00:08:45,29.2,29.8
00:08:55,29.2,29.9
00:09:05,29.2,29.8
00:09:15,29.2,29.8
00:09:25,29.2,29.7
00:09:35,29.2,29.7
00:09:45,29.2,29.7
00:09:55,29.2,29.7
00:10:05,29.2,29.7
00:10:15,29.2,29.7
00:10:25,29.2,29.7
00:10:35,29.2,29.6
00:10:45,29.2,29.5
00:10:55,29.2,29.5
00:11:05,29.2,29.4
00:11:15,29.2,29.5
00:11:25,29.2,29.4
00:11:35,29.2,29.5
00:11:45,29.2,29.5
00:11:55,29.2,29.6
00:12:05,29.2,29.5
00:12:15,29.2,29.6
00:12:25,29.2,29.6
00:12:35,29.2,29.6
00:12:45,29.2,29.6
00:12:55,29.2,29.6
00:13:05,29.2,29.5
00:13:15,29.2,29.4
00:13:25,29.2,29.4
00:13:35,29.2,29.4
00:13:45,29.2,29.4
00:13:55,29.2,29.4
00:14:05,29.2,29.5
00:14:15,29.2,29.6
00:14:25,29.2,29.7
00:14:35,29.2,29.6
00:14:45,29.2,29.6
00:14:55,29.2,29.7
00:15:05,29.2,29.7
00:15:15,29.2,29.8
00:15:25,29.2,29.8
00:15:35,29.2,29.9
00:15:45,29.2,29.9
00:15:55,29.2,29.9
00:16:05,29.2,29.9
00:16:15,29.2,29.8
00:16:25,29.2,29.8
00:16:35,29.2,29.8
00:16:45,29.2,29.8
00:16:55,29.2,29.7
00:17:05,29.2,29.6
00:17:15,29.2,29.6
00:17:25,29.2,29.6
00:17:35,29.2,29.6
00:17:45,29.2,29.5
00:17:55,29.2,29.6
00:18:05,29.2,29.5
00:18:15,29.2,29.5
00:18:25,29.2,29.4
00:18:35,29.2,29.3
00:18:45,29.2,29.3
00:18:55,29.2,29.2
00:19:05,29.2,29.1
00:19:15,29.2,28.9
00:19:25,29.2,28.7
00:19:35,29.2,28.6
00:19:45,29.2,28.6
00:19:55,29.2,28.7
00:20:05,29.2,28.8
00:20:15,29.2,28.7
00:20:25,29.2,28.6
00:20:35,29.2,28.6
00:20:45,29.2,28.5
00:20:55,29.2,28.4
00:21:05,29.2,28.3
00:21:15,29.2,28.2
00:21:25,29.2,28.1
00:21:35,29.2,28.0
00:21:45,29.2,28.2
00:21:55,29.2,28.2
00:22:05,29.2,28.3
00:22:15,29.2,28.4
00:22:25,29.2,28.3
00:22:35,29.2,28.2
00:22:45,29.2,28.2
00:22:55,29.2,28.1
00:23:05,29.2,28.0
00:23:15,29.2,27.9
00:23:25,29.2,27.8
00:23:35,29.2,27.7
00:23:45,29.2,27.8
00:23:55,29.2,27.8
00:24:05,29.2,27.8
00:24:15,29.2,27.8
00:24:25,29.2,27.8
00:24:35,29.2,27.7
00:24:45,29.2,27.7
00:24:55,29.2,27.8
00:25:05,29.2,27.8
00:25:15,29.2,27.9
00:25:25,29.2,27.9
00:25:35,29.2,27.9
00:25:45,29.2,27.8
00:25:55,29.2,27.7
00:26:05,29.2,27.7
00:26:15,29.2,27.6
00:26:25,29.2,27.6
00:26:35,29.2,27.5
00:26:45,29.2,27.4
00:26:55,29.2,27.4
00:27:05,29.2,27.3
00:27:15,29.2,27.3
00:27:25,29.2,27.4
00:27:35,29.2,27.3
00:27:45,29.2,27.3
00:27:55,29.2,27.3
00:28:05,29.2,27.3
00:28:15,29.2,27.3
00:28:25,29.2,27.4
00:28:35,29.2,27.5
00:28:45,29.2,27.5
00:28:55,29.2,27.6
00:29:05,29.2,27.7
00:29:15,29.2,27.7
00:29:25,29.2,27.7
00:29:35,29.2,27.7
00:29:45,29.2,27.7
00:29:55,29.2,27.6
00:30:05,29.2,27.6
00:30:15,29.2,27.6
00:30:25,29.2,27.7
00:30:35,29.2,27.8
00:30:45,29.2,27.7
00:30:55,29.2,27.8
00:31:05,29.2,27.8
00:31:15,29.2,27.8
00:31:25,29.2,27.9
00:31:35,29.2,27.9
00:31:45,29.2,27.9
00:31:55,29.2,28.0
00:32:05,29.2,27.9
00:32:15,29.2,27.9
00:32:25,29.2,27.9
00:32:35,29.2,27.9
00:32:45,29.2,28.0
00:32:55,29.2,27.9
00:33:05,29.2,28.0
00:33:15,29.2,27.9
00:33:25,29.2,27.9
00:33:35,29.2,27.9
00:33:45,29.2,28.0
00:33:55,29.2,28.0
00:34:05,29.2,28.0
00:34:15,29.2,28.0
00:34:25,29.2,28.0
00:34:35,29.2,28.0
00:34:45,29.2,28.0
00:34:55,29.2,28.0
00:35:05,29.2,27.9
00:35:15,29.2,27.9
00:35:25,29.2,28.0
00:35:35,29.2,27.9
00:35:45,29.2,28.0
00:35:55,29.2,28.0
00:36:05,29.2,28.0
00:36:15,29.2,28.0
00:36:25,29.2,28.0
00:36:35,29.2,28.0
00:36:45,29.2,27.9
00:36:55,29.2,28.0
00:37:05,29.2,28.0
00:37:15,29.2,27.9
00:37:25,29.2,27.9
00:37:35,29.2,27.9
00:37:45,29.2,27.9
00:37:55,29.2,27.8
00:38:05,29.2,27.8
00:38:15,29.2,27.9
00:38:25,29.2,27.8
00:38:35,29.2,27.9
00:38:45,29.2,27.8
00:38:55,29.2,27.8
00:39:05,29.2,27.8
00:39:15,29.2,27.8
00:39:25,29.2,27.8
00:39:35,29.2,27.9
00:39:45,29.2,27.9
00:39:55,29.2,28.0
00:40:05,29.2,28.1
00:40:15,29.2,28.3
00:40:25,29.2,28.5
00:40:35,29.2,28.7
00:40:45,29.2,28.8
00:40:55,29.2,28.8
00:41:05,29.2,28.8
00:41:15,29.2,28.8
00:41:25,29.2,28.8
00:41:35,29.2,28.8
00:41:45,29.2,28.8
00:41:55,29.2,28.9
00:42:05,29.2,28.9
00:42:15,29.2,28.9
00:42:25,29.2,28.9
00:42:35,29.2,28.9
00:42:45,29.2,28.8
00:42:55,29.2,28.8
00:43:05,29.2,28.8
00:43:15,29.2,28.7
00:43:25,29.2,28.6
00:43:35,29.2,28.6
00:43:45,29.2,28.6
00:43:55,29.2,28.6
00:44:05,29.2,28.5
00:44:15,29.2,28.5
00:44:25,29.2,28.4
00:44:35,29.2,28.5
00:44:45,29.2,28.4
00:44:55,29.2,28.4
00:45:05,29.2,28.4
00:45:15,29.2,28.4
00:45:25,29.2,28.3
00:45:35,29.2,28.3
00:45:45,29.2,28.3
00:45:55,29.2,28.3
00:46:05,29.2,28.3
00:46:15,29.2,28.3
00:46:25,29.2,28.3
00:46:35,29.2,28.3
00:46:45,29.2,28.2
00:46:55,29.2,28.2
00:47:05,29.2,28.3
00:47:15,29.2,28.2
00:47:25,29.2,28.3
00:47:35,29.2,28.3
00:47:45,29.2,28.3
00:47:55,29.2,28.2
00:48:05,29.2,28.3
00:48:15,29.2,28.3
00:48:25,29.2,28.3
00:48:35,29.2,28.2
00:48:45,29.2,28.2
00:48:55,29.2,28.1
00:49:05,29.2,28.1
00:49:15,29.2,28.1
00:49:25,29.2,28.2
00:49:35,29.2,28.1
00:49:45,29.2,28.1
00:49:55,29.2,28.2
00:50:05,29.2,28.2
00:50:15,29.2,28.2
00:50:25,29.2,28.1
00:50:35,29.2,28.2
00:50:45,29.2,28.2
00:50:55,29.2,28.1
00:51:05,29.2,28.1
00:51:15,29.2,28.1
00:51:25,29.2,28.1
00:51:35,29.2,28.1
00:51:45,29.2,28.1
00:51:55,29.2,28.1
00:52:05,29.2,28.2
00:52:15,29.2,28.1
00:52:25,29.2,28.1
00:52:35,29.2,28.1
00:52:45,29.2,28.2
00:52:55,29.2,28.2
00:53:05,29.2,28.2
00:53:15,29.2,28.2
00:53:25,29.2,28.2
00:53:35,29.2,28.2
00:53:45,29.2,28.3
00:53:55,29.2,28.3
00:54:05,29.2,28.3
00:54:15,29.2,28.3
00:54:25,29.2,28.4
00:54:35,29.2,28.4
00:54:45,29.2,28.4
00:54:55,29.2,28.5
00:55:05,29.2,28.5
00:55:15,29.2,28.5
00:55:25,29.2,28.6
00:55:35,29.2,28.6
00:55:45,29.2,28.6
00:55:55,29.2,28.6
00:56:05,29.2,28.7
00:56:15,29.2,28.7
00:56:25,29.2,28.6
00:56:35,29.2,28.7
00:56:45,29.2,28.6
00:56:55,29.2,28.7
00:57:05,29.2,28.8
00:57:15,29.2,28.7
00:57:25,29.2,28.8
00:57:35,29.2,28.7
00:57:45,29.2,28.7
00:57:55,29.2,28.6
00:58:05,29.2,28.6
00:58:15,29.2,28.5
00:58:25,29.2,28.5
00:58:35,29.2,28.3
00:58:45,29.2,27.9
00:58:55,29.2,27.7
00:59:05,29.2,27.6
00:59:15,29.2,27.5
00:59:25,29.2,27.6
00:59:35,29.2,27.9
00:59:45,29.2,28.0
00:59:55,29.2,27.9
01:00:05,29.2,27.8
01:00:15,29.2,27.7
01:00:25,29.2,27.7
01:00:35,29.2,27.8
01:00:45,29.2,27.9
01:00:55,29.2,27.9
01:01:05,29.2,27.9
01:01:15,29.2,27.8
01:01:25,29.2,27.8
01:01:35,29.2,27.7
01:01:45,29.2,27.7
01:01:55,29.2,27.5
01:02:05,29.2,27.3
01:02:15,29.2,27.3
01:02:25,29.2,27.3
01:02:35,29.2,27.3
01:02:45,29.2,27.3
01:02:55,29.2,27.4
01:03:05,29.2,27.4
01:03:15,29.2,27.4
01:03:25,29.2,27.5
01:03:35,29.2,27.4
01:03:45,29.2,27.4
01:03:55,29.2,27.3
01:04:05,29.2,27.3
01:04:15,29.2,27.2
01:04:25,29.2,27.2
01:04:35,29.2,27.3
01:04:45,29.2,27.3
01:04:55,29.2,27.4
01:05:05,29.2,27.4
01:05:15,29.2,27.3
01:05:25,29.2,27.3
01:05:35,29.2,27.3
01:05:45,29.2,27.3
01:05:55,29.2,27.3
01:06:05,29.2,27.4
01:06:15,29.2,27.4
01:06:25,29.2,27.4
01:06:35,29.2,27.4
01:06:45,29.2,27.4
01:06:55,29.2,27.4
01:07:05,29.2,27.3
01:07:15,29.2,27.3
01:07:25,29.2,27.3
01:07:35,29.2,27.4
01:07:45,29.2,27.4
01:07:55,29.2,27.3
01:08:05,29.2,27.3
01:08:15,29.2,27.3
01:08:25,29.2,27.2
01:08:35,29.2,27.2
01:08:45,29.2,27.2
01:08:55,29.2,27.2
01:09:05,29.2,27.3
01:09:15,29.2,27.3
01:09:25,29.2,27.3
01:09:35,29.2,27.4
01:09:45,29.2,27.5
01:09:55,29.2,27.4
01:10:05,29.2,27.4
01:10:15,29.2,27.4
01:10:25,29.2,27.4
01:10:35,29.2,27.3
01:10:45,29.2,27.3
01:10:55,29.2,27.4
01:11:05,29.2,27.3
01:11:15,29.2,27.4
01:11:25,29.2,27.3
01:11:35,29.2,27.3
01:11:45,29.2,27.2
01:11:55,29.2,27.2
01:12:05,29.2,27.2
01:12:15,29.2,27.3
01:12:25,29.2,27.3
01:12:35,29.2,27.2
01:12:45,29.2,27.2
01:12:55,29.2,27.1
01:13:05,29.2,27.2
01:13:15,29.2,27.3
01:13:25,29.2,27.3
01:13:35,29.2,27.3
01:13:45,29.2,27.4
01:13:55,29.2,27.4
01:14:05,29.2,27.3
01:14:15,29.2,27.2
01:14:25,29.2,27.2
01:14:35,29.2,27.1
01:14:45,29.2,27.2
01:14:55,29.2,27.2
01:15:05,29.2,27.1
01:15:15,29.2,27.2
01:15:25,29.2,27.2
01:15:35,29.2,27.2
01:15:45,29.2,27.2
01:15:55,29.2,27.3
01:16:05,29.2,27.3
01:16:15,29.2,27.3
01:16:25,29.2,27.3
01:16:35,29.2,27.3
01:16:45,29.2,27.3
01:16:55,29.2,27.3
01:17:05,29.2,27.2
01:17:15,29.2,27.2
01:17:25,29.2,27.3
01:17:35,29.2,27.3
01:17:45,29.2,27.3
01:17:55,29.2,27.3
01:18:05,29.2,27.3
01:18:15,29.2,27.4
01:18:25,29.2,27.4
01:18:35,29.2,27.4
01:18:45,29.2,27.4
01:18:55,29.2,27.5
01:19:05,29.2,27.5
01:19:15,29.2,27.5
01:19:25,29.2,27.5
01:19:35,29.2,27.5
01:19:45,29.2,27.5
01:19:55,29.2,27.5
01:20:05,29.2,27.5
01:20:15,29.2,27.5
01:20:25,29.2,27.4
01:20:35,29.2,27.4
01:20:45,29.2,27.4
01:20:55,29.2,27.4
01:21:05,29.2,27.4
01:21:15,29.2,27.3
01:21:25,29.2,27.2
01:21:35,29.2,27.1
01:21:45,29.2,27.0
01:21:55,29.2,26.8
01:22:05,29.2,26.8
01:22:15,29.2,26.7
01:22:25,29.2,26.8
01:22:35,29.2,26.9
01:22:45,29.2,27.0
01:22:55,29.2,26.9
01:23:05,29.2,26.7
01:23:15,29.2,26.6
01:23:25,29.2,26.9
01:23:35,29.2,27.0
01:23:45,29.2,27.0
01:23:55,29.2,26.8
01:24:05,29.2,26.8
01:24:15,29.2,26.7
01:24:25,29.2,26.8
01:24:35,29.2,26.7
01:24:45,29.2,26.7
01:24:55,29.2,26.7
01:25:05,29.2,26.6
01:25:15,29.2,26.5
01:25:25,29.2,26.6
01:25:35,29.2,26.6
01:25:45,29.2,26.5
01:25:55,29.2,26.5
01:26:05,29.2,26.4
01:26:15,29.2,26.4
01:26:25,29.2,26.4
01:26:35,29.2,26.4
01:26:45,29.2,26.3
01:26:55,29.2,26.3
01:27:05,29.2,26.3
01:27:15,29.2,26.2
01:27:25,29.2,26.2
01:27:35,29.2,26.1
01:27:45,29.2,26.0
01:27:55,29.2,26.0
01:28:05,29.2,26.0
01:28:15,29.2,26.1
01:28:25,29.2,26.1
01:28:35,29.2,26.2
01:28:45,29.2,26.1
01:28:55,29.2,26.1
01:29:05,29.2,26.1
01:29:15,29.2,26.1
01:29:25,29.2,26.1
01:29:35,29.2,26.1
01:29:45,29.2,26.1
01:29:55,29.2,26.1
01:30:05,29.2,26.0
01:30:15,29.2,26.1
01:30:25,29.2,26.1
01:30:35,29.1,26.1
01:30:45,29.2,26.2
01:30:55,29.1,26.2
01:31:05,29.1,26.2
01:31:15,29.2,26.3
01:31:25,29.2,26.3
01:31:35,29.2,26.4
01:31:45,29.2,26.4
01:31:55,29.2,26.3
01:32:05,29.2,26.4
01:32:15,29.2,26.4
01:32:25,29.2,26.5
01:32:35,29.2,26.5
01:32:45,29.2,26.5
01:32:55,29.2,26.5
01:33:05,29.2,26.4
01:33:15,29.2,26.4
01:33:25,29.2,26.4
01:33:35,29.2,26.5
01:33:45,29.2,26.5
01:33:55,29.2,26.5
01:34:05,29.2,26.6
01:34:15,29.2,26.6
01:34:25,29.2,26.5
01:34:35,29.2,26.6
01:34:45,29.1,26.6
01:34:55,29.2,26.7
01:35:05,29.2,26.6
01:35:15,29.2,26.6
01:35:25,29.2,26.6
01:35:35,29.1,26.6
01:35:45,29.2,26.6
01:35:55,29.2,26.7
01:36:05,29.2,26.7
01:36:15,29.2,26.7
01:36:25,29.2,26.6
01:36:35,29.2,26.6
01:36:45,29.2,26.6
01:36:55,29.2,26.6
01:37:05,29.2,26.6
01:37:15,29.2,26.6
01:37:25,29.2,26.6
01:37:35,29.2,26.6
01:37:45,29.2,26.6
01:37:55,29.2,26.7
01:38:05,29.2,26.6
01:38:15,29.2,26.7
01:38:25,29.2,26.6
01:38:35,29.2,26.7
01:38:45,29.2,26.6
01:38:55,29.2,26.6
01:39:05,29.1,26.6
01:39:15,29.2,26.7
01:39:25,29.2,26.7
01:39:35,29.2,26.7
01:39:45,29.2,26.7
01:39:55,29.2,26.6
01:40:05,29.2,26.7
01:40:15,29.2,26.7
01:40:25,29.2,26.7
01:40:35,29.2,26.7
01:40:45,29.2,26.7
01:40:55,29.2,26.7
01:41:05,29.2,26.7
01:41:15,29.2,26.7
01:41:25,29.2,26.8
01:41:35,29.2,26.8
01:41:45,29.2,26.8
01:41:55,29.2,26.7
01:42:05,29.2,26.7
01:42:15,29.2,26.8
01:42:25,29.2,26.8
01:42:35,29.2,26.8
01:42:45,29.2,26.8
01:42:55,29.2,26.8
01:43:05,29.2,26.8
01:43:15,29.2,26.8
01:43:25,29.2,26.8
01:43:35,29.2,26.8
01:43:45,29.2,26.9
01:43:55,29.2,26.8
01:44:05,29.2,26.9
01:44:15,29.2,26.9
01:44:25,29.2,26.8
01:44:35,29.2,26.9
01:44:45,29.2,26.9
01:44:55,29.2,26.9
01:45:05,29.2,26.9
01:45:15,29.2,26.9
01:45:25,29.2,26.9
01:45:35,29.2,26.9
01:45:45,29.2,26.9
01:45:55,29.2,27.0
01:46:05,29.2,27.0
01:46:15,29.2,26.9
01:46:25,29.2,26.9
01:46:35,29.2,26.9
01:46:45,29.2,26.8
01:46:55,29.2,26.9
01:47:05,29.2,26.9
01:47:15,29.2,26.9
01:47:25,29.2,26.9
01:47:35,29.2,26.9
01:47:45,29.2,26.9
01:47:55,29.2,27.0
01:48:05,29.2,27.0
01:48:15,29.2,26.9
01:48:25,29.2,27.0
01:48:35,29.2,26.9
01:48:45,29.2,26.9
01:48:55,29.2,26.9
01:49:05,29.2,26.9
01:49:15,29.2,26.9
01:49:25,29.2,26.9
01:49:35,29.2,26.8
01:49:45,29.2,26.8
01:49:55,29.2,26.8
01:50:05,29.2,26.8
01:50:15,29.2,26.9
01:50:25,29.2,26.9
01:50:35,29.2,26.9
01:50:45,29.2,26.9
01:50:55,29.2,26.9
01:51:05,29.2,26.9
01:51:15,29.2,26.9
01:51:25,29.2,26.9
01:51:35,29.2,26.8
01:51:45,29.2,26.8
01:51:55,29.2,26.8
01:52:05,29.2,26.8
01:52:15,29.2,26.8
01:52:25,29.1,26.8
01:52:35,29.2,26.8
01:52:45,29.2,26.8
01:52:55,29.2,26.8
01:53:05,29.2,26.8
01:53:15,29.2,26.9
01:53:25,29.2,26.9
01:53:35,29.2,26.9
01:53:45,29.2,26.9
01:53:55,29.2,26.9
01:54:05,29.2,26.8
01:54:15,29.2,26.8
01:54:25,29.1,26.9
01:54:35,29.1,26.9
01:54:45,29.2,27.1
01:54:55,29.2,27.1
01:55:05,29.2,27.1
01:55:15,29.2,27.1
01:55:25,29.2,27.1
01:55:35,29.2,27.1
01:55:45,29.2,27.1
01:55:55,29.2,27.0
01:56:05,29.2,27.1
01:56:15,29.2,27.0
01:56:25,29.2,27.0
01:56:35,29.2,27.1
01:56:45,29.2,27.1
01:56:55,29.2,27.1
01:57:05,29.2,27.1
01:57:15,29.2,27.1
01:57:25,29.1,27.1
01:57:35,29.2,27.1
01:57:45,29.2,27.1
01:57:55,29.2,27.1
01:58:05,29.2,27.0
01:58:15,29.2,27.1
01:58:25,29.2,27.1
01:58:35,29.2,27.1
01:58:45,29.1,27.2
01:58:55,29.1,27.2
01:59:05,29.2,27.1
01:59:15,29.1,27.0
01:59:25,29.2,27.0
01:59:35,29.1,27.0
01:59:45,29.2,27.0
01:59:55,29.2,27.0
02:00:05,29.2,26.9
02:00:15,29.1,26.9
02:00:25,29.1,27.0
02:00:35,29.2,27.0
02:00:45,29.2,27.1
02:00:55,29.2,27.1
02:01:05,29.2,27.1
02:01:15,29.2,27.1
02:01:25,29.2,27.1
02:01:35,29.2,27.1
02:01:45,29.2,27.1
02:01:55,29.2,27.0
02:02:05,29.2,26.9
02:02:15,29.2,27.0
02:02:25,29.2,26.9
02:02:35,29.2,26.8
02:02:45,29.1,26.8
02:02:55,29.1,26.8
02:03:05,29.2,27.0
02:03:15,29.2,27.0
02:03:25,29.2,27.1
02:03:35,29.1,27.0
02:03:45,29.1,27.0
02:03:55,29.1,26.9
02:04:05,29.2,27.0
02:04:15,29.1,27.0
02:04:25,29.2,26.9
02:04:35,29.2,27.0
02:04:45,29.2,27.0
02:04:55,29.2,26.9
02:05:05,29.2,26.8
02:05:15,29.2,26.7
02:05:25,29.2,26.7
02:05:35,29.1,26.6
02:05:45,29.2,26.7
02:05:55,29.2,26.7
02:06:05,29.2,26.8
02:06:15,29.1,26.9
02:06:25,29.2,26.7
02:06:35,29.2,26.7
02:06:45,29.1,26.6
02:06:55,29.1,26.7
02:07:05,29.2,26.7
02:07:15,29.2,26.8
02:07:25,29.2,26.7
02:07:35,29.2,26.7
02:07:45,29.1,26.6
02:07:55,29.2,26.7
02:08:05,29.1,26.7
02:08:15,29.2,26.6
02:08:25,29.2,26.6
02:08:35,29.2,26.7
02:08:45,29.1,26.6
02:08:55,29.2,26.7
02:09:05,29.1,26.8
02:09:15,29.2,26.7
02:09:25,29.1,26.7
02:09:35,29.2,26.6
02:09:45,29.1,26.5
02:09:55,29.2,26.6
02:10:05,29.2,26.5
02:10:15,29.1,26.5
02:10:25,29.1,26.6
02:10:35,29.2,26.6
02:10:45,29.2,26.6
02:10:55,29.1,26.6
02:11:05,29.2,26.6
02:11:15,29.2,26.6
02:11:25,29.2,26.6
02:11:35,29.2,26.6
02:11:45,29.2,26.5
02:11:55,29.1,26.5
02:12:05,29.2,26.6
02:12:15,29.1,26.5
02:12:25,29.2,26.6
02:12:35,29.1,26.6
02:12:45,29.1,26.6
02:12:55,29.1,26.6
02:13:05,29.1,26.6
02:13:15,29.1,26.6
02:13:25,29.1,26.6
02:13:35,29.2,26.4
02:13:45,29.1,26.5
02:13:55,29.2,26.5
02:14:05,29.1,26.6
02:14:15,29.1,26.7
02:14:25,29.2,26.7
02:14:35,29.1,26.6
02:14:45,29.2,26.5
02:14:55,29.2,26.5
02:15:05,29.1,26.6
02:15:15,29.2,26.7
02:15:25,29.1,26.7
02:15:35,29.2,26.7
02:15:45,29.2,26.7
02:15:55,29.2,26.7
02:16:05,29.2,26.7
02:16:15,29.2,26.6
02:16:25,29.1,26.6
02:16:35,29.1,26.7
02:16:45,29.1,26.7
02:16:55,29.1,26.8
02:17:05,29.2,26.9
02:17:15,29.1,26.8
02:17:25,29.2,26.8
02:17:35,29.1,26.8
02:17:45,29.2,26.9
02:17:55,29.2,26.9
02:18:05,29.2,26.9
02:18:15,29.2,26.8
02:18:25,29.1,26.8
02:18:35,29.1,26.8
02:18:45,29.1,26.9
02:18:55,29.2,26.9
02:19:05,29.2,26.8
02:19:15,29.2,26.8
02:19:25,29.2,26.9
02:19:35,29.2,26.9
02:19:45,29.2,26.9
02:19:55,29.2,26.9
02:20:05,29.2,26.9
02:20:15,29.2,26.9
02:20:25,29.2,27.0
02:20:35,29.1,27.0
02:20:45,29.1,27.0
02:20:55,29.2,27.1
02:21:05,29.1,27.1
02:21:15,29.1,27.1
02:21:25,29.1,27.0
02:21:35,29.1,26.9
02:21:45,29.1,26.9
02:21:55,29.2,26.8
02:22:05,29.2,26.8
02:22:15,29.1,26.9
02:22:25,29.1,26.9
02:22:35,29.2,26.9
02:22:45,29.2,26.9
02:22:55,29.2,26.8
02:23:05,29.1,26.9
02:23:15,29.1,27.0
02:23:25,29.2,27.0
02:23:35,29.1,27.0
02:23:45,29.2,26.9
02:23:55,29.1,26.8
02:24:05,29.2,26.8
02:24:15,29.2,26.9
02:24:25,29.2,26.9
02:24:35,29.1,26.9
02:24:45,29.1,26.9
02:24:55,29.1,26.9
02:25:05,29.2,26.9
02:25:15,29.1,26.9
02:25:25,29.1,26.9
02:25:35,29.2,26.9
02:25:45,29.1,26.9
02:25:55,29.1,27.0
02:26:05,29.2,26.9
02:26:15,29.2,27.0
02:26:25,29.1,27.0
02:26:35,29.1,26.9
02:26:45,29.2,26.9
02:26:55,29.2,26.9
02:27:05,29.2,26.9
02:27:15,29.1,27.0
02:27:25,29.1,27.0
02:27:35,29.1,27.0
02:27:45,29.2,26.9
02:27:55,29.1,26.9
02:28:05,29.2,26.9
02:28:15,29.1,26.8
02:28:25,29.2,26.9
02:28:35,29.1,26.9
02:28:45,29.2,26.9
02:28:55,29.2,26.9
02:29:05,29.2,26.9
02:29:15,29.1,26.8
02:29:25,29.1,26.8
02:29:35,29.1,26.7
02:29:45,29.2,26.7
02:29:55,29.1,26.8
02:30:05,29.1,26.8
02:30:15,29.1,26.9
02:30:25,29.1,26.9
02:30:35,29.1,26.8
02:30:45,29.1,26.8
02:30:55,29.1,26.8
02:31:05,29.1,26.9
02:31:15,29.2,26.9
02:31:25,29.1,26.9
02:31:35,29.1,26.8
02:31:45,29.1,26.7
02:31:55,29.1,26.6
02:32:05,29.2,26.5
02:32:15,29.2,26.5
02:32:25,29.1,26.5
02:32:35,29.1,26.4
02:32:45,29.1,26.5
02:32:55,29.1,26.6
02:33:05,29.1,26.7
02:33:15,29.2,26.7
02:33:25,29.1,26.6
02:33:35,29.1,26.5
02:33:45,29.1,26.4
02:33:55,29.1,26.4
02:34:05,29.1,26.4
02:34:15,29.1,26.5
02:34:25,29.1,26.6
02:34:35,29.1,26.6
02:34:45,29.1,26.6
02:34:55,29.1,26.7
02:35:05,29.1,26.8
02:35:15,29.1,26.7
02:35:25,29.1,26.7
02:35:35,29.1,26.6
02:35:45,29.1,26.5
02:35:55,29.1,26.4
02:36:05,29.1,26.4
02:36:15,29.2,26.4
02:36:25,29.1,26.2
02:36:35,29.1,26.2
02:36:45,29.1,26.3
02:36:55,29.1,26.4
02:37:05,29.1,26.4
02:37:15,29.1,26.3
02:37:25,29.1,26.3
02:37:35,29.1,26.3
02:37:45,29.1,26.4
02:37:55,29.1,26.3
02:38:05,29.1,26.2
02:38:15,29.1,26.1
02:38:25,29.1,26.1
02:38:35,29.1,26.2
02:38:45,29.1,26.2
02:38:55,29.1,26.3
02:39:05,29.2,26.3
02:39:15,29.1,26.3
02:39:25,29.1,26.4
02:39:35,29.1,26.4
02:39:45,29.1,26.4
02:39:55,29.1,26.4
02:40:05,29.1,26.4
02:40:15,29.1,26.3
02:40:25,29.1,26.3
02:40:35,29.1,26.3
02:40:45,29.1,26.4
02:40:55,29.1,26.4
02:41:05,29.1,26.4
02:41:15,29.1,26.3
02:41:25,29.1,26.1
02:41:35,29.1,26.0
02:41:45,29.1,26.1
02:41:55,29.1,26.2
02:42:05,29.1,26.3
02:42:15,29.1,26.4
02:42:25,29.1,26.3
02:42:35,29.1,26.2
02:42:45,29.1,26.1
02:42:55,29.1,26.2
02:43:05,29.1,26.3
02:43:15,29.1,26.4
02:43:25,29.1,26.5
02:43:35,29.1,26.4
02:43:45,29.1,26.4
02:43:55,29.1,26.3
02:44:05,29.1,26.3
02:44:15,29.1,26.3
02:44:25,29.1,26.1
02:44:35,29.1,26.1
02:44:45,29.1,26.1
02:44:55,29.1,26.1
02:45:05,29.1,26.2
02:45:15,29.1,26.2
02:45:25,29.1,26.2
02:45:35,29.1,26.2
02:45:45,29.1,26.4
02:45:55,29.1,26.5
02:46:05,29.1,26.4
02:46:15,29.1,26.4
02:46:25,29.1,26.3
02:46:35,29.1,26.2
02:46:45,29.1,26.1
02:46:55,29.1,26.2
02:47:05,29.1,26.2
02:47:15,29.1,26.3
02:47:25,29.1,26.2
02:47:35,29.1,26.1
02:47:45,29.1,26.1
02:47:55,29.1,26.1
02:48:05,29.1,26.1
02:48:15,29.1,26.2
02:48:25,29.1,26.1
02:48:35,29.1,26.0
02:48:45,29.1,26.0
02:48:55,29.1,26.1
02:49:05,29.1,26.3
02:49:15,29.1,26.5
02:49:25,29.1,26.4
02:49:35,29.1,26.2
02:49:45,29.1,26.0
02:49:55,29.1,26.1
02:50:05,29.1,26.1
02:50:15,29.1,26.2
02:50:25,29.1,26.2
02:50:35,29.1,26.1
02:50:45,29.1,26.2
02:50:55,29.1,26.3
02:51:05,29.1,26.3
02:51:15,29.1,26.2
02:51:25,29.1,26.0
02:51:35,29.1,26.1
02:51:45,29.1,26.1
02:51:55,29.1,26.3
02:52:05,29.1,26.3
02:52:15,29.1,26.2
02:52:25,29.1,26.2
02:52:35,29.1,26.3
02:52:45,29.1,26.3
02:52:55,29.1,26.3
02:53:05,29.1,26.2
02:53:15,29.1,26.2
02:53:25,29.1,26.2
02:53:35,29.1,26.4
02:53:45,29.1,26.5
02:53:55,29.1,26.4
02:54:05,29.1,26.3
02:54:15,29.1,26.2
02:54:25,29.1,26.2
02:54:35,29.1,26.1
02:54:45,29.1,26.1
02:54:55,29.1,26.1
02:55:05,29.1,26.1
02:55:15,29.1,26.2
02:55:25,29.1,26.0
02:55:35,29.1,26.1
02:55:45,29.1,26.1
02:55:55,29.1,26.0
02:56:05,29.1,26.0
02:56:15,29.1,26.1
02:56:25,29.1,26.1
02:56:35,29.1,26.2
02:56:45,29.1,26.2
02:56:55,29.1,26.2
02:57:05,29.1,26.2
02:57:15,29.1,26.1
02:57:25,29.1,26.0
02:57:35,29.1,26.0
02:57:45,29.1,26.0
02:57:55,29.1,26.0
02:58:05,29.1,26.1
02:58:15,29.1,26.1
02:58:25,29.1,26.2
02:58:35,29.1,26.2
02:58:45,29.1,26.3
02:58:55,29.1,26.2
02:59:05,29.1,26.2
02:59:15,29.1,26.1
02:59:25,29.1,26.2
02:59:35,29.1,26.1
02:59:45,29.1,26.1
02:59:55,29.1,26.1
03:00:05,29.1,26.2
03:00:15,29.1,26.1
03:00:25,29.1,26.2
03:00:35,29.1,26.2
03:00:45,29.1,26.3
03:00:55,29.1,26.3
03:01:05,29.1,26.3
03:01:15,29.1,26.3
03:01:25,29.1,26.3
03:01:35,29.1,26.2
03:01:45,29.1,26.2
03:01:55,29.1,26.1
03:02:05,29.1,26.1
03:02:15,29.1,26.2
03:02:25,29.1,26.2
03:02:35,29.1,26.2
03:02:45,29.1,26.2
03:02:55,29.1,26.2
03:03:05,29.1,26.3
03:03:15,29.1,26.4
03:03:25,29.1,26.3
03:03:35,29.1,26.3
03:03:45,29.1,26.3
03:03:55,29.1,26.3
03:04:05,29.1,26.4
03:04:15,29.1,26.4
03:04:25,29.1,26.4
03:04:35,29.1,26.3
03:04:45,29.1,26.2
03:04:55,29.1,26.3
03:05:05,29.1,26.4
03:05:15,29.1,26.5
03:05:25,29.1,26.5
03:05:35,29.1,26.5
03:05:45,29.1,26.3
03:05:55,29.1,26.2
03:06:05,29.1,26.3
03:06:15,29.1,26.4
03:06:25,29.1,26.5
03:06:35,29.1,26.5
03:06:45,29.1,26.5
03:06:55,29.1,26.5
03:07:05,29.1,26.3
03:07:15,29.1,26.4
03:07:25,29.1,26.4
03:07:35,29.1,26.4
03:07:45,29.1,26.5
03:07:55,29.1,26.5
03:08:05,29.1,26.4
03:08:15,29.1,26.4
03:08:25,29.1,26.5
03:08:35,29.1,26.5
03:08:45,29.1,26.5
03:08:55,29.1,26.4
03:09:05,29.1,26.4
03:09:15,29.1,26.4
03:09:25,29.1,26.5
03:09:35,29.1,26.6
03:09:45,29.1,26.5
03:09:55,29.1,26.5
03:10:05,29.1,26.5
03:10:15,29.1,26.6
03:10:25,29.1,26.5
03:10:35,29.1,26.5
03:10:45,29.1,26.5
03:10:55,29.1,26.6
03:11:05,29.1,26.7
03:11:15,29.1,26.6
03:11:25,29.1,26.6
03:11:35,29.1,26.6
03:11:45,29.1,26.6
03:11:55,29.1,26.7
03:12:05,29.1,26.6
03:12:15,29.1,26.7
03:12:25,29.1,26.6
03:12:35,29.1,26.6
03:12:45,29.1,26.7
03:12:55,29.1,26.7
03:13:05,29.1,26.7
03:13:15,29.1,26.6
03:13:25,29.1,26.6
03:13:35,29.1,26.6
03:13:45,29.1,26.6
03:13:55,29.1,26.6
03:14:05,29.1,26.6
03:14:15,29.1,26.7
03:14:25,29.1,26.7
03:14:35,29.1,26.7
03:14:45,29.1,26.8
03:14:55,29.1,26.8
03:15:05,29.1,26.8
03:15:15,29.1,26.8
03:15:25,29.1,26.8
03:15:35,29.1,26.8
03:15:45,29.1,26.7
03:15:55,29.1,26.7
03:16:05,29.1,26.8
03:16:15,29.1,26.8
03:16:25,29.1,26.8
03:16:35,29.1,26.8
03:16:45,29.1,26.8
03:16:55,29.1,26.8
03:17:05,29.1,26.9
03:17:15,29.1,26.9
03:17:25,29.1,26.9
03:17:35,29.1,26.8
03:17:45,29.1,26.8
03:17:55,29.1,26.7
03:18:05,29.1,26.9
03:18:15,29.1,26.8
03:18:25,29.1,26.8
03:18:35,29.1,26.8
03:18:45,29.1,26.8
03:18:55,29.1,26.9
03:19:05,29.1,26.8
03:19:15,29.1,26.7
03:19:25,29.1,26.6
03:19:35,29.1,26.6
03:19:45,29.1,26.6
03:19:55,29.1,26.8
03:20:05,29.1,26.8
03:20:15,29.1,26.9
03:20:25,29.1,26.9
03:20:35,29.1,26.9
03:20:45,29.1,26.9
03:20:55,29.1,26.9
03:21:05,29.1,27.0
03:21:15,29.1,27.1
03:21:25,29.1,27.1
03:21:35,29.1,27.1
03:21:45,29.1,27.1
03:21:55,29.1,27.1
03:22:05,29.1,27.0
03:22:15,29.1,26.9
03:22:25,29.1,26.9
03:22:35,29.1,26.8
03:22:45,29.1,26.8
03:22:55,29.1,26.7
03:23:05,29.1,26.8
03:23:15,29.1,26.8
03:23:25,29.1,26.9
03:23:35,29.1,26.9
03:23:45,29.1,27.0
03:23:55,29.1,26.9
03:24:05,29.1,27.0
03:24:15,29.1,27.0
03:24:25,29.1,26.9
03:24:35,29.1,26.8
03:24:45,29.1,26.8
03:24:55,29.1,26.8
03:25:05,29.1,26.8
03:25:15,29.1,26.8
03:25:25,29.1,26.9
03:25:35,29.1,26.9
03:25:45,29.1,26.9
03:25:55,29.1,27.0
03:26:05,29.1,27.1
03:26:15,29.1,27.0
03:26:25,29.1,27.1
03:26:35,29.1,27.1
03:26:45,29.1,27.1
03:26:55,29.1,27.0
03:27:05,29.1,26.9
03:27:15,29.1,26.8
03:27:25,29.1,26.7
03:27:35,29.1,26.9
03:27:45,29.1,26.9
03:27:55,29.1,26.9
03:28:05,29.1,26.9
03:28:15,29.1,26.8
03:28:25,29.1,26.9
03:28:35,29.1,26.9
03:28:45,29.1,27.0
03:28:55,29.1,27.1
03:29:05,29.1,27.1
03:29:15,29.1,26.9
03:29:25,29.1,26.8
03:29:35,29.1,26.8
03:29:45,29.1,26.8
03:29:55,29.1,26.9
03:30:05,29.1,27.0
03:30:15,29.1,27.0
03:30:25,29.1,27.0
03:30:35,29.1,26.9
03:30:45,29.1,26.9
03:30:55,29.1,27.0
03:31:05,29.1,26.9
03:31:15,29.1,26.8
03:31:25,29.1,26.9
03:31:35,29.1,26.9
03:31:45,29.1,26.9
03:31:55,29.1,27.0
03:32:05,29.1,27.0
03:32:15,29.1,26.9
03:32:25,29.1,26.9
03:32:35,29.1,26.7
03:32:45,29.1,26.7
03:32:55,29.1,26.7
03:33:05,29.1,26.7
03:33:15,29.1,26.7
03:33:25,29.1,26.7
03:33:35,29.1,26.8
03:33:45,29.1,26.9
03:33:55,29.1,26.9
03:34:05,29.1,26.9
03:34:15,29.1,26.9
03:34:25,29.1,26.9
03:34:35,29.1,26.8
03:34:45,29.1,26.8
03:34:55,29.1,26.7
03:35:05,29.1,26.7
03:35:15,29.1,26.7
03:35:25,29.1,26.8
03:35:35,29.1,26.8
03:35:45,29.1,26.8
03:35:55,29.1,26.8
03:36:05,29.1,26.7
03:36:15,29.1,26.8
03:36:25,29.1,26.8
03:36:35,29.1,26.9
03:36:45,29.1,26.8
03:36:55,29.1,26.8
03:37:05,29.1,26.8
03:37:15,29.1,26.8
03:37:25,29.1,26.8
03:37:35,29.1,26.8
03:37:45,29.1,26.9
03:37:55,29.1,26.8
03:38:05,29.1,26.9
03:38:15,29.1,26.9
03:38:25,29.1,26.9
03:38:35,29.1,26.9
03:38:45,29.1,26.9
03:38:55,29.1,26.8
03:39:05,29.1,26.8
03:39:15,29.1,26.8
03:39:25,29.1,26.8
03:39:35,29.1,26.8
03:39:45,29.1,26.9
03:39:55,29.1,27.0
03:40:05,29.1,26.9
03:40:15,29.1,27.0
03:40:25,29.1,27.0
03:40:35,29.1,27.0
03:40:45,29.1,27.0
03:40:55,29.1,26.8
03:41:05,29.1,26.8
03:41:15,29.1,26.7
03:41:25,29.1,26.7
03:41:35,29.1,26.7
03:41:45,29.1,26.7
03:41:55,29.1,26.7
03:42:05,29.1,26.8
03:42:15,29.1,26.8
03:42:25,29.1,26.8
03:42:35,29.1,26.8
03:42:45,29.1,26.8
03:42:55,29.1,26.7
03:43:05,29.1,26.8
03:43:15,29.1,26.7
03:43:25,29.1,26.7
03:43:35,29.1,26.7
03:43:45,29.1,26.7
03:43:55,29.1,26.8
03:44:05,29.1,26.8
03:44:15,29.1,26.8
03:44:25,29.1,26.8
03:44:35,29.1,26.8
03:44:45,29.1,26.9
03:44:55,29.1,26.9
03:45:05,29.1,26.9
03:45:15,29.1,26.9
03:45:25,29.1,26.8
03:45:35,29.1,26.9
03:45:45,29.1,26.9
03:45:55,29.1,26.9
03:46:05,29.1,26.9
03:46:15,29.1,26.9
03:46:25,29.1,26.9
03:46:35,29.1,27.0
03:46:45,29.1,27.0
03:46:55,29.1,27.0
03:47:05,29.1,26.9
03:47:15,29.1,26.8
03:47:25,29.1,26.8
03:47:35,29.1,26.8
03:47:45,29.1,26.9
03:47:55,29.1,26.9
03:48:05,29.1,26.9
03:48:15,29.1,26.9
03:48:25,29.1,26.7
03:48:35,29.1,26.5
03:48:45,29.1,25.6
03:48:55,29.1,24.9
03:49:05,29.1,24.6
03:49:15,29.1,24.6
03:49:25,29.1,24.8
03:49:35,29.1,25.0
03:49:45,29.1,25.2
03:49:55,29.1,25.5
03:50:05,29.1,25.7
03:50:15,29.1,25.8
03:50:25,29.1,26.0
03:50:35,29.1,26.3
03:50:45,29.1,26.5
03:50:55,29.1,26.7
03:51:05,29.1,27.0
03:51:15,29.1,27.1
03:51:25,29.1,27.4
03:51:35,29.0,27.6
03:51:45,29.0,27.8
03:51:55,29.0,28.0
03:52:05,29.0,28.2
03:52:15,28.9,28.4
03:52:25,28.9,28.6
03:52:35,28.9,28.8
03:52:45,28.8,28.9
03:52:55,28.8,29.2
03:53:05,28.8,29.3
03:53:15,28.7,29.5
03:53:25,28.7,29.7
03:53:35,28.6,29.8
03:53:45,28.6,29.9
03:53:55,28.6,30.1
03:54:05,28.5,30.2
03:54:15,28.5,30.3
03:54:25,28.5,30.5
03:54:35,28.5,30.7
03:54:45,28.4,30.8
03:54:55,28.4,30.9
03:55:05,28.4,30.9
03:55:15,28.3,31.1
03:55:25,28.3,31.3
03:55:35,28.2,31.5
03:55:45,28.2,31.6
03:55:55,28.2,31.6
03:56:05,28.1,31.7
03:56:15,28.1,31.8
03:56:25,28.1,31.9
03:56:35,28.0,31.9
03:56:45,28.0,32.1
03:56:55,28.0,32.2
03:57:05,28.0,32.3
03:57:15,28.0,32.4
03:57:25,28.0,32.4
03:57:35,28.0,32.6
03:57:45,27.9,32.8
03:57:55,27.9,32.8
03:58:05,27.9,32.8
03:58:15,27.9,32.9
03:58:25,27.9,33.0
03:58:35,27.9,33.1
03:58:45,27.9,33.2
03:58:55,27.9,33.2
03:59:05,27.8,33.3
03:59:15,27.8,33.5
03:59:25,27.8,33.6
03:59:35,27.8,33.7
03:59:45,27.8,33.7
03:59:55,27.8,33.8
04:00:05,27.7,33.9
04:00:15,27.7,33.9
04:00:25,27.7,34.1
04:00:35,27.6,34.2
04:00:45,27.6,34.4
04:00:55,27.6,34.4
04:01:05,27.6,34.6
04:01:15,27.5,34.8
04:01:25,27.5,35.0
04:01:35,27.5,35.1
04:01:45,27.5,35.2
04:01:55,27.5,35.3
04:02:05,27.4,35.4
04:02:15,27.4,35.5
04:02:25,27.4,35.6
04:02:35,27.3,35.6
04:02:45,27.3,35.7
04:02:55,27.3,35.7
04:03:05,27.3,35.8
04:03:15,27.3,35.8
04:03:25,27.3,35.9
04:03:35,27.2,35.9
04:03:55,27.2,36.1
04:04:05,27.2,36.2
04:04:15,27.2,36.2
04:04:25,27.1,36.2
04:04:35,27.1,36.3
04:04:45,27.1,36.3
04:04:55,27.1,36.3
04:05:05,27.1,36.4
04:05:15,27.1,36.4
04:05:25,27.1,36.4
04:05:35,27.1,36.4
04:05:45,27.0,36.5
04:05:55,27.0,36.6
04:06:05,27.0,36.6
04:06:15,27.0,36.6
04:06:25,27.0,36.7
04:06:35,26.9,36.8
04:06:45,26.9,36.9
04:06:55,26.9,37.0
04:07:05,26.9,37.0
04:07:15,26.9,37.0
04:07:25,26.9,37.0
04:07:35,26.9,37.0
04:07:45,26.9,37.0
04:07:55,26.9,37.0
04:08:05,26.8,37.1
04:08:15,26.8,37.1
04:08:25,26.9,37.1
04:08:35,26.8,37.2
04:08:45,26.8,37.2
04:08:55,26.8,37.1
04:09:05,26.8,37.2
04:09:15,26.8,37.2
04:09:25,26.8,37.2
04:09:35,26.7,37.2
04:09:45,26.8,37.1
04:09:55,26.7,37.1
04:10:05,26.7,37.1
04:10:15,26.7,37.2
04:10:25,26.7,37.2
04:10:35,26.7,37.1
04:10:45,26.7,37.1
04:10:55,26.7,37.1
04:11:05,26.6,37.1
04:11:15,26.6,37.1
04:11:25,26.6,37.1
04:11:35,26.6,37.1
04:11:45,26.6,37.1
04:11:55,26.6,37.1
04:12:05,26.6,37.2
04:12:15,26.6,37.2
04:12:25,26.6,37.2
04:12:35,26.5,37.2
04:12:45,26.6,37.2
04:12:55,26.6,37.2
04:13:05,26.6,37.2
04:13:15,26.6,37.2
04:13:25,26.6,37.2
04:13:35,26.6,37.2
04:13:45,26.6,37.1
04:13:55,26.6,37.1
04:14:05,26.6,37.1
04:14:15,26.6,37.1
04:14:25,26.6,37.1
04:14:35,26.6,37.0
04:14:45,26.6,37.1
04:14:55,26.6,37.0
04:15:05,26.6,37.0
04:15:15,26.7,37.0
04:15:25,26.7,37.0
04:15:35,26.7,36.9
04:15:45,26.7,36.9
04:15:55,26.7,36.9
04:16:05,26.7,36.9
04:16:15,26.7,36.9
04:16:25,26.7,36.8
04:16:35,26.7,36.8
04:16:45,26.7,36.8
04:16:55,26.7,36.8
04:17:05,26.7,36.7
04:17:15,26.7,36.7
04:17:25,26.7,36.7
04:17:35,26.7,36.7
04:17:45,26.7,36.7
04:17:55,26.7,36.6
04:18:05,26.7,36.6
04:18:15,26.7,36.6
04:18:25,26.7,36.6
04:18:35,26.7,36.6
04:18:45,26.8,36.5
04:18:55,26.8,36.6
04:19:05,26.8,36.6
04:19:15,26.7,36.5
04:19:25,26.7,36.5
04:19:35,26.8,36.5
04:19:45,26.8,36.5
04:19:55,26.8,36.5
04:20:05,26.8,36.4
04:20:15,26.8,36.4
04:20:25,26.8,36.5
04:20:35,26.7,36.5
04:20:45,26.7,36.4
04:20:55,26.7,36.5
04:21:05,26.7,36.5
04:21:15,26.7,36.5
04:21:25,26.7,36.5
04:21:35,26.7,36.5
04:21:45,26.7,36.5
04:21:55,26.7,36.5
04:22:05,26.7,36.5
04:22:15,26.7,36.5
04:22:25,26.7,36.6
04:22:35,26.7,36.5
04:22:45,26.7,36.5
04:22:55,26.7,36.5
04:23:05,26.7,36.5
04:23:15,26.7,36.5
04:23:25,26.7,36.6
04:23:35,26.7,36.6
04:23:45,26.7,36.6
04:23:55,26.7,36.6
04:24:05,26.7,36.6
04:24:15,26.7,36.5
04:24:25,26.7,36.6
04:24:35,26.7,36.6
04:24:45,26.7,36.5
04:24:55,26.7,36.6
04:25:05,26.7,36.5
04:25:15,26.7,36.5
04:25:25,26.8,36.6
04:25:35,26.7,36.6
04:25:45,26.7,36.6
04:25:55,26.7,36.5
04:26:05,26.7,36.6
04:26:15,26.7,36.5
04:26:25,26.7,36.6
04:26:35,26.7,36.5
04:26:45,26.7,36.6
04:26:55,26.7,36.6
04:27:05,26.7,36.5
04:27:15,26.7,36.6
04:27:25,26.7,36.6
04:27:35,26.7,36.6
04:27:45,26.7,36.6
04:27:55,26.7,36.6
04:28:05,26.7,36.6
04:28:15,26.7,36.6
04:28:25,26.7,36.6
04:28:35,26.7,36.6
04:28:45,26.7,36.6
04:28:55,26.7,36.6
04:29:05,26.7,36.7
04:29:15,26.7,36.7
04:29:25,26.7,36.7
04:29:35,26.7,36.7
04:29:45,26.7,36.7
04:29:55,26.7,36.6
04:30:05,26.7,36.7
04:30:15,26.7,36.6
04:30:25,26.6,36.6
04:30:35,26.6,36.6
04:30:45,26.7,36.6
04:30:55,26.6,36.7
04:31:05,26.6,36.7
04:31:15,26.6,36.7
04:31:25,26.6,36.6
04:31:35,26.6,36.7
04:31:45,26.6,36.7
04:31:55,26.6,36.7
04:32:05,26.6,36.7
04:32:15,26.6,36.7
04:32:25,26.6,36.7
04:32:35,26.6,36.7
04:32:45,26.6,36.7
04:32:55,26.6,36.7
04:33:05,26.6,36.7
04:33:15,26.6,36.7
04:33:25,26.6,36.7
04:33:35,26.6,36.8
04:33:45,26.6,36.7
04:33:55,26.5,36.7
04:34:05,26.5,36.7
04:34:15,26.6,36.7
04:34:25,26.6,36.7
04:34:35,26.6,36.7
04:34:45,26.5,36.7
04:34:55,26.5,36.7
04:35:05,26.5,36.7
04:35:15,26.5,36.7
04:35:25,26.5,36.7
04:35:35,26.6,36.7
04:35:45,26.5,36.7
04:35:55,26.5,36.7
04:36:05,26.5,36.7
04:36:15,26.5,36.7
04:36:25,26.5,36.7
04:36:35,26.5,36.8
04:36:45,26.5,36.7
04:36:55,26.5,36.7
04:37:05,26.5,36.7
04:37:15,26.5,36.7
04:37:25,26.5,36.8
04:37:35,26.5,36.7
04:37:45,26.5,36.7
04:37:55,26.5,36.7
04:38:05,26.5,36.7
04:38:15,26.5,36.8
04:38:25,26.5,36.7
04:38:35,26.5,36.7
04:38:45,26.5,36.7
04:38:55,26.5,36.7
04:39:05,26.5,36.7
04:39:15,26.5,36.7
04:39:25,26.5,36.8
04:39:35,26.5,36.8
04:39:45,26.5,36.8
04:39:55,26.5,36.7
04:40:05,26.5,36.8
04:40:15,26.4,36.8
04:40:25,26.4,36.8
04:40:35,26.5,36.8
04:40:45,26.5,36.8
04:40:55,26.4,36.8
04:41:05,26.4,36.8
04:41:15,26.5,36.8
04:41:25,26.5,36.8
04:41:35,26.4,36.8
04:41:45,26.4,36.8
04:41:55,26.4,36.8
04:42:05,26.4,36.8
04:42:15,26.4,36.8
04:42:25,26.4,36.9
04:42:35,26.4,36.8
04:42:45,26.4,36.8
04:42:55,26.4,36.8
04:43:05,26.4,36.9
04:43:15,26.4,36.9
04:43:25,26.4,36.9
04:43:35,26.4,36.9
04:43:45,26.4,36.8
04:43:55,26.4,36.9
04:44:05,26.4,36.9
04:44:15,26.4,36.9
04:44:25,26.4,36.9
04:44:35,26.4,36.9
04:44:45,26.4,36.9
04:44:55,26.4,36.9
04:45:05,26.4,36.9
04:45:15,26.4,36.9
04:45:25,26.4,36.9
04:45:35,26.4,36.9
04:45:45,26.4,36.9
04:45:55,26.4,36.9
04:46:05,26.4,36.9
04:46:15,26.4,36.9
04:46:25,26.4,36.9
04:46:35,26.4,36.9
04:46:45,26.4,36.9
04:46:55,26.4,37.0
04:47:05,26.3,36.9
04:47:15,26.4,37.0
04:47:25,26.3,36.9
04:47:35,26.3,37.0
04:47:45,26.4,36.9
04:47:55,26.3,37.0
04:48:05,26.3,37.0
04:48:15,26.3,37.0
04:48:25,26.3,37.0
04:48:35,26.3,37.0
04:48:45,26.3,36.9
04:48:55,26.3,37.0
04:49:05,26.3,37.0
04:49:15,26.3,37.0
04:49:25,26.3,37.0
04:49:35,26.3,37.0
04:49:45,26.3,37.0
04:49:55,26.3,37.0
04:50:05,26.3,37.0
04:50:15,26.3,37.0
04:50:25,26.3,37.0
04:50:35,26.3,37.0
04:50:45,26.3,37.0
04:50:55,26.3,37.0
04:51:05,26.3,37.0
04:51:15,26.3,37.1
04:51:25,26.3,37.1
04:51:35,26.3,37.1
04:51:45,26.3,37.1
04:51:55,26.3,37.1
04:52:05,26.3,37.0
04:52:15,26.3,37.1
04:52:25,26.3,37.1
04:52:35,26.3,37.1
04:52:45,26.3,37.1
04:52:55,26.3,37.1
04:53:05,26.3,37.1
04:53:15,26.3,37.1
04:53:25,26.3,37.0
04:53:35,26.3,37.1
04:53:45,26.3,37.1
04:53:55,26.3,37.1
04:54:05,26.3,37.1
04:54:15,26.3,37.1
04:54:25,26.2,37.1
04:54:35,26.3,37.1
04:54:45,26.2,37.0
04:54:55,26.2,37.1
04:55:05,26.2,37.1
04:55:15,26.2,37.1
04:55:25,26.2,37.1
04:55:35,26.2,37.1
04:55:45,26.2,37.1
04:55:55,26.2,37.1
04:56:05,26.2,37.1
04:56:15,26.2,37.1
04:56:25,26.2,37.2
04:56:35,26.2,37.2
04:56:45,26.2,37.2
04:56:55,26.2,37.2
04:57:05,26.2,37.1
04:57:15,26.2,37.1
04:57:25,26.2,37.1
04:57:35,26.2,37.2
04:57:45,26.2,37.2
04:57:55,26.2,37.2
04:58:05,26.2,37.2
04:58:15,26.2,37.1
04:58:25,26.2,37.1
04:58:35,26.2,37.1
04:58:45,26.2,37.2
04:58:55,26.2,37.2
04:59:05,26.2,37.2
04:59:15,26.2,37.2
04:59:25,26.2,37.1
04:59:35,26.2,37.2
04:59:45,26.2,37.2
04:59:55,26.2,37.2
05:00:05,26.2,37.2
05:00:15,26.2,37.2
05:00:25,26.2,37.2
05:00:35,26.2,37.2
05:00:45,26.2,37.2
05:00:55,26.2,37.2
05:01:05,26.2,37.2
05:01:15,26.2,37.2
05:01:25,26.2,37.3
05:01:35,26.2,37.2
05:01:45,26.2,37.3
05:01:55,26.2,37.3
05:02:05,26.2,37.3
05:02:15,26.2,37.3
05:02:25,26.1,37.3
05:02:35,26.2,37.2
05:02:45,26.2,37.3
05:02:55,26.2,37.3
05:03:05,26.2,37.2
05:03:15,26.1,37.3
05:03:25,26.2,37.3
05:03:35,26.1,37.3
05:03:45,26.1,37.3
05:03:55,26.1,37.3
05:04:05,26.1,37.3
05:04:15,26.1,37.3
05:04:25,26.1,37.3
05:04:35,26.1,37.3
05:04:45,26.1,37.4
05:04:55,26.1,37.2
05:05:05,26.1,37.3
05:05:15,26.1,37.3
05:05:25,26.1,37.4
05:05:35,26.1,37.4
05:05:45,26.1,37.4
05:05:55,26.1,37.3
05:06:05,26.1,37.3
05:06:15,26.1,37.4
05:06:25,26.1,37.3
05:06:35,26.1,37.4
05:06:45,26.1,37.4
05:06:55,26.1,37.4
05:07:05,26.1,37.4
05:07:15,26.1,37.3
05:07:25,26.1,37.4
05:07:35,26.1,37.4
05:07:45,26.1,37.4
05:07:55,26.1,37.3
05:08:05,26.1,37.3
05:08:15,26.1,37.3
05:08:25,26.1,37.3
05:08:35,26.1,37.3
05:08:45,26.1,37.3
05:08:55,26.1,37.3
05:09:05,26.1,37.3
05:09:15,26.1,37.4
05:09:25,26.1,37.3
05:09:35,26.1,37.4
05:09:45,26.1,37.4
05:09:55,26.1,37.4
05:10:05,26.1,37.4
05:10:15,26.1,37.4
05:10:25,26.1,37.4
05:10:35,26.1,37.4
05:10:45,26.1,37.4
05:10:55,26.1,37.4
05:11:05,26.1,37.5
05:11:15,26.1,37.5
05:11:25,26.1,37.5
05:11:35,26.0,37.5
05:11:45,26.1,37.5
05:11:55,26.0,37.5
05:12:05,26.0,37.5
05:12:15,26.0,37.6
05:12:25,26.0,37.6
05:12:35,26.0,37.5
05:12:45,26.0,37.5
05:12:55,26.0,37.6
05:13:05,26.0,37.6
05:13:15,26.0,37.6
05:13:25,26.0,37.6
05:13:35,26.0,37.6
05:13:45,26.0,37.6
05:13:55,26.0,37.6
05:14:05,26.0,37.6
05:14:15,26.0,37.6
05:14:25,26.0,37.6
05:14:35,26.0,37.6
05:14:45,26.0,37.6
05:14:55,26.0,37.6
05:15:05,26.0,37.6
05:15:15,26.0,37.6
05:15:25,26.0,37.6
05:15:35,26.0,37.6
05:15:45,26.0,37.7
05:15:55,26.0,37.7
05:16:05,26.0,37.6
05:16:15,26.0,37.7
05:16:25,26.0,37.7
05:16:35,26.0,37.7
05:16:45,26.0,37.7
05:16:55,26.0,37.7
05:17:05,26.0,37.7
05:17:15,26.0,37.7
05:17:25,26.0,37.8
05:17:35,26.0,37.7
05:17:45,25.9,37.7
05:17:55,26.0,37.8
05:18:05,26.0,37.7
05:18:15,25.9,37.8
05:18:25,26.0,37.7
05:18:35,26.0,37.8
05:18:45,26.0,37.8
05:18:55,26.0,37.8
05:19:05,25.9,37.8
05:19:15,26.0,37.8
05:19:25,25.9,37.8
05:19:35,25.9,37.8
05:19:45,26.0,37.9
05:19:55,26.0,37.9
05:20:05,25.9,37.9
05:20:15,25.9,37.9
05:20:25,25.9,38.0
05:20:35,25.9,38.0
05:20:45,25.9,38.0
05:20:55,25.9,38.0
05:21:05,25.9,37.9
05:21:15,25.9,38.0
05:21:25,25.9,38.0
05:21:35,25.9,38.0
05:21:45,25.9,38.0
05:21:55,25.9,38.0
05:22:05,25.9,38.0
05:22:15,25.9,38.1
05:22:25,25.9,38.0
05:22:35,25.9,38.0
05:22:45,25.9,38.0
05:22:55,25.9,38.0
05:23:05,25.9,38.0
05:23:15,25.9,38.0
05:23:25,25.9,38.0
05:23:35,25.9,38.0
05:23:45,25.9,38.1
05:23:55,25.9,38.1
05:24:05,25.9,38.1
05:24:15,25.9,38.1
05:24:25,25.9,38.0
05:24:35,25.9,38.0
05:24:45,25.9,38.1
05:24:55,25.9,38.1
05:25:05,25.9,38.1
05:25:15,25.9,38.1
05:25:25,25.9,38.1
05:25:35,25.9,38.1
05:25:45,25.9,38.0
05:25:55,25.9,38.1
05:26:05,25.9,38.1
05:26:15,25.9,38.0
05:26:25,25.9,38.0
05:26:35,25.9,38.1
05:26:45,25.9,38.1
05:26:55,25.9,38.1
05:27:05,25.9,38.1
05:27:15,25.9,38.1
05:27:25,25.9,38.2
05:27:35,25.9,38.1
05:27:45,25.9,38.2
05:27:55,25.9,38.1
05:28:05,25.9,38.1
05:28:15,25.9,38.2
05:28:25,25.9,38.2
05:28:35,25.9,38.2
05:28:45,25.9,38.2
05:28:55,25.8,38.2
05:29:05,25.9,38.2
05:29:15,25.9,38.2
05:29:25,25.9,38.2
05:29:35,25.9,38.3
05:29:45,25.9,38.2
05:29:55,25.9,38.2
05:30:05,25.9,38.2
05:30:15,25.9,38.2
05:30:25,25.9,38.2
05:30:35,25.9,38.3
05:30:45,25.9,38.3
05:30:55,25.9,38.2
05:31:05,25.9,38.2
05:31:15,25.9,38.2
05:31:25,25.9,38.3
05:31:35,25.9,38.3
05:31:45,25.9,38.3
05:31:55,25.9,38.3
05:32:05,25.9,38.4
05:32:15,25.9,38.3
05:32:25,25.8,38.4
05:32:35,25.9,38.3
05:32:45,25.9,38.4
05:32:55,25.9,38.4
05:33:05,25.9,38.3
05:33:15,25.9,38.4
05:33:25,25.9,38.3
05:33:35,25.9,38.3
05:33:45,25.9,38.4
05:33:55,25.9,38.3
05:34:05,25.9,38.3
05:34:15,25.9,38.3
05:34:25,25.9,38.4
05:34:35,25.9,38.4
05:34:45,25.9,38.4
05:34:55,25.9,38.4
05:35:05,25.8,38.4
05:35:15,25.9,38.4
05:35:25,25.9,38.4
05:35:35,25.9,38.4
05:35:45,25.9,38.4
05:35:55,25.9,38.4
05:36:05,25.9,38.5
05:36:15,25.8,38.5
05:36:25,25.9,38.5
05:36:35,25.8,38.5
05:36:45,25.9,38.5
05:36:55,25.8,38.5
05:37:05,25.8,38.5
05:37:15,25.8,38.5
05:37:25,25.8,38.5
05:37:35,25.8,38.5
05:37:45,25.8,38.5
05:37:55,25.8,38.6
05:38:05,25.8,38.5
05:38:15,25.8,38.6
05:38:25,25.8,38.6
05:38:35,25.8,38.5
05:38:45,25.8,38.5
05:38:55,25.8,38.6
05:39:05,25.8,38.6
05:39:15,25.8,38.6
05:39:25,25.8,38.6
05:39:35,25.8,38.6
05:39:45,25.8,38.6
05:39:55,25.8,38.7
05:40:05,25.8,38.6
05:40:15,25.8,38.6
05:40:25,25.8,38.6
05:40:35,25.8,38.7
05:40:45,25.8,38.6
05:40:55,25.8,38.6
05:41:05,25.8,38.6
05:41:15,25.8,38.7
05:41:25,25.8,38.7
05:41:35,25.8,38.6
05:41:45,25.8,38.7
05:41:55,25.8,38.7
05:42:05,25.8,38.7
05:42:15,25.8,38.8
05:42:25,25.8,38.7
05:42:35,25.8,38.7
05:42:45,25.8,38.7
05:42:55,25.7,38.7
05:43:05,25.8,38.8
05:43:15,25.8,38.7
05:43:25,25.8,38.7
05:43:35,25.8,38.8
05:43:45,25.8,38.8
05:43:55,25.7,38.8
05:44:05,25.8,38.8
05:44:15,25.8,38.8
05:44:25,25.8,38.8
05:44:35,25.7,38.9
05:44:45,25.8,38.8
05:44:55,25.7,38.8
05:45:05,25.7,38.8
05:45:15,25.7,38.9
05:45:25,25.7,38.9
05:45:35,25.7,38.9
05:45:45,25.7,38.9
05:45:55,25.7,38.9
05:46:05,25.7,38.9
05:46:15,25.7,38.9
05:46:25,25.7,38.9
05:46:35,25.7,38.9
05:46:45,25.7,38.9
05:46:55,25.7,39.0
05:47:05,25.7,38.9
05:47:15,25.7,39.0
05:47:25,25.7,39.0
05:47:35,25.7,39.0
05:47:45,25.7,39.0
05:47:55,25.7,39.0
05:48:05,25.7,39.0
05:48:15,25.7,39.1
05:48:25,25.7,39.1
05:48:35,25.7,39.0
05:48:45,25.7,39.0
05:48:55,25.7,39.1
05:49:05,25.7,39.0
05:49:15,25.7,39.0
05:49:25,25.7,39.1
05:49:35,25.7,39.0
05:49:45,25.7,39.0
05:49:55,25.7,39.0
05:50:05,25.7,39.0
05:50:15,25.7,39.0
05:50:25,25.7,39.0
05:50:35,25.7,39.0
05:50:45,25.7,39.1
05:50:55,25.7,39.0
05:51:05,25.7,39.0
05:51:15,25.7,39.0
05:51:25,25.7,39.0
05:51:35,25.7,39.0
05:51:45,25.7,39.0
05:51:55,25.7,39.0
05:52:05,25.7,39.0
05:52:15,25.7,39.1
05:52:25,25.7,39.1
05:52:35,25.7,39.0
05:52:45,25.7,39.0
05:52:55,25.7,39.1
05:53:05,25.7,39.1
05:53:15,25.7,39.0
05:53:25,25.7,39.1
05:53:35,25.7,39.1
05:53:45,25.7,39.1
05:53:55,25.7,39.1
05:54:05,25.7,39.1
05:54:15,25.7,39.1
05:54:25,25.7,39.1
05:54:35,25.7,39.1
05:54:45,25.7,39.2
05:54:55,25.7,39.1
05:55:05,25.7,39.1
05:55:15,25.7,39.1
05:55:25,25.7,39.2
05:55:35,25.7,39.1
05:55:45,25.7,39.2
05:55:55,25.7,39.1
05:56:05,25.7,39.2
05:56:15,25.7,39.2
05:56:25,25.7,39.1
05:56:35,25.7,39.2
05:56:45,25.7,39.2
05:56:55,25.7,39.1
05:57:05,25.7,39.2
05:57:15,25.7,39.2
05:57:25,25.7,39.1
05:57:35,25.7,39.2
05:57:45,25.7,39.2
05:57:55,25.7,39.2
05:58:05,25.7,39.2
05:58:15,25.7,39.1
05:58:25,25.7,39.1
05:58:35,25.7,39.2
05:58:45,25.7,39.1
05:58:55,25.7,39.1
05:59:05,25.7,39.1
05:59:15,25.7,39.1
05:59:25,25.7,39.1
05:59:35,25.6,39.2
05:59:45,25.7,39.1
05:59:55,25.7,39.2
06:00:05,25.7,39.2
06:01:16,25.7,39.1
06:01:25,25.7,39.2
06:01:35,25.7,39.2
06:01:45,25.7,39.2
06:01:55,25.7,39.2
06:02:05,25.7,39.1
06:02:15,25.7,39.2
06:02:25,25.7,39.1
06:02:35,25.7,39.2
06:02:45,25.7,39.2
06:02:55,25.7,39.1
06:03:05,25.7,39.1
06:03:15,25.7,39.1
06:03:25,25.7,39.1
06:03:35,25.7,39.2
06:03:45,25.7,39.2
06:03:55,25.7,39.2
06:04:05,25.6,39.2
06:04:15,25.7,39.2
06:04:25,25.7,39.2
06:04:35,25.7,39.2
06:04:45,25.7,39.2
06:04:55,25.7,39.2
06:05:05,25.7,39.2
06:05:15,25.7,39.2
06:05:25,25.7,39.1
06:05:35,25.7,39.2
06:05:45,25.7,39.2
06:05:55,25.7,39.2
06:06:05,25.6,39.2
06:06:15,25.6,39.2
06:06:25,25.7,39.1
06:06:35,25.6,39.1
06:06:45,25.6,39.1
06:06:55,25.6,39.1
06:07:05,25.6,39.2
06:07:15,25.7,39.2
06:07:25,25.7,39.1
06:07:35,25.6,39.2
06:07:45,25.6,39.2
06:07:55,25.7,39.2
06:08:05,25.7,39.2
06:08:15,25.7,39.2
06:08:25,25.7,39.2
06:08:35,25.7,39.2
06:08:45,25.7,39.2
06:08:55,25.6,39.2
06:09:05,25.6,39.2
06:09:15,25.6,39.2
06:09:25,25.6,39.2
06:09:35,25.6,39.2
06:09:45,25.7,39.2
06:09:55,25.6,39.2
06:10:05,25.6,39.2
06:10:15,25.6,39.2
06:10:25,25.6,39.2
06:10:35,25.6,39.3
06:10:45,25.6,39.3
06:10:55,25.6,39.3
06:11:05,25.6,39.3
06:11:15,25.6,39.2
06:11:25,25.6,39.2
06:11:35,25.6,39.3
06:11:45,25.6,39.3
06:11:55,25.6,39.3
06:12:05,25.6,39.3
06:12:15,25.6,39.3
06:12:25,25.6,39.2
06:12:35,25.6,39.2
06:12:45,25.6,39.2
06:12:55,25.6,39.2
06:13:05,25.6,39.2
06:13:15,25.6,39.2
06:13:25,25.6,39.1
06:13:35,25.6,39.1
06:13:45,25.6,39.2
06:13:55,25.6,39.2
06:14:05,25.6,39.2
06:14:15,25.6,39.2
06:14:25,25.6,39.2
06:14:35,25.6,39.2
06:14:45,25.6,39.2
06:14:55,25.6,39.2
06:15:05,25.6,39.2
06:15:15,25.6,39.2
06:15:25,25.6,39.2
06:15:35,25.6,39.2
06:15:45,25.6,39.3
06:15:55,25.6,39.3
06:16:05,25.6,39.3
06:16:15,25.6,39.3
06:16:25,25.6,39.3
06:16:35,25.6,39.3
06:16:45,25.6,39.2
06:16:55,25.6,39.3
06:17:05,25.6,39.3
06:17:15,25.6,39.3
06:17:25,25.6,39.4
06:17:35,25.6,39.3
06:17:45,25.6,39.3
06:17:55,25.6,39.3
06:18:05,25.6,39.4
06:18:15,25.6,39.3
06:18:25,25.6,39.3
06:18:35,25.6,39.3
06:18:45,25.6,39.3
06:18:55,25.6,39.3
06:19:05,25.6,39.3
06:19:15,25.6,39.3
06:19:25,25.6,39.2
06:19:35,25.6,39.2
06:19:45,25.6,39.3
06:19:55,25.6,39.4
06:20:05,25.6,39.3
06:20:15,25.6,39.2
06:20:26,25.6,39.2
06:20:35,25.6,39.3
06:20:45,25.6,39.3
06:20:56,25.6,39.2
06:21:05,25.5,39.3
06:21:16,25.6,39.3
06:21:25,25.6,39.2
06:21:35,25.6,39.3
06:21:45,25.6,39.2
06:21:55,25.6,39.3
06:22:05,25.6,39.2
06:22:15,25.6,39.2
06:22:25,25.6,39.2
06:22:35,25.6,39.2
06:22:45,25.6,39.2
06:22:55,25.6,39.2
06:23:05,25.5,39.2
06:23:15,25.5,39.2
06:23:25,25.6,39.2
06:23:35,25.6,39.2
06:23:46,25.6,39.2
06:23:55,25.6,39.2
06:24:05,25.6,39.2
06:24:15,25.6,39.2
06:24:25,25.5,39.3
06:24:35,25.6,39.2
06:24:45,25.6,39.2
06:24:55,25.5,39.2
06:25:05,25.6,39.2
06:25:15,25.6,39.2
06:25:25,25.6,39.2
06:25:35,25.6,39.2
06:25:45,25.6,39.1
06:25:55,25.6,39.2
06:26:05,25.6,39.2
06:26:15,25.6,39.1
06:26:25,25.6,39.1
06:26:35,25.6,39.1
06:26:45,25.6,39.1
06:26:55,25.6,39.1
06:27:05,25.6,39.1
06:27:15,25.6,39.1
06:27:25,25.6,39.2
06:27:35,25.6,39.1
06:27:45,25.6,39.1
06:27:55,25.6,39.1
06:28:05,25.6,39.1
06:28:15,25.6,39.1
06:28:25,25.6,39.2
06:28:35,25.6,39.1
06:28:45,25.6,39.1
06:28:55,25.6,39.1
06:29:05,25.6,39.2
06:29:15,25.6,39.2
06:29:25,25.5,39.1
06:29:35,25.6,39.2
06:29:45,25.5,39.1
06:29:55,25.5,39.2
06:30:05,25.6,39.2
06:30:15,25.6,39.2
06:30:25,25.5,39.1
06:30:35,25.6,39.2
06:30:45,25.6,39.2
06:30:55,25.5,39.2
06:31:05,25.6,39.2
06:31:15,25.5,39.1
06:31:25,25.6,39.3
06:31:35,25.6,39.2
06:31:45,25.5,39.2
06:31:55,25.6,39.2
06:32:05,25.6,39.2
06:32:15,25.6,39.2
06:32:25,25.6,39.2
06:32:35,25.5,39.3
06:32:45,25.6,39.2
06:32:55,25.5,39.2
06:33:05,25.5,39.2
06:33:15,25.5,39.2
06:33:25,25.5,39.3
06:33:35,25.5,39.3
06:33:45,25.5,39.2
06:33:55,25.5,39.3
06:34:05,25.5,39.3
06:34:15,25.5,39.3
06:34:25,25.5,39.3
06:34:35,25.5,39.3
06:34:45,25.5,39.3
06:34:55,25.5,39.3
06:35:05,25.5,39.3
06:35:15,25.5,39.3
06:35:25,25.5,39.2
06:35:35,25.5,39.3
06:35:45,25.5,39.2
06:35:55,25.5,39.2
06:36:05,25.5,39.3
06:36:15,25.5,39.3
06:36:25,25.5,39.3
06:36:35,25.5,39.3
06:36:45,25.5,39.3
06:36:55,25.5,39.3
06:37:05,25.5,39.4
06:37:15,25.5,39.3
06:37:25,25.5,39.3
06:37:35,25.5,39.3
06:37:45,25.4,39.4
06:37:55,25.4,39.4
06:38:05,25.4,39.4
06:38:15,25.4,39.4
06:38:25,25.4,39.4
06:38:35,25.4,39.4
06:38:45,25.4,39.4
06:38:55,25.4,39.4
06:39:05,25.4,39.4
06:39:15,25.4,39.5
06:39:25,25.4,39.5
06:39:35,25.4,39.5
06:39:45,25.4,39.4
06:39:55,25.4,39.4
06:40:05,25.4,39.5
06:40:15,25.4,39.4
06:40:25,25.4,39.5
06:40:35,25.4,39.5
06:40:45,25.4,39.5
06:40:55,25.4,39.4
06:41:05,25.4,39.5
06:41:15,25.4,39.5
06:41:25,25.4,39.4
06:41:35,25.4,39.4
06:41:45,25.4,39.4
06:41:55,25.4,39.3
06:42:05,25.4,39.4
06:42:15,25.4,39.4
06:42:25,25.4,39.5
06:42:35,25.4,39.4
06:42:45,25.4,39.4
06:42:55,25.4,39.5
06:43:05,25.4,39.5
06:43:15,25.4,39.5
06:43:25,25.4,39.5
06:43:35,25.4,39.5
06:43:45,25.4,39.5
06:43:55,25.4,39.4
06:44:05,25.4,39.5
06:44:15,25.3,39.4
06:44:25,25.3,39.5
06:44:36,25.3,39.4
06:44:45,25.3,39.5
06:44:55,25.2,39.5
06:45:05,25.2,39.6
06:45:15,25.2,39.7
06:45:25,25.2,39.7
06:45:35,25.2,39.7
06:45:45,25.2,39.8
06:45:55,25.2,39.8
06:46:06,25.1,39.8
06:46:15,25.1,39.8
06:46:25,25.1,39.9
06:46:35,25.1,39.9
06:46:45,25.1,39.9
06:46:55,25.1,40.0
06:47:05,25.1,40.1
06:47:15,25.0,40.1
06:47:25,25.0,40.1
06:47:35,25.0,40.1
06:47:45,25.0,40.3
06:47:55,25.0,40.2
06:48:05,25.0,40.2
06:48:15,25.0,40.3
06:48:25,25.0,40.3
06:48:35,25.0,40.4
06:48:45,25.0,40.4
06:48:55,25.0,40.4
06:49:05,25.0,40.4
06:49:15,25.0,40.4
06:49:25,25.0,40.5
06:49:35,25.0,40.5
06:49:45,24.9,40.4
06:49:55,24.9,40.6
06:50:05,24.9,40.6
06:50:15,24.9,40.6
06:50:25,24.9,40.6
06:50:35,24.9,40.6
06:50:45,24.9,40.6
06:50:55,24.9,40.6
06:51:05,24.9,40.7
06:51:15,24.9,40.7
06:51:25,24.9,40.8
06:51:35,24.9,40.7
06:51:45,24.9,40.7
06:51:55,24.9,40.8
06:52:05,24.9,40.8
06:52:15,24.9,40.8
06:52:25,24.9,41.0
06:52:35,24.9,40.8
06:52:45,24.9,40.9
06:52:55,24.9,40.9
06:53:05,24.9,41.0
06:53:15,24.9,40.9
06:53:25,24.9,40.9
06:53:35,24.9,40.9
06:53:45,24.9,40.9
06:53:55,24.9,40.9
06:54:05,24.9,41.0
06:54:15,24.9,40.9
06:54:25,24.9,41.0
06:54:35,24.9,41.0
06:54:45,24.9,41.0
06:54:55,24.9,41.0
06:55:05,24.9,40.9
06:55:15,24.9,41.0
06:55:25,24.9,41.0
06:55:35,24.9,41.0
06:55:45,24.9,41.1
06:55:55,24.9,41.0
06:56:05,25.0,41.1
06:56:15,24.9,41.1
06:56:25,24.9,41.1
06:56:35,25.0,41.1
06:56:45,24.9,41.1
06:56:55,25.0,41.1
06:57:05,24.9,41.2
06:57:15,24.9,41.2
06:57:25,25.0,41.2
06:57:35,25.0,41.2
06:57:45,25.0,41.2
06:57:55,25.0,41.2
06:58:05,25.0,41.1
06:58:15,25.0,41.2
06:58:25,25.0,41.2
06:58:35,25.0,41.3
06:58:45,25.0,41.2
06:58:55,25.0,41.2
06:59:05,25.0,41.3
06:59:15,25.0,41.4
06:59:25,25.0,41.3
06:59:35,25.0,41.3
06:59:45,25.0,41.4
06:59:55,25.0,41.3
07:00:05,25.0,41.3
07:00:15,25.0,41.4
07:00:25,25.0,41.3
07:00:35,25.0,41.3
07:00:45,25.0,41.3
07:00:55,25.0,41.3
07:01:05,25.0,41.2
07:01:15,25.0,41.4
07:01:25,25.0,41.3
07:01:35,25.0,41.4
07:01:45,25.0,41.4
07:01:55,25.0,41.4
07:02:05,25.0,41.4
07:02:15,25.0,41.4
07:02:25,25.0,41.4
07:02:35,25.0,41.4
07:02:45,25.0,41.4
07:02:55,25.0,41.4
07:03:05,25.0,41.4
07:03:15,25.0,41.5
07:03:25,25.0,41.4
07:03:35,25.0,41.5
07:03:45,25.0,41.5
07:03:55,25.0,41.4
07:04:05,25.0,41.5
07:04:15,25.0,41.5
07:04:25,25.0,41.4
07:04:35,25.0,41.5
07:04:45,25.0,41.5
07:04:55,25.0,41.5
07:05:05,25.0,41.5
07:05:15,25.0,41.4
07:05:25,25.0,41.5
07:05:35,25.0,41.5
07:05:45,25.0,41.5
07:05:55,25.0,41.4
07:06:05,25.0,41.5
07:06:15,25.0,41.6
07:06:25,25.0,41.5
07:06:35,25.0,41.5
07:06:45,25.0,41.4
07:06:55,25.0,41.6
07:07:05,25.0,41.5
07:07:15,25.0,41.6
07:07:25,25.0,41.6
07:07:35,25.0,41.6
07:07:45,25.0,41.6
07:07:55,25.0,41.7
07:08:05,25.0,41.5
07:08:15,25.0,41.5
07:08:25,25.0,41.5
07:08:35,25.1,41.6
07:08:45,25.0,41.5
07:08:55,25.0,41.4
07:09:05,25.0,41.5
07:09:15,25.0,41.4
07:09:25,25.0,41.3
07:09:35,25.0,41.3
07:09:45,25.0,41.2
07:09:55,25.0,41.3
07:10:05,25.0,41.2
07:10:15,25.0,41.2
07:10:25,25.0,41.2
07:10:35,25.0,41.3
07:10:45,25.0,41.1
07:10:55,25.0,41.1
07:11:05,25.0,41.1
07:11:15,25.0,41.1
07:11:25,25.0,40.8
07:11:35,25.0,40.7
07:11:45,25.0,40.6
07:11:55,25.0,40.7
07:12:05,25.0,40.8
07:12:15,25.0,40.8
07:12:25,25.0,40.8
07:12:35,25.0,40.8
07:12:45,25.0,40.9
07:12:55,25.0,40.9
07:13:05,25.1,41.0
07:13:15,25.1,41.1
07:13:25,25.1,41.1
07:13:35,25.1,41.1
07:13:45,25.1,41.2
07:13:55,25.1,41.2
07:14:05,25.1,41.3
07:14:15,25.1,41.3
07:14:25,25.0,41.3
07:14:35,25.1,41.2
07:14:45,25.0,41.3
07:14:55,25.1,41.4
07:15:05,25.1,41.2
07:15:15,25.1,41.2
07:15:25,25.0,41.3
07:15:35,25.1,41.4
07:15:45,25.1,41.3
07:15:55,25.1,41.3
07:16:05,25.1,41.2
07:16:15,25.1,41.4
07:16:25,25.1,41.3
07:16:35,25.1,41.4
07:16:45,25.1,41.4
07:16:55,25.1,41.4
07:17:05,25.1,41.4
07:17:15,25.1,41.4
07:17:25,25.1,41.4
07:17:35,25.0,41.4
07:17:45,25.1,41.4
07:17:55,25.0,41.3
07:18:05,25.1,41.3
07:18:15,25.0,41.3
07:18:25,25.0,41.1
07:18:35,25.0,41.2
07:18:45,25.1,41.1
07:18:55,25.0,41.2
07:19:05,25.0,41.0
07:19:15,25.1,41.2
07:19:25,25.1,41.3
07:19:35,25.0,41.2
07:19:45,25.1,41.3
07:19:55,25.1,41.3
07:20:05,25.1,41.3
07:20:15,25.1,41.3
07:20:25,25.1,41.2
07:20:35,25.1,41.3
07:20:45,25.1,41.3
07:20:55,25.1,41.3
07:21:05,25.1,41.3
07:21:15,25.1,41.4
07:21:25,25.1,41.4
07:21:35,25.1,41.5
07:21:45,25.1,41.5
07:21:55,25.1,41.6
07:22:05,25.1,41.6
07:22:15,25.1,41.6
07:22:25,25.1,41.6
07:22:35,25.0,41.6
07:22:45,25.1,41.7
07:22:55,25.0,41.6
07:23:05,25.1,41.7
07:23:15,25.0,41.6
07:23:25,25.0,41.7
07:23:35,25.0,41.7
07:23:45,25.0,41.6
07:23:55,25.0,41.7
07:24:05,25.0,41.7
07:24:15,25.0,41.7
07:24:25,25.0,41.8
07:24:35,25.0,41.8
07:24:45,25.0,41.7
07:24:55,25.0,41.7
07:25:05,25.0,41.6
07:25:15,25.0,41.6
07:25:25,25.0,41.5
07:25:35,25.0,41.6
07:25:45,25.0,41.6
07:25:55,25.0,41.6
07:26:05,24.9,41.5
07:26:15,25.0,41.6
07:26:25,25.0,41.5
07:26:35,25.0,41.6
07:26:45,25.0,41.5
07:26:55,25.0,41.6
07:27:05,25.0,41.6
07:27:15,25.0,41.6
07:27:25,25.0,41.5
07:27:35,25.0,41.7
07:27:45,25.0,41.7
07:27:55,25.0,41.6
07:28:05,25.0,41.7
07:28:15,25.0,41.7
07:28:25,25.0,41.7
07:28:35,25.0,41.8
07:28:45,25.0,41.8
07:28:55,25.0,41.8
07:29:05,25.0,41.8
07:29:15,25.0,41.8
07:29:25,25.0,41.8
07:29:35,25.0,42.0
07:29:45,25.0,41.8
07:29:55,25.0,41.9
07:30:05,25.0,42.0
07:30:15,25.0,41.9
07:30:25,25.0,41.9
07:30:35,25.0,42.0
07:30:45,25.0,41.9
07:30:55,25.0,42.0
07:31:05,24.9,42.1
07:31:15,25.0,42.1
07:31:25,25.0,42.1
07:31:35,25.0,42.1
07:31:45,25.0,42.1
07:31:55,24.9,42.1
07:32:05,24.9,42.1
07:32:15,24.9,42.3
07:32:25,24.9,42.3
07:32:35,24.9,42.2
07:32:45,24.9,42.2
07:32:55,24.9,42.2
07:33:05,24.9,42.2
07:33:15,24.9,42.2
07:33:25,24.9,42.2
07:33:35,24.9,42.2
07:33:45,24.9,42.2
07:33:55,24.9,42.2
07:34:05,24.9,42.2
07:34:15,24.9,42.3
07:34:25,24.9,42.2
07:34:35,24.9,42.2
07:34:45,24.9,42.2
07:34:55,24.9,42.1
07:35:05,24.9,42.2
07:35:15,24.9,42.2
07:35:25,24.9,42.1
07:35:35,24.9,42.1
07:35:45,24.9,42.2
07:35:55,24.9,42.2
07:36:05,24.9,42.1
07:36:15,24.9,42.1
07:36:25,24.9,42.2
07:36:35,24.9,42.2
07:36:45,24.9,42.2
07:36:55,24.9,42.2
07:37:05,24.9,42.2
07:37:15,24.9,42.2
07:37:25,24.9,42.3
07:37:35,24.9,42.3
07:37:45,24.9,42.3
07:37:55,24.9,42.3
07:38:05,24.9,42.4
07:38:15,24.9,42.4
07:38:25,24.9,42.4
07:38:35,24.9,42.4
07:38:45,24.9,42.3
07:38:55,24.9,42.4
07:39:05,24.9,42.4
07:39:15,24.9,42.3
07:39:25,24.9,42.4
07:39:35,24.9,42.5
07:39:45,24.9,42.4
07:39:55,24.9,42.5
07:40:05,24.9,42.4
07:40:15,24.9,42.4
07:40:25,24.9,42.4
07:40:35,25.0,42.4
07:40:45,24.9,42.5
07:40:55,24.9,42.6
07:41:05,24.9,42.5
07:41:15,24.9,42.6
07:41:25,24.9,42.6
07:41:35,25.0,42.6
07:41:45,25.0,42.5
07:41:55,25.0,42.6
07:42:05,25.0,42.6
07:42:15,24.9,42.6
07:42:25,25.0,42.6
07:42:35,25.0,42.7
07:42:45,25.0,42.6
07:42:55,25.0,42.7
07:43:05,25.0,42.7
07:43:15,25.0,42.7
07:43:25,25.0,42.7
07:43:35,25.0,42.6
07:43:45,25.0,42.7
07:43:55,25.0,42.7
07:44:05,25.0,42.8
07:44:15,25.0,42.7
07:44:25,25.0,42.8
07:44:35,25.0,42.8
07:44:45,25.0,42.9
07:44:55,25.0,42.8
07:45:05,24.9,42.8
07:45:15,25.0,42.8
07:45:25,25.0,42.9
07:45:35,25.0,42.8
07:45:45,25.0,42.9
07:45:55,25.0,42.9
07:46:05,25.0,42.9
07:46:15,25.0,42.8
07:46:25,25.0,42.8
07:46:35,25.0,42.9
07:46:45,25.0,42.9
07:46:55,25.0,42.9
07:47:05,25.0,43.0
07:47:15,25.0,42.9
07:47:25,25.0,42.9
07:47:35,25.0,43.0
07:47:45,25.0,43.0
07:47:55,25.0,43.0
07:48:05,25.0,43.0
07:48:15,25.0,43.0
07:48:25,25.0,43.1
07:48:35,25.0,43.0
07:48:45,25.0,43.1
07:48:55,25.0,43.1
07:49:05,25.0,43.1
07:49:15,25.0,43.1
07:49:25,25.0,43.2
07:49:35,25.0,43.1
07:49:45,25.0,43.1
07:49:55,25.0,43.2
07:50:05,25.0,43.2
07:50:15,25.0,43.3
07:50:25,25.0,43.3
07:50:35,25.0,43.4
07:50:45,25.0,43.3
07:50:55,25.0,43.4
07:51:05,25.0,43.3
07:51:15,25.0,43.3
07:51:25,25.0,43.4
07:51:35,25.0,43.4
07:51:45,25.0,43.3
07:51:55,25.0,43.3
07:52:05,25.0,43.4
07:52:15,25.0,43.4
07:52:25,25.0,43.3
07:52:35,25.0,43.4
07:52:45,25.0,43.5
07:52:55,25.0,43.4
07:53:05,25.0,43.4
07:53:15,25.0,43.4
07:53:25,25.0,43.4
07:53:35,25.0,43.5
07:53:45,25.0,43.4
07:53:55,25.0,43.5
07:54:05,25.0,43.5
07:54:15,25.0,43.5
07:54:25,25.0,43.5
07:54:35,25.0,43.5
07:54:45,25.0,43.5
07:54:55,25.0,43.6
07:55:05,25.0,43.5
07:55:15,25.0,43.6
07:55:25,25.0,43.5
07:55:35,25.0,43.5
07:55:45,25.0,43.5
07:55:55,25.0,43.5
07:56:05,25.0,43.6
07:56:15,25.0,43.7
07:56:25,25.0,43.6
07:56:35,25.0,43.6
07:56:45,25.0,43.7
07:56:55,25.0,43.8
07:57:05,25.0,43.7
07:57:15,25.0,43.8
07:57:25,25.0,43.8
07:57:35,25.0,43.8
07:57:45,25.0,43.7
07:57:55,25.0,43.8
07:58:05,25.0,43.9
07:58:15,25.0,43.8
07:58:25,25.0,43.8
07:58:35,25.0,43.8
07:58:45,25.0,43.8
07:58:55,25.0,43.8
07:59:05,25.0,43.9
07:59:15,25.0,43.8
07:59:25,25.0,43.9
07:59:35,25.0,43.9
07:59:45,25.0,43.8
07:59:55,25.1,43.9
08:00:05,25.0,43.9
08:00:15,25.1,43.9
08:00:25,25.0,43.9
08:00:35,25.0,44.0
08:00:45,25.0,43.9
08:00:55,25.0,43.8
08:01:05,25.1,44.0
08:01:15,25.0,44.0
08:01:25,25.1,43.9
08:01:35,25.1,43.8
08:01:45,25.1,43.9
08:01:55,25.1,44.0
08:02:05,25.1,44.0
08:02:15,25.1,43.9
08:02:25,25.1,44.0
08:02:35,25.1,44.0
08:02:45,25.1,44.0
08:02:55,25.1,44.0
08:03:05,25.1,44.0
08:03:15,25.1,44.1
08:03:25,25.1,44.1
08:03:35,25.1,44.2
08:03:45,25.1,44.0
08:03:55,25.1,44.1
08:04:05,25.1,44.0
08:04:15,25.1,44.1
08:04:25,25.1,44.1
08:04:35,25.1,44.1
08:04:45,25.1,44.2
08:04:55,25.1,44.2
08:05:05,25.1,44.2
08:05:15,25.1,44.3
08:05:25,25.1,44.2
08:05:35,25.1,44.2
08:05:45,25.1,44.3
08:05:55,25.1,44.3
08:06:05,25.1,44.2
08:06:15,25.1,44.2
08:06:25,25.1,44.2
08:06:35,25.1,44.2
08:06:45,25.1,44.2
08:06:55,25.1,44.3
08:07:05,25.1,44.3
08:07:15,25.1,44.3
08:07:25,25.1,44.4
08:07:35,25.1,44.3
08:07:45,25.1,44.3
08:07:55,25.1,44.2
08:08:05,25.1,44.3
08:08:15,25.1,44.4
08:08:25,25.1,44.2
08:08:35,25.1,44.2
08:08:45,25.1,44.3
08:08:55,25.1,44.4
08:09:05,25.1,44.3
08:09:15,25.1,44.2
08:09:25,25.1,44.3
08:09:35,25.1,44.3
08:09:46,25.1,44.3
08:09:58,25.1,44.3
08:10:06,25.1,44.3
08:10:18,25.1,44.2
08:10:28,25.1,44.2
08:10:35,25.1,44.3
08:10:46,25.1,44.3
08:10:55,25.1,44.2
08:11:08,25.1,44.1
08:11:16,25.2,44.2
08:11:26,25.1,44.2
08:11:38,25.1,44.1
08:11:48,25.1,44.2
08:11:58,25.2,44.2
08:12:08,25.1,44.2
08:12:16,25.1,44.1
08:12:25,25.2,44.1
08:12:37,25.1,44.0
08:12:48,25.2,44.1
08:12:56,25.2,44.1
08:13:06,25.2,44.1
08:13:18,25.1,44.0
08:13:28,25.1,44.1
08:13:37,25.2,44.1
08:13:48,25.2,44.1
08:13:55,25.1,44.2
08:14:06,25.2,44.2
08:14:15,25.2,44.2
08:14:28,25.2,44.1
08:14:38,25.2,44.1
08:14:45,25.2,44.2
08:14:55,25.2,44.2
08:15:06,25.1,44.2
08:15:15,25.1,44.2
08:15:28,25.2,44.2
08:15:35,25.2,44.2
08:15:46,25.2,44.3
08:15:55,25.2,44.2
08:16:05,25.2,44.2
08:16:16,25.2,44.3
08:16:28,25.2,44.3
08:16:37,25.2,44.4
08:16:47,25.2,44.3
08:16:55,25.2,44.3
08:17:06,25.2,44.3
08:17:15,25.2,44.4
08:17:25,25.2,44.3
08:17:35,25.2,44.3
08:17:45,25.2,44.3
08:17:57,25.2,44.3
08:18:05,25.2,44.3
08:18:15,25.2,44.5
08:18:28,25.2,44.3
08:18:38,25.2,44.4
08:18:45,25.2,44.3
08:18:55,25.2,44.3
08:19:05,25.2,44.4
08:19:15,25.2,44.4
08:19:28,25.2,44.5
08:19:36,25.2,44.4
08:19:46,25.2,44.5
08:19:58,25.2,44.5
08:20:08,25.2,44.5
08:20:15,25.2,44.6
08:20:25,25.2,44.5
08:20:35,25.2,44.5
08:20:47,25.2,44.5
08:20:58,25.2,44.6
08:21:07,25.2,44.5
08:21:16,25.2,44.6
08:21:28,25.2,44.5
08:21:36,25.2,44.6
08:21:48,25.2,44.6
08:21:55,25.2,44.6
08:22:05,25.2,44.5
08:22:17,25.2,44.7
08:22:26,25.2,44.7
08:22:36,25.2,44.6
08:22:45,25.2,44.6
08:22:55,25.2,44.7
08:23:05,25.2,44.6
08:23:15,25.2,44.6
08:23:25,25.2,44.7
08:23:35,25.2,44.6
08:23:45,25.2,44.7
08:23:55,25.2,44.7
08:24:05,25.2,44.7
08:24:15,25.2,44.6
08:24:25,25.2,44.6
08:24:35,25.2,44.6
08:24:45,25.2,44.5
08:24:55,25.2,44.6
08:25:05,25.2,44.6
08:25:15,25.2,44.5
08:25:27,25.2,44.5
08:25:37,25.2,44.6
08:25:45,25.2,44.6
08:25:56,25.2,44.6
08:26:05,25.2,44.6
08:26:18,25.2,44.6
08:26:27,25.2,44.6
08:26:37,25.2,44.4
08:26:45,25.2,44.5
08:26:56,25.2,44.5
08:27:06,25.2,44.5
08:27:18,25.2,44.5
08:27:25,25.2,44.5
08:27:38,25.2,44.5
08:27:46,25.2,44.5
08:27:58,25.2,44.6
08:28:08,25.2,44.5
08:28:16,25.2,44.6
08:28:28,25.2,44.6
08:28:38,25.2,44.6
08:28:45,25.2,44.5
08:28:58,25.2,44.6
08:29:05,25.2,44.6
08:29:18,25.2,44.7
08:29:25,25.2,44.7
08:29:38,25.2,44.6
08:29:46,25.2,44.6
08:29:55,25.2,44.6
08:30:06,25.2,44.6
08:30:15,25.2,44.6
08:30:26,25.2,44.6
08:30:36,25.2,44.6
08:30:45,25.2,44.6
08:30:57,25.2,44.6
08:31:05,25.2,44.6
08:31:16,25.2,44.7
08:31:28,25.2,44.6
08:31:38,25.2,44.6
08:31:48,25.2,44.5
08:31:58,25.2,44.5
08:32:07,25.2,44.6
08:32:18,25.2,44.5
08:32:26,25.2,44.6
08:32:35,25.2,44.6
08:32:45,25.2,44.6
08:32:55,25.2,44.6
08:33:07,25.2,44.6
08:33:15,25.2,44.6
08:33:26,25.2,44.6
08:33:35,25.2,44.5
08:33:48,25.2,44.5
08:33:55,25.2,44.6
08:34:05,25.2,44.6
08:34:18,25.2,44.5
08:34:26,25.2,44.4
08:34:38,25.2,44.5
08:34:45,25.2,44.5
08:34:56,25.2,44.5
08:35:08,25.2,44.5
08:35:18,25.2,44.6
08:35:25,25.2,44.6
08:35:35,25.2,44.6
08:35:48,25.2,44.6
08:35:58,25.2,44.6
08:36:08,25.2,44.7
08:36:17,25.2,44.7
08:36:28,25.3,44.7
08:36:35,25.3,44.7
08:36:45,25.3,44.7
08:36:58,25.3,44.7
08:37:05,25.2,44.7
08:37:18,25.3,44.7
08:37:28,25.3,44.7
08:37:38,25.2,44.7
08:37:46,25.3,44.7
08:37:55,25.2,44.6
08:38:08,25.2,44.6
08:38:15,25.2,44.7
08:38:26,25.2,44.7
08:38:36,25.2,44.7
08:38:48,25.2,44.6
08:38:58,25.2,44.6
08:39:05,25.3,44.7
08:39:18,25.3,44.6
08:39:28,25.2,44.7
08:39:38,25.3,44.7
08:39:47,25.3,44.7
08:39:56,25.3,44.7
08:40:06,25.3,44.7
08:40:18,25.3,44.7
08:40:28,25.3,44.7
08:40:36,25.3,44.6
08:40:47,25.3,44.7
08:40:58,25.3,44.7
08:41:08,25.3,44.7
08:41:18,25.3,44.8
08:41:25,25.3,44.9
08:41:36,25.3,44.8
08:41:45,25.3,44.8
08:41:58,25.3,44.7
08:42:06,25.3,44.8
08:42:16,25.3,44.8
08:42:26,25.3,44.8
08:42:36,25.3,44.8
08:42:48,25.4,44.8
08:42:55,25.4,44.8
08:43:05,25.4,44.9
08:43:15,25.4,44.7
08:43:25,25.4,44.8
08:43:35,25.4,44.8
08:43:45,25.4,44.7
08:43:55,25.4,44.7
08:44:05,25.4,44.7
08:44:15,25.4,44.7
08:44:25,25.4,44.6
08:44:35,25.4,44.8
08:44:45,25.4,44.7
08:44:55,25.4,44.7
08:45:05,25.4,44.8
08:45:15,25.4,44.7
08:45:25,25.4,44.8
08:45:35,25.4,44.7
08:45:45,25.4,44.7
08:45:55,25.4,44.7
08:46:05,25.5,44.7
08:46:15,25.4,44.7
08:46:25,25.5,44.8
08:46:35,25.5,44.8
08:46:45,25.5,44.8
08:46:55,25.5,44.7
08:47:05,25.5,44.7
08:47:15,25.4,44.7
08:47:25,25.5,44.6
08:47:35,25.5,44.7
08:47:45,25.5,44.7
08:47:55,25.5,44.7
08:48:05,25.5,44.6
08:48:15,25.5,44.7
08:48:25,25.5,44.7
08:48:35,25.5,44.7
08:48:45,25.5,44.7
08:48:55,25.5,44.6
08:49:05,25.5,44.7
08:49:15,25.5,44.6
08:49:25,25.5,44.6
08:49:35,25.5,44.6
08:49:45,25.5,44.6
08:49:55,25.5,44.6
08:50:05,25.5,44.6
08:50:15,25.5,44.6
08:50:25,25.5,44.6
08:50:35,25.5,44.6
08:50:45,25.5,44.7
08:50:55,25.5,44.7
08:51:05,25.5,44.6
08:51:15,25.5,44.6
08:51:25,25.5,44.7
08:51:35,25.5,44.6
08:51:45,25.5,44.7
08:51:55,25.5,44.7
08:52:05,25.5,44.7
08:52:15,25.5,44.7
08:52:25,25.5,44.8
08:52:35,25.5,44.7
08:52:45,25.5,44.9
08:52:55,25.4,44.8
08:53:05,25.4,44.8
08:53:15,25.4,44.8
08:53:25,25.4,44.9
08:53:35,25.4,45.0
08:53:45,25.4,44.9
08:53:55,25.4,44.9
08:54:05,25.4,44.9
08:54:15,25.4,44.9
08:54:25,25.4,44.8
08:54:35,25.4,44.8
08:54:45,25.4,44.9
08:54:55,25.4,44.8
08:55:05,25.4,44.8
08:55:15,25.4,44.8
08:55:25,25.4,44.8
08:55:35,25.4,44.8
08:55:45,25.4,44.8
08:55:55,25.4,44.8
08:56:05,25.4,44.8
08:56:15,25.4,44.8
08:56:25,25.4,44.9
08:56:35,25.4,44.8
08:56:45,25.4,44.8
08:56:55,25.4,44.8
08:57:05,25.4,44.8
08:57:15,25.4,44.9
08:57:25,25.4,44.8
08:57:35,25.5,44.8
08:57:45,25.4,44.7
08:57:55,25.5,44.8
08:58:05,25.5,44.7
08:58:15,25.5,44.8
08:58:25,25.5,44.7
08:58:35,25.5,44.8
08:58:45,25.4,44.7
08:58:55,25.4,44.8
08:59:05,25.4,44.8
08:59:15,25.5,44.8
08:59:25,25.4,44.7
08:59:35,25.4,44.8
08:59:45,25.5,44.8
08:59:55,25.5,44.8
09:00:05,25.5,44.9
09:00:15,25.5,44.8
09:00:25,25.5,44.7
09:00:35,25.5,44.8
09:00:45,25.5,44.8
09:00:55,25.4,44.8
09:01:05,25.5,44.8
09:01:15,25.4,44.9
09:01:25,25.4,44.8
09:01:35,25.4,44.9
09:01:45,25.5,44.8
09:01:55,25.5,44.8
09:02:05,25.4,44.9
09:02:15,25.4,44.8
09:02:25,25.5,44.9
09:02:35,25.5,44.9
09:02:45,25.5,44.8
09:02:55,25.4,44.9
09:03:05,25.4,44.9
09:03:15,25.4,44.9
09:03:25,25.5,44.9
09:03:35,25.4,45.0
09:03:45,25.5,45.0
09:03:55,25.4,45.0
09:04:05,25.4,45.0
09:04:15,25.5,45.1
09:04:25,25.5,45.1
09:04:35,25.5,45.1
09:04:45,25.5,45.1
09:04:55,25.4,45.2
09:05:05,25.5,45.1
09:05:15,25.5,45.1
09:05:25,25.5,45.1
09:05:35,25.5,45.0
09:05:45,25.5,45.1
09:05:55,25.5,45.1
09:06:05,25.5,45.1
09:06:15,25.5,45.1
09:06:25,25.5,45.1
09:06:35,25.5,45.1
09:06:45,25.5,45.1
09:06:55,25.5,45.2
09:07:05,25.5,45.1
09:07:15,25.5,45.1
09:07:25,25.5,45.2
09:07:35,25.5,45.1
09:07:45,25.5,45.2
09:07:55,25.5,45.1
09:08:05,25.5,45.2
09:08:15,25.5,45.3
09:08:25,25.5,45.3
09:08:35,25.5,45.2
09:08:45,25.5,45.3
09:08:56,25.5,45.3
09:09:05,25.5,45.2
09:09:15,25.5,45.2
09:09:25,25.5,45.2
09:09:35,25.5,45.2
09:09:45,25.5,45.2
09:09:55,25.5,45.3
09:10:05,25.5,45.3
09:10:15,25.5,45.3
09:10:25,25.5,45.4
09:10:35,25.5,45.3
09:10:45,25.5,45.3
09:10:55,25.5,45.3
09:11:05,25.5,45.3
09:11:15,25.5,45.2
09:11:25,25.5,45.3
09:11:35,25.5,45.2
09:11:45,25.5,45.3
09:11:55,25.5,45.2
09:12:05,25.5,45.3
09:12:15,25.5,45.3
09:12:25,25.5,45.3
09:12:35,25.5,45.2
09:12:45,25.5,45.2
09:12:55,25.5,45.3
09:13:05,25.5,45.3
09:13:15,25.6,45.3
09:13:25,25.6,45.4
09:13:35,25.6,45.3
09:13:45,25.6,45.3
09:13:55,25.5,45.3
09:14:05,25.5,45.3
09:14:15,25.5,45.2
09:14:25,25.5,45.3
09:14:35,25.5,45.3
09:14:45,25.5,45.3
09:14:55,25.6,45.4
09:15:06,25.6,45.3
09:15:15,25.5,45.3
09:15:25,25.5,45.2
09:15:35,25.6,45.2
09:15:45,25.6,45.2
09:15:55,25.6,45.1
09:16:05,25.6,45.2
09:16:15,25.6,45.2
09:16:25,25.6,45.1
09:16:35,25.6,45.2
09:16:45,25.6,45.2
09:16:55,25.6,45.3
09:17:05,25.6,45.2
09:17:15,25.6,45.2
09:17:25,25.6,45.3
09:17:35,25.6,45.3
09:17:45,25.6,45.4
09:17:55,25.6,45.4
09:18:05,25.6,45.4
09:18:15,25.6,45.3
09:18:25,25.6,45.2
09:18:35,25.6,45.2
09:18:45,25.6,45.2
09:18:55,25.5,45.2
09:19:05,25.5,45.2
09:19:15,25.6,45.2
09:19:25,25.5,45.3
09:19:35,25.5,45.2
09:19:45,25.6,45.2
09:19:55,25.5,45.2
09:20:05,25.5,45.2
09:20:15,25.6,45.2
09:20:25,25.6,45.3
09:20:35,25.6,45.3
09:20:45,25.6,45.3
09:20:55,25.6,45.3
09:21:05,25.6,45.4
09:21:15,25.6,45.4
09:21:25,25.6,45.5
09:21:35,25.6,45.5
09:21:45,25.6,45.5
09:21:55,25.6,45.4
09:22:05,25.6,45.4
09:22:15,25.6,45.4
09:22:25,25.6,45.4
09:22:35,25.6,45.4
09:22:45,25.6,45.3
09:22:55,25.6,45.3
09:23:05,25.6,45.4
09:23:15,25.6,45.3
09:23:25,25.6,45.4
09:23:35,25.6,45.4
09:23:45,25.6,45.3
09:23:55,25.6,45.3
09:24:05,25.6,45.3
09:24:15,25.6,45.2
09:24:25,25.6,45.3
09:24:35,25.6,45.3
09:24:45,25.6,45.2
09:24:55,25.6,45.2
09:25:05,25.6,45.3
09:25:15,25.6,45.2
09:25:25,25.6,45.2
09:25:35,25.6,45.2
09:25:45,25.6,45.2
09:25:55,25.6,45.1
09:26:05,25.6,45.2
09:26:15,25.6,45.1
09:26:25,25.6,45.1
09:26:35,25.6,45.1
09:26:45,25.6,45.1
09:26:55,25.6,45.1
09:27:05,25.6,45.1
09:27:15,25.6,45.1
09:27:25,25.6,45.2
09:27:35,25.6,45.1
09:27:45,25.6,45.2
09:27:55,25.6,45.2
09:28:05,25.6,45.2
09:28:15,25.6,45.2
09:28:25,25.6,45.3
09:28:35,25.6,45.2
09:28:45,25.6,45.2
09:28:55,25.6,45.2
09:29:05,25.6,45.3
09:29:15,25.6,45.2
09:29:25,25.6,45.2
09:29:35,25.6,45.2
09:29:45,25.6,45.2
09:29:55,25.6,45.2
09:30:05,25.6,45.2
09:30:15,25.6,45.2
09:30:25,25.6,45.1
09:30:35,25.6,45.2
09:30:45,25.6,45.2
09:30:55,25.6,45.2
09:31:05,25.6,45.2
09:31:15,25.6,45.1
09:31:25,25.6,45.2
09:31:35,25.6,45.2
09:31:45,25.6,45.2
09:31:55,25.6,45.2
09:32:05,25.6,45.3
09:32:15,25.6,45.3
09:32:25,25.6,45.3
09:32:35,25.6,45.3
09:32:45,25.6,45.2
09:32:55,25.6,45.2
09:33:05,25.6,45.2
09:33:15,25.6,45.1
09:33:25,25.6,45.2
09:33:35,25.6,45.2
09:33:45,25.7,45.1
09:33:55,25.6,45.2
09:34:05,25.6,45.2
09:34:15,25.6,45.2
09:34:25,25.6,45.3
09:34:35,25.6,45.1
09:34:45,25.7,45.2
09:34:55,25.6,45.1
09:35:05,25.6,45.0
09:35:15,25.6,45.1
09:35:25,25.7,45.1
09:35:35,25.6,45.1
09:35:45,25.7,45.1
09:35:55,25.6,45.2
09:36:05,25.7,45.1
09:36:15,25.7,45.1
09:36:25,25.7,45.1
09:36:35,25.7,45.1
09:36:45,25.7,45.2
09:36:55,25.7,45.1
09:37:05,25.7,45.1
09:37:15,25.7,45.2
09:37:25,25.7,45.2
09:37:35,25.7,45.3
09:37:45,25.7,45.3
09:37:55,25.7,45.3
09:38:05,25.7,45.3
09:38:15,25.7,45.2
09:38:25,25.7,45.3
09:38:35,25.7,45.3
09:38:45,25.7,45.3
09:38:55,25.7,45.3
09:39:05,25.7,45.3
09:39:15,25.7,45.3
09:39:25,25.7,45.3
09:39:35,25.7,45.3
09:39:45,25.7,45.2
09:39:55,25.7,45.2
09:40:05,25.7,45.3
09:40:15,25.7,45.2
09:40:25,25.7,45.2
09:40:35,25.7,45.2
09:40:45,25.7,45.2
09:40:55,25.7,45.3
09:41:05,25.7,45.2
09:41:15,25.7,45.2
09:41:25,25.7,45.3
09:41:35,25.7,45.3
09:41:45,25.7,45.3
09:41:55,25.7,45.4
09:42:05,25.7,45.3
09:42:15,25.7,45.4
09:42:25,25.7,45.4
09:42:35,25.7,45.3
09:42:45,25.7,45.4
09:42:55,25.7,45.3
09:43:05,25.7,45.3
09:43:15,25.7,45.4
09:43:25,25.7,45.4
09:43:35,25.7,45.4
09:43:45,25.7,45.4
09:43:55,25.7,45.5
09:44:05,25.7,45.5
09:44:15,25.7,45.6
09:44:25,25.7,45.5
09:44:35,25.7,45.5
09:44:45,25.7,45.4
09:44:55,25.8,45.4
09:45:05,25.7,45.4
09:45:15,25.7,45.4
09:45:25,25.7,45.3
09:45:35,25.8,45.4
09:45:45,25.8,45.3
09:45:55,25.7,45.3
09:46:05,25.8,45.3
09:46:15,25.8,45.3
09:46:25,25.7,45.3
09:46:35,25.8,45.3
09:46:45,25.8,45.3
09:46:55,25.8,45.4
09:47:05,25.7,45.4
09:47:15,25.7,45.4
09:47:25,25.8,45.5
09:47:35,25.8,45.5
09:47:45,25.7,45.5
09:47:55,25.8,45.5
09:48:05,25.7,45.5
09:48:15,25.7,45.4
09:48:25,25.7,45.5
09:48:35,25.7,45.4
09:48:45,25.8,45.4
09:48:55,25.8,45.4
09:49:05,25.8,45.4
09:49:15,25.7,45.4
09:49:25,25.8,45.4
09:49:35,25.7,45.4
09:49:45,25.8,45.4
09:49:55,25.7,45.4
09:50:05,25.8,45.5
09:50:15,25.7,45.4
09:50:25,25.8,45.4
09:50:35,25.8,45.4
09:50:45,25.8,45.4
09:50:55,25.8,45.4
09:51:05,25.8,45.4
09:51:15,25.8,45.5
09:51:25,25.8,45.5
09:51:35,25.8,45.5
09:51:45,25.8,45.5
09:51:55,25.8,45.6
09:52:05,25.8,45.6
09:52:15,25.8,45.7
09:52:25,25.8,45.7
09:52:35,25.8,45.7
09:52:45,25.8,45.6
09:52:55,25.8,45.7
09:53:05,25.8,45.7
09:53:15,25.8,45.8
09:53:25,25.8,45.7
09:53:35,25.8,45.7
09:53:45,25.8,45.6
09:53:55,25.8,45.6
09:54:05,25.9,45.5
09:54:15,25.8,45.5
09:54:25,25.8,45.5
09:54:35,25.8,45.5
09:54:45,25.8,45.4
09:54:55,25.8,45.4
09:55:05,25.8,45.4
09:55:15,25.8,45.4
09:55:25,25.8,45.5
09:55:35,25.8,45.4
09:55:45,25.8,45.4
09:55:55,25.8,45.4
09:56:05,25.8,45.3
09:56:15,25.8,45.3
09:56:25,25.8,45.3
09:56:35,25.9,45.2
09:56:45,25.8,45.2
09:56:55,25.9,45.2
09:57:05,25.8,45.1
09:57:15,25.8,45.1
09:57:25,25.8,45.1
09:57:35,25.8,45.1
09:57:45,25.8,45.1
09:57:55,25.8,45.0
09:58:05,25.8,45.1
09:58:15,25.8,45.1
09:58:25,25.8,45.0
09:58:35,25.8,45.1
09:58:45,25.8,45.1
09:58:55,25.8,45.1
09:59:05,25.8,45.1
09:59:15,25.8,45.1
09:59:25,25.8,45.1
09:59:35,25.8,45.1
09:59:45,25.8,45.1
09:59:55,25.8,45.1
10:00:05,25.8,45.1
10:00:15,25.8,45.1
10:00:25,25.8,45.1
10:00:35,25.8,45.1
10:00:45,25.8,45.1
10:00:55,25.8,45.0
10:01:05,25.8,45.1
10:01:15,25.8,45.1
10:01:25,25.8,45.1
10:01:35,25.8,45.1
10:01:45,25.8,45.1
10:01:55,25.8,45.1
10:02:05,25.8,45.1
10:02:15,25.9,45.1
10:02:25,25.9,45.1
10:02:35,25.8,45.1
10:02:45,25.8,45.1
10:02:55,25.9,45.1
10:03:05,25.8,45.1
10:03:15,25.8,45.1
10:03:25,25.8,45.0
10:03:35,25.8,45.0
10:03:45,25.8,45.0
10:03:55,25.8,45.0
10:04:05,25.8,45.0
10:04:15,25.8,45.0
10:04:25,25.8,45.0
10:04:35,25.8,45.1
10:04:45,25.8,45.1
10:04:55,25.8,45.0
10:05:05,25.8,45.1
10:05:15,25.8,45.0
10:05:25,25.8,45.0
10:05:35,25.8,45.0
10:05:45,25.8,45.1
10:05:55,25.8,45.1
10:06:05,25.8,45.1
10:06:15,25.8,45.1
10:06:25,25.8,45.1
10:06:37,25.8,45.2
10:06:46,25.8,45.2
10:06:55,25.8,45.2
10:07:06,25.8,45.2
10:07:18,25.8,45.3
10:07:25,25.8,45.3
10:07:35,25.8,45.3
10:07:48,25.8,45.4
10:07:55,25.9,45.4
10:08:05,25.8,45.5
10:08:15,25.9,45.5
10:08:25,25.9,45.6
10:08:36,25.9,45.5
10:08:46,25.9,45.6
10:08:58,25.9,45.6
10:09:05,25.9,45.6
10:09:18,25.9,45.6
10:09:26,25.9,45.6
10:09:37,25.9,45.7
10:09:48,25.9,45.6
10:09:56,25.9,45.6
10:10:06,26.0,45.6
10:10:18,26.0,45.5
10:10:25,26.0,45.5
10:10:36,26.0,45.5
10:10:46,26.0,45.5
10:10:56,26.0,45.5
10:11:05,26.0,45.5
10:11:15,26.0,45.4
10:11:26,26.0,45.4
10:11:36,26.0,45.4
10:11:48,26.0,45.4
10:11:56,26.0,45.4
10:12:05,26.0,45.4
10:12:16,26.0,45.4
10:12:28,26.0,45.5
10:12:38,26.0,45.5
10:12:45,26.0,45.4
10:12:57,26.0,45.4
10:13:07,26.0,45.3
10:13:15,26.0,45.2
10:13:28,26.0,45.2
10:13:37,26.0,45.2
10:13:46,26.0,45.2
10:13:56,26.0,45.2
10:14:06,26.0,45.2
10:14:16,26.0,45.2
10:14:25,26.0,45.2
10:14:36,26.0,45.2
10:14:45,26.0,45.2
10:14:57,26.0,45.2
10:15:06,26.0,45.1
10:15:16,26.0,45.1
10:15:28,26.0,45.2
10:15:38,26.0,45.3
10:15:46,26.0,45.3
10:15:58,26.0,45.5
10:16:07,26.0,45.4
10:16:17,26.1,45.4
10:16:26,26.1,45.4
10:16:36,26.1,45.4
10:16:45,26.1,45.4
10:16:58,26.1,45.4
10:17:05,26.1,45.5
10:17:18,26.1,45.5
10:17:25,26.1,45.5
10:17:36,26.1,45.5
10:17:45,26.1,45.6
10:17:58,26.1,45.6
10:18:06,26.1,45.6
10:18:16,26.1,45.6
10:18:26,26.1,45.7
10:18:38,26.1,45.6
10:18:48,26.1,45.6
10:18:55,26.1,45.5
10:19:05,26.1,45.4
10:19:15,26.1,45.5
10:19:25,26.1,45.4
10:19:37,26.1,45.3
10:19:46,26.1,45.3
10:19:55,26.1,45.2
10:20:08,26.1,45.1
10:20:17,26.1,45.1
10:20:28,26.1,45.1
10:20:35,26.1,45.2
10:20:48,26.1,45.2
10:20:56,26.1,45.2
10:21:05,26.1,45.0
10:21:16,26.1,45.0
10:21:28,26.1,45.0
10:21:35,26.1,45.0
10:21:45,26.1,44.9
10:21:56,26.1,44.9
10:22:08,26.1,44.9
10:22:15,26.1,44.9
10:22:28,26.1,44.9
10:22:35,26.1,44.9
10:22:46,26.1,44.9
10:22:58,26.1,44.8
10:23:08,26.1,44.8
10:23:18,26.1,44.7
10:23:28,26.1,44.7
10:23:38,26.1,44.7
10:23:45,26.1,44.7
10:23:58,26.1,44.7
10:24:05,26.1,44.7
10:24:17,26.1,44.8
10:24:28,26.1,44.8
10:24:36,26.1,44.8
10:24:48,26.1,44.8
10:24:58,26.1,44.8
10:25:06,26.1,44.8
10:25:15,26.1,44.7
10:25:25,26.1,44.9
10:25:38,26.1,44.8
10:25:48,26.1,44.8
10:25:58,26.1,44.9
10:26:08,26.1,44.9
10:26:18,26.1,44.8
10:26:28,26.1,44.8
10:26:37,26.1,44.9
10:26:48,26.1,44.8
10:26:58,26.1,44.9
10:27:06,26.1,44.9
10:27:16,26.1,44.9
10:27:25,26.1,44.9
10:27:36,26.1,45.0
10:27:46,26.1,45.0
10:27:58,26.1,45.2
10:28:08,26.1,45.2
10:28:16,26.1,45.3
10:28:25,26.1,45.3
10:28:38,26.1,45.5
10:28:45,26.1,45.5
10:28:56,26.2,45.6
10:29:08,26.2,45.6
10:29:15,26.2,45.6
10:29:27,26.1,45.5
10:29:35,26.2,45.5
10:29:45,26.1,45.6
10:29:55,26.2,45.5
10:30:05,26.2,45.4
10:30:16,26.2,45.5
10:30:26,26.2,45.5
10:30:36,26.2,45.5
10:30:45,26.2,45.4
10:30:55,26.2,45.3
10:31:06,26.2,45.3
10:31:15,26.2,45.3
10:31:25,26.2,45.2
10:31:37,26.2,45.1
10:31:48,26.2,45.1
10:31:56,26.2,45.0
10:32:05,26.2,45.1
10:32:16,26.2,45.1
10:32:25,26.2,45.1
10:32:38,26.2,45.1
10:32:48,26.2,45.1
10:32:55,26.2,45.1
10:33:06,26.2,45.2
10:33:16,26.2,45.2
10:33:26,26.2,45.2
10:33:36,26.2,45.3
10:33:45,26.2,45.3
10:33:55,26.2,45.3
10:34:05,26.2,45.3
10:34:15,26.2,45.2
10:34:25,26.2,45.2
10:34:35,26.2,45.2
10:34:45,26.2,45.2
10:34:55,26.3,45.3
10:35:05,26.2,45.3
10:35:15,26.2,45.3
10:35:25,26.2,45.3
10:35:35,26.2,45.3
10:35:45,26.2,45.3
10:35:55,26.2,45.3
10:36:05,26.3,45.2
10:36:15,26.2,45.2
10:36:25,26.2,45.2
10:36:35,26.2,45.2
10:36:45,26.2,45.1
10:36:55,26.3,45.3
10:37:05,26.2,45.2
10:37:15,26.3,45.2
10:37:25,26.3,45.2
10:37:35,26.3,45.3
10:37:45,26.3,45.2
10:37:55,26.3,45.2
10:38:05,26.3,45.2
10:38:15,26.3,45.1
10:38:25,26.3,45.2
10:38:35,26.3,45.1
10:38:45,26.3,45.1
10:38:55,26.3,45.1
10:39:05,26.3,45.1
10:39:15,26.3,45.0
10:39:25,26.3,45.0
10:39:35,26.3,45.0
10:39:45,26.3,45.1
10:39:55,26.3,45.1
10:40:05,26.3,45.1
10:40:15,26.3,45.0
10:40:25,26.3,45.1
10:40:35,26.3,45.0
10:40:45,26.3,45.0
10:40:55,26.3,44.9
10:41:05,26.3,44.9
10:41:15,26.3,44.9
10:41:25,26.3,45.0
10:41:35,26.3,45.0
10:41:45,26.3,45.0
10:41:55,26.3,45.0
10:42:05,26.3,45.0
10:42:15,26.3,44.9
10:42:25,26.3,44.9
10:42:35,26.3,44.9
10:42:45,26.3,44.9
10:42:55,26.3,44.9
10:43:05,26.3,44.9
10:43:15,26.3,44.9
10:43:25,26.3,44.8
10:43:35,26.3,44.8
10:43:45,26.3,44.8
10:43:55,26.2,44.8
10:44:05,26.3,44.8
10:44:15,26.2,44.8
10:44:25,26.3,44.9
10:44:35,26.3,44.9
10:44:45,26.3,44.9
10:44:55,26.3,45.0
10:45:05,26.3,45.0
10:45:15,26.3,44.9
10:45:25,26.3,44.9
10:45:35,26.3,44.9
10:45:45,26.3,44.9
10:45:55,26.3,44.9
10:46:05,26.3,44.9
10:46:15,26.3,44.9
10:46:25,26.3,44.9
10:46:35,26.3,44.8
10:46:45,26.3,44.9
10:46:55,26.3,44.8
10:47:05,26.3,44.8
10:47:15,26.3,44.9
10:47:25,26.3,44.8
10:47:35,26.3,44.8
10:47:45,26.3,44.7
10:47:55,26.3,44.8
10:48:05,26.3,44.8
10:48:15,26.3,44.7
10:48:25,26.3,44.7
10:48:35,26.3,44.7
10:48:45,26.3,44.7
10:48:55,26.3,44.7
10:49:05,26.3,44.7
10:49:15,26.3,44.8
10:49:25,26.3,44.9
10:49:35,26.3,44.8
10:49:45,26.3,44.9
10:49:55,26.3,44.9
10:50:05,26.3,44.8
10:50:15,26.3,44.8
10:50:25,26.3,44.8
10:50:35,26.3,44.7
10:50:45,26.3,44.8
10:50:55,26.3,44.9
10:51:05,26.3,44.9
10:51:15,26.3,44.9
10:51:25,26.3,44.9
10:51:35,26.3,44.8
10:51:45,26.3,44.7
10:51:55,26.3,44.8
10:52:05,26.3,44.8
10:52:15,26.3,44.8
10:52:25,26.3,44.8
10:52:35,26.3,44.8
10:52:45,26.3,44.8
10:52:55,26.3,44.8
10:53:05,26.3,44.7
10:53:15,26.3,44.7
10:53:25,26.3,44.7
10:53:35,26.3,44.7
10:53:45,26.4,44.6
10:53:55,26.4,44.6
10:54:05,26.4,44.5
10:54:15,26.3,44.6
10:54:25,26.4,44.5
10:54:35,26.4,44.5
10:54:45,26.4,44.5
10:54:55,26.4,44.5
10:55:05,26.4,44.5
10:55:15,26.4,44.5
10:55:25,26.4,44.5
10:55:35,26.4,44.5
10:55:45,26.4,44.4
10:55:55,26.4,44.4
10:56:05,26.4,44.5
10:56:15,26.4,44.6
10:56:25,26.4,44.5
10:56:35,26.4,44.5
10:56:45,26.4,44.5
10:56:55,26.4,44.5
10:57:05,26.4,44.6
10:57:15,26.4,44.6
10:57:25,26.4,44.5
10:57:35,26.4,44.5
10:57:45,26.4,44.4
10:57:55,26.4,44.4
10:58:05,26.4,44.4
10:58:15,26.4,44.4
10:58:25,26.4,44.4
10:58:35,26.4,44.4
10:58:45,26.4,44.4
10:58:55,26.4,44.3
10:59:05,26.4,44.3
10:59:15,26.4,44.3
10:59:25,26.4,44.3
10:59:35,26.4,44.3
10:59:45,26.4,44.3
10:59:55,26.4,44.3
11:00:05,26.4,44.3
11:00:15,26.4,44.3
11:00:25,26.4,44.4
11:00:35,26.4,44.4
11:00:45,26.4,44.3
11:00:55,26.4,44.4
11:01:05,26.4,44.3
11:01:15,26.4,44.3
11:01:25,26.4,44.3
11:01:35,26.4,44.4
11:01:45,26.4,44.4
11:01:55,26.4,44.3
11:02:05,26.4,44.3
11:02:15,26.4,44.3
11:02:25,26.4,44.3
11:02:35,26.4,44.2
11:02:45,26.4,44.2
11:02:55,26.4,44.1
13:05:50,0.0,0.0
13:06:00,0.0,0.0
13:06:10,0.0,0.0
13:06:21,0.0,0.0
13:06:31,0.0,0.0
13:06:41,0.0,0.0
13:06:50,0.0,0.0
13:07:00,0.0,0.0
13:07:10,0.0,0.0
13:07:20,0.0,0.0
13:07:30,0.0,0.0
13:07:40,0.0,0.0
13:07:50,0.0,0.0
13:08:00,0.0,0.0
13:08:10,0.0,0.0
13:08:20,0.0,0.0
13:08:30,0.0,0.0
13:08:41,0.0,0.0
13:08:50,0.0,0.0
13:09:00,0.0,0.0
13:09:10,0.0,0.0
13:09:20,0.0,0.0
13:09:30,0.0,0.0
13:09:40,0.0,0.0
13:09:50,0.0,0.0
13:10:00,0.0,0.0
13:10:11,0.0,0.0
13:10:20,0.0,0.0
13:10:30,0.0,0.0
13:10:40,0.0,0.0
13:10:50,0.0,0.0
13:11:00,0.0,0.0
13:11:11,0.0,0.0
13:11:20,0.0,0.0
13:11:31,0.0,0.0
13:11:40,0.0,0.0
13:11:50,0.0,0.0
13:12:00,0.0,0.0
13:12:11,0.0,0.0
13:12:20,0.0,0.0
13:12:30,0.0,0.0
13:12:40,0.0,0.0
13:12:50,0.0,0.0
13:13:00,0.0,0.0
13:13:10,0.0,0.0
13:13:20,0.0,0.0
13:13:30,0.0,0.0
13:13:40,0.0,0.0
13:13:51,0.0,0.0
13:14:00,0.0,0.0
13:14:10,0.0,0.0
13:14:20,0.0,0.0
13:14:30,0.0,0.0
13:14:40,0.0,0.0
13:14:50,0.0,0.0
13:15:00,0.0,0.0
13:15:10,0.0,0.0
13:15:20,0.0,0.0
13:15:30,0.0,0.0
13:15:40,0.0,0.0
13:15:50,0.0,0.0
13:16:00,0.0,0.0
13:16:10,0.0,0.0
13:16:21,0.0,0.0
13:16:30,0.0,0.0
13:17:50,0.0,0.0
13:18:00,0.0,0.0
13:18:10,0.0,0.0
13:18:20,0.0,0.0
13:18:30,0.0,0.0
13:18:40,0.0,0.0
13:18:50,0.0,0.0
13:19:00,0.0,0.0
13:19:10,0.0,0.0
13:19:20,0.0,0.0
13:19:30,0.0,0.0
13:19:40,0.0,0.0
13:19:50,0.0,0.0
13:20:00,0.0,0.0
13:20:10,0.0,0.0
13:20:20,0.0,0.0
13:20:30,0.0,0.0
13:20:40,0.0,0.0
13:20:50,0.0,0.0
13:21:00,0.0,0.0
13:21:10,0.0,0.0
13:21:20,0.0,0.0
13:21:30,0.0,0.0
13:21:40,0.0,0.0
13:21:50,0.0,0.0
13:22:00,0.0,0.0
13:22:10,0.0,0.0
13:22:20,0.0,0.0
13:22:30,0.0,0.0
13:22:40,0.0,0.0
13:22:50,0.0,0.0
13:23:00,0.0,0.0
13:23:10,0.0,0.0
13:23:20,0.0,0.0
13:23:30,0.0,0.0
13:23:40,0.0,0.0
13:23:50,0.0,0.0
13:24:00,0.0,0.0
13:24:10,0.0,0.0
13:24:20,0.0,0.0
13:24:30,0.0,0.0
13:24:40,0.0,0.0
13:24:50,0.0,0.0
13:25:01,0.0,0.0
13:25:10,0.0,0.0
13:25:20,0.0,0.0
13:25:30,0.0,0.0
13:25:40,0.0,0.0
13:25:50,0.0,0.0
13:26:00,0.0,0.0
13:26:32,0.0,0.0
13:26:40,0.0,0.0
13:26:50,0.0,0.0
13:27:00,0.0,0.0
13:27:10,0.0,0.0
13:27:20,0.0,0.0
13:27:30,0.0,0.0
13:27:40,0.0,0.0
13:27:50,0.0,0.0
13:28:00,0.0,0.0
13:28:10,0.0,0.0
13:28:20,0.0,0.0
13:28:30,0.0,0.0
13:28:40,0.0,0.0
13:28:50,0.0,0.0
13:29:00,0.0,0.0
13:29:10,0.0,0.0
13:29:20,0.0,0.0
13:29:30,0.0,0.0
13:29:40,0.0,0.0
13:29:50,0.0,0.0
13:30:00,0.0,0.0
13:30:10,0.0,0.0
13:30:20,0.0,0.0
13:30:30,0.0,0.0
13:30:40,0.0,0.0
13:30:50,0.0,0.0
13:31:00,0.0,0.0
13:31:10,0.0,0.0
13:31:20,0.0,0.0
13:31:30,0.0,0.0
13:31:40,0.0,0.0
13:31:50,0.0,0.0
13:32:00,0.0,0.0
13:32:10,0.0,0.0
13:32:20,0.0,0.0
13:32:31,0.0,0.0
13:32:40,0.0,0.0
13:32:50,0.0,0.0
13:33:00,0.0,0.0
13:33:10,0.0,0.0
13:33:21,0.0,0.0
13:33:30,0.0,0.0
13:33:40,0.0,0.0
13:33:50,0.0,0.0
13:34:00,0.0,0.0
13:34:10,0.0,0.0
13:34:20,0.0,0.0
13:34:30,0.0,0.0
13:34:40,0.0,0.0
13:34:50,0.0,0.0
13:35:00,0.0,0.0
13:35:10,0.0,0.0
13:35:20,0.0,0.0
13:35:31,0.0,0.0
13:35:40,0.0,0.0
13:35:50,0.0,0.0
13:36:00,0.0,0.0
13:36:10,0.0,0.0
13:36:20,0.0,0.0
13:36:30,0.0,0.0
13:36:40,0.0,0.0
13:36:50,0.0,0.0
13:37:00,0.0,0.0
13:37:10,0.0,0.0
13:37:20,0.0,0.0
13:37:30,0.0,0.0
13:37:40,0.0,0.0
13:37:50,0.0,0.0
13:38:00,0.0,0.0
13:38:10,0.0,0.0
13:38:20,0.0,0.0
13:38:30,0.0,0.0
13:38:40,0.0,0.0
13:38:50,0.0,0.0
13:39:00,0.0,0.0
13:39:10,0.0,0.0
13:39:20,0.0,0.0
13:39:30,0.0,0.0
13:39:40,0.0,0.0
13:39:50,0.0,0.0
13:40:00,0.0,0.0
13:40:10,0.0,0.0
13:40:20,0.0,0.0
13:40:30,0.0,0.0
13:40:40,0.0,0.0
13:40:50,0.0,0.0
13:41:00,0.0,0.0
13:41:10,0.0,0.0
13:41:20,0.0,0.0
13:41:30,0.0,0.0
13:41:40,0.0,0.0
13:41:50,0.0,0.0
13:42:00,0.0,0.0
13:42:10,0.0,0.0
13:42:20,0.0,0.0
13:42:30,0.0,0.0
13:42:40,0.0,0.0
13:42:50,0.0,0.0
13:43:00,0.0,0.0
13:43:10,0.0,0.0
13:43:20,0.0,0.0
13:43:30,0.0,0.0
13:43:40,0.0,0.0
13:43:50,0.0,0.0
13:44:00,0.0,0.0
13:44:10,0.0,0.0
13:44:20,0.0,0.0
13:44:32,0.0,0.0
13:44:40,0.0,0.0
13:44:50,0.0,0.0
13:45:00,0.0,0.0
13:45:10,0.0,0.0
13:45:20,0.0,0.0
13:45:30,0.0,0.0
13:45:40,0.0,0.0
13:45:51,0.0,0.0
13:46:00,0.0,0.0
13:46:10,0.0,0.0
13:46:20,0.0,0.0
13:46:30,0.0,0.0
13:46:40,0.0,0.0
13:46:50,0.0,0.0
13:47:00,0.0,0.0
13:47:10,0.0,0.0
13:47:20,0.0,0.0
13:47:30,0.0,0.0
13:47:40,0.0,0.0
13:47:50,0.0,0.0
13:48:00,0.0,0.0
13:48:10,0.0,0.0
13:48:20,0.0,0.0
13:48:30,0.0,0.0
13:48:40,0.0,0.0
13:48:50,0.0,0.0
13:49:00,0.0,0.0
13:49:12,0.0,0.0
13:49:20,0.0,0.0
13:49:31,0.0,0.0
13:49:40,0.0,0.0
13:49:50,0.0,0.0
13:50:00,0.0,0.0
13:50:10,0.0,0.0
13:50:20,0.0,0.0
13:50:30,0.0,0.0
13:50:40,0.0,0.0
13:50:50,0.0,0.0
13:51:00,0.0,0.0
13:51:10,0.0,0.0
13:51:20,0.0,0.0
13:51:30,0.0,0.0
13:51:40,0.0,0.0
13:51:50,0.0,0.0
13:52:00,0.0,0.0
13:52:10,0.0,0.0
13:52:21,0.0,0.0
13:52:30,0.0,0.0
13:52:40,0.0,0.0
13:52:50,0.0,0.0
13:53:02,0.0,0.0
13:53:10,0.0,0.0
13:53:20,0.0,0.0
13:53:30,0.0,0.0
13:53:40,0.0,0.0
13:53:50,0.0,0.0
13:54:00,0.0,0.0
13:54:10,0.0,0.0
13:54:20,0.0,0.0
13:54:30,0.0,0.0
13:54:40,0.0,0.0
13:54:50,0.0,0.0
13:55:00,0.0,0.0
13:55:10,0.0,0.0
13:55:20,0.0,0.0
13:55:30,0.0,0.0
13:55:40,0.0,0.0
13:55:50,0.0,0.0
13:56:00,0.0,0.0
13:56:10,0.0,0.0
13:56:20,0.0,0.0
13:56:30,0.0,0.0
13:56:40,0.0,0.0
13:56:51,0.0,0.0
13:57:00,0.0,0.0
13:57:11,0.0,0.0
13:57:20,0.0,0.0
13:57:30,0.0,0.0
13:57:40,0.0,0.0
13:57:50,0.0,0.0
13:58:00,0.0,0.0
13:58:10,0.0,0.0
13:58:20,0.0,0.0
13:58:31,0.0,0.0
13:58:40,0.0,0.0
13:58:50,0.0,0.0
13:59:00,0.0,0.0
13:59:10,0.0,0.0
13:59:20,0.0,0.0
13:59:30,0.0,0.0
13:59:40,0.0,0.0
13:59:50,0.0,0.0
14:00:00,0.0,0.0
14:00:10,0.0,0.0
14:00:20,0.0,0.0
14:00:30,0.0,0.0
14:00:40,0.0,0.0
14:00:50,0.0,0.0
14:01:00,0.0,0.0
14:01:10,0.0,0.0
14:01:20,0.0,0.0
14:01:30,0.0,0.0
14:01:40,0.0,0.0
14:01:50,0.0,0.0
14:02:00,0.0,0.0
14:02:10,0.0,0.0
14:02:20,0.0,0.0
14:02:30,0.0,0.0
14:02:40,0.0,0.0
14:02:51,0.0,0.0
14:03:00,0.0,0.0
14:03:10,0.0,0.0
14:03:20,0.0,0.0
14:03:30,0.0,0.0
14:03:40,0.0,0.0
14:03:50,0.0,0.0
14:04:00,0.0,0.0
14:04:10,0.0,0.0
14:04:20,0.0,0.0
14:04:30,0.0,0.0
14:04:40,0.0,0.0
14:04:50,0.0,0.0
14:05:00,0.0,0.0
14:05:10,0.0,0.0
14:05:20,0.0,0.0
14:05:30,0.0,0.0
14:05:40,0.0,0.0
14:05:50,0.0,0.0
14:06:00,0.0,0.0
14:06:10,0.0,0.0
14:06:20,0.0,0.0
14:06:32,0.0,0.0
14:06:40,0.0,0.0
14:06:50,0.0,0.0
14:07:00,0.0,0.0
14:07:10,0.0,0.0
14:07:30,0.0,0.0
14:07:41,0.0,0.0
14:07:50,0.0,0.0
14:08:00,0.0,0.0
14:08:10,0.0,0.0
14:08:20,0.0,0.0
14:08:30,0.0,0.0
14:08:40,0.0,0.0
14:08:50,0.0,0.0
14:09:00,0.0,0.0
14:09:20,0.0,0.0
14:09:30,0.0,0.0
14:09:40,0.0,0.0
14:09:50,0.0,0.0
14:10:00,0.0,0.0
14:10:10,0.0,0.0
14:10:20,0.0,0.0
14:10:30,0.0,0.0
14:10:40,0.0,0.0
14:10:50,0.0,0.0
14:11:00,0.0,0.0
14:11:10,0.0,0.0
14:11:20,0.0,0.0
14:11:30,0.0,0.0
14:11:40,0.0,0.0
14:11:50,0.0,0.0
14:12:00,0.0,0.0
14:12:10,0.0,0.0
14:12:20,0.0,0.0
14:12:30,0.0,0.0
14:12:40,0.0,0.0
14:12:50,0.0,0.0
14:13:00,0.0,0.0
14:13:10,0.0,0.0
14:13:20,0.0,0.0
14:13:30,0.0,0.0
14:13:40,0.0,0.0
14:13:50,0.0,0.0
14:14:00,0.0,0.0
14:14:10,0.0,0.0
14:14:20,0.0,0.0
14:14:30,0.0,0.0
14:14:40,0.0,0.0
14:14:50,0.0,0.0
14:15:00,0.0,0.0
14:15:10,0.0,0.0
14:15:20,0.0,0.0
14:15:30,0.0,0.0
14:15:40,0.0,0.0
14:15:50,0.0,0.0
14:16:00,0.0,0.0
14:16:10,0.0,0.0
14:16:20,0.0,0.0
14:16:30,0.0,0.0
14:16:40,0.0,0.0
14:16:50,0.0,0.0
14:17:00,0.0,0.0
14:17:10,0.0,0.0
14:17:20,0.0,0.0
14:17:30,0.0,0.0
14:17:40,0.0,0.0
14:17:50,0.0,0.0
14:18:00,0.0,0.0
14:18:11,0.0,0.0
14:18:20,0.0,0.0
14:18:30,0.0,0.0
14:18:40,0.0,0.0
14:18:50,0.0,0.0
14:19:00,0.0,0.0
14:19:10,0.0,0.0
14:19:20,0.0,0.0
14:19:30,0.0,0.0
14:19:40,0.0,0.0
14:19:50,0.0,0.0
14:20:00,0.0,0.0
14:20:10,0.0,0.0
14:20:20,0.0,0.0
14:20:31,0.0,0.0
14:20:40,0.0,0.0
14:20:50,0.0,0.0
14:21:00,0.0,0.0
14:21:10,0.0,0.0
14:21:20,0.0,0.0
14:21:30,0.0,0.0
14:21:40,0.0,0.0
14:21:50,0.0,0.0
14:22:00,0.0,0.0
14:22:10,0.0,0.0
14:22:20,0.0,0.0
14:22:32,0.0,0.0
14:22:40,0.0,0.0
14:22:50,0.0,0.0
14:23:00,0.0,0.0
14:23:10,0.0,0.0
14:23:21,0.0,0.0
14:23:30,0.0,0.0
14:23:40,0.0,0.0
14:23:50,0.0,0.0
14:24:00,0.0,0.0
14:24:10,0.0,0.0
14:24:20,0.0,0.0
14:24:30,0.0,0.0
14:24:40,0.0,0.0
14:24:50,0.0,0.0
14:25:00,0.0,0.0
14:25:10,0.0,0.0
14:25:20,0.0,0.0
14:25:30,0.0,0.0
14:25:40,0.0,0.0
14:25:50,0.0,0.0
14:26:00,0.0,0.0
14:26:10,0.0,0.0
14:26:20,0.0,0.0
14:26:30,0.0,0.0
14:26:40,0.0,0.0
14:26:50,0.0,0.0
14:27:00,0.0,0.0
14:27:10,0.0,0.0
14:27:20,0.0,0.0
14:27:30,0.0,0.0
14:27:40,0.0,0.0
14:27:50,0.0,0.0
14:28:00,0.0,0.0
14:28:10,0.0,0.0
14:28:20,0.0,0.0
14:28:30,0.0,0.0
14:28:40,0.0,0.0
14:28:50,0.0,0.0
14:29:00,0.0,0.0
14:29:10,0.0,0.0
14:29:20,0.0,0.0
14:29:30,0.0,0.0
14:29:40,0.0,0.0
14:29:50,0.0,0.0
14:30:00,0.0,0.0
14:30:10,0.0,0.0
14:30:20,0.0,0.0
14:30:32,0.0,0.0
14:30:40,0.0,0.0
14:30:50,0.0,0.0
14:31:00,0.0,0.0
14:31:10,0.0,0.0
14:31:20,0.0,0.0
14:31:30,0.0,0.0
14:31:40,0.0,0.0
14:31:50,0.0,0.0
14:32:00,0.0,0.0
14:32:11,0.0,0.0
14:32:21,0.0,0.0
14:32:30,0.0,0.0
14:32:40,0.0,0.0
14:32:50,0.0,0.0
14:33:00,0.0,0.0
14:33:10,0.0,0.0
14:33:20,0.0,0.0
14:33:30,0.0,0.0
14:33:40,0.0,0.0
14:33:51,0.0,0.0
14:34:00,0.0,0.0
14:34:10,0.0,0.0
14:34:20,0.0,0.0
14:34:30,0.0,0.0
14:34:40,0.0,0.0
14:34:50,0.0,0.0
14:35:00,0.0,0.0
14:35:10,0.0,0.0
14:35:20,0.0,0.0
14:35:30,0.0,0.0
14:35:40,0.0,0.0
14:35:50,0.0,0.0
14:36:00,0.0,0.0
14:36:10,0.0,0.0
14:36:20,0.0,0.0
14:36:30,0.0,0.0
14:36:40,0.0,0.0
14:36:50,0.0,0.0
14:37:00,0.0,0.0
14:37:10,0.0,0.0
14:37:20,0.0,0.0
14:37:30,0.0,0.0
14:37:40,0.0,0.0
14:37:50,0.0,0.0
14:38:00,0.0,0.0
14:38:10,0.0,0.0
14:38:20,0.0,0.0
14:38:30,0.0,0.0
14:38:40,0.0,0.0
14:38:50,0.0,0.0
14:39:00,0.0,0.0
14:39:10,0.0,0.0
14:39:20,0.0,0.0
14:39:30,0.0,0.0
14:39:40,0.0,0.0
14:39:50,0.0,0.0
14:40:00,0.0,0.0
14:40:10,0.0,0.0
14:40:20,0.0,0.0
14:40:30,0.0,0.0
14:40:40,0.0,0.0
14:40:50,0.0,0.0
14:41:00,0.0,0.0
14:41:10,0.0,0.0
14:41:20,0.0,0.0
14:41:30,0.0,0.0
14:41:40,0.0,0.0
14:41:50,0.0,0.0
14:42:00,0.0,0.0
14:42:10,0.0,0.0
14:42:20,0.0,0.0
14:42:30,0.0,0.0
14:42:40,0.0,0.0
14:42:50,0.0,0.0
14:43:00,0.0,0.0
14:43:10,0.0,0.0
14:43:21,0.0,0.0
14:43:30,0.0,0.0
14:43:40,0.0,0.0
14:43:50,0.0,0.0
14:44:00,0.0,0.0
14:44:10,0.0,0.0
14:44:20,0.0,0.0
14:44:30,0.0,0.0
14:44:40,0.0,0.0
14:44:50,0.0,0.0
14:45:00,0.0,0.0
14:45:10,0.0,0.0
14:45:20,0.0,0.0
14:45:30,0.0,0.0
14:45:41,0.0,0.0
14:45:50,0.0,0.0
14:46:00,0.0,0.0
14:46:10,0.0,0.0
14:46:20,0.0,0.0
14:46:31,0.0,0.0
14:46:40,0.0,0.0
14:46:50,0.0,0.0
14:47:00,0.0,0.0
14:47:10,0.0,0.0
14:47:20,0.0,0.0
14:47:30,0.0,0.0
14:47:41,0.0,0.0
14:47:50,0.0,0.0
14:48:01,0.0,0.0
14:48:10,0.0,0.0
14:48:20,0.0,0.0
14:48:30,0.0,0.0
14:48:40,0.0,0.0
14:48:50,0.0,0.0
14:49:00,0.0,0.0
14:49:10,0.0,0.0
14:49:20,0.0,0.0
14:49:30,0.0,0.0
14:49:40,0.0,0.0
14:49:50,0.0,0.0
14:50:00,0.0,0.0
14:50:10,0.0,0.0
14:50:20,0.0,0.0
14:50:30,0.0,0.0
14:50:40,0.0,0.0
14:50:51,0.0,0.0
14:51:00,0.0,0.0
14:51:10,0.0,0.0
14:51:21,0.0,0.0
14:51:32,0.0,0.0
14:51:40,0.0,0.0
14:51:50,0.0,0.0
14:52:00,0.0,0.0
14:52:11,0.0,0.0
14:52:20,0.0,0.0
14:52:30,0.0,0.0
14:52:41,0.0,0.0
14:52:50,0.0,0.0
14:53:00,0.0,0.0
14:53:10,0.0,0.0
14:53:20,0.0,0.0
14:53:30,0.0,0.0
14:53:40,0.0,0.0
14:53:50,0.0,0.0
14:54:00,0.0,0.0
14:54:11,0.0,0.0
14:54:20,0.0,0.0
14:54:32,0.0,0.0
14:54:40,0.0,0.0
14:54:50,0.0,0.0
14:55:00,0.0,0.0
14:55:10,0.0,0.0
14:55:20,0.0,0.0
14:55:30,0.0,0.0
14:55:40,0.0,0.0
14:55:51,0.0,0.0
14:56:00,0.0,0.0
14:56:10,0.0,0.0
14:56:22,0.0,0.0
14:56:30,0.0,0.0
14:56:40,0.0,0.0
14:56:51,0.0,0.0
14:57:00,0.0,0.0
14:57:10,0.0,0.0
14:57:22,0.0,0.0
14:57:30,0.0,0.0
14:57:40,0.0,0.0
14:57:50,0.0,0.0
14:58:00,0.0,0.0
14:58:10,0.0,0.0
14:58:20,0.0,0.0
14:58:30,0.0,0.0
14:58:40,0.0,0.0
14:58:50,0.0,0.0
14:59:00,0.0,0.0
14:59:10,0.0,0.0
14:59:20,0.0,0.0
14:59:30,0.0,0.0
14:59:40,0.0,0.0
14:59:50,0.0,0.0
15:00:00,0.0,0.0
15:00:10,0.0,0.0
15:00:20,0.0,0.0
15:00:30,0.0,0.0
15:00:40,0.0,0.0
15:00:50,0.0,0.0
15:01:00,0.0,0.0
15:01:10,0.0,0.0
15:01:20,0.0,0.0
15:01:30,0.0,0.0
15:01:40,0.0,0.0
15:01:50,0.0,0.0
15:02:00,0.0,0.0
15:02:10,0.0,0.0
15:02:20,0.0,0.0
15:02:30,0.0,0.0
15:02:41,0.0,0.0
15:02:50,0.0,0.0
15:03:00,0.0,0.0
15:03:10,0.0,0.0
15:03:20,0.0,0.0
15:03:30,0.0,0.0
15:03:40,0.0,0.0
15:03:50,0.0,0.0
15:04:01,0.0,0.0
15:04:10,0.0,0.0
15:04:20,0.0,0.0
15:04:30,0.0,0.0
15:04:40,0.0,0.0
15:04:50,0.0,0.0
15:05:00,0.0,0.0
15:05:10,0.0,0.0
15:05:20,0.0,0.0
15:05:30,0.0,0.0
15:05:40,0.0,0.0
15:05:50,0.0,0.0
15:06:00,0.0,0.0
15:06:10,0.0,0.0
15:06:20,0.0,0.0
15:06:30,0.0,0.0
15:06:40,0.0,0.0
15:06:50,0.0,0.0
15:07:00,0.0,0.0
15:07:10,0.0,0.0
15:07:22,0.0,0.0
15:07:30,0.0,0.0
15:07:41,0.0,0.0
15:07:50,0.0,0.0
15:08:00,0.0,0.0
15:08:10,0.0,0.0
15:08:20,0.0,0.0
15:08:30,0.0,0.0
15:08:42,0.0,0.0
15:08:50,0.0,0.0
15:09:00,0.0,0.0
15:09:10,0.0,0.0
15:09:20,0.0,0.0
15:09:30,0.0,0.0
15:09:40,0.0,0.0
15:09:50,0.0,0.0
15:10:00,0.0,0.0
15:10:10,0.0,0.0
15:10:20,0.0,0.0
15:10:30,0.0,0.0
15:10:40,0.0,0.0
15:10:50,0.0,0.0
15:11:00,0.0,0.0
15:11:10,30.2,22.5
15:11:20,27.1,46.2
15:11:32,27.1,48.1
15:11:40,27.1,46.1
15:11:50,27.2,45.6
15:12:00,27.2,45.4
15:12:10,27.2,45.2
15:12:20,27.2,45.1
15:12:30,27.3,45.0
15:12:40,27.3,45.0
15:12:50,27.3,44.9
15:13:00,27.3,44.8
15:13:11,27.3,44.8
15:13:20,27.3,44.9
15:13:30,27.3,45.0
15:13:42,27.3,45.0
15:13:50,27.3,45.1
15:14:00,27.3,45.1
15:14:10,27.3,45.0
15:14:20,27.3,45.1
15:14:30,27.4,45.2
15:14:40,27.3,45.2
15:14:50,27.3,45.3
15:15:00,27.3,45.3
15:15:10,27.4,45.3
15:15:20,27.3,45.3
15:15:30,27.4,45.4
15:15:40,27.3,45.5
15:15:50,27.4,45.5
15:16:00,27.4,45.5
15:16:10,27.4,45.5
15:16:20,27.4,45.5
15:16:30,27.4,45.7
15:16:40,27.4,45.6
15:16:50,27.4,45.6
15:17:00,27.4,45.6
15:17:10,27.4,45.6
15:17:20,27.4,45.7
15:17:30,27.4,45.7
15:17:40,27.4,45.7
15:17:50,27.4,45.7
15:18:00,27.4,45.7
15:18:10,27.4,45.6
15:18:20,27.4,45.6
15:18:30,27.4,45.6
15:18:40,27.4,45.6
15:18:50,27.4,45.5
15:19:00,27.4,45.5
15:19:10,27.4,45.6
15:19:20,27.4,45.6
15:19:30,27.4,45.5
15:19:40,27.4,45.6
15:19:52,27.4,45.6
15:20:00,27.4,45.6
15:20:10,27.4,45.7
15:20:20,27.4,45.7
15:20:30,27.4,45.6
15:20:40,27.4,45.5
15:20:50,27.5,45.5
15:21:00,27.5,45.5
15:21:10,27.4,45.5
15:21:20,27.4,45.5
15:21:30,27.4,45.4
15:21:40,27.4,45.4
15:21:50,27.4,45.4
15:22:00,27.5,45.4
15:22:10,27.5,45.5
15:22:20,27.5,45.3
15:22:30,27.5,45.2
15:22:40,27.5,45.2
15:22:50,27.5,45.2
15:23:00,27.4,45.1
15:23:10,27.4,45.0
15:23:20,27.5,45.0
15:23:30,27.5,44.9
15:23:40,27.5,44.8
15:23:50,27.4,44.8
15:24:00,27.4,44.7
15:24:10,27.5,44.6
15:24:20,27.4,44.6
15:24:30,27.4,44.5
15:24:40,27.4,44.5
15:24:50,27.4,44.6
15:25:00,27.4,44.6
15:25:10,27.4,44.6
15:25:20,27.4,44.6
15:25:30,27.4,44.6
15:25:40,27.4,44.6
15:25:50,27.4,44.6
15:26:00,27.4,44.6
15:26:10,27.4,44.5
15:26:20,27.4,44.4
15:26:30,27.5,44.5
15:26:40,27.4,44.4
15:26:50,27.4,44.4
15:27:00,27.5,44.4
15:27:10,27.5,44.3
15:27:20,27.5,44.3
15:27:30,27.5,44.3
15:27:40,27.5,44.2
15:27:50,27.5,44.2
15:28:00,27.5,44.2
15:28:10,27.5,44.1
15:28:20,27.5,44.1
15:28:30,27.5,44.1
15:28:40,27.5,44.1
15:28:50,27.5,44.0
15:29:00,27.5,44.0
15:29:10,27.5,44.1
15:29:20,27.5,44.1
15:29:30,27.5,44.1
15:29:40,27.5,44.0
15:29:50,27.5,44.0
15:30:00,27.5,43.9
15:30:10,27.5,43.9
15:30:20,27.5,43.9
15:30:30,27.5,43.9
15:30:40,27.5,43.9
15:30:50,27.5,43.9
15:31:00,27.5,43.9
15:31:10,27.5,43.8
15:31:20,27.5,43.8
15:31:30,27.5,43.7
15:31:40,27.5,43.7
15:31:50,27.4,43.7
15:32:00,27.5,43.7
15:32:10,27.5,43.7
15:32:20,27.5,43.7
15:32:30,27.4,43.6
15:32:40,27.5,43.7
15:32:50,27.4,43.7
15:33:00,27.4,43.7
15:33:10,27.4,43.7
15:33:20,27.4,43.7
15:33:30,27.4,43.7
15:33:40,27.5,43.5
15:33:50,27.4,43.6
15:34:00,27.4,43.7
15:34:10,27.4,43.6
15:34:20,27.4,43.6
15:34:30,27.4,43.6
15:34:40,27.4,43.5
15:34:50,27.4,43.4
15:35:00,27.5,43.3
15:35:10,27.5,43.2
15:35:20,27.5,43.2
15:35:31,27.5,43.2
15:35:40,27.4,43.1
15:35:50,27.5,43.1
15:36:00,27.5,43.1
15:36:10,27.5,43.1
15:36:20,27.5,43.1
15:36:30,27.5,43.1
15:36:40,27.5,43.0
15:36:50,27.5,43.0
15:37:00,27.4,43.1
15:37:10,27.5,43.2
15:37:20,27.5,43.2
15:37:30,27.5,43.3
15:37:40,27.5,43.3
15:37:50,27.5,43.4
15:38:00,27.5,43.4
15:38:10,27.5,43.4
15:38:20,27.5,43.4
15:38:30,27.4,43.3
15:38:40,27.4,43.3
15:38:50,27.4,43.2
15:39:00,27.4,43.2
15:39:10,27.4,43.2
15:39:20,27.4,43.3
15:39:30,27.4,43.3
15:39:40,27.4,43.2
15:39:50,27.4,43.1
15:40:00,27.4,43.2
15:40:10,27.4,43.2
15:40:20,27.4,43.2
15:40:30,27.4,43.2
15:40:40,27.4,43.2
15:40:50,27.4,43.1
15:41:00,27.4,43.2
15:41:10,27.4,43.1
15:41:20,27.4,43.1
15:41:30,27.4,43.2
15:41:40,27.4,43.2
15:41:50,27.4,43.1
15:42:00,27.4,43.1
15:42:10,27.4,43.0
15:42:20,27.4,43.1
15:42:30,27.4,43.1
15:42:40,27.4,43.1
15:42:50,27.4,43.1
15:43:00,27.4,43.1
15:43:10,27.4,43.1
15:43:20,27.4,43.2
15:43:30,27.4,43.3
15:43:40,27.4,43.3
15:43:50,27.4,43.3
15:44:00,27.4,43.2
15:44:10,27.4,43.2
15:44:20,27.4,43.2
15:44:30,27.4,43.2
15:44:40,27.4,43.2
15:44:50,27.4,43.1
15:45:00,27.4,43.2
15:45:10,27.4,43.2
15:45:20,27.4,43.2
15:45:30,27.4,43.2
15:45:40,27.4,43.0
15:45:50,27.4,43.1
15:46:00,27.4,43.2
15:46:10,27.4,43.2
15:46:20,27.4,43.3
15:46:30,27.4,43.2
15:46:40,27.4,43.2
15:46:50,27.4,43.2
15:47:00,27.4,43.2
15:47:10,27.4,43.2
15:47:20,27.4,43.1
15:47:30,27.4,43.1
15:47:40,27.4,43.1
15:47:50,27.4,42.9
15:48:00,27.4,42.9
15:48:10,27.4,42.8
15:48:20,27.4,42.8
15:48:30,27.4,42.8
15:48:40,27.4,42.7
15:48:50,27.4,42.8
15:49:00,27.4,42.8
15:49:10,27.4,42.8
15:49:20,27.3,42.9
15:49:30,27.4,42.9
15:49:40,27.3,43.0
15:49:50,27.4,43.0
15:50:00,27.3,43.1
15:50:10,27.3,43.0
15:50:20,27.3,43.1
15:50:30,27.4,43.1
15:50:40,27.3,43.1
15:50:50,27.3,43.1
15:51:00,27.3,43.0
15:51:10,27.3,42.8
15:51:20,27.3,42.8
15:51:30,27.3,42.7
15:51:40,27.3,42.7
15:51:50,27.3,42.7
15:52:00,27.3,42.6
15:52:10,27.3,42.6
15:52:20,27.3,42.6
15:52:30,27.3,42.6
15:52:40,27.3,42.6
15:52:50,27.3,42.6
15:53:00,27.3,42.6
15:53:10,27.3,42.6
15:53:20,27.3,42.6
15:53:30,27.3,42.5
15:53:40,27.3,42.4
15:53:50,27.3,42.5
15:54:00,27.3,42.4
15:54:10,27.3,42.4
15:54:20,27.3,42.4
15:54:30,27.3,42.4
15:54:40,27.4,42.4
15:54:50,27.3,42.4
15:55:00,27.3,42.4
15:55:10,27.4,42.4
15:55:20,27.3,42.4
15:55:30,27.4,42.5
15:55:40,27.3,42.6
15:55:50,27.3,42.6
15:56:00,27.4,42.7
15:56:10,27.4,42.7
15:56:20,27.4,42.7
15:56:30,27.4,42.7
15:56:40,27.4,42.7
15:56:50,27.4,42.7
15:57:00,27.4,42.7
15:57:10,27.4,42.8
15:57:20,27.4,42.8
15:57:30,27.4,42.8
15:57:40,27.5,42.8
15:57:50,27.4,42.8
15:58:00,27.4,42.7
15:58:10,27.4,42.6
15:58:21,27.5,42.5
15:58:30,27.5,42.5
15:58:40,27.5,42.5
15:58:50,27.5,42.4
15:59:00,27.5,42.5
15:59:10,27.5,42.5
15:59:20,27.5,42.6
15:59:30,27.5,42.6
15:59:40,27.5,42.7
15:59:51,27.5,42.6
16:00:00,27.5,42.7
16:00:10,27.5,42.7
16:00:20,27.5,42.7
16:00:30,27.5,42.7
16:00:40,27.5,42.7
16:00:50,27.5,42.6
16:01:00,27.5,42.5
16:01:10,27.5,42.6
16:01:20,27.5,42.6
16:01:30,27.5,42.5
16:01:40,27.5,42.3
16:01:50,27.5,42.3
16:02:00,27.5,42.3
16:02:10,27.5,42.3
16:02:20,27.5,42.3
16:02:30,27.5,42.3
16:02:40,27.5,42.3
16:02:50,27.5,42.3
16:03:00,27.5,42.2
16:03:10,27.5,42.1
16:03:20,27.5,42.0
16:03:30,27.5,41.9
16:03:41,27.5,41.9
16:03:50,27.5,41.9
16:04:01,27.5,41.9
16:04:15,27.5,41.8
16:04:20,27.5,41.8
16:04:30,27.5,41.7
16:04:41,27.5,41.8
16:04:50,27.5,41.7
16:05:00,27.5,41.6
16:05:10,27.5,41.6
16:05:20,27.5,41.6
16:05:30,27.5,41.7
16:05:40,27.4,41.6
16:05:50,27.4,41.7
16:06:00,27.4,41.9
16:06:10,27.5,41.9
16:06:20,27.4,41.8
16:06:30,27.5,41.9
16:06:40,27.5,41.9
16:06:50,27.5,41.8
16:07:00,27.4,41.8
16:07:10,27.4,41.9
16:07:20,27.5,41.9
16:07:30,27.4,41.8
16:07:40,27.4,42.0
16:07:50,27.4,41.9
16:08:00,27.4,42.0
16:08:10,27.4,42.0
16:08:20,27.5,42.0
16:08:30,27.5,42.0
16:08:40,27.5,42.2
16:08:50,27.5,42.1
16:09:00,27.5,42.1
16:09:10,27.5,42.1
16:09:20,27.5,42.1
16:09:30,27.5,42.1
16:09:40,27.5,42.0
16:09:50,27.5,42.0
16:10:00,27.5,42.1
16:10:10,27.5,42.1
16:10:20,27.5,42.1
16:10:30,27.5,42.1
16:10:40,27.5,42.1
16:10:50,27.5,42.1
16:11:00,27.5,41.9
16:11:10,27.5,41.9
16:11:20,27.5,41.8
16:11:30,27.5,41.8
16:11:40,27.5,41.8
16:11:50,27.5,41.8
16:12:00,27.5,41.8
16:12:10,27.5,41.7
16:12:20,27.5,41.6
16:12:30,27.5,41.6
16:12:40,27.5,41.7
16:12:50,27.5,41.6
16:13:00,27.5,41.4
16:13:10,27.5,41.5
16:13:21,27.5,41.4
16:13:30,27.5,41.4
16:13:40,27.5,41.4
16:13:50,27.5,41.3
16:14:00,27.5,41.3
16:14:10,27.5,41.3
16:14:20,27.5,41.3
16:14:31,27.5,41.3
16:14:40,27.5,41.3
16:14:50,27.5,41.4
16:15:00,27.5,41.3
16:15:11,27.5,41.2
16:15:20,27.5,41.2
16:15:30,27.5,41.2
16:15:41,27.5,41.2
16:15:50,27.5,41.2
16:16:00,27.4,41.2
16:16:10,27.5,41.2
16:16:20,27.5,41.2
16:16:30,27.4,41.4
16:16:40,27.4,41.4
16:16:51,27.4,41.4
16:17:00,27.4,41.4
16:17:10,27.4,41.4
16:17:22,27.4,41.4
16:17:30,27.4,41.4
16:17:40,27.4,41.3
16:17:50,27.5,41.3
16:18:00,27.4,41.3
16:18:10,27.4,41.3
16:18:20,27.4,41.3
16:18:32,27.4,41.4
16:18:42,27.5,41.3
16:18:51,27.4,41.5
16:19:00,27.5,41.5
16:19:10,27.4,41.6
16:19:23,27.5,41.6
16:19:31,27.5,41.6
16:19:41,27.5,41.6
16:19:52,27.5,41.6
16:20:00,27.5,41.6
16:20:13,27.5,41.5
16:20:20,27.5,41.5
16:20:30,27.5,41.5
16:20:40,27.5,41.6
16:20:51,27.5,41.6
16:21:00,27.5,41.6
16:21:10,27.5,41.5
16:21:24,27.6,41.5
16:21:31,27.6,41.5
16:21:40,27.6,41.5
16:21:50,27.6,41.3
16:22:00,27.6,41.3
16:22:11,27.6,41.4
16:22:20,27.6,41.3
16:22:30,27.6,41.3
16:22:40,27.6,41.3
16:22:55,27.6,41.2
16:23:00,27.6,41.2
16:23:10,27.6,41.2
16:23:20,27.6,41.2
16:23:30,27.6,41.1
16:23:42,27.6,41.2
16:23:51,27.6,41.2
16:24:00,27.5,41.2
16:24:10,27.6,41.4
16:24:20,27.6,41.4
16:24:31,27.6,41.4
16:24:40,27.6,41.5
16:24:50,27.6,41.6
16:25:00,27.6,41.7
16:25:10,27.6,41.6
16:25:20,27.6,41.7
16:25:31,27.6,41.8
16:25:40,27.6,41.7
16:25:50,27.6,41.7
16:26:01,27.6,41.7
16:26:10,27.6,41.7
16:26:20,27.6,41.6
16:26:30,27.6,41.6
16:26:40,27.6,41.6
16:26:50,27.6,41.6
16:27:00,27.6,41.6
16:27:10,27.6,41.6
16:27:20,27.6,41.6
16:27:31,27.6,41.6
16:27:40,27.6,41.6
16:27:50,27.6,41.5
16:28:02,27.6,41.5
16:28:10,27.6,41.5
16:28:20,27.6,41.6
16:28:30,27.6,41.6
16:28:40,27.7,41.6
16:28:50,27.7,41.5
16:29:00,27.7,41.5
16:29:10,27.7,41.5
16:29:20,27.7,41.6
16:29:30,27.7,41.6
16:29:40,27.7,41.6
16:29:50,27.7,41.5
16:30:00,27.7,41.6
16:30:10,27.7,41.5
16:30:20,27.7,41.5
16:30:30,27.7,41.5
16:30:40,27.7,41.6
16:30:50,27.7,41.6
16:31:01,27.7,41.6
16:31:10,27.7,41.7
16:31:20,27.7,41.7
16:31:30,27.7,41.8
16:31:40,27.7,41.8
16:31:50,27.7,41.9
16:32:00,27.7,41.9
16:32:10,27.7,41.9
16:32:22,27.7,42.0
16:32:30,27.7,42.1
16:32:40,27.7,42.1
16:32:50,27.7,42.1
16:33:00,27.7,42.1
16:33:10,27.7,42.2
16:33:20,27.7,42.2
16:33:30,27.7,42.2
16:33:40,27.7,42.2
16:33:50,27.7,42.2
16:34:00,27.7,42.2
16:34:10,27.7,42.2
16:34:20,27.7,42.2
16:34:30,27.7,42.2
16:34:40,27.7,42.2
16:34:50,27.7,42.2
16:35:00,27.7,42.2
16:35:10,27.7,42.3
16:35:20,27.7,42.3
16:35:30,27.7,42.3
16:35:40,27.6,42.3
16:35:50,27.7,42.3
16:36:00,27.7,42.3
16:36:10,27.7,42.3
16:36:20,27.7,42.2
16:36:30,27.7,42.2
16:36:40,27.7,42.2
16:36:50,27.7,42.2
16:37:00,27.7,42.2
16:37:10,27.7,42.2
16:37:20,27.7,42.3
16:37:30,27.7,42.3
16:37:40,27.7,42.3
16:37:50,27.7,42.3
16:38:00,27.7,42.4
16:38:10,27.7,42.3
16:38:22,27.7,42.3
16:38:30,27.7,42.3
16:38:40,27.7,42.2
16:38:50,27.8,42.3
16:39:00,27.7,42.2
16:39:10,27.7,42.2
16:39:21,27.7,42.2
16:39:30,27.8,42.2
16:39:40,27.7,42.1
16:39:50,27.7,42.0
16:40:00,27.8,42.0
16:40:10,27.8,42.0
16:40:21,27.7,42.0
16:40:30,27.8,42.1
16:40:41,27.7,42.2
16:40:50,27.8,42.2
16:41:02,27.8,42.2
16:41:10,27.8,42.1
16:41:20,27.8,42.0
16:41:30,27.8,41.9
16:41:40,27.8,41.9
16:41:50,27.8,41.9
16:42:00,27.8,41.9
16:42:10,27.8,41.9
16:42:20,27.8,41.9
16:42:31,27.8,41.9
16:42:40,27.8,41.9
16:42:50,27.8,41.9
16:43:00,27.8,41.8
16:43:10,27.8,41.8
16:43:20,27.8,41.9
16:43:30,27.8,41.8
16:43:40,27.8,41.8
16:43:50,27.8,41.8
16:44:00,27.8,41.8
16:44:10,27.8,41.8
16:44:20,27.8,41.6
16:44:30,27.8,41.5
16:44:40,27.8,41.4
16:44:50,27.8,41.4
16:45:00,27.8,41.4
16:45:10,27.7,41.5
16:45:20,27.8,41.5
16:45:30,27.7,41.5
16:45:40,27.7,41.6
16:45:50,27.7,41.7
16:46:00,27.7,41.7
16:46:10,27.7,41.6
16:46:20,27.7,41.5
16:46:30,27.7,41.5
16:46:40,27.7,41.5
16:46:52,27.7,41.5
16:47:00,27.7,41.5
16:47:10,27.7,41.5
16:47:20,27.7,41.5
16:47:30,27.7,41.6
16:47:40,27.7,41.6
16:47:58,27.7,41.7
16:48:00,27.7,41.7
16:48:13,27.7,41.7
16:48:21,27.7,41.9
16:48:30,27.7,41.8
16:48:40,27.7,41.9
16:48:50,27.7,41.9
16:49:00,27.7,41.8
16:49:10,27.7,41.9
16:49:20,27.7,41.9
16:49:30,27.7,41.9
16:49:41,27.7,41.9
16:49:50,27.7,41.9
16:50:00,27.7,41.9
16:50:10,27.7,41.9
16:50:20,27.7,41.9
16:50:30,27.7,41.9
16:50:40,27.7,41.8
16:50:50,27.7,41.9
16:51:00,27.7,41.9
16:51:10,27.7,41.9
16:51:20,27.7,41.9
16:51:30,27.7,41.7
16:51:40,27.7,41.6
16:51:50,27.7,41.7
16:52:00,27.7,41.9
16:52:10,27.7,41.8
16:52:20,27.7,41.9
16:52:30,27.7,41.8
16:52:40,27.7,41.9
16:52:50,27.7,41.9
16:53:00,27.7,41.9
16:53:10,27.7,41.8
16:53:20,27.7,41.8
16:53:30,27.7,41.9
16:53:40,27.7,42.0
16:53:50,27.7,42.1
16:54:00,27.7,41.9
16:54:10,27.7,41.9
16:54:20,27.8,42.1
16:54:30,27.7,41.9
16:54:40,27.7,41.9
16:54:50,27.8,41.9
16:55:00,27.7,41.9
16:55:10,27.8,41.8
16:55:20,27.7,41.8
16:55:30,27.8,41.8
16:55:40,27.7,41.9
16:55:50,27.8,41.8
16:56:00,27.8,41.8
16:56:10,27.7,41.8
16:56:20,27.8,41.9
16:56:30,27.8,41.7
16:56:40,27.7,41.8
16:56:50,27.8,41.9
16:57:00,27.8,41.8
16:57:10,27.8,41.8
16:57:20,27.8,41.8
16:57:30,27.8,41.8
16:57:40,27.8,41.8
16:57:50,27.8,41.8
16:58:00,27.8,41.8
16:58:10,27.8,41.8
16:58:20,27.8,41.7
16:58:30,27.8,41.7
16:58:40,27.8,41.7
16:58:50,27.7,41.6
16:59:00,27.8,41.6
16:59:10,27.8,41.6
16:59:20,27.7,41.5
16:59:30,27.8,41.4
16:59:40,27.8,41.3
16:59:50,27.8,41.3
17:00:00,27.8,41.3
17:00:10,27.8,41.3
17:00:20,27.7,41.3
17:00:30,27.8,41.3
17:00:40,27.7,41.4
17:00:50,27.7,41.3
17:01:00,27.8,41.3
17:01:10,27.8,41.3
17:01:20,27.8,41.5
17:01:30,27.8,41.6
17:01:40,27.7,41.4
17:01:50,27.7,41.4
17:02:00,27.8,41.4
17:02:10,27.8,41.5
17:02:20,27.7,41.4
17:02:30,27.8,41.3
17:02:40,27.8,41.4
17:02:50,27.8,41.4
17:03:00,27.8,41.4
17:03:10,27.8,41.3
17:03:20,27.8,41.4
17:03:30,27.8,41.4
17:03:40,27.8,41.3
17:03:50,27.8,41.3
17:04:00,27.8,41.3
17:04:10,27.8,41.2
17:04:20,27.8,41.3
17:04:30,27.8,41.3
17:04:40,27.8,41.3
17:04:50,27.8,41.5
17:05:00,27.8,41.5
17:05:10,27.8,41.5
17:05:20,27.8,41.6
17:05:30,27.8,41.5
17:05:40,27.8,41.5
17:05:50,27.8,41.5
17:06:00,27.8,41.5
17:06:10,27.8,41.4
17:06:20,27.8,41.5
17:06:30,27.8,41.5
17:06:40,27.8,41.4
17:06:50,27.8,41.4
17:07:00,27.8,41.5
17:07:10,27.8,41.5
17:07:21,27.8,41.4
17:07:30,27.8,41.5
17:07:40,27.8,41.4
17:07:50,27.8,41.3
17:08:00,27.7,41.4
17:08:10,27.8,41.4
17:08:20,27.8,41.5
17:08:30,27.8,41.4
17:08:40,27.8,41.4
17:08:50,27.8,41.4
17:09:00,27.8,41.4
17:09:10,27.8,41.3
17:09:20,27.8,41.3
17:09:30,27.8,41.3
17:09:40,27.8,41.3
17:09:50,27.8,41.3
17:10:00,27.8,41.3
17:10:10,27.8,41.3
17:10:20,27.8,41.3
17:10:30,27.8,41.4
17:10:40,27.8,41.4
17:10:50,27.7,41.4
17:11:00,27.7,41.4
17:11:10,27.8,41.4
17:11:20,27.7,41.4
17:11:30,27.7,41.4
17:11:40,27.8,41.4
17:11:50,27.7,41.4
17:12:00,27.7,41.4
17:12:10,27.7,41.4
17:12:20,27.7,41.5
17:12:30,27.7,41.5
17:12:40,27.7,41.5
17:12:50,27.7,41.6
17:13:00,27.7,41.6
17:13:10,27.7,41.6
17:13:20,27.7,41.7
17:13:30,27.7,41.7
17:13:40,27.7,41.7
17:13:50,27.7,41.6
17:14:00,27.7,41.6
17:14:10,27.7,41.6
17:14:20,27.7,41.6
17:14:30,27.7,41.6
17:14:40,27.7,41.7
17:14:50,27.7,41.6
17:15:00,27.7,41.6
17:15:10,27.7,41.6
17:15:20,27.7,41.7
17:15:30,27.7,41.7
17:15:40,27.7,41.7
17:15:50,27.7,41.7
17:16:00,27.7,41.7
17:16:10,27.7,41.8
17:16:20,27.7,41.8
17:16:30,27.7,41.7
17:16:40,27.7,41.7
17:16:50,27.7,41.7
17:17:00,27.7,41.7
17:17:10,27.7,41.7
17:17:20,27.7,41.8
17:17:30,27.6,41.8
17:17:40,27.7,41.9
17:17:50,27.6,41.9
17:18:00,27.6,41.9
17:18:10,27.6,41.9
17:18:20,27.6,41.9
17:18:30,27.6,42.0
17:18:40,27.6,41.9
17:18:50,27.6,42.0
17:19:00,27.6,42.0
17:19:10,27.6,42.1
17:19:20,27.6,42.0
17:19:30,27.6,42.1
17:19:40,27.6,42.0
17:19:50,27.6,42.0
17:20:00,27.6,42.0
17:20:10,27.6,42.0
17:20:20,27.6,42.1
17:20:30,27.6,42.0
17:20:40,27.6,42.0
17:20:50,27.6,42.0
17:21:00,27.6,42.0
17:21:10,27.6,42.0
17:21:20,27.6,42.1
17:21:30,27.6,42.1
17:21:40,27.6,42.1
17:21:51,27.6,42.1
17:22:00,27.5,42.1
17:22:10,27.6,42.2
17:22:20,27.5,42.2
17:22:30,27.5,42.2
17:22:40,27.5,42.1
17:22:50,27.5,42.2
17:23:00,27.5,42.0
17:23:10,27.5,42.1
17:23:20,27.5,42.2
17:23:31,27.5,42.2
17:23:40,27.5,42.2
17:23:53,27.5,42.2
17:24:00,27.5,42.1
17:24:10,27.5,42.1
17:24:21,27.5,42.1
17:24:30,27.5,42.1
17:24:40,27.5,42.2
17:24:50,27.5,42.2
17:25:00,27.5,42.1
17:25:10,27.5,42.2
17:25:20,27.5,42.2
17:25:30,27.5,42.2
17:25:41,27.5,42.2
17:25:50,27.5,42.1
17:26:00,27.5,42.1
17:26:10,27.5,42.1
17:26:21,27.5,42.1
17:26:30,27.5,42.1
17:26:40,27.5,41.9
17:26:50,27.5,42.0
17:27:00,27.5,41.9
17:27:10,27.5,41.9
17:27:20,27.5,41.9
17:27:30,27.5,41.9
17:27:40,27.5,41.9
17:27:50,27.5,41.9
17:28:00,27.5,42.0
17:28:10,27.5,42.0
17:28:20,27.6,42.1
17:28:30,27.5,42.0
17:28:40,27.5,42.1
17:28:50,27.5,42.1
17:29:00,27.5,42.1
17:29:10,27.5,42.1
17:29:20,27.5,42.1
17:29:30,27.5,42.2
17:29:40,27.5,42.2
17:29:50,27.5,42.2
17:30:00,27.5,42.2
17:30:10,27.5,42.2
17:30:20,27.5,42.2
17:30:30,27.5,42.2
17:30:40,27.5,42.1
17:30:51,27.5,42.2
17:31:00,27.5,42.2
17:31:10,27.5,42.2
17:31:20,27.5,42.2
17:31:30,27.5,42.2
17:31:40,27.5,42.2
17:31:50,27.5,42.2
17:32:00,27.5,42.3
17:32:10,27.6,42.2
17:32:20,27.6,42.2
17:32:30,27.6,42.2
17:32:40,27.6,42.2
17:32:50,27.6,42.1
17:33:00,27.6,42.2
17:33:10,27.6,42.1
17:33:20,27.6,42.1
17:33:30,27.6,42.2
17:33:40,27.5,42.2
17:33:50,27.6,42.2
17:34:00,27.5,42.2
17:34:10,27.5,42.3
17:34:22,27.5,42.3
17:34:30,27.5,42.4
17:34:41,27.5,42.3
17:34:50,27.6,42.3
17:35:00,27.6,42.3
17:35:10,27.5,42.3
17:35:20,27.6,42.2
17:35:30,27.6,42.3
17:35:40,27.6,42.3
17:35:50,27.6,42.3
17:36:00,27.6,42.3
17:36:10,27.6,42.3
17:36:20,27.6,42.4
17:36:30,27.6,42.3
17:36:40,27.6,42.2
17:36:50,27.6,42.2
17:37:00,27.6,42.2
17:37:10,27.6,42.2
17:37:20,27.6,42.2
17:37:30,27.6,42.2
17:37:40,27.6,42.2
17:37:50,27.6,42.1
17:38:00,27.6,42.1
17:38:10,27.6,42.2
17:38:20,27.6,42.2
17:38:30,27.6,42.2
17:38:40,27.6,42.0
17:38:50,27.6,42.0
17:39:00,27.6,42.0
17:39:10,27.6,42.0
17:39:20,27.6,42.0
17:39:30,27.6,42.0
17:39:40,27.6,42.1
17:39:50,27.6,42.1
17:40:00,27.6,42.1
17:40:10,27.6,42.2
17:40:21,27.6,42.2
17:40:30,27.5,42.2
17:40:40,27.5,42.2
17:40:50,27.5,42.3
17:41:00,27.5,42.3
17:41:10,27.5,42.3
17:41:21,27.5,42.3
17:41:30,27.5,42.4
17:41:40,27.5,42.4
17:41:50,27.5,42.4
17:42:00,27.5,42.5
17:42:10,27.5,42.5
17:42:20,27.5,42.5
17:42:30,27.5,42.6
17:42:40,27.5,42.6
17:42:50,27.5,42.6
17:43:00,27.5,42.6
17:43:10,27.5,42.6
17:43:20,27.5,42.6
17:43:31,27.5,42.6
17:43:40,27.5,42.6
17:43:50,27.5,42.7
17:44:01,27.5,42.6
17:44:10,27.5,42.6
17:44:20,27.5,42.6
17:44:30,27.5,42.6
17:44:40,27.5,42.6
17:44:50,27.5,42.6
17:45:00,27.5,42.6
17:45:10,27.5,42.7
17:45:20,27.5,42.8
17:45:30,27.5,42.8
17:45:40,27.5,42.8
17:45:50,27.5,42.8
17:46:00,27.5,42.8
17:46:10,27.5,42.8
17:46:20,27.5,42.9
17:46:30,27.4,42.8
17:46:40,27.4,42.9
17:46:50,27.4,43.0
17:47:00,27.4,43.0
17:47:10,27.4,42.9
17:47:21,27.4,42.9
17:47:30,27.4,43.0
17:47:40,27.4,43.0
17:47:50,27.4,43.0
17:48:00,27.4,43.1
17:48:10,27.4,43.1
17:48:20,27.4,43.1
17:48:30,27.4,43.0
17:48:40,27.4,42.9
17:48:50,27.4,42.8
17:49:00,27.5,42.8
17:49:10,27.4,42.9
17:49:20,27.4,42.8
17:49:30,27.5,42.8
17:49:41,27.4,42.8
17:49:50,27.4,42.8
17:50:00,27.4,42.7
17:50:10,27.4,42.7
17:50:20,27.4,42.7
17:50:31,27.4,42.7
17:50:40,27.4,42.8
17:50:50,27.4,42.7
17:51:00,27.4,42.7
17:51:10,27.4,42.6
17:51:20,27.4,42.6
17:51:30,27.3,42.6
17:51:40,27.4,42.6
17:51:50,27.3,42.6
17:52:06,27.3,42.6
17:52:10,27.3,42.7
17:52:20,27.3,42.7
17:52:30,27.4,42.6
17:52:40,27.3,42.6
17:52:50,27.3,42.6
17:53:00,27.3,42.7
17:53:10,27.3,42.7
17:53:20,27.3,42.8
17:53:31,27.3,42.7
17:53:40,27.3,42.7
17:53:50,27.3,42.7
17:54:00,27.3,42.7
17:54:12,27.3,42.8
17:54:20,27.3,42.8
17:54:30,27.3,42.9
17:54:40,27.3,42.8
17:54:50,27.3,42.9
17:55:01,27.3,42.9
17:55:10,27.3,42.9
17:55:25,27.3,43.0
17:55:30,27.3,43.0
17:55:40,27.3,43.0
17:55:50,27.3,43.0
17:56:00,27.3,43.0
17:56:11,27.3,43.0
17:56:20,27.3,43.0
17:56:30,27.3,43.0
17:56:40,27.2,43.0
17:56:50,27.3,42.9
17:57:00,27.3,43.0
17:57:10,27.3,42.9
17:57:20,27.3,43.0
17:57:30,27.3,43.0
17:57:40,27.3,43.0
17:57:50,27.3,42.9
17:58:00,27.3,42.9
17:58:10,27.3,42.9
17:58:20,27.2,42.8
17:58:30,27.3,42.9
17:58:40,27.3,42.9
17:58:50,27.3,42.9
17:59:00,27.2,42.9
17:59:10,27.3,42.8
17:59:20,27.3,42.9
17:59:30,27.3,42.8
17:59:40,27.3,42.8
17:59:50,27.2,42.9
18:00:00,27.3,42.8
18:00:10,27.3,42.8
18:00:20,27.2,42.9
18:00:30,27.3,42.9
18:00:40,27.2,42.9
18:00:50,27.3,43.0
18:01:00,27.3,43.0
18:01:10,27.2,43.0
18:01:21,27.2,43.0
18:01:30,27.2,43.1
18:01:40,27.3,43.1
18:01:50,27.3,43.1
18:02:00,27.2,42.9
18:02:10,27.2,42.9
18:02:20,27.3,43.1
18:02:30,27.3,43.0
18:02:40,27.3,43.1
18:02:50,27.3,43.0
18:03:00,27.3,43.1
18:03:10,27.3,43.1
18:03:20,27.3,43.0
18:03:30,27.3,43.0
18:03:40,27.3,43.0
18:03:50,27.3,42.9
18:04:00,27.3,42.9
18:04:10,27.3,42.9
18:04:20,27.3,42.9
18:04:30,27.3,42.9
18:04:40,27.3,42.8
18:04:50,27.3,42.8
18:05:00,27.3,42.8
18:05:10,27.3,42.8
18:05:21,27.3,42.8
18:05:30,27.2,42.9
18:05:40,27.2,42.9
18:05:52,27.3,42.8
18:06:00,27.3,42.8
18:06:11,27.3,42.8
18:06:21,27.2,42.8
18:06:30,27.2,42.6
18:06:40,27.2,42.6
18:06:50,27.2,42.7
18:07:00,27.2,42.7
18:07:10,27.2,42.7
18:07:20,27.2,42.7
18:07:30,27.2,42.7
18:07:40,27.2,42.7
18:07:50,27.2,42.6
18:08:00,27.2,42.4
18:08:10,27.2,42.1
18:08:20,27.2,42.1
18:08:30,27.2,42.2
18:08:40,27.2,42.2
18:08:50,27.2,42.3
18:09:00,27.2,42.3
18:09:10,27.2,42.3
18:09:20,27.2,42.3
18:09:30,27.2,42.4
18:09:40,27.2,42.3
18:09:50,27.2,42.3
18:10:00,27.2,42.3
18:10:10,27.2,42.3
18:10:20,27.2,42.2
18:10:30,27.1,42.3
18:10:40,27.1,42.3
18:10:50,27.1,42.3
18:11:00,27.1,42.3
18:11:10,27.1,42.3
18:11:20,27.1,42.2
18:11:30,27.1,42.3
18:11:40,27.0,42.3
18:11:50,27.1,42.3
18:12:00,27.0,42.3
18:12:10,27.0,42.4
18:12:20,27.0,42.3
18:12:30,27.0,42.4
18:12:40,27.0,42.4
18:12:50,27.0,42.3
18:13:01,27.0,42.4
18:13:10,26.9,42.4
18:13:21,26.9,42.4
18:13:30,26.9,42.5
18:13:40,26.9,42.5
18:13:50,26.9,42.5
18:14:00,26.9,42.5
18:14:10,26.9,42.5
18:14:20,26.9,42.7
18:14:30,26.9,42.6
18:14:40,26.9,42.7
18:14:50,26.9,42.7
18:15:00,26.9,42.7
18:15:10,26.9,42.7
18:15:20,26.9,42.8
18:15:30,26.9,42.8
18:15:40,26.9,42.7
18:15:50,26.9,42.7
18:16:00,26.9,42.8
18:16:10,26.9,42.8
18:16:20,26.9,42.7
18:16:30,26.9,42.7
18:16:40,26.9,42.7
18:16:50,26.9,42.7
18:17:00,26.9,42.7
18:17:10,26.8,42.7
18:17:20,26.8,42.8
18:17:30,26.8,42.8
18:18:50,26.8,42.8
18:19:00,26.8,42.8
18:19:10,26.8,42.9
18:19:20,26.8,42.9
18:19:30,26.7,42.8
18:19:40,26.7,42.9
18:19:50,26.7,42.8
18:20:00,26.7,42.9
18:20:10,26.7,42.9
18:20:20,26.7,42.9
18:20:30,26.7,43.0
18:20:40,26.7,43.0
18:20:50,26.7,43.1
18:21:00,26.7,43.1
18:21:10,26.7,43.1
18:21:20,26.7,43.1
18:21:30,26.7,43.1
18:21:40,26.7,43.1
18:21:50,26.7,43.2
18:22:00,26.7,43.2
18:22:10,26.7,43.2
18:22:20,26.7,43.2
18:22:30,26.7,43.2
18:22:40,26.7,43.3
18:22:50,26.7,43.3
18:23:00,26.7,43.2
18:23:10,26.7,43.0
18:23:20,26.7,43.0
18:23:31,26.7,43.0
18:23:40,26.7,43.1
18:23:50,26.7,43.2
18:24:00,26.7,43.2
18:24:10,26.7,43.3
18:24:20,26.7,43.3
18:24:30,26.7,43.3
18:24:40,26.7,43.4
18:24:50,26.7,43.4
18:25:00,26.7,43.4
18:25:10,26.7,43.4
18:25:20,26.7,43.4
18:25:30,26.7,43.4
18:25:40,26.7,43.4
18:25:50,26.7,43.4
18:26:00,26.7,43.4
18:26:10,26.7,43.4
18:26:20,26.7,43.5
18:26:30,26.7,43.4
18:26:40,26.7,43.4
18:26:50,26.7,43.3
18:27:00,26.7,43.4
18:27:10,26.7,43.4
18:27:20,26.7,43.5
18:27:30,26.7,43.4
18:27:40,26.7,43.4
18:27:50,26.7,43.5
18:28:00,26.7,43.5
18:28:10,26.7,43.5
18:28:20,26.7,43.5
18:28:31,26.7,43.6
18:28:40,26.7,43.6
18:28:50,26.7,43.6
18:29:00,26.7,43.5
18:29:11,26.7,43.7
18:29:20,26.7,43.6
18:29:30,26.7,43.6
18:29:40,26.7,43.6
18:29:50,26.7,43.6
18:30:00,26.7,43.6
18:30:10,26.7,43.6
18:30:20,26.7,43.7
18:30:30,26.7,43.6
18:30:40,26.7,43.6
18:30:50,26.7,43.6
18:31:00,26.7,43.5
18:31:10,26.7,43.5
18:31:20,26.7,43.5
18:31:30,26.7,43.5
18:31:40,26.7,43.6
18:31:50,26.7,43.6
18:32:00,26.7,43.6
18:32:10,26.7,43.6
18:32:20,26.7,43.6
18:32:30,26.7,43.6
18:32:40,26.7,43.7
18:32:50,26.7,43.7
18:33:00,26.7,43.6
18:33:10,26.7,43.7
18:33:20,26.7,43.7
18:33:30,26.7,43.7
18:33:40,26.7,43.7
18:33:50,26.7,43.7
18:34:00,26.7,43.7
18:34:10,26.7,43.8
18:34:20,26.7,43.7
18:34:30,26.7,43.7
18:34:40,26.7,43.7
18:34:50,26.7,43.8
18:35:00,26.7,43.8
18:35:10,26.7,43.8
18:35:20,26.7,43.8
18:35:30,26.7,43.9
18:35:40,26.7,43.9
18:35:50,26.7,43.8
18:36:00,26.7,43.9
18:36:11,26.7,43.9
18:36:20,26.7,43.8
18:36:30,26.7,43.8
18:36:40,26.7,43.8
18:36:50,26.7,43.8
18:37:00,26.7,43.9
18:37:10,26.7,43.9
18:37:20,26.7,43.9
18:37:30,26.7,43.8
18:37:40,26.7,43.9
18:37:50,26.7,43.9
18:38:00,26.7,43.9
18:38:10,26.7,43.9
18:38:20,26.7,43.8
18:38:30,26.7,43.8
18:38:40,26.7,43.8
18:38:50,26.7,43.9
18:39:00,26.7,43.9
18:39:10,26.7,43.9
18:39:20,26.6,43.9
18:39:30,26.7,44.0
18:39:40,26.6,44.0
18:39:50,26.7,44.0
18:40:00,26.7,43.9
18:40:10,26.6,43.8
18:40:20,26.6,43.9
18:40:30,26.6,43.9
18:40:40,26.6,44.0
18:40:50,26.6,43.9
18:41:00,26.7,43.9
18:41:10,26.6,44.0
18:41:20,26.7,44.0
18:41:30,26.6,44.0
18:41:40,26.6,44.0
18:41:50,26.6,43.9
18:42:00,26.6,44.0
18:42:10,26.6,44.0
18:42:20,26.6,43.9
18:42:30,26.6,44.0
18:42:40,26.6,44.1
18:42:50,26.6,44.0
18:43:00,26.6,44.0
18:43:10,26.6,44.0
18:43:20,26.6,44.0
18:43:30,26.6,44.0
18:43:40,26.6,44.0
18:43:50,26.6,44.0
18:44:00,26.6,44.0
18:44:10,26.6,44.1
18:44:20,26.6,44.1
18:44:30,26.6,44.1
18:44:40,26.6,44.0
18:44:50,26.6,44.0
18:45:00,26.6,44.0
18:45:11,26.6,44.0
18:45:20,26.6,44.0
18:45:30,26.6,43.9
18:45:40,26.6,44.0
18:45:50,26.6,44.1
18:46:00,26.6,44.0
18:46:10,26.6,44.0
18:46:20,26.6,44.0
18:46:30,26.6,44.0
18:46:40,26.6,43.9
18:46:51,26.6,43.9
18:47:00,26.6,43.9
18:47:10,26.6,43.9
18:47:23,26.6,43.9
18:47:30,26.6,44.0
18:47:40,26.6,43.9
18:47:50,26.6,44.0
18:48:00,26.6,44.0
18:48:10,26.6,44.0
18:48:37,26.6,44.0
18:48:41,26.6,44.0
18:48:52,26.6,44.0
18:49:00,26.6,43.9
18:49:10,26.6,43.9
18:49:26,26.6,44.0
18:49:30,26.6,43.9
18:49:40,26.6,44.0
18:49:50,26.6,44.0
18:50:00,26.6,44.0
18:50:10,26.6,44.0
18:50:20,26.5,43.9
18:50:30,26.6,43.9
18:50:40,26.6,43.9
18:50:50,26.6,43.9
18:51:00,26.6,44.0
18:51:10,26.6,44.0
18:51:20,26.6,44.0
18:51:30,26.6,44.0
18:51:40,26.6,44.0
18:51:50,26.6,44.0
18:52:00,26.5,44.0
18:52:10,26.5,44.0
18:52:20,26.5,44.0
18:52:30,26.6,44.0
18:52:40,26.5,43.9
18:52:50,26.5,43.9
18:53:00,26.5,43.9
18:53:10,26.6,43.9
18:53:20,26.5,43.9
18:53:30,26.5,43.9
18:53:40,26.5,44.0
18:53:50,26.5,43.9
18:54:00,26.6,43.8
18:54:10,26.5,43.9
18:54:20,26.6,43.8
18:54:30,26.5,43.9
18:54:40,26.5,43.9
18:54:52,26.5,43.9
18:55:01,26.5,43.8
18:55:10,26.5,43.8
18:55:21,26.5,43.8
18:55:30,26.5,43.8
18:55:40,26.5,43.8
18:55:50,26.5,43.8
18:56:02,26.5,43.8
18:56:10,26.5,43.8
18:56:21,26.5,43.8
18:56:30,26.5,43.8
18:56:40,26.5,43.8
18:56:50,26.5,43.8
18:57:00,26.5,43.8
18:57:11,26.5,43.8
18:57:20,26.5,43.8
18:57:30,26.5,43.9
18:57:40,26.5,43.8
18:57:50,26.5,43.8
18:58:00,26.5,43.8
18:58:10,26.5,43.8
18:58:20,26.5,43.9
18:58:30,26.5,43.8
18:58:40,26.5,43.9
18:58:50,26.5,43.9
18:59:00,26.5,43.9
18:59:10,26.5,43.8
18:59:20,26.5,43.8
18:59:30,26.5,43.9
18:59:40,26.5,43.9
18:59:50,26.5,43.9
19:00:00,26.5,44.0
19:00:10,26.5,44.0
19:00:20,26.5,44.0
19:00:30,26.5,43.9
19:00:40,26.5,43.9
19:00:50,26.5,44.0
19:01:00,26.5,44.0
19:01:10,26.5,44.0
19:01:21,26.5,43.9
19:01:36,26.5,43.9
19:01:40,26.5,43.9
19:01:56,26.5,44.0
19:02:06,26.5,43.9
19:02:10,26.5,43.9
19:02:46,26.5,44.0
19:02:50,26.5,44.0
19:03:00,26.4,44.0
19:03:11,26.5,44.0
19:03:20,26.5,44.1
19:03:30,26.4,44.0
19:03:41,26.5,44.1
19:03:50,26.4,44.0
19:04:00,26.5,44.0
19:04:10,26.5,44.0
19:04:20,26.5,44.0
19:04:30,26.5,44.0
19:04:40,26.5,44.0
19:04:50,26.5,44.0
19:05:00,26.4,44.0
19:05:10,26.4,44.1
19:06:30,26.5,44.0
19:06:40,26.5,44.0
19:06:50,26.5,44.0
19:07:00,26.5,44.0
19:07:10,26.5,44.1
19:07:20,26.5,44.0
19:07:30,26.5,43.9
19:07:40,26.5,43.9
19:07:54,26.5,43.9
19:08:00,26.5,43.9
19:08:10,26.5,43.9
19:08:20,26.5,43.8
19:08:30,26.5,43.8
19:08:40,26.5,43.8
19:08:50,26.5,43.8
19:09:00,26.5,43.8
19:09:10,26.5,43.8
19:09:20,26.5,43.8
19:09:30,26.5,43.8
19:09:40,26.5,43.8
19:09:50,26.5,43.7
19:10:00,26.5,43.7
19:10:10,26.5,43.8
19:10:20,26.5,43.8
19:10:30,26.5,43.7
19:10:40,26.5,43.7
19:10:50,26.5,43.6
19:11:00,26.5,43.7
19:11:10,26.5,43.7
19:11:20,26.4,43.6
19:11:30,26.5,43.6
19:11:40,26.4,43.7
19:11:50,26.5,43.7
19:12:00,26.4,43.7
19:12:11,26.4,43.6
19:12:20,26.4,43.6
19:12:30,26.4,43.7
19:12:40,26.4,43.6
19:12:50,26.5,43.6
19:13:00,26.5,43.5
19:13:10,26.4,43.4
19:13:20,26.4,43.4
19:13:30,26.4,43.4
19:13:40,26.4,43.4
19:13:50,26.4,43.4
19:14:00,26.5,43.5
19:14:10,26.4,43.5
19:14:20,26.4,43.6
19:14:30,26.4,43.5
19:14:40,26.4,43.5
19:14:50,26.4,43.5
19:15:00,26.4,43.5
19:15:10,26.4,43.5
19:15:20,26.4,43.5
19:15:30,26.4,43.5
19:15:40,26.5,43.5
19:15:50,26.4,43.5
19:16:00,26.4,43.5
19:16:10,26.4,43.6
19:16:20,26.4,43.6
19:16:30,26.4,43.5
19:16:40,26.4,43.5
19:16:50,26.4,43.5
19:17:00,26.4,43.4
19:17:10,26.4,43.4
19:17:20,26.4,43.4
19:17:30,26.5,43.6
19:17:40,26.5,43.5
19:17:50,26.4,43.6
19:18:00,26.4,43.5
19:18:10,26.4,43.6
19:18:20,26.4,43.6
19:18:30,26.4,43.6
19:18:40,26.5,43.7
19:18:50,26.4,43.6
19:19:00,26.4,43.7
19:19:10,26.4,43.6
19:19:20,26.4,43.6
19:19:30,26.4,43.7
19:19:40,26.5,43.8
19:19:50,26.4,43.7
19:20:00,26.4,43.8
19:20:10,26.4,43.8
19:20:20,26.4,43.8
19:20:30,26.4,43.8
19:20:40,26.4,43.9
19:20:50,26.4,43.7
19:21:00,26.3,43.7
19:21:10,26.3,43.8
19:21:20,26.3,43.9
19:21:30,26.3,44.0
19:21:40,26.3,44.1
19:21:50,26.3,44.1
19:22:00,26.3,44.2
19:22:10,26.3,44.1
19:22:20,26.3,44.1
19:22:30,26.3,44.1
19:22:40,26.3,44.1
19:22:50,26.2,44.1
19:23:00,26.2,44.2
19:23:10,26.2,44.2
19:23:20,26.2,44.3
19:23:30,26.2,44.3
19:23:40,26.2,44.3
19:23:50,26.2,44.4
19:24:00,26.2,44.4
19:24:10,26.2,44.5
19:24:20,26.2,44.5
19:24:30,26.2,44.5
19:24:40,26.2,44.5
19:24:50,26.2,44.5
19:25:00,26.1,44.4
19:25:10,26.2,44.4
19:25:20,26.2,44.5
19:25:30,26.2,44.4
19:25:40,26.2,44.4
19:25:50,26.2,44.4
19:26:00,26.2,44.4
19:26:10,26.1,44.5
19:26:20,26.2,44.5
19:26:30,26.1,44.4
19:26:40,26.2,44.4
19:26:50,26.2,44.4
19:27:00,26.2,44.5
19:27:10,26.1,44.5
19:27:20,26.1,44.5
19:27:30,26.2,44.5
19:27:40,26.2,44.5
19:27:50,26.2,44.5
19:28:00,26.2,44.5
19:28:10,26.2,44.5
19:28:21,26.1,44.6
19:28:30,26.2,44.6
19:28:40,26.2,44.6
19:28:50,26.2,44.7
19:29:00,26.2,44.7
19:29:10,26.1,44.7
19:29:20,26.2,44.7
19:29:30,26.1,44.7
20:27:35,28.3,32.8
20:27:49,28.3,31.9
20:27:55,28.3,31.6
20:28:05,28.3,32.1
20:28:15,28.3,32.4
20:28:25,28.3,32.6
20:28:35,28.3,32.7
20:28:45,28.3,32.6
20:28:55,28.3,32.7
20:29:05,28.3,32.0
20:29:15,28.3,31.7
20:29:25,28.3,31.5
20:29:35,28.3,31.9
20:29:45,28.3,32.0
20:29:55,28.3,31.7
20:30:05,28.3,31.7
20:30:15,28.4,31.6
20:30:25,28.4,31.8
20:30:35,28.4,31.3
20:30:45,28.4,31.6
20:30:55,28.4,31.5
20:31:05,28.4,31.5
20:31:15,28.4,31.4
20:31:25,28.4,31.4
20:31:35,28.4,31.3
20:31:45,28.4,31.5
20:31:55,28.4,31.5
20:32:05,28.4,31.3
20:32:15,28.4,31.3
20:32:25,28.4,31.2
20:32:35,28.4,31.2
20:32:45,28.4,31.4
20:32:55,28.4,31.3
20:33:05,28.4,31.1
20:33:15,28.4,31.0
20:33:25,28.4,30.5
20:33:35,28.4,31.3
20:33:45,28.4,31.7
20:33:55,28.4,32.0
20:34:05,28.4,32.2
20:34:15,28.4,32.5
20:34:25,28.5,32.4
20:34:35,28.5,32.4
20:34:45,28.5,32.4
20:34:55,28.5,32.1
20:35:05,28.5,31.2
20:35:15,28.5,30.7
20:35:25,28.5,30.6
20:35:35,28.4,30.7
20:35:45,28.5,31.0
20:35:55,28.5,31.0
20:36:05,28.5,31.9
20:36:15,28.5,32.1
20:36:25,28.5,32.2
20:36:35,28.5,31.9
20:36:45,28.5,31.5
20:36:55,28.5,30.8
20:37:05,28.5,30.7
20:37:15,28.5,30.7
20:37:25,28.5,31.0
20:37:35,28.5,31.0
20:37:45,28.5,30.9
20:37:55,28.5,31.0
20:38:05,28.6,31.2
20:38:15,28.5,31.2
20:38:25,28.5,31.2
20:38:35,28.6,31.3
20:38:45,28.5,31.2
20:38:55,28.6,30.8
20:39:05,28.6,30.8
20:39:15,28.6,31.0
20:39:25,28.6,31.0
20:39:35,28.6,30.5
20:39:45,28.6,31.1
20:39:55,28.6,31.4
20:40:05,28.6,31.2
20:40:15,28.6,31.1
20:40:25,28.6,31.3
20:40:35,28.6,31.3
20:40:45,28.6,31.4
20:40:55,28.6,31.5
20:41:05,28.6,31.6
20:41:15,28.6,31.5
20:41:25,28.6,31.0
20:41:35,28.6,31.0
20:41:45,28.6,30.8
20:41:55,28.6,31.0
20:42:05,28.6,31.3
20:42:15,28.6,31.5
20:42:25,28.6,31.5
20:42:35,28.6,31.2
20:42:45,28.6,31.0
20:42:55,28.6,30.7
20:43:05,28.6,30.3
20:43:15,28.6,30.2
20:43:25,28.6,30.2
20:43:35,28.6,30.3
20:43:45,28.6,30.0
20:43:55,28.6,30.0
20:44:05,28.6,30.8
20:44:15,28.6,31.1
20:44:25,28.6,31.1
20:44:35,28.6,31.3
20:44:45,28.7,31.4
20:44:55,28.6,31.6
20:45:05,28.6,31.5
20:45:15,28.7,31.6
20:45:25,28.6,31.8
20:45:35,28.7,32.0
20:45:45,28.7,32.1
20:45:55,28.7,31.6
20:46:05,28.7,31.1
20:46:15,28.6,31.3
20:46:26,28.7,31.6
20:46:35,28.7,31.9
20:47:57,28.7,31.9
20:48:05,28.7,31.5
20:48:15,28.7,31.2
20:48:25,28.7,31.2
20:48:35,28.7,31.3
20:48:45,28.7,31.3
20:48:55,28.7,31.3
20:49:05,28.7,31.3
20:49:15,28.7,31.4
20:49:25,28.7,31.5
20:49:35,28.7,31.6
20:49:45,28.7,31.8
20:49:55,28.7,31.9
20:50:05,28.7,32.0
20:50:15,28.7,32.2
20:50:25,28.7,32.0
20:50:36,28.7,31.9
20:50:46,28.7,31.9
20:50:55,28.7,31.9
20:51:06,28.7,31.8
20:51:16,28.7,31.6
20:51:25,28.7,31.4
20:51:36,28.7,31.4
20:51:45,28.7,31.9
20:51:55,28.7,31.8
20:52:05,28.7,31.7
20:52:15,28.7,31.4
20:52:25,28.7,31.3
20:52:35,28.7,31.2
20:52:45,28.8,31.4
20:52:56,28.7,31.6
20:53:06,28.7,31.9
20:53:15,28.7,31.9
20:53:25,28.8,31.0
20:53:35,28.7,31.0
20:53:45,28.8,31.1
20:53:55,28.8,30.7
20:54:06,28.7,30.8
20:54:16,28.8,30.8
20:54:25,28.7,30.6
20:54:35,28.8,30.7
20:54:45,28.7,31.3
20:54:55,28.8,31.4
20:55:05,28.7,31.2
20:55:15,28.8,31.6
20:55:25,28.7,32.0
20:55:35,28.8,32.0
20:55:45,28.7,31.7
20:55:55,28.8,31.7
20:56:05,28.8,31.9
20:56:15,28.8,31.9
20:56:25,28.8,31.1
20:56:35,28.8,31.4
20:56:45,28.8,31.6
20:56:55,28.8,31.9
20:57:05,28.8,32.4
20:57:15,28.8,32.7
20:57:25,28.8,32.7
20:57:35,28.8,32.3
20:57:45,28.8,32.2
20:57:56,28.8,32.3
20:58:05,28.8,32.5
20:58:15,28.8,32.2
20:58:25,28.8,32.3
20:58:35,28.8,32.3
20:58:45,28.8,32.3
20:58:55,28.8,32.2
20:59:05,28.8,32.1
20:59:15,28.8,32.0
20:59:25,28.8,32.0
20:59:35,28.8,32.2
20:59:45,28.8,32.1
20:59:55,28.8,32.1
21:00:05,28.8,32.1
21:00:15,28.8,32.0
21:00:25,28.8,31.7
21:00:35,28.8,31.4
21:00:45,28.8,31.8
21:00:55,28.8,32.1
21:01:05,28.8,31.8
21:01:15,28.8,31.4
21:01:25,28.8,31.3
21:01:35,28.8,31.1
21:01:45,28.8,31.3
21:01:56,28.8,31.6
21:02:05,28.8,31.1
21:02:15,28.8,30.9
21:02:25,28.8,30.7
21:02:35,28.8,30.5
21:02:45,28.8,30.5
21:02:55,28.8,30.6
21:03:05,28.8,30.8
21:03:15,28.8,30.5
21:03:25,28.8,30.4
21:03:35,28.8,30.2
21:03:45,28.8,30.2
21:03:55,28.8,30.2
21:04:05,28.8,30.3
21:04:15,28.8,30.5
21:04:25,28.8,30.7
21:04:35,28.8,30.6
21:04:45,28.8,30.6
21:04:55,28.8,30.5
21:05:05,28.8,30.4
21:05:15,28.8,30.3
21:05:25,28.8,30.1
21:05:35,28.8,29.9
21:05:45,28.8,29.8
21:05:55,28.8,29.9
21:06:05,28.8,29.8
21:06:15,28.8,29.9
21:06:25,28.9,30.2
21:06:35,28.8,30.0
21:06:45,28.9,29.9
21:06:55,28.9,30.0
21:07:05,28.9,30.0
21:07:15,28.9,30.0
21:07:25,28.9,30.1
21:07:35,28.9,29.9
21:07:45,28.9,29.7
21:07:55,28.9,29.6
21:08:05,28.8,29.2
21:08:15,28.8,28.8
21:08:25,28.8,28.8
21:08:35,28.8,29.1
21:08:45,28.8,29.2
21:08:55,28.8,29.1
21:09:05,28.8,28.9
21:09:15,28.9,29.3
21:09:25,28.9,29.4
21:09:35,28.9,29.3
21:09:45,28.9,29.3
21:09:55,28.9,29.2
21:10:05,28.8,29.0
21:10:15,28.9,29.1
21:10:25,28.9,29.3
21:10:35,28.8,29.3
21:10:45,28.9,29.1
21:10:55,28.8,29.3
21:11:05,28.8,29.4
21:11:16,28.9,29.4
21:11:25,28.8,29.3
21:11:35,28.8,29.1
21:11:45,28.8,29.1
21:11:55,28.9,28.9
21:12:05,28.8,28.9
21:12:15,28.9,28.7
21:12:25,28.8,28.6
21:12:35,28.8,28.8
21:12:45,28.8,29.1
21:12:55,28.9,29.2
21:13:06,28.9,29.3
21:13:15,28.8,29.0
21:13:26,28.9,28.8
21:13:35,28.8,28.6
21:13:45,28.8,28.9
21:13:56,28.8,29.0
21:14:06,28.8,29.0
21:14:16,28.8,28.9
21:14:26,28.8,28.7
21:14:35,28.8,28.3
21:14:45,28.8,28.3
21:14:55,28.8,28.2
21:15:05,28.8,28.0
21:15:15,28.8,27.8
21:15:25,28.9,27.8
21:15:35,28.9,27.8
21:15:45,28.9,27.8
21:15:55,28.9,28.0
21:16:05,28.9,27.9
21:16:15,28.9,28.0
21:16:26,28.9,28.2
21:16:35,28.9,28.2
21:16:45,28.9,27.8
21:16:55,28.9,27.8
21:17:05,28.9,27.9
21:17:15,28.9,28.1
21:17:25,28.9,28.4
21:17:35,28.9,28.7
21:17:45,28.9,28.7
21:17:55,28.9,28.7
21:18:05,28.9,28.4
21:18:15,28.9,28.3
21:18:25,28.9,28.5
21:18:35,28.9,28.3
21:18:45,28.9,28.2
21:18:55,28.9,28.4
21:19:05,28.9,28.2
21:19:15,28.9,28.3
21:19:25,28.9,28.4
21:19:35,28.9,28.1
21:19:45,28.9,28.1
21:19:55,28.9,28.4
21:20:05,28.9,28.6
21:20:15,28.9,28.6
21:20:25,28.9,28.6
21:20:35,28.9,28.7
21:20:45,28.9,28.4
21:20:55,28.9,28.0
21:21:05,28.9,27.8
21:21:15,28.9,27.9
21:21:25,28.9,28.1
21:21:35,28.9,28.1
21:21:45,28.9,28.2
21:21:55,28.9,28.2
21:22:05,28.9,28.3
21:22:15,28.9,28.4
21:22:25,28.9,28.4
21:22:35,28.9,28.4
21:22:45,28.9,28.6
21:22:55,28.9,28.7
21:23:05,28.9,28.7
21:23:15,28.9,28.8
21:23:25,28.9,28.8
21:23:35,28.9,28.3
21:23:45,28.9,28.5
21:23:55,28.9,28.5
21:24:05,28.9,28.7
21:24:15,28.9,28.7
21:24:28,28.9,28.7
21:24:35,28.9,28.8
21:24:46,28.9,29.0
21:24:55,28.9,29.0
21:25:05,28.9,29.0
21:25:17,28.9,29.2
21:25:25,28.9,29.2
21:25:35,28.9,28.9
21:25:45,28.9,28.8
21:25:55,28.9,28.6
21:26:05,28.9,28.6
21:26:15,28.9,28.5
21:26:25,28.9,28.4
21:26:35,28.9,28.2
21:26:45,28.9,28.2
21:26:55,28.9,28.1
21:27:05,28.9,28.1
21:27:15,28.9,28.0
21:27:25,28.9,28.0
21:27:35,28.9,28.0
21:27:45,28.9,28.0
21:27:55,28.9,27.9
21:28:05,28.9,28.1
21:28:15,28.9,28.1
21:28:25,28.9,28.0
21:28:35,28.9,28.0
21:28:45,28.9,27.9
21:28:55,28.9,28.0
21:29:05,28.9,28.0
21:29:17,28.9,28.0
21:29:25,28.9,28.1
21:29:35,28.9,28.2
21:29:45,28.9,28.1
21:29:55,28.9,28.0
21:30:05,28.9,28.0
21:30:15,28.9,28.1
21:30:25,28.9,28.1
21:30:35,28.9,28.1
21:30:45,28.9,28.0
21:30:55,28.9,28.1
21:31:05,28.9,28.2
21:31:15,28.9,28.3
21:31:25,28.9,28.4
21:31:35,28.9,28.5
21:31:45,28.9,28.5
21:31:55,28.9,28.3
21:32:05,28.9,28.3
21:32:16,28.9,28.0
21:32:25,28.9,27.9
21:32:35,28.9,28.0
21:32:45,29.0,27.7
21:32:55,29.0,27.8
21:33:05,29.0,27.9
21:33:15,29.0,28.1
21:33:26,29.0,28.0
21:33:35,29.0,27.9
21:33:45,29.0,28.0
21:33:55,29.0,27.9
21:34:05,29.0,28.0
21:34:15,29.0,27.8
21:34:25,29.0,28.0
21:34:35,29.0,28.0
21:34:45,29.0,28.0
21:34:55,29.0,28.1
21:35:05,29.0,28.3
21:35:15,29.0,28.1
21:35:25,29.0,27.8
21:35:35,29.0,28.1
21:35:45,29.0,28.1
21:35:55,29.0,28.2
21:36:05,29.0,28.2
21:36:15,29.0,28.1
21:36:25,28.9,28.1
21:36:35,28.9,28.2
21:36:45,29.0,28.2
21:36:55,29.0,28.2
21:37:05,29.0,28.0
21:37:15,29.0,28.0
21:37:25,29.0,28.1
21:37:35,29.0,27.9
21:37:45,29.0,27.7
21:37:55,29.0,27.5
21:38:05,29.0,27.6
21:38:15,29.0,27.9
21:38:25,29.0,28.2
21:38:35,29.0,28.3
21:38:45,29.0,28.2
21:38:55,29.0,28.1
21:39:05,29.0,28.0
21:39:15,29.0,28.3
21:39:25,29.0,28.5
21:39:36,29.0,27.9
21:39:45,29.0,27.7
21:39:55,29.0,27.6
21:40:06,29.0,27.6
21:40:15,29.0,27.5
21:40:25,29.0,27.6
21:40:35,29.0,27.7
21:40:45,29.0,27.9
21:40:55,29.0,27.5
21:41:05,29.0,27.4
21:41:15,29.0,27.6
21:41:25,29.0,27.9
21:41:35,29.0,27.7
21:41:45,28.9,27.7
21:41:55,28.9,27.6
21:42:05,28.9,27.5
21:42:15,28.9,27.7
21:42:25,28.9,27.6
21:42:35,28.9,27.5
21:42:45,29.0,27.6
21:42:55,28.9,27.3
21:43:05,28.9,27.3
21:43:15,28.9,27.4
21:43:25,28.9,27.3
21:43:35,29.0,27.5
21:43:45,28.9,27.6
21:43:55,29.0,27.6
21:44:05,29.0,27.7
21:44:15,29.0,27.7
21:44:25,28.9,27.6
21:44:35,28.9,27.4
21:44:45,29.0,27.5
21:44:55,28.9,27.6
21:45:05,28.9,27.7
21:45:15,28.9,27.5
21:45:25,28.9,27.7
21:45:35,28.9,27.7
21:45:45,28.9,27.7
21:45:55,29.0,27.6
21:46:05,28.9,27.6
21:46:15,28.9,27.6
21:46:25,28.9,27.6
21:46:35,28.9,27.3
21:46:45,28.9,27.0
21:46:55,28.9,27.1
21:47:05,28.9,27.2
21:47:15,29.0,27.3
21:47:25,28.9,27.3
21:47:35,28.9,27.5
21:47:45,28.9,27.4
21:47:55,28.9,27.4
21:48:05,29.0,27.4
21:48:15,28.9,27.4
21:48:25,28.9,27.3
21:48:35,29.0,27.3
21:48:45,29.0,27.4
21:48:58,29.0,26.9
21:49:05,29.0,26.8
21:49:15,29.0,27.1
21:49:25,29.0,27.4
21:49:35,29.0,27.6
21:49:45,29.0,27.7
21:49:55,29.0,27.8
21:50:05,29.0,27.5
21:50:15,29.0,27.4
21:50:25,29.0,27.4
21:50:37,29.0,27.3
21:50:45,29.0,27.4
21:50:55,29.0,27.4
21:51:05,29.0,27.5
21:51:15,29.0,27.3
21:51:25,29.0,27.3
21:51:35,29.0,27.3
21:51:45,28.9,27.4
21:51:55,28.9,27.6
21:52:05,29.0,27.5
21:52:15,29.0,27.7
21:52:25,28.9,27.9
21:52:35,28.9,27.7
21:52:45,28.9,27.5
21:52:55,29.0,27.2
21:53:05,28.9,27.2
21:53:15,28.9,27.4
21:53:25,28.9,27.8
21:53:35,28.9,27.8
21:53:45,28.9,27.5
21:53:55,28.9,27.8
21:54:05,28.9,27.9
21:54:15,28.9,27.8
21:54:25,28.9,27.5
21:54:35,28.9,27.6
21:54:45,28.9,27.4
21:54:55,28.9,27.4
21:55:05,28.9,27.4
21:55:15,28.9,27.4
21:55:25,28.9,27.5
21:55:35,28.9,27.3
21:55:45,28.9,27.5
21:55:55,28.9,27.7
21:56:05,28.9,27.9
21:56:15,28.9,27.9
21:56:25,28.9,27.9
21:56:35,28.9,27.9
21:56:45,28.9,27.6
21:56:55,28.9,27.7
21:57:05,28.9,27.6
21:57:15,28.9,27.5
21:57:25,28.9,27.6
21:57:35,28.9,27.8
21:57:45,28.9,27.7
21:57:55,28.9,27.9
21:58:05,28.9,27.7
21:58:15,28.9,28.1
21:58:25,28.9,27.7
21:58:35,28.9,27.7
21:58:45,28.9,27.9
21:58:55,28.9,27.7
21:59:05,28.9,28.0
21:59:15,28.9,27.9
21:59:25,28.9,27.9
21:59:35,28.9,27.9
21:59:45,28.9,27.9
21:59:55,28.9,27.9
22:00:05,28.9,27.8
22:00:15,28.9,27.9
22:00:25,28.9,27.9
22:00:35,28.9,28.0
22:00:45,28.9,27.8
22:00:55,28.9,27.8
22:01:05,28.9,27.6
22:01:15,28.9,27.8
22:01:25,28.9,27.9
22:01:35,28.9,28.0
22:01:45,28.9,28.1
22:01:55,28.9,28.0
22:02:05,28.9,27.8
22:02:15,28.9,27.9
22:02:25,28.9,27.7
22:02:35,28.9,27.8
22:02:45,28.9,27.7
22:02:55,28.9,27.9
22:03:05,28.9,27.9
22:03:15,28.9,27.7
22:03:25,28.9,27.6
22:03:35,28.9,27.8
22:03:46,28.9,28.0
22:03:56,28.9,28.1
22:04:06,28.9,28.3
22:04:15,28.9,28.3
22:04:25,28.9,28.4
22:04:35,29.0,28.4
22:04:45,28.9,28.2
22:04:55,28.9,28.3
22:05:05,28.9,28.4
22:05:15,28.9,28.6
22:05:25,28.9,28.6
22:05:35,29.0,28.6
22:05:45,28.9,28.5
22:05:55,28.9,28.2
22:06:05,28.9,27.9
22:06:15,28.9,28.1
22:06:25,28.9,28.2
22:06:35,28.9,28.5
22:06:45,28.9,28.5
22:06:55,28.9,28.5
22:07:05,28.9,28.3
22:07:15,28.9,28.3
22:07:25,28.9,28.3
22:07:35,28.9,27.9
22:07:45,28.9,27.8
22:07:55,28.9,27.5
22:08:05,28.9,27.7
22:08:15,28.9,28.1
22:08:25,28.9,28.2
22:08:35,28.9,27.9
22:08:45,28.9,27.8
22:08:55,28.9,27.7
22:09:05,28.9,27.8
22:09:15,28.9,27.9
22:09:25,28.9,28.0
22:09:35,28.9,28.0
22:09:45,28.9,27.9
22:09:55,28.9,28.1
22:10:05,28.9,28.1
22:10:15,28.9,28.1
22:10:25,28.9,28.1
22:10:35,28.9,28.1
22:10:45,28.9,28.2
22:10:55,28.9,28.4
22:11:05,28.9,28.4
22:11:15,28.9,28.3
22:11:25,28.9,28.2
22:11:35,28.9,28.1
22:11:45,28.9,28.1
22:11:55,28.9,28.1
22:12:05,29.0,28.1
22:12:15,28.9,28.0
22:12:25,28.9,28.0
22:12:35,28.9,28.1
22:12:45,28.9,28.2
22:12:55,28.9,28.2
22:13:05,28.9,28.1
22:13:15,28.9,28.2
22:13:25,29.0,28.1
22:13:35,29.0,28.1
22:13:45,29.0,28.0
22:13:55,29.0,28.2
22:14:05,29.0,28.1
22:14:15,29.0,28.1
22:14:25,29.0,28.2
22:14:35,29.0,28.3
22:14:45,29.0,28.2
22:14:55,29.0,28.1
22:15:05,29.0,28.1
22:15:15,29.0,28.0
22:15:25,29.0,28.1
22:15:35,29.0,28.3
22:15:45,29.0,28.2
22:15:55,29.0,28.2
22:16:05,29.0,28.2
22:16:15,29.0,28.0
22:16:25,29.0,27.9
22:16:35,29.0,27.7
22:16:45,29.0,27.6
22:16:55,29.0,27.6
22:17:05,29.0,27.6
22:17:15,29.0,28.1
22:17:25,29.0,27.6
22:17:35,28.9,27.6
22:17:45,29.0,27.7
22:17:55,28.9,27.9
22:18:05,29.0,28.0
22:18:15,29.0,28.1
22:18:25,29.0,28.3
22:18:35,29.0,28.2
22:18:45,29.0,28.2
22:18:55,29.0,28.1
22:19:05,29.0,28.0
22:19:15,29.0,27.8
22:19:25,29.0,27.8
22:19:35,29.0,27.9
22:19:45,29.0,27.8
22:19:55,29.0,27.3
22:20:05,29.0,27.4
22:20:15,29.0,27.6
22:20:25,29.0,27.7
22:20:35,29.0,27.7
22:20:45,29.0,27.7
22:20:55,29.0,27.6
22:21:05,29.0,27.6
22:21:15,29.0,27.5
22:21:25,29.0,27.5
22:21:35,29.0,27.7
22:21:45,29.0,27.9
22:21:55,29.1,28.0
22:22:05,29.1,28.2
22:22:15,29.1,28.1
22:22:25,29.0,28.0
22:22:35,29.1,28.1
22:22:45,29.0,28.2
22:22:55,29.1,28.2
22:23:05,29.0,28.3
22:23:15,29.1,28.4
22:23:25,29.1,28.5
22:23:35,29.1,28.6
22:23:45,29.1,28.7
22:23:55,29.1,28.8
22:24:05,29.1,28.9
22:24:15,29.0,28.9
22:24:25,29.1,28.8
22:24:35,29.1,28.7
22:24:45,29.0,28.5
22:24:55,29.0,28.7
22:25:05,29.0,28.8
22:25:15,29.0,28.9
22:25:25,29.0,28.9
22:25:35,29.0,28.8
22:25:45,29.0,28.8
22:25:55,29.0,28.8
22:26:05,29.0,28.8
22:26:15,29.1,28.7
22:26:25,29.0,28.6
22:26:35,29.0,28.5
22:26:45,29.0,28.6
22:26:55,29.1,28.7
22:27:05,29.0,28.7
22:27:15,29.0,28.9
22:27:25,29.1,29.3
22:27:35,29.1,29.4
22:27:45,29.0,29.0
22:27:55,29.1,28.4
22:28:05,29.1,28.5
22:28:15,29.0,28.7
22:28:25,29.0,28.9
22:28:35,29.0,29.0
22:28:45,29.1,29.1
22:28:55,29.0,29.3
22:29:05,29.1,29.3
22:29:15,29.1,29.3
22:29:25,29.1,29.0
22:29:35,29.0,28.9
22:29:45,29.0,28.9
22:29:55,29.0,28.7
22:30:05,29.0,29.0
22:30:15,29.0,29.2
22:30:25,29.0,29.0
22:30:35,29.0,28.6
22:30:45,29.0,28.8
22:30:55,29.0,28.6
22:31:05,29.0,28.6
22:31:15,29.0,28.5
22:31:25,29.0,28.7
22:31:35,29.0,28.6
22:31:45,29.0,28.7
22:31:55,29.0,28.7
22:32:05,29.0,28.8
22:32:15,29.0,28.8
22:32:25,29.0,28.9
22:32:35,29.0,28.9
22:32:45,29.0,28.8
22:32:55,29.0,28.7
22:33:05,29.0,28.9
22:33:15,29.0,28.7
22:33:25,29.0,28.7
22:33:35,29.0,28.8
22:33:45,29.0,28.8
22:33:55,29.0,28.9
22:34:05,28.9,28.9
22:34:15,28.9,29.0
22:34:25,29.0,28.9
22:34:35,29.0,28.8
22:34:45,28.9,28.8
22:34:55,29.0,28.8
22:35:05,29.0,28.8
22:35:15,29.0,28.9
22:35:25,28.9,28.7
22:35:35,29.0,28.8
22:35:45,28.9,28.8
22:35:55,29.0,28.8
22:36:06,29.0,28.6
22:36:15,28.9,28.6
22:36:25,28.9,28.4
22:36:35,28.9,28.4
22:36:45,28.9,28.1
22:36:55,28.9,28.0
22:37:05,29.0,28.1
22:37:15,29.0,28.2
22:37:25,28.9,28.3
22:37:35,29.0,28.5
22:37:45,29.0,28.6
22:37:55,29.0,28.7
22:38:05,29.0,28.6
22:38:15,28.9,28.6
22:38:25,29.0,28.7
22:38:35,29.0,28.8
22:38:45,29.0,28.7
22:38:55,29.0,28.7
22:39:05,29.0,28.8
22:39:15,29.0,28.7
22:39:25,29.0,28.7
22:39:35,29.0,28.8
22:39:45,29.0,28.8
22:39:55,29.0,28.5
22:40:05,29.0,28.6
22:40:15,29.0,28.6
22:40:25,29.0,28.8
22:40:35,29.0,28.6
22:40:45,29.0,28.5
22:40:55,29.0,28.6
22:41:05,29.0,28.7
22:41:15,29.0,28.6
22:41:25,29.0,28.4
22:41:35,29.0,28.5
22:41:45,29.0,28.5
22:41:55,29.0,28.4
22:42:05,29.0,28.2
22:42:15,29.0,28.2
22:42:25,29.0,28.3
22:42:35,29.0,28.0
22:42:45,29.0,27.8
22:42:55,29.0,27.7
22:43:05,29.0,27.9
22:43:15,29.0,28.0
22:43:25,29.0,28.2
22:43:35,29.0,28.2
22:43:45,29.0,28.1
22:43:55,29.0,28.2
22:44:05,29.0,28.3
22:44:15,29.0,28.4
22:44:25,29.0,28.4
22:44:35,29.0,28.5
22:44:45,29.0,28.4
22:44:55,29.0,28.4
22:45:05,29.0,28.5
22:45:15,29.0,28.6
22:45:25,29.0,28.7
22:45:35,29.0,28.8
22:45:45,29.0,28.7
22:45:55,29.0,28.8
22:46:05,29.0,28.8
22:46:15,29.0,28.7
22:46:25,29.0,28.4
22:46:35,29.0,28.4
22:46:45,29.0,28.2
22:46:55,29.0,28.4
22:47:05,29.0,28.5
22:47:15,29.0,27.8
22:47:25,29.0,28.3
22:47:35,29.0,28.4
22:47:45,29.0,28.4
22:47:55,29.0,28.6
22:48:05,29.1,28.6
22:48:15,29.1,28.4
22:48:25,29.0,28.7
22:48:35,29.0,28.7
22:48:45,29.0,28.6
22:48:55,29.0,28.4
22:49:05,29.0,28.5
22:49:15,29.0,28.4
22:49:25,29.0,28.5
22:49:35,29.0,28.6
22:49:45,29.0,28.5
22:49:55,29.0,28.2
22:50:05,29.0,28.1
22:50:16,29.0,28.4
22:50:25,29.0,28.5
22:50:35,29.0,28.4
22:50:45,29.0,28.6
22:50:55,29.0,28.8
22:51:05,29.0,28.9
22:51:15,29.0,28.8
22:51:25,29.0,28.7
22:51:35,29.0,28.4
22:51:45,29.0,28.2
22:51:55,29.0,28.4
22:52:05,29.0,28.5
22:52:15,29.0,28.6
22:52:25,29.0,28.6
22:52:36,29.0,28.6
22:52:45,29.0,28.7
