time,temperature,humidity
21:49:46,27.90,34.40
21:50:03,27.90,34.40
21:50:13,27.90,34.40
21:50:23,27.90,34.40
21:50:33,27.90,34.30
21:50:43,27.90,34.30
21:50:53,27.90,34.20
21:51:03,27.90,34.20
21:51:13,27.90,34.20
21:51:23,27.90,34.20
21:51:33,27.90,34.10
21:51:43,27.90,34.00
21:51:53,27.90,34.00
21:52:03,27.90,34.10
21:52:13,27.90,34.00
21:52:23,27.90,34.00
21:52:33,27.90,33.90
21:52:43,27.90,33.90
21:52:53,27.90,34.00
21:53:03,27.90,34.00
21:53:13,27.90,34.00
21:53:23,27.90,33.90
21:53:33,27.90,33.90
21:53:43,27.90,33.90
21:53:53,27.90,33.80
21:54:03,27.90,33.80
21:54:13,27.90,33.90
21:54:23,27.90,33.90
21:54:33,27.90,34.00
21:54:43,27.90,34.00
21:54:53,27.90,34.00
21:55:03,27.90,34.00
21:55:13,27.90,33.80
21:55:23,27.90,33.80
21:55:33,27.90,33.80
21:55:43,27.90,33.80
21:55:53,27.90,33.80
21:56:03,27.90,33.80
21:56:13,27.90,33.80
21:56:23,27.90,33.90
21:56:33,27.90,33.80
21:56:43,27.90,33.80
21:56:53,27.90,33.90
21:57:03,27.90,33.90
21:57:13,27.90,33.90
21:57:23,27.90,33.90
21:57:33,27.90,33.90
21:57:43,27.90,33.80
21:57:53,27.90,33.80
21:58:03,27.90,33.70
21:58:13,27.90,33.70
21:58:23,27.90,33.70
21:58:33,27.90,33.70
21:58:43,27.90,33.60
21:58:53,27.90,33.60
21:59:03,27.90,33.70
21:59:13,27.90,33.60
21:59:23,27.90,33.70
21:59:33,27.90,33.60
21:59:43,27.90,33.60
21:59:53,27.90,33.60
22:00:04,27.90,33.60
22:00:14,27.90,33.60
22:00:24,27.90,33.50
22:00:34,27.90,33.60
22:00:44,27.90,33.50
22:00:54,27.90,33.50
22:01:04,27.90,33.60
22:01:14,27.90,33.50
22:01:24,27.90,33.50
22:01:34,27.90,33.50
22:01:44,27.90,33.50
22:01:54,27.90,33.50
22:02:04,27.90,33.40
22:02:14,27.90,33.40
22:02:24,27.90,33.40
22:02:34,27.90,33.50
22:02:44,27.90,33.30
22:02:54,27.90,33.40
22:03:04,27.90,33.40
22:03:14,27.90,33.30
22:03:24,27.90,33.30
22:03:34,27.90,33.40
22:03:44,27.90,33.40
22:03:54,27.90,33.30
22:04:04,27.90,33.30
22:04:14,27.90,33.30
22:04:24,27.90,33.40
22:04:34,27.90,33.50
22:04:44,27.90,33.50
22:04:54,27.90,33.40
22:05:04,27.90,33.50
22:05:14,27.90,33.50
22:05:24,27.90,33.30
22:05:34,27.90,33.20
22:05:44,27.90,33.30
22:05:54,27.90,33.30
22:06:04,27.90,33.30
22:06:14,27.90,33.30
22:06:24,27.90,33.30
22:06:34,27.90,33.40
22:06:44,27.90,33.40
22:06:54,27.90,33.30
22:07:04,27.90,33.30
22:07:14,27.90,33.40
22:07:24,27.90,33.30
22:07:34,27.90,33.30
22:07:44,27.90,33.20
22:07:54,27.90,33.30
22:08:04,27.90,33.30
22:08:14,27.90,33.30
22:08:24,27.90,33.40
22:08:34,27.90,33.40
22:08:44,27.90,33.40
22:08:54,27.90,33.40
22:09:04,27.90,33.40
22:09:14,27.90,33.30
22:09:24,27.90,33.20
22:09:34,27.90,33.30
22:09:44,27.90,33.30
22:09:54,27.90,33.30
22:10:04,27.90,33.20
22:10:14,27.90,33.20
22:10:24,27.90,33.20
22:10:34,27.90,33.20
22:10:44,27.90,33.20
22:10:54,27.90,33.20
22:11:04,27.90,33.30
22:11:14,27.90,33.20
00:00:03,27.70,31.00
00:00:13,27.60,31.00
00:00:23,27.60,30.80
00:00:33,27.70,30.70
00:00:43,27.60,30.80
00:00:53,27.60,30.70
00:01:03,27.60,30.90
00:01:13,27.70,31.00
00:01:23,27.70,31.10
00:01:33,27.60,31.00
00:01:43,27.60,31.00
00:01:53,27.60,31.00
00:02:03,27.60,31.00
00:02:13,27.60,31.00
00:02:23,27.70,31.00
00:02:33,27.70,31.10
00:02:43,27.60,31.00
00:02:53,27.70,31.10
00:03:03,27.70,31.10
00:03:13,27.70,31.00
00:03:23,27.60,31.20
00:03:33,27.60,31.00
00:03:43,27.70,31.10
00:03:53,27.60,31.00
00:04:03,27.70,31.20
00:04:13,27.70,31.20
00:04:23,27.70,31.50
00:04:33,27.70,31.50
00:04:43,27.70,31.50
00:04:53,27.70,31.60
00:05:03,27.70,31.60
00:05:13,27.70,31.70
00:05:23,27.70,31.70
00:05:33,27.70,31.70
00:05:43,27.70,31.80
00:05:53,27.70,31.80
00:06:03,27.70,31.80
00:06:13,27.70,31.80
00:06:23,27.70,32.00
00:06:33,27.70,32.00
00:06:43,27.70,31.90
00:06:53,27.70,31.90
00:07:03,27.70,31.90
00:07:13,27.70,32.00
00:07:23,27.70,32.00
00:07:33,27.70,32.00
00:07:43,27.70,32.10
00:07:53,27.70,32.10
00:08:03,27.70,32.20
00:08:13,27.70,32.20
00:08:23,27.70,32.30
00:08:33,27.70,32.20
00:08:43,27.70,32.30
00:08:53,27.70,32.50
00:09:03,27.70,32.40
00:09:13,27.70,32.40
00:09:23,27.70,32.40
00:09:33,27.70,32.50
00:09:43,27.70,32.60
00:09:53,27.70,32.60
00:10:03,27.70,32.70
00:10:13,27.70,32.60
00:10:23,27.70,32.60
00:10:33,27.70,32.60
00:10:43,27.70,32.50
00:10:53,27.70,32.60
00:11:03,27.70,32.60
00:11:13,27.70,32.50
00:11:23,27.70,32.50
00:11:33,27.70,32.40
00:11:43,27.70,32.40
00:11:53,27.70,32.40
00:12:03,27.70,32.50
00:12:13,27.70,32.40
00:12:23,27.70,32.40
00:12:33,27.70,32.50
00:12:43,27.70,32.50
00:12:53,27.70,32.40
00:13:03,27.70,32.40
00:13:13,27.70,32.40
00:13:23,27.70,32.50
00:13:33,27.70,32.50
00:13:43,27.70,32.50
00:13:53,27.70,32.40
00:14:03,27.70,32.50
00:14:13,27.70,32.50
00:14:23,27.70,32.50
00:14:33,27.70,32.50
00:14:43,27.70,32.50
00:14:53,27.70,32.50
00:15:03,27.70,32.50
00:15:13,27.70,32.50
00:15:23,27.70,32.50
00:15:33,27.70,32.50
00:15:43,27.70,32.40
00:15:53,27.70,32.50
00:16:03,27.70,32.50
00:16:13,27.70,32.40
00:16:23,27.70,32.40
00:16:33,27.70,32.50
00:16:43,27.70,32.40
00:16:53,27.70,32.30
00:17:03,27.70,32.40
00:17:13,27.70,32.40
00:17:23,27.70,32.30
00:17:33,27.70,32.30
00:17:43,27.70,32.30
00:17:53,27.70,32.30
00:18:03,27.70,32.30
00:18:13,27.70,32.30
00:18:23,27.70,32.30
00:18:33,27.70,32.30
00:18:43,27.70,32.20
00:18:53,27.70,32.30
00:19:03,27.70,32.20
00:19:13,27.70,32.20
00:19:23,27.70,32.20
00:19:33,27.70,32.20
00:19:43,27.70,32.30
00:19:53,27.70,32.20
00:20:03,27.70,32.20
00:20:13,27.70,32.20
00:20:23,27.70,32.20
00:20:33,27.70,32.20
00:20:43,27.70,32.20
00:20:53,27.70,32.20
00:21:03,27.70,32.10
00:21:13,27.70,32.20
00:21:23,27.70,32.20
00:21:33,27.70,32.20
00:21:43,27.70,32.20
00:21:53,27.70,32.20
00:22:03,27.70,32.20
00:22:13,27.70,32.20
00:22:23,27.70,32.20
00:22:33,27.70,32.20
00:22:43,27.70,32.20
00:22:53,27.70,32.20
00:23:03,27.70,32.10
00:23:13,27.70,32.10
00:23:23,27.70,32.10
00:23:33,27.70,32.10
00:23:43,27.70,32.00
00:23:53,27.70,32.10
00:24:03,27.70,32.10
00:24:13,27.70,32.10
00:24:23,27.70,32.10
00:24:33,27.70,32.10
00:24:43,27.70,32.10
00:24:53,27.70,32.10
00:25:03,27.70,32.10
00:25:13,27.70,32.10
00:25:23,27.70,32.20
00:25:33,27.70,32.10
00:25:43,27.70,32.20
00:25:53,27.70,32.10
00:26:03,27.70,32.10
00:26:13,27.70,32.10
00:26:23,27.70,32.10
00:26:33,27.70,32.20
00:26:43,27.70,32.20
00:26:53,27.70,32.20
00:27:03,27.70,32.20
00:27:13,27.70,32.20
00:27:23,27.70,32.20
00:27:33,27.70,32.20
00:27:43,27.70,32.20
00:27:53,27.70,32.20
00:28:03,27.70,32.20
00:28:13,27.70,32.20
00:28:23,27.70,32.20
00:28:33,27.70,32.20
00:28:43,27.70,32.20
00:28:53,27.70,32.20
00:29:03,27.70,32.20
00:29:13,27.70,32.20
00:29:23,27.70,32.20
00:29:33,27.70,32.20
00:29:43,27.70,32.20
00:29:53,27.70,32.20
00:30:03,27.70,32.20
00:30:13,27.70,32.30
00:30:23,27.70,32.30
00:30:33,27.70,32.30
00:30:43,27.70,32.20
00:30:53,27.70,32.30
00:31:03,27.70,32.30
00:31:13,27.70,32.30
00:31:23,27.70,32.40
00:31:33,27.70,32.30
00:31:43,27.70,32.30
00:31:53,27.70,32.40
00:32:03,27.70,32.30
00:32:13,27.70,32.40
00:32:23,27.70,32.40
00:32:33,27.70,32.40
00:32:43,27.70,32.40
00:32:53,27.70,32.30
00:33:03,27.70,32.40
00:33:13,27.70,32.40
00:33:23,27.70,32.40
00:33:33,27.70,32.30
00:33:43,27.70,32.30
00:33:53,27.70,32.30
00:34:03,27.70,32.40
00:34:13,27.70,32.30
00:34:23,27.70,32.30
00:34:33,27.70,32.30
00:34:43,27.70,32.30
00:34:53,27.70,32.30
00:35:03,27.70,32.30
00:35:13,27.70,32.30
00:35:23,27.70,32.30
00:35:33,27.70,32.30
00:35:43,27.70,32.40
00:35:53,27.70,32.40
00:36:03,27.70,32.30
00:36:13,27.70,32.30
00:36:23,27.70,32.40
00:36:33,27.70,32.40
00:36:43,27.70,32.40
00:36:53,27.70,32.40
00:37:03,27.70,32.30
00:37:13,27.70,32.30
00:37:23,27.70,32.30
00:37:33,27.70,32.30
00:37:43,27.70,32.30
00:37:53,27.70,32.30
00:38:03,27.70,32.30
00:38:13,27.70,32.30
00:38:23,27.70,32.30
00:38:33,27.70,32.30
00:38:43,27.70,32.40
00:38:53,27.70,32.30
00:39:03,27.70,32.40
00:39:13,27.70,32.40
00:39:23,27.70,32.50
00:39:33,27.70,32.40
00:39:43,27.70,32.50
00:39:53,27.70,32.50
00:40:03,27.70,32.50
00:40:13,27.70,32.50
00:40:23,27.70,32.50
00:40:33,27.70,32.50
00:40:43,27.70,32.50
00:40:53,27.70,32.50
00:41:03,27.70,32.60
00:41:13,27.70,32.60
00:41:23,27.70,32.80
00:41:33,27.70,32.70
00:41:43,27.70,32.70
00:41:53,27.70,32.70
00:42:03,27.70,32.70
00:42:13,27.70,32.80
00:42:23,27.70,32.80
00:42:33,27.70,32.80
00:42:43,27.70,32.80
00:42:53,27.70,32.90
00:43:03,27.70,32.90
00:43:13,27.70,32.90
00:43:23,27.70,32.90
00:43:33,27.70,32.90
00:43:43,27.70,32.90
00:43:53,27.70,32.90
00:44:03,27.70,32.90
00:44:13,27.70,32.90
00:44:23,27.70,33.00
00:44:33,27.70,33.00
00:44:43,27.70,33.00
00:44:53,27.70,33.00
00:45:03,27.70,33.00
00:45:13,27.70,33.00
00:45:23,27.70,33.10
00:45:33,27.70,33.10
00:45:43,27.70,33.10
00:45:53,27.70,33.10
00:46:03,27.70,33.10
00:46:13,27.70,33.10
00:46:23,27.70,33.10
00:46:33,27.70,33.10
00:46:43,27.70,33.10
00:46:53,27.70,33.10
00:47:03,27.70,33.20
00:47:13,27.70,33.20
00:47:23,27.70,33.10
00:47:33,27.70,33.10
00:47:43,27.70,33.10
00:47:53,27.70,33.10
00:48:03,27.70,33.10
00:48:13,27.70,33.20
00:48:23,27.70,33.20
00:48:33,27.70,33.10
00:48:43,27.70,33.10
00:48:53,27.70,33.10
00:49:03,27.70,33.10
00:49:13,27.70,33.10
00:49:23,27.70,33.20
00:49:33,27.70,33.20
00:49:43,27.70,33.20
00:49:53,27.70,33.10
00:50:03,27.70,33.10
00:50:13,27.70,33.20
00:50:23,27.70,33.20
00:50:33,27.70,33.10
00:50:43,27.60,33.10
00:50:53,27.60,33.10
00:51:03,27.70,33.10
00:51:13,27.70,33.10
00:51:23,27.70,33.10
00:51:33,27.70,33.10
00:51:43,27.70,33.10
00:51:53,27.70,33.10
00:52:03,27.70,33.10
00:52:13,27.70,33.10
00:52:23,27.70,33.10
00:52:33,27.70,33.10
00:52:43,27.60,33.10
00:52:53,27.70,33.10
00:53:03,27.70,33.00
00:53:13,27.70,33.00
00:53:23,27.70,33.10
00:53:33,27.60,32.90
00:53:43,27.70,33.00
00:53:53,27.70,33.00
00:54:03,27.70,33.00
00:54:13,27.70,33.00
00:54:23,27.70,33.00
00:54:33,27.70,33.00
00:54:43,27.70,32.90
00:54:53,27.70,33.00
00:55:03,27.60,32.90
00:55:13,27.60,32.80
00:55:23,27.70,32.90
00:55:33,27.70,32.80
00:55:43,27.70,32.80
00:55:53,27.70,32.90
00:56:03,27.70,32.80
00:56:13,27.60,32.80
00:56:23,27.70,32.90
00:56:33,27.70,32.80
00:56:43,27.70,32.80
00:56:53,27.70,32.80
00:57:03,27.70,32.80
00:57:13,27.70,32.80
00:57:23,27.70,32.80
00:57:33,27.70,32.70
00:57:43,27.70,32.70
00:57:53,27.60,32.70
00:58:03,27.70,32.70
00:58:13,27.70,32.60
00:58:23,27.70,32.70
00:58:33,27.70,32.70
00:58:43,27.70,32.70
00:58:53,27.60,32.60
00:59:03,27.60,32.60
00:59:13,27.70,32.70
00:59:23,27.70,32.70
00:59:33,27.60,32.80
00:59:43,27.70,32.80
00:59:53,27.70,32.60
01:00:03,27.60,32.50
01:00:13,27.60,32.40
01:00:23,27.60,32.40
01:00:33,27.60,32.50
01:00:43,27.70,32.40
01:00:53,27.60,32.40
01:01:03,27.60,32.50
01:01:13,27.70,32.60
01:01:23,27.60,32.40
01:01:33,27.60,32.50
01:01:43,27.60,32.50
01:01:53,27.70,32.50
01:02:03,27.60,32.50
01:02:13,27.60,32.40
01:02:23,27.60,32.50
01:02:33,27.60,32.50
01:02:43,27.70,32.50
01:02:53,27.60,32.40
01:03:03,27.60,32.40
01:03:13,27.60,32.50
01:03:23,27.70,32.50
01:03:33,27.60,32.50
01:03:43,27.60,32.50
01:03:53,27.60,32.40
01:04:03,27.60,32.30
01:04:13,27.60,32.30
01:04:23,27.60,32.30
01:04:33,27.60,32.40
01:04:43,27.60,32.40
01:04:53,27.60,32.50
01:05:03,27.60,32.30
01:05:13,27.60,32.30
01:05:23,27.60,32.30
01:05:33,27.60,32.30
01:05:43,27.60,32.20
01:05:53,27.60,32.20
01:06:03,27.60,32.30
01:06:13,27.60,32.20
01:06:23,27.60,32.30
01:06:33,27.60,32.20
01:06:43,27.60,32.20
01:06:53,27.60,32.20
01:07:03,27.60,32.20
01:07:13,27.60,32.10
01:07:23,27.60,32.10
01:07:33,27.60,32.20
01:07:43,27.60,32.10
01:07:53,27.60,32.20
01:08:03,27.60,32.10
01:08:13,27.60,32.10
01:08:23,27.70,32.10
01:08:33,27.60,32.10
01:08:43,27.60,32.10
01:08:53,27.60,32.10
01:09:03,27.70,32.10
01:09:13,27.70,32.00
01:09:23,27.60,31.90
01:09:33,27.60,31.90
01:09:43,27.60,31.90
01:09:53,27.60,31.90
01:10:03,27.70,32.00
01:10:13,27.70,32.00
01:10:23,27.60,31.90
01:10:33,27.60,31.90
01:10:43,27.70,31.90
01:10:53,27.60,31.90
01:11:03,27.60,31.90
01:11:13,27.60,31.90
01:11:23,27.60,31.90
01:11:33,27.70,31.90
01:11:43,27.60,31.90
01:11:53,27.60,31.90
01:12:03,27.60,31.90
01:12:13,27.60,32.00
01:12:23,27.60,31.90
01:12:33,27.60,32.00
01:12:43,27.60,31.90
01:12:53,27.60,31.80
01:13:03,27.70,31.90
01:13:13,27.60,31.90
01:13:23,27.60,31.90
01:13:33,27.60,31.90
01:13:43,27.60,31.90
01:13:53,27.60,32.00
01:14:03,27.60,31.90
01:14:13,27.60,31.90
01:14:23,27.60,32.00
01:14:33,27.60,31.90
01:14:43,27.60,31.90
01:14:53,27.60,32.00
01:15:03,27.60,31.90
01:15:13,27.60,32.00
01:15:23,27.60,31.90
01:15:33,27.60,31.90
01:15:43,27.60,31.90
01:15:53,27.60,32.00
01:16:03,27.60,31.90
01:16:13,27.60,31.90
01:16:23,27.60,31.90
01:16:33,27.60,31.90
01:16:43,27.70,31.90
01:16:53,27.70,31.90
01:17:03,27.60,31.90
01:17:13,27.60,31.90
01:17:23,27.60,31.90
01:17:33,27.60,32.00
01:17:43,27.60,31.90
01:17:53,27.60,32.00
01:18:03,27.60,31.90
01:18:13,27.60,32.00
01:18:23,27.60,31.90
01:18:33,27.60,31.90
01:18:43,27.60,31.90
01:18:53,27.60,31.90
01:19:03,27.60,31.90
01:19:13,27.60,31.90
01:19:23,27.60,31.90
01:19:33,27.60,31.90
01:19:43,27.60,31.90
01:19:53,27.70,31.90
01:20:03,27.60,31.90
01:20:13,27.60,31.90
01:20:23,27.60,31.80
01:20:33,27.60,31.80
01:20:43,27.60,31.80
01:20:53,27.60,31.70
01:21:03,27.60,31.80
01:21:13,27.60,31.80
01:21:23,27.60,31.80
01:21:33,27.60,31.90
01:21:43,27.60,31.90
01:21:53,27.60,31.90
01:22:03,27.60,31.90
01:22:13,27.60,31.90
01:22:23,27.60,31.80
01:22:33,27.60,31.90
01:22:43,27.60,32.00
01:22:53,27.60,31.80
01:23:03,27.60,31.80
01:23:13,27.60,31.90
01:23:23,27.60,31.90
01:23:33,27.60,31.90
01:23:43,27.60,31.90
01:23:53,27.60,31.90
01:24:03,27.60,32.00
01:24:13,27.60,31.90
01:24:23,27.60,31.90
01:24:33,27.60,31.90
01:24:43,27.60,31.80
01:24:53,27.60,31.90
01:25:03,27.60,31.90
01:25:13,27.60,31.90
01:25:23,27.60,31.90
01:25:33,27.60,31.90
01:25:43,27.60,31.80
01:25:53,27.60,31.90
01:26:03,27.70,31.80
01:26:13,27.60,31.90
01:26:23,27.60,31.80
01:26:33,27.60,31.90
01:26:43,27.60,31.90
01:26:53,27.60,31.80
01:27:03,27.60,31.90
01:27:13,27.60,31.80
01:27:23,27.60,31.80
01:27:33,27.60,31.80
01:27:43,27.60,31.70
01:27:53,27.60,31.70
01:28:03,27.60,31.70
01:28:13,27.60,31.70
01:28:23,27.60,31.70
01:28:33,27.60,31.70
01:28:43,27.60,31.80
01:28:53,27.60,31.80
01:29:03,27.60,31.80
01:29:13,27.60,31.90
01:29:23,27.60,31.80
01:29:33,27.60,31.80
01:29:43,27.60,31.80
01:29:53,27.60,31.70
01:30:03,27.60,31.70
01:30:13,27.60,31.70
01:30:23,27.60,31.70
01:30:33,27.60,31.70
01:30:43,27.60,31.70
01:30:53,27.60,31.70
01:31:03,27.60,31.60
01:31:13,27.60,31.60
01:31:23,27.60,31.60
01:31:33,27.60,31.70
01:31:43,27.60,31.60
01:31:53,27.60,31.60
01:32:03,27.60,31.60
01:32:13,27.60,31.60
01:32:23,27.60,31.60
01:32:33,27.60,31.60
01:32:43,27.60,31.50
01:32:53,27.60,31.60
01:33:03,27.60,31.60
01:33:13,27.60,31.60
01:33:23,27.60,31.60
01:33:33,27.60,31.60
01:33:43,27.60,31.60
01:33:53,27.60,31.60
01:34:03,27.60,31.60
01:34:13,27.60,31.50
01:34:23,27.60,31.70
01:34:33,27.60,31.60
01:34:43,27.60,31.60
01:34:53,27.60,31.70
01:35:03,27.60,31.60
01:35:13,27.60,31.60
01:35:23,27.60,31.50
01:35:33,27.60,31.50
01:35:43,27.60,31.50
01:35:53,27.60,31.60
01:36:03,27.60,31.50
01:36:13,27.60,31.50
01:36:23,27.60,31.50
01:36:33,27.60,31.50
01:36:43,27.60,31.50
01:36:53,27.60,31.50
01:37:03,27.60,31.50
01:37:13,27.60,31.50
01:37:23,27.60,31.50
01:37:33,27.60,31.50
01:37:43,27.60,31.50
01:37:53,27.60,31.50
01:38:03,27.60,31.40
01:38:13,27.60,31.50
01:38:23,27.60,31.60
01:38:33,27.60,31.40
01:38:43,27.60,31.40
01:38:53,27.60,31.40
01:39:03,27.60,31.40
01:39:13,27.60,31.50
01:39:23,27.60,31.40
01:39:33,27.60,31.40
01:39:43,27.60,31.40
01:39:53,27.60,31.30
01:40:03,27.60,31.40
01:40:13,27.60,31.40
01:40:23,27.60,31.30
01:40:33,27.60,31.30
01:40:43,27.60,31.40
01:40:53,27.60,31.40
01:41:03,27.60,31.40
01:41:13,27.60,31.50
01:41:23,27.60,31.40
01:41:33,27.60,31.40
01:41:43,27.60,31.40
01:41:53,27.60,31.40
01:42:03,27.60,31.30
01:42:13,27.60,31.30
01:42:23,27.60,31.30
01:42:33,27.60,31.50
01:42:43,27.60,31.30
01:42:53,27.60,31.30
01:43:03,27.60,31.30
01:43:13,27.60,31.30
01:43:23,27.60,31.30
01:43:33,27.60,31.20
01:43:43,27.60,31.20
01:43:53,27.60,31.20
01:44:03,27.60,31.30
01:44:13,27.60,31.20
01:44:23,27.60,31.30
01:44:33,27.60,31.30
01:44:43,27.60,31.30
01:44:53,27.60,31.40
01:45:03,27.60,31.30
01:45:13,27.60,31.20
01:45:23,27.60,31.30
01:45:33,27.60,31.30
01:45:43,27.60,31.30
01:45:53,27.60,31.20
01:46:03,27.60,31.20
01:46:13,27.60,31.20
01:46:23,27.60,31.20
01:46:33,27.60,31.30
01:46:43,27.60,31.20
01:46:53,27.60,31.10
01:47:03,27.60,31.10
01:47:13,27.60,31.10
01:47:23,27.60,31.10
01:47:33,27.60,31.10
01:47:43,27.60,31.20
01:47:53,27.60,31.20
01:48:03,27.60,31.20
01:48:13,27.60,31.20
01:48:23,27.60,31.10
01:48:33,27.60,31.10
01:48:43,27.60,31.20
01:48:53,27.60,31.10
01:49:03,27.60,31.10
01:49:13,27.60,31.10
01:49:23,27.60,31.10
01:49:33,27.60,31.20
01:49:43,27.60,31.10
01:49:53,27.60,31.10
01:50:03,27.60,31.10
01:50:13,27.60,31.10
01:50:23,27.60,31.20
01:50:33,27.60,31.10
01:50:43,27.60,31.10
01:50:53,27.60,31.00
01:51:03,27.60,31.00
01:51:13,27.60,31.10
01:51:23,27.60,31.00
01:51:33,27.60,31.10
01:51:43,27.60,31.10
01:51:53,27.60,31.10
01:52:03,27.60,31.00
01:52:13,27.60,31.10
01:52:23,27.60,31.10
01:52:33,27.60,31.00
01:52:43,27.60,31.10
01:52:53,27.60,31.10
01:53:03,27.60,31.10
01:53:13,27.60,31.00
01:53:23,27.60,31.10
01:53:33,27.60,31.00
01:53:43,27.60,30.90
01:53:53,27.60,30.90
01:54:03,27.60,30.90
01:54:13,27.60,31.00
01:54:23,27.60,30.90
01:54:33,27.60,31.00
01:54:43,27.60,31.00
01:54:53,27.60,30.90
01:55:03,27.60,30.90
01:55:13,27.60,30.90
01:55:23,27.60,30.90
01:55:33,27.60,30.90
01:55:43,27.60,30.90
01:55:53,27.60,30.90
01:56:03,27.60,31.00
01:56:13,27.60,31.00
01:56:23,27.60,30.90
01:56:33,27.60,31.00
01:56:43,27.60,30.90
01:56:53,27.60,30.90
01:57:03,27.60,30.90
01:57:13,27.60,31.00
01:57:23,27.60,31.00
01:57:33,27.60,31.00
01:57:43,27.60,31.00
01:57:53,27.60,31.00
01:58:03,27.60,30.80
01:58:13,27.60,30.90
01:58:23,27.60,30.80
01:58:33,27.60,30.90
01:58:43,27.60,30.80
01:58:53,27.60,30.90
01:59:03,27.60,30.80
01:59:13,27.60,30.90
01:59:23,27.60,30.90
01:59:33,27.60,30.70
01:59:43,27.60,30.60
01:59:53,27.60,30.70
02:00:03,27.60,30.80
02:00:13,27.60,30.80
02:00:23,27.60,30.80
02:00:33,27.60,30.80
02:00:43,27.60,30.90
02:00:53,27.60,30.90
02:01:03,27.60,30.90
02:01:13,27.60,30.90
02:01:23,27.60,30.90
02:01:33,27.60,30.80
02:01:43,27.60,30.90
02:01:53,27.60,30.80
02:02:03,27.60,30.80
02:02:13,27.60,30.90
02:02:23,27.60,30.90
02:02:33,27.60,30.80
02:02:43,27.60,30.80
02:02:53,27.60,30.80
02:03:03,27.60,30.70
02:03:13,27.60,30.80
02:03:23,27.60,30.80
02:03:33,27.60,30.90
02:03:43,27.60,30.90
02:03:53,27.60,30.80
02:04:03,27.60,30.80
02:04:13,27.60,30.90
02:04:23,27.60,30.80
02:04:33,27.60,30.90
02:04:43,27.60,30.90
02:04:53,27.60,30.80
02:05:03,27.60,30.80
02:05:13,27.60,30.90
02:05:23,27.60,30.90
02:05:33,27.60,30.90
02:05:43,27.60,30.90
02:05:53,27.60,30.80
02:06:03,27.60,30.70
02:06:13,27.60,30.70
02:06:23,27.60,30.80
02:06:33,27.60,30.70
02:06:43,27.60,30.60
02:06:53,27.60,30.80
02:07:03,27.60,30.70
02:07:13,27.60,30.70
02:07:23,27.60,30.60
02:07:33,27.60,30.70
02:07:43,27.60,30.70
02:07:53,27.60,30.70
02:08:03,27.60,30.60
02:08:13,27.60,30.70
02:08:23,27.60,30.60
02:08:33,27.60,30.70
02:08:43,27.60,30.70
02:08:53,27.60,30.70
02:09:03,27.60,30.70
02:09:13,27.60,30.70
02:09:23,27.60,30.80
02:09:33,27.60,30.70
02:09:43,27.60,30.70
02:09:53,27.60,30.70
02:10:03,27.60,30.70
02:10:13,27.60,30.70
02:10:23,27.60,30.70
02:10:33,27.60,30.70
02:10:43,27.60,30.70
02:10:53,27.60,30.70
02:11:03,27.60,30.70
02:11:13,27.60,30.70
02:11:23,27.60,30.70
02:11:33,27.60,30.70
02:11:43,27.60,30.70
02:11:53,27.60,30.70
02:12:03,27.60,30.70
02:12:13,27.60,30.80
02:12:23,27.60,30.70
02:12:33,27.60,30.80
02:12:43,27.60,30.80
02:12:53,27.60,30.70
02:13:03,27.60,30.80
02:13:13,27.60,30.70
02:13:23,27.60,30.70
02:13:33,27.60,30.70
02:13:43,27.60,30.70
02:13:53,27.60,30.80
02:14:03,27.60,30.70
02:14:13,27.60,30.70
02:14:23,27.60,30.70
02:14:33,27.60,30.60
02:14:43,27.60,30.60
02:14:53,27.60,30.70
02:15:03,27.60,30.60
02:15:13,27.60,30.70
02:15:23,27.60,30.70
02:15:33,27.60,30.80
02:15:43,27.60,30.80
02:15:53,27.60,30.80
02:16:03,27.60,30.70
02:16:13,27.60,30.70
02:16:23,27.60,30.70
02:16:33,27.60,30.70
02:16:43,27.60,30.70
02:16:53,27.60,30.70
02:17:03,27.60,30.60
02:17:13,27.60,30.70
02:17:23,27.60,30.70
02:17:33,27.60,30.70
02:17:43,27.60,30.60
02:17:53,27.60,30.60
02:18:03,27.60,30.60
02:18:13,27.60,30.60
02:18:23,27.60,30.60
02:18:33,27.60,30.60
02:18:43,27.60,30.50
02:18:53,27.60,30.50
02:19:03,27.60,30.60
02:19:13,27.60,30.60
02:19:23,27.60,30.60
02:19:33,27.60,30.60
02:19:43,27.60,30.60
02:19:53,27.60,30.60
02:20:03,27.60,30.60
02:20:13,27.60,30.60
02:20:23,27.60,30.70
02:20:33,27.60,30.70
02:20:43,27.60,30.80
02:20:53,27.60,30.70
02:21:03,27.60,30.60
02:21:13,27.60,30.60
02:21:23,27.60,30.60
02:21:33,27.60,30.60
02:21:43,27.60,30.70
02:21:53,27.60,30.70
02:22:03,27.60,30.60
02:22:13,27.60,30.60
02:22:23,27.60,30.70
02:22:33,27.60,30.60
02:22:43,27.60,30.60
02:22:53,27.60,30.60
02:23:03,27.60,30.60
02:23:13,27.60,30.60
02:23:23,27.60,30.60
02:23:33,27.60,30.50
02:23:43,27.60,30.60
02:23:53,27.60,30.60
02:24:03,27.60,30.70
02:24:13,27.60,30.70
02:24:23,27.60,30.70
02:24:33,27.60,30.70
02:24:43,27.60,30.60
02:24:53,27.60,30.60
02:25:03,27.60,30.60
02:25:13,27.60,30.70
02:25:23,27.60,30.70
02:25:33,27.60,30.60
02:25:43,27.60,30.60
02:25:53,27.60,30.60
02:26:03,27.60,30.60
02:26:13,27.60,30.70
02:26:23,27.60,30.70
02:26:33,27.60,30.50
02:26:43,27.60,30.60
02:26:53,27.60,30.60
02:27:03,27.60,30.60
02:27:13,27.60,30.70
02:27:23,27.60,30.70
02:27:33,27.60,30.70
02:27:43,27.60,30.60
02:27:53,27.60,30.70
02:28:03,27.60,30.60
02:28:13,27.60,30.60
02:28:23,27.60,30.60
02:28:33,27.60,30.60
02:28:43,27.60,30.60
02:28:53,27.60,30.70
02:29:03,27.60,30.70
02:29:13,27.60,30.70
02:29:23,27.60,30.60
02:29:33,27.60,30.60
02:29:43,27.60,30.50
02:29:53,27.60,30.50
02:30:03,27.60,30.50
02:30:13,27.60,30.50
02:30:23,27.60,30.40
02:30:33,27.60,30.60
02:30:43,27.60,30.60
02:30:53,27.60,30.60
02:31:03,27.60,30.60
02:31:13,27.60,30.60
02:31:23,27.60,30.50
02:31:33,27.60,30.50
02:31:43,27.60,30.60
02:31:53,27.60,30.50
02:32:03,27.60,30.60
02:32:13,27.60,30.60
02:32:23,27.60,30.60
02:32:33,27.60,30.60
02:32:43,27.60,30.60
02:32:53,27.60,30.60
02:33:03,27.60,30.60
02:33:13,27.60,30.60
02:33:23,27.60,30.60
02:33:33,27.60,30.60
02:33:43,27.60,30.60
02:33:53,27.60,30.60
02:34:03,27.60,30.50
02:34:13,27.60,30.50
02:34:23,27.60,30.60
02:34:33,27.60,30.50
02:34:43,27.60,30.60
02:34:53,27.60,30.60
02:35:03,27.60,30.50
02:35:13,27.60,30.50
02:35:23,27.60,30.50
02:35:33,27.60,30.50
02:35:43,27.60,30.50
02:35:53,27.60,30.50
02:36:03,27.60,30.50
02:36:13,27.60,30.50
02:36:23,27.60,30.40
02:36:33,27.60,30.40
02:36:43,27.60,30.50
02:36:53,27.60,30.40
02:37:03,27.60,30.40
02:37:13,27.60,30.40
02:37:23,27.60,30.40
02:37:33,27.60,30.40
02:37:43,27.60,30.40
02:37:53,27.60,30.50
02:38:03,27.60,30.40
02:38:13,27.60,30.50
02:38:23,27.60,30.40
02:38:33,27.60,30.50
02:38:43,27.60,30.50
02:38:53,27.60,30.40
02:39:03,27.60,30.50
02:39:13,27.60,30.40
02:39:23,27.60,30.40
02:39:33,27.60,30.40
02:39:43,27.60,30.40
02:39:53,27.60,30.40
02:40:03,27.60,30.40
02:40:13,27.60,30.40
02:40:23,27.60,30.40
02:40:33,27.60,30.50
02:40:43,27.60,30.40
02:40:53,27.60,30.40
02:41:03,27.60,30.40
02:41:13,27.60,30.30
02:41:23,27.60,30.30
02:41:33,27.60,30.30
02:41:43,27.50,30.40
02:41:53,27.60,30.40
02:42:03,27.60,30.30
02:42:13,27.60,30.30
02:42:23,27.60,30.30
02:42:33,27.50,30.40
02:42:43,27.50,30.40
02:42:53,27.50,30.30
02:43:03,27.60,30.20
02:43:13,27.60,30.30
02:43:23,27.60,30.30
02:43:33,27.60,30.30
02:43:43,27.60,30.30
02:43:53,27.60,30.30
02:44:03,27.60,30.30
02:44:13,27.60,30.20
02:44:23,27.50,30.20
02:44:33,27.60,30.30
02:44:43,27.50,30.20
02:44:53,27.50,30.30
02:45:03,27.60,30.30
02:45:13,27.50,30.30
02:45:23,27.50,30.10
02:45:33,27.60,30.20
02:45:43,27.50,30.10
02:45:53,27.60,30.20
02:46:03,27.50,30.10
02:46:13,27.60,30.20
02:46:23,27.50,30.20
02:46:33,27.60,30.20
02:46:43,27.60,30.20
02:46:53,27.60,30.20
02:47:03,27.50,30.20
02:47:13,27.50,30.30
02:47:23,27.50,30.20
02:47:33,27.50,30.20
02:47:43,27.60,30.20
02:47:53,27.50,30.20
02:48:03,27.60,30.10
02:48:13,27.50,30.10
02:48:23,27.60,30.30
02:48:33,27.60,30.30
02:48:43,27.60,30.30
02:48:53,27.60,30.20
02:49:03,27.60,30.10
02:49:13,27.60,30.10
02:49:23,27.60,30.10
02:49:33,27.60,30.10
02:49:43,27.60,30.10
02:49:53,27.60,30.20
02:50:03,27.60,30.20
02:50:13,27.60,30.20
02:50:23,27.60,30.20
02:50:33,27.60,30.20
02:50:43,27.60,30.10
02:50:53,27.60,30.10
02:51:03,27.60,30.10
02:51:13,27.60,30.20
02:51:23,27.60,30.20
02:51:33,27.60,30.20
02:51:43,27.60,30.00
02:51:53,27.60,30.00
02:52:03,27.60,30.10
02:52:13,27.60,30.00
02:52:23,27.60,30.10
02:52:33,27.60,30.10
02:52:43,27.60,30.10
02:52:53,27.50,30.10
02:53:03,27.60,30.10
02:53:13,27.50,30.10
02:53:23,27.50,30.00
02:53:33,27.50,30.10
02:53:43,27.50,30.10
02:53:53,27.60,30.10
02:54:03,27.60,30.10
02:54:13,27.60,30.20
02:54:23,27.50,30.10
02:54:33,27.50,30.00
02:54:43,27.50,30.10
02:54:53,27.50,30.10
02:55:03,27.60,30.00
02:55:13,27.60,30.10
02:55:23,27.60,30.10
02:55:33,27.50,30.10
02:55:43,27.50,30.00
02:55:53,27.60,30.00
02:56:03,27.50,30.00
02:56:13,27.60,30.00
02:56:23,27.50,30.00
02:56:33,27.60,30.10
02:56:43,27.50,30.10
02:56:53,27.60,30.10
02:57:03,27.50,30.10
02:57:13,27.60,30.00
02:57:23,27.50,30.10
02:57:33,27.50,30.10
02:57:43,27.50,30.20
02:57:53,27.50,30.10
02:58:03,27.60,30.10
02:58:13,27.60,30.10
02:58:23,27.50,30.10
02:58:33,27.50,30.10
02:58:43,27.50,30.10
02:58:53,27.60,30.10
02:59:03,27.50,30.10
02:59:13,27.60,30.00
02:59:23,27.50,30.00
02:59:33,27.50,30.00
02:59:43,27.50,29.90
02:59:53,27.50,29.90
03:00:03,27.60,29.90
03:00:13,27.50,29.90
03:00:23,27.50,29.90
03:00:33,27.50,29.80
03:00:43,27.50,29.80
03:00:53,27.50,29.80
03:01:03,27.50,29.90
03:01:13,27.50,29.90
03:01:23,27.50,29.80
03:01:33,27.50,29.90
03:01:43,27.50,29.90
03:01:53,27.50,29.90
03:02:03,27.50,29.90
03:02:13,27.50,29.90
03:02:23,27.50,29.90
03:02:33,27.50,29.90
03:02:43,27.50,29.90
03:02:53,27.50,29.80
03:03:03,27.50,29.80
03:03:13,27.50,29.80
03:03:23,27.50,29.80
03:03:33,27.50,29.80
03:03:43,27.50,29.80
03:03:53,27.50,29.80
03:04:03,27.50,29.80
03:04:13,27.50,29.80
03:04:23,27.50,29.80
03:04:33,27.50,29.70
03:04:43,27.50,29.70
03:04:53,27.50,29.80
03:05:03,27.50,29.80
03:05:13,27.50,29.80
03:05:23,27.50,29.70
03:05:33,27.50,29.70
03:05:43,27.50,29.70
03:05:53,27.50,29.70
03:06:03,27.50,29.70
03:06:13,27.50,29.70
03:06:23,27.50,29.60
03:06:33,27.50,29.60
03:06:43,27.50,29.70
03:06:53,27.50,29.60
03:07:03,27.50,29.70
03:07:13,27.50,29.60
03:07:23,27.50,29.60
03:07:33,27.50,29.70
03:07:43,27.50,29.70
03:07:53,27.50,29.70
03:08:03,27.50,29.70
03:08:13,27.50,29.70
03:08:23,27.50,29.70
03:08:33,27.50,29.60
03:08:43,27.50,29.70
03:08:53,27.50,29.70
03:09:03,27.50,29.60
03:09:13,27.50,29.60
03:09:23,27.50,29.70
03:09:33,27.50,29.70
03:09:43,27.50,29.60
03:09:53,27.50,29.70
03:10:03,27.50,29.70
03:10:13,27.50,29.50
03:10:23,27.50,29.70
03:10:33,27.50,29.60
03:10:43,27.50,29.70
03:10:53,27.50,29.70
03:11:03,27.50,29.70
03:11:13,27.50,29.60
03:11:23,27.50,29.60
03:11:33,27.50,29.60
03:11:43,27.50,29.60
03:11:53,27.50,29.60
03:12:03,27.50,29.60
03:12:13,27.50,29.70
03:12:23,27.50,29.60
03:12:33,27.50,29.50
03:12:43,27.50,29.50
03:12:53,27.50,29.50
03:13:03,27.50,29.50
03:13:13,27.40,29.60
03:13:23,27.50,29.60
03:13:33,27.50,29.60
03:13:43,27.50,29.60
03:13:53,27.50,29.60
03:14:03,27.50,29.60
03:14:13,27.50,29.60
03:14:23,27.50,29.60
03:14:33,27.40,29.60
03:14:43,27.50,29.50
03:14:53,27.50,29.50
03:15:03,27.50,29.60
03:15:13,27.50,29.50
03:15:23,27.50,29.60
03:15:33,27.40,29.60
03:15:43,27.50,29.50
03:15:53,27.50,29.60
03:16:03,27.50,29.60
03:16:13,27.50,29.60
03:16:23,27.50,29.50
03:16:33,27.40,29.50
03:16:43,27.40,29.50
03:16:53,27.40,29.50
03:17:03,27.50,29.50
03:17:13,27.40,29.60
03:17:23,27.40,29.50
03:17:33,27.40,29.60
03:17:43,27.50,29.50
03:17:53,27.50,29.50
03:18:03,27.40,29.50
03:18:13,27.40,29.50
03:18:23,27.50,29.50
03:18:33,27.40,29.50
03:18:43,27.40,29.50
03:18:53,27.40,29.40
03:19:03,27.50,29.40
03:19:13,27.50,29.50
03:19:23,27.40,29.40
03:19:33,27.50,29.40
03:19:43,27.40,29.40
03:19:53,27.50,29.50
03:20:03,27.40,29.50
03:20:13,27.50,29.50
03:20:23,27.50,29.50
03:20:33,27.40,29.40
03:20:43,27.40,29.40
03:20:53,27.40,29.40
03:21:03,27.40,29.40
03:21:13,27.40,29.40
03:21:23,27.50,29.30
03:21:33,27.40,29.30
03:21:43,27.50,29.30
03:21:53,27.50,29.40
03:22:03,27.40,29.40
03:22:13,27.40,29.30
03:22:23,27.40,29.30
03:22:33,27.40,29.30
03:22:43,27.40,29.40
03:22:53,27.40,29.30
03:23:03,27.40,29.30
03:23:13,27.40,29.30
03:23:23,27.40,29.30
03:23:33,27.40,29.30
03:23:43,27.40,29.30
03:23:53,27.40,29.30
03:24:03,27.40,29.20
03:24:13,27.40,29.30
03:24:23,27.40,29.30
03:24:33,27.40,29.30
03:24:43,27.40,29.30
03:24:53,27.40,29.30
03:25:03,27.40,29.20
03:25:13,27.40,29.30
03:25:23,27.40,29.40
03:25:33,27.40,29.20
03:25:43,27.40,29.20
03:25:53,27.40,29.20
03:26:03,27.40,29.30
03:26:13,27.40,29.30
03:26:23,27.50,29.30
03:26:33,27.40,29.30
03:26:43,27.40,29.30
03:26:53,27.40,29.30
03:27:03,27.50,29.30
03:27:13,27.40,29.30
03:27:23,27.50,29.30
03:27:33,27.40,29.30
03:27:43,27.40,29.30
03:27:53,27.40,29.30
03:28:03,27.50,29.30
03:28:13,27.40,29.30
03:28:23,27.40,29.30
03:28:33,27.40,29.30
03:28:43,27.40,29.30
03:28:53,27.40,29.40
03:29:03,27.40,29.40
03:29:13,27.40,29.40
03:29:23,27.40,29.40
03:29:33,27.40,29.40
03:29:43,27.40,29.30
03:29:53,27.40,29.30
03:30:03,27.40,29.30
03:30:13,27.40,29.40
03:30:23,27.40,29.40
03:30:33,27.40,29.30
03:30:43,27.40,29.30
03:30:53,27.50,29.40
03:31:03,27.40,29.30
03:31:13,27.40,29.40
03:31:23,27.40,29.40
03:31:33,27.40,29.40
03:31:43,27.40,29.40
03:31:53,27.40,29.40
03:32:03,27.40,29.40
03:32:13,27.40,29.40
03:32:23,27.50,29.50
03:32:33,27.40,29.40
03:32:43,27.40,29.40
03:32:53,27.50,29.40
03:33:03,27.50,29.40
03:33:13,27.40,29.40
03:33:23,27.40,29.40
03:33:33,27.40,29.40
03:33:43,27.40,29.40
03:33:53,27.40,29.40
03:34:03,27.40,29.30
03:34:13,27.40,29.40
03:34:23,27.40,29.40
03:34:33,27.40,29.40
03:34:43,27.40,29.40
03:34:53,27.40,29.40
03:35:03,27.40,29.50
03:35:13,27.40,29.40
03:35:23,27.40,29.40
03:35:33,27.40,29.40
03:35:43,27.40,29.40
03:35:53,27.40,29.40
03:36:03,27.40,29.40
03:36:13,27.40,29.40
03:36:23,27.40,29.40
03:36:33,27.40,29.40
03:36:43,27.40,29.40
03:36:53,27.40,29.40
03:37:03,27.40,29.40
03:37:13,27.40,29.40
03:37:23,27.40,29.30
03:37:33,27.40,29.40
03:37:43,27.40,29.40
03:37:53,27.40,29.40
03:38:03,27.40,29.40
03:38:13,27.40,29.40
03:38:23,27.40,29.30
03:38:33,27.40,29.40
03:38:43,27.40,29.40
03:38:53,27.40,29.40
03:39:03,27.40,29.40
03:39:13,27.40,29.40
03:39:23,27.40,29.40
03:39:33,27.40,29.40
03:39:43,27.40,29.40
03:39:53,27.40,29.40
03:40:03,27.40,29.40
03:40:13,27.40,29.40
03:40:23,27.40,29.30
03:40:33,27.40,29.40
03:40:43,27.40,29.40
03:40:53,27.40,29.30
03:41:03,27.40,29.40
03:41:13,27.40,29.40
03:41:23,27.40,29.40
03:41:33,27.40,29.40
03:41:43,27.40,29.30
03:41:53,27.40,29.40
03:42:03,27.40,29.40
03:42:13,27.40,29.40
03:42:23,27.40,29.40
03:42:33,27.40,29.40
03:42:43,27.40,29.40
03:42:53,27.40,29.30
03:43:03,27.40,29.30
03:43:13,27.40,29.30
03:43:23,27.40,29.40
03:43:33,27.40,29.40
03:43:43,27.40,29.30
03:43:53,27.40,29.40
03:44:03,27.40,29.40
03:44:13,27.40,29.40
03:44:23,27.40,29.40
03:44:33,27.40,29.30
03:44:43,27.40,29.30
03:44:53,27.40,29.40
03:45:03,27.40,29.30
03:45:13,27.40,29.40
03:45:23,27.40,29.40
03:45:33,27.40,29.30
03:45:43,27.40,29.40
03:45:53,27.40,29.40
03:46:03,27.40,29.40
03:46:13,27.40,29.40
03:46:23,27.40,29.40
03:46:33,27.40,29.40
03:46:43,27.40,29.40
03:46:53,27.40,29.40
03:47:03,27.40,29.30
03:47:13,27.40,29.40
03:47:23,27.40,29.30
03:47:33,27.40,29.30
03:47:43,27.40,29.40
03:47:53,27.40,29.30
03:48:03,27.40,29.30
03:48:13,27.40,29.40
03:48:23,27.40,29.30
03:48:33,27.40,29.30
03:48:43,27.40,29.30
03:48:53,27.40,29.30
03:49:03,27.40,29.30
03:49:13,27.40,29.30
03:49:23,27.40,29.30
03:49:33,27.40,29.30
03:49:43,27.40,29.30
03:49:53,27.40,29.30
03:50:03,27.40,29.30
03:50:13,27.40,29.30
03:50:23,27.40,29.30
03:50:33,27.40,29.30
03:50:43,27.40,29.30
03:50:53,27.40,29.30
03:51:03,27.40,29.30
03:51:13,27.40,29.30
03:51:23,27.40,29.20
03:51:34,27.40,29.30
03:51:43,27.40,29.30
03:51:53,27.40,29.30
03:52:03,27.40,29.20
03:52:13,27.40,29.30
03:52:23,27.40,29.30
03:52:33,27.40,29.30
03:52:43,27.40,29.30
03:52:53,27.40,29.30
03:53:03,27.40,29.30
03:53:13,27.40,29.30
03:53:23,27.40,29.20
03:53:33,27.40,29.30
03:53:43,27.40,29.20
03:53:53,27.40,29.20
03:54:03,27.40,29.30
03:54:13,27.40,29.20
03:54:23,27.40,29.30
03:54:33,27.40,29.30
03:54:43,27.40,29.20
03:54:53,27.40,29.30
03:55:03,27.40,29.30
03:55:13,27.40,29.30
03:55:23,27.40,29.20
03:55:33,27.40,29.30
03:55:43,27.40,29.30
03:55:53,27.40,29.30
03:56:03,27.40,29.30
03:56:13,27.40,29.30
03:56:23,27.40,29.30
03:56:33,27.40,29.30
03:56:43,27.40,29.30
03:56:54,27.40,29.30
03:57:03,27.40,29.30
03:57:13,27.40,29.30
03:57:24,27.40,29.30
03:57:33,27.40,29.30
03:57:43,27.40,29.30
03:57:54,27.40,29.30
03:58:03,27.40,29.30
03:58:13,27.40,29.30
03:58:23,27.40,29.30
03:58:33,27.40,29.30
03:58:43,27.40,29.30
03:58:53,27.40,29.40
03:59:03,27.40,29.30
03:59:13,27.40,29.30
03:59:23,27.40,29.30
03:59:33,27.40,29.40
03:59:43,27.40,29.30
03:59:53,27.40,29.30
04:00:03,27.40,29.30
04:00:13,27.40,29.30
04:00:23,27.40,29.30
04:00:33,27.40,29.30
04:00:43,27.40,29.30
04:00:53,27.40,29.30
04:01:03,27.40,29.30
04:01:14,27.40,29.30
04:01:23,27.40,29.30
04:01:33,27.40,29.30
04:01:44,27.40,29.30
04:01:53,27.40,29.30
04:02:03,27.40,29.30
04:02:14,27.40,29.30
04:02:23,27.40,29.30
04:02:33,27.40,29.30
04:02:44,27.40,29.30
04:02:53,27.40,29.30
04:03:03,27.40,29.30
04:03:14,27.40,29.30
04:03:23,27.40,29.30
04:03:33,27.40,29.30
04:03:44,27.40,29.30
04:03:53,27.40,29.30
04:04:03,27.40,29.30
04:04:14,27.40,29.30
04:04:23,27.40,29.30
04:04:33,27.40,29.30
04:04:43,27.40,29.30
04:04:53,27.40,29.30
04:05:03,27.40,29.30
04:05:13,27.40,29.20
04:05:23,27.40,29.30
04:05:33,27.40,29.30
04:05:43,27.40,29.20
04:05:53,27.40,29.20
04:06:04,27.40,29.20
04:06:13,27.40,29.30
04:06:23,27.40,29.20
04:06:34,27.40,29.20
04:06:43,27.40,29.20
04:06:53,27.40,29.20
04:07:04,27.40,29.20
04:07:13,27.40,29.30
04:07:23,27.40,29.30
04:07:34,27.40,29.20
04:07:43,27.40,29.20
04:07:53,27.40,29.20
04:08:04,27.40,29.20
04:08:13,27.40,29.20
04:08:23,27.40,29.20
04:08:34,27.40,29.20
04:08:43,27.40,29.20
04:08:53,27.40,29.20
04:09:04,27.40,29.20
04:09:13,27.40,29.30
04:09:23,27.40,29.20
04:09:34,27.40,29.30
04:09:43,27.40,29.20
04:09:53,27.40,29.20
04:10:04,27.40,29.20
04:10:13,27.40,29.20
04:10:24,27.40,29.20
04:10:34,27.40,29.20
04:10:43,27.40,29.20
04:10:54,27.40,29.20
04:11:03,27.40,29.20
04:11:13,27.40,29.20
04:11:24,27.40,29.20
04:11:33,27.40,29.30
04:11:43,27.40,29.20
04:11:54,27.40,29.20
04:12:03,27.40,29.20
04:12:13,27.40,29.30
04:12:24,27.40,29.30
04:12:33,27.30,29.30
04:12:43,27.40,29.30
04:12:54,27.40,29.20
04:13:03,27.40,29.20
04:13:13,27.40,29.20
04:13:24,27.30,29.20
04:13:33,27.30,29.20
04:13:43,27.40,29.20
04:13:54,27.30,29.20
04:14:03,27.40,29.20
04:14:13,27.30,29.20
04:14:24,27.30,29.20
04:14:33,27.40,29.20
04:14:44,27.40,29.20
04:14:54,27.40,29.20
04:15:03,27.40,29.20
04:15:14,27.40,29.20
04:15:24,27.40,29.20
04:15:33,27.30,29.20
04:15:44,27.40,29.20
04:15:54,27.30,29.20
04:16:03,27.30,29.20
04:16:14,27.30,29.20
04:16:24,27.30,29.20
04:16:33,27.40,29.20
04:16:43,27.40,29.20
04:16:54,27.40,29.20
04:17:03,27.30,29.20
04:17:14,27.30,29.20
04:17:23,27.30,29.20
04:17:33,27.30,29.20
04:17:44,27.30,29.20
04:17:53,27.30,29.20
04:18:03,27.30,29.20
04:18:14,27.40,29.20
04:18:23,27.30,29.20
04:18:33,27.30,29.20
04:18:44,27.30,29.20
04:18:53,27.30,29.20
04:19:03,27.30,29.10
04:19:14,27.40,29.20
04:19:23,27.30,29.20
04:19:34,27.30,29.10
04:19:44,27.30,29.10
04:19:53,27.30,29.20
04:20:04,27.30,29.20
04:20:14,27.30,29.20
04:20:23,27.30,29.10
04:20:34,27.30,29.10
04:20:44,27.30,29.10
04:20:53,27.30,29.20
04:21:04,27.30,29.20
04:21:14,27.30,29.20
04:21:23,27.30,29.20
04:21:34,27.30,29.20
04:21:44,27.30,29.20
04:21:53,27.30,29.10
04:22:04,27.30,29.20
04:22:14,27.30,29.10
04:22:23,27.30,29.20
04:22:33,27.30,29.20
04:22:44,27.30,29.20
04:22:53,27.30,29.20
04:23:04,27.30,29.10
04:23:14,27.30,29.20
04:23:23,27.30,29.10
04:23:34,27.30,29.10
04:23:43,27.30,29.20
04:23:53,27.30,29.20
04:24:04,27.30,29.10
04:24:13,27.30,29.20
04:24:23,27.30,29.20
04:24:34,27.30,29.10
04:24:43,27.30,29.20
04:24:54,27.30,29.20
04:25:04,27.30,29.20
04:25:13,27.30,29.10
04:25:24,27.30,29.20
04:25:34,27.30,29.10
04:25:43,27.30,29.10
04:25:54,27.30,29.20
04:26:04,27.30,29.10
04:26:13,27.30,29.10
04:26:24,27.30,29.20
04:26:34,27.30,29.20
04:26:43,27.30,29.20
04:26:54,27.30,29.20
04:27:04,27.30,29.20
04:27:13,27.30,29.20
04:27:24,27.30,29.10
04:27:34,27.30,29.20
04:27:43,27.30,29.20
04:27:54,27.30,29.20
04:28:04,27.30,29.10
04:28:13,27.30,29.20
04:28:24,27.30,29.10
04:28:34,27.30,29.10
04:28:43,27.30,29.10
04:28:54,27.30,29.20
04:29:04,27.30,29.20
04:29:13,27.30,29.20
04:29:24,27.30,29.20
04:29:33,27.30,29.20
04:29:44,27.30,29.20
04:29:54,27.30,29.10
04:30:03,27.30,29.20
04:30:14,27.30,29.20
04:30:24,27.30,29.10
04:30:33,27.30,29.10
04:30:44,27.30,29.20
04:30:54,27.30,29.20
04:31:03,27.30,29.10
04:31:13,27.30,29.20
04:31:24,27.30,29.10
04:31:33,27.30,29.20
04:31:44,27.30,29.20
04:31:54,27.30,29.20
04:32:03,27.30,29.20
04:32:14,27.30,29.20
04:32:24,27.30,29.20
04:32:33,27.30,29.20
04:32:44,27.30,29.20
04:32:54,27.30,29.20
04:33:03,27.30,29.20
04:33:14,27.30,29.20
04:33:24,27.30,29.20
04:33:33,27.30,29.20
04:33:44,27.30,29.20
04:33:54,27.30,29.20
04:34:04,27.30,29.20
04:34:14,27.30,29.20
04:34:24,27.30,29.20
04:34:34,27.30,29.20
04:34:44,27.30,29.20
04:34:54,27.30,29.20
04:35:04,27.30,29.20
04:35:14,27.30,29.20
04:35:24,27.30,29.20
04:35:34,27.30,29.20
04:35:44,27.30,29.20
04:35:53,27.30,29.20
04:36:04,27.30,29.20
04:36:14,27.30,29.20
04:36:23,27.30,29.30
04:36:34,27.30,29.20
04:36:44,27.30,29.20
04:36:53,27.30,29.30
04:37:04,27.30,29.20
04:37:14,27.30,29.20
04:37:23,27.30,29.20
04:37:34,27.30,29.30
04:37:44,27.30,29.20
04:37:53,27.30,29.20
04:38:04,27.30,29.20
04:38:14,27.30,29.20
04:38:23,27.30,29.20
04:38:34,27.30,29.30
04:38:44,27.30,29.30
04:38:54,27.30,29.20
04:39:04,27.30,29.30
04:39:14,27.30,29.30
04:39:24,27.30,29.30
04:39:34,27.30,29.20
04:39:44,27.30,29.20
04:39:54,27.30,29.20
04:40:04,27.30,29.20
04:40:14,27.30,29.30
04:40:24,27.30,29.30
04:40:34,27.30,29.30
04:40:44,27.30,29.30
04:40:53,27.30,29.30
04:41:04,27.30,29.30
04:41:14,27.30,29.30
04:41:24,27.30,29.30
04:41:34,27.30,29.30
04:41:44,27.30,29.30
04:41:54,27.30,29.30
04:42:04,27.30,29.30
04:42:13,27.30,29.30
04:42:24,27.30,29.30
04:42:34,27.30,29.30
04:42:43,27.30,29.30
04:42:54,27.30,29.30
04:43:04,27.30,29.30
04:43:13,27.30,29.30
04:43:24,27.30,29.30
04:43:34,27.30,29.30
04:43:43,27.30,29.30
04:43:54,27.30,29.30
04:44:04,27.30,29.30
04:44:14,27.30,29.30
04:44:24,27.30,29.30
04:44:34,27.30,29.30
04:44:44,27.30,29.30
04:44:54,27.30,29.30
04:45:04,27.30,29.30
04:45:14,27.30,29.30
04:45:24,27.30,29.30
04:45:34,27.30,29.30
04:45:44,27.30,29.30
04:45:54,27.30,29.30
04:46:04,27.30,29.30
04:46:14,27.30,29.30
04:46:24,27.30,29.30
04:46:34,27.30,29.30
04:46:44,27.30,29.30
04:46:54,27.30,29.30
04:47:04,27.30,29.30
04:47:14,27.30,29.30
04:47:24,27.30,29.30
04:47:34,27.30,29.40
04:47:44,27.30,29.30
04:47:54,27.30,29.40
04:48:03,27.30,29.30
04:48:14,27.30,29.30
04:48:24,27.30,29.30
04:48:34,27.30,29.30
04:48:44,27.30,29.30
04:48:54,27.30,29.40
04:49:04,27.30,29.30
04:49:14,27.30,29.30
04:49:24,27.30,29.30
04:49:34,27.30,29.30
04:49:44,27.30,29.30
04:49:54,27.30,29.30
04:50:04,27.30,29.30
04:50:14,27.30,29.30
04:50:24,27.30,29.30
04:50:34,27.30,29.30
04:50:44,27.30,29.30
04:50:54,27.30,29.30
04:51:04,27.30,29.30
04:51:14,27.30,29.30
04:51:24,27.30,29.30
04:51:34,27.30,29.20
04:51:44,27.30,29.30
04:51:54,27.30,29.30
04:52:04,27.30,29.30
04:52:14,27.30,29.30
04:52:24,27.30,29.20
04:52:34,27.30,29.20
04:52:44,27.30,29.30
04:52:54,27.30,29.30
04:53:04,27.30,29.20
04:53:14,27.30,29.20
04:53:24,27.30,29.20
04:53:34,27.30,29.20
04:53:44,27.30,29.30
04:53:54,27.30,29.20
04:54:04,27.30,29.20
04:54:14,27.30,29.20
04:54:24,27.30,29.30
04:54:34,27.30,29.20
04:54:44,27.30,29.20
04:54:54,27.30,29.20
04:55:04,27.30,29.30
04:55:14,27.30,29.20
04:55:24,27.30,29.20
04:55:34,27.30,29.20
04:55:44,27.30,29.20
04:55:54,27.30,29.30
04:56:04,27.30,29.20
04:56:14,27.30,29.20
04:56:24,27.30,29.20
04:56:34,27.30,29.20
04:56:44,27.30,29.20
04:56:54,27.30,29.20
04:57:04,27.30,29.20
04:57:14,27.30,29.20
04:57:24,27.30,29.20
04:57:34,27.30,29.20
04:57:44,27.30,29.20
04:57:54,27.30,29.20
04:58:04,27.30,29.20
04:58:14,27.30,29.20
04:58:24,27.30,29.20
04:58:34,27.30,29.20
04:58:44,27.30,29.20
04:58:54,27.30,29.10
04:59:04,27.30,29.20
04:59:14,27.30,29.20
04:59:24,27.30,29.20
04:59:34,27.30,29.20
04:59:44,27.30,29.20
04:59:54,27.30,29.20
05:00:04,27.30,29.20
05:00:14,27.30,29.20
05:00:24,27.30,29.10
05:00:34,27.30,29.20
05:00:44,27.30,29.10
05:00:54,27.30,29.20
05:01:04,27.30,29.10
05:01:14,27.30,29.20
05:01:24,27.30,29.10
05:01:34,27.30,29.20
05:01:44,27.30,29.20
05:01:54,27.30,29.20
05:02:04,27.30,29.20
05:02:14,27.30,29.20
05:02:24,27.30,29.10
05:02:34,27.30,29.10
05:02:44,27.30,29.20
05:02:54,27.30,29.10
05:03:04,27.30,29.20
05:03:14,27.30,29.20
05:03:24,27.30,29.10
05:03:34,27.30,29.20
05:03:44,27.30,29.10
05:03:54,27.30,29.20
05:04:04,27.30,29.20
05:04:14,27.30,29.20
05:04:24,27.30,29.10
05:04:34,27.30,29.20
05:04:44,27.30,29.20
05:04:54,27.30,29.20
05:05:04,27.30,29.20
05:05:14,27.30,29.10
05:05:24,27.30,29.20
05:05:34,27.30,29.10
05:05:44,27.30,29.10
05:05:54,27.30,29.10
05:06:04,27.30,29.10
05:06:14,27.30,29.10
05:06:24,27.30,29.20
05:06:34,27.30,29.10
05:06:44,27.30,29.10
05:06:54,27.30,29.10
05:07:04,27.30,29.10
05:07:14,27.30,29.10
05:07:24,27.30,29.10
05:07:34,27.30,29.10
05:07:44,27.30,29.20
05:07:54,27.30,29.10
05:08:04,27.30,29.10
05:08:14,27.30,29.10
05:08:24,27.30,29.10
05:08:34,27.30,29.10
05:08:44,27.30,29.10
05:08:54,27.30,29.10
05:09:04,27.30,29.10
05:09:14,27.30,29.10
05:09:24,27.30,29.10
05:09:34,27.30,29.10
05:09:44,27.30,29.20
05:09:54,27.30,29.10
05:10:04,27.30,29.10
05:10:14,27.30,29.10
05:10:24,27.30,29.10
05:10:34,27.30,29.10
05:10:44,27.30,29.10
05:10:54,27.30,29.10
05:11:04,27.30,29.10
05:11:14,27.30,29.10
05:11:24,27.30,29.10
05:11:34,27.30,29.10
05:11:44,27.30,29.10
05:11:54,27.30,29.10
05:12:04,27.30,29.10
05:12:14,27.30,29.20
05:12:24,27.30,29.10
05:12:34,27.30,29.10
05:12:44,27.30,29.10
05:12:54,27.30,29.10
05:13:04,27.30,29.10
05:13:14,27.30,29.10
05:13:24,27.30,29.10
05:13:34,27.30,29.10
05:13:44,27.30,29.10
05:13:54,27.30,29.10
05:14:04,27.30,29.10
05:14:14,27.30,29.10
05:14:24,27.30,29.10
05:14:34,27.30,29.10
05:14:44,27.30,29.10
05:14:54,27.30,29.10
05:15:04,27.30,29.10
05:15:14,27.30,29.10
05:15:24,27.30,29.10
05:15:34,27.30,29.10
05:15:44,27.30,29.10
05:15:54,27.30,29.10
05:16:04,27.30,29.10
05:16:14,27.30,29.10
05:16:24,27.30,29.10
05:16:34,27.30,29.10
05:16:44,27.30,29.00
05:16:54,27.30,29.10
05:17:04,27.30,29.10
05:17:14,27.30,29.10
05:17:24,27.30,29.10
05:17:34,27.30,29.10
05:17:44,27.30,29.10
05:17:54,27.30,29.10
05:18:04,27.30,29.10
05:18:14,27.30,29.10
05:18:24,27.30,29.00
05:18:34,27.30,29.00
05:18:44,27.30,29.10
05:18:54,27.30,29.00
05:19:04,27.30,29.00
05:19:14,27.30,29.10
05:19:24,27.30,29.10
05:19:34,27.30,29.00
05:19:44,27.30,29.00
05:19:54,27.30,29.00
05:20:04,27.30,29.00
05:20:14,27.30,29.00
05:20:24,27.30,29.00
05:20:34,27.30,29.00
05:20:44,27.30,29.00
05:20:54,27.30,29.00
05:21:04,27.30,29.00
05:21:14,27.30,29.00
05:21:24,27.30,29.00
05:21:34,27.30,29.00
05:21:44,27.30,29.00
05:21:54,27.30,29.00
05:22:04,27.30,29.00
05:22:14,27.30,29.00
05:22:24,27.30,29.00
05:22:34,27.30,29.00
05:22:44,27.30,29.00
05:22:54,27.30,29.00
05:23:04,27.30,29.00
05:23:14,27.30,29.00
05:23:24,27.30,29.00
05:23:34,27.30,29.00
05:23:44,27.30,29.00
05:23:54,27.30,29.00
05:24:04,27.30,28.90
05:24:14,27.30,29.00
05:24:24,27.30,29.00
05:24:34,27.30,29.00
05:24:44,27.30,29.00
05:24:54,27.30,29.00
05:25:04,27.30,29.00
05:25:14,27.30,29.00
05:25:24,27.30,29.00
05:25:34,27.30,29.00
05:25:44,27.30,29.00
05:25:54,27.30,29.00
05:26:04,27.30,29.00
05:26:14,27.30,29.00
05:26:24,27.30,29.00
05:26:34,27.30,29.00
05:26:44,27.30,29.00
05:26:54,27.30,29.00
05:27:04,27.30,29.00
05:27:14,27.30,29.00
05:27:24,27.20,29.00
05:27:34,27.30,29.00
05:27:44,27.30,29.00
05:27:54,27.30,29.00
05:28:04,27.30,29.00
05:28:14,27.30,29.00
05:28:24,27.30,29.00
05:28:34,27.30,29.00
05:28:44,27.30,29.00
05:28:54,27.30,29.00
05:29:04,27.30,29.00
05:29:14,27.30,29.00
05:29:24,27.30,29.00
05:29:34,27.30,29.00
05:29:44,27.30,29.00
05:29:54,27.30,29.00
05:30:04,27.30,29.10
05:30:14,27.30,29.00
05:30:24,27.30,29.10
05:30:34,27.30,29.10
05:30:44,27.30,29.00
05:30:54,27.30,29.10
05:31:04,27.30,29.10
05:31:14,27.30,29.00
05:31:24,27.30,29.10
05:31:34,27.30,29.00
05:31:44,27.30,29.00
05:31:54,27.30,29.00
05:32:04,27.30,29.00
05:32:14,27.30,29.10
05:32:24,27.30,29.10
05:32:34,27.30,29.00
05:32:44,27.20,29.10
05:32:54,27.30,29.10
05:33:04,27.30,29.10
05:33:14,27.30,29.10
05:33:24,27.30,29.10
05:33:34,27.30,29.10
05:33:44,27.30,29.10
05:33:54,27.30,29.10
05:34:04,27.30,29.10
05:34:14,27.20,29.10
05:34:24,27.30,29.10
05:34:34,27.30,29.10
05:34:44,27.30,29.10
05:34:54,27.30,29.10
05:35:04,27.30,29.10
05:35:14,27.30,29.10
05:35:24,27.30,29.10
05:35:34,27.30,29.10
05:35:44,27.30,29.10
05:35:54,27.30,29.10
05:36:04,27.30,29.10
05:36:14,27.30,29.10
05:36:24,27.30,29.10
05:36:34,27.30,29.10
05:36:44,27.30,29.10
05:36:54,27.30,29.10
05:37:04,27.30,29.10
05:37:14,27.30,29.10
05:37:24,27.30,29.10
05:37:34,27.30,29.10
05:37:44,27.30,29.10
05:37:54,27.30,29.10
05:38:04,27.30,29.10
05:38:14,27.30,29.10
05:38:24,27.30,29.10
05:38:34,27.30,29.10
05:38:44,27.30,29.10
05:38:54,27.20,29.10
05:39:04,27.20,29.10
05:39:14,27.20,29.10
05:39:24,27.30,29.10
05:39:34,27.30,29.10
05:39:44,27.30,29.10
05:39:54,27.30,29.10
05:40:04,27.30,29.10
05:40:14,27.30,29.10
05:40:24,27.30,29.10
05:40:34,27.30,29.10
05:40:44,27.30,29.10
05:40:54,27.30,29.10
05:41:04,27.30,29.10
05:41:14,27.30,29.10
05:41:24,27.30,29.10
05:41:34,27.30,29.10
05:41:44,27.30,29.10
05:41:54,27.30,29.10
05:42:04,27.30,29.10
05:42:14,27.30,29.10
05:42:24,27.30,29.10
05:42:34,27.30,29.10
05:42:44,27.30,29.10
05:42:54,27.30,29.10
05:43:04,27.30,29.10
05:43:14,27.30,29.10
05:43:24,27.30,29.10
05:43:34,27.30,29.10
05:43:44,27.30,29.10
05:43:54,27.30,29.10
05:44:04,27.30,29.10
05:44:14,27.30,29.10
05:44:24,27.30,29.10
05:44:34,27.30,29.10
05:44:44,27.30,29.10
05:44:54,27.30,29.10
05:45:04,27.30,29.10
05:45:14,27.30,29.10
05:45:24,27.30,29.10
05:45:34,27.30,29.10
05:45:44,27.30,29.10
05:45:54,27.30,29.10
05:46:04,27.30,29.20
05:46:14,27.30,29.10
05:46:24,27.30,29.10
05:46:34,27.30,29.10
05:46:44,27.30,29.10
05:46:54,27.30,29.10
05:47:04,27.30,29.10
05:47:14,27.30,29.10
05:47:24,27.30,29.10
05:47:34,27.30,29.10
05:47:44,27.30,29.10
05:47:54,27.20,29.10
05:48:04,27.30,29.10
05:48:14,27.30,29.10
05:48:24,27.30,29.20
05:48:34,27.30,29.10
05:48:44,27.30,29.20
05:48:54,27.30,29.20
05:49:04,27.30,29.20
05:49:14,27.30,29.20
05:49:24,27.30,29.10
05:49:34,27.20,29.10
05:49:44,27.30,29.20
05:49:54,27.30,29.10
05:50:04,27.30,29.10
05:50:14,27.30,29.20
05:50:24,27.30,29.20
05:50:34,27.20,29.20
05:50:44,27.30,29.20
05:50:54,27.30,29.20
05:51:04,27.20,29.20
05:51:14,27.20,29.20
05:51:24,27.30,29.20
05:51:34,27.30,29.10
05:51:44,27.20,29.20
05:51:54,27.30,29.20
05:52:04,27.30,29.20
05:52:14,27.30,29.20
05:52:24,27.30,29.20
05:52:34,27.30,29.20
05:52:44,27.20,29.20
05:52:54,27.30,29.20
05:53:04,27.30,29.20
05:53:14,27.30,29.20
05:53:24,27.30,29.20
05:53:34,27.30,29.20
05:53:44,27.30,29.20
05:53:54,27.30,29.20
05:54:04,27.30,29.20
05:54:14,27.30,29.20
05:54:24,27.30,29.20
05:54:34,27.30,29.20
05:54:44,27.30,29.20
05:54:54,27.30,29.20
05:55:04,27.30,29.20
05:55:14,27.30,29.20
05:55:24,27.30,29.20
05:55:34,27.30,29.20
05:55:44,27.30,29.20
05:55:54,27.20,29.20
05:56:04,27.30,29.20
05:56:14,27.30,29.20
05:56:24,27.30,29.20
05:56:34,27.30,29.20
05:56:44,27.30,29.10
05:56:54,27.30,29.20
05:57:04,27.30,29.10
05:57:14,27.30,29.20
05:57:24,27.30,29.10
05:57:34,27.30,29.10
05:57:44,27.30,29.20
05:57:54,27.30,29.20
05:58:04,27.30,29.20
05:58:14,27.30,29.10
05:58:24,27.30,29.20
05:58:34,27.30,29.20
05:58:44,27.30,29.20
05:58:54,27.30,29.10
05:59:04,27.30,29.20
05:59:14,27.30,29.20
05:59:24,27.30,29.20
05:59:34,27.30,29.20
05:59:44,27.30,29.10
05:59:54,27.30,29.20
06:00:04,27.30,29.20
06:00:14,27.30,29.20
06:00:24,27.30,29.20
06:00:34,27.20,29.10
06:00:44,27.20,29.10
06:00:54,27.20,29.20
06:01:04,27.30,29.20
06:01:14,27.30,29.20
06:01:24,27.30,29.20
06:02:34,27.30,29.40
06:02:44,27.30,29.40
06:02:54,27.30,29.30
06:03:04,27.30,29.30
06:03:14,27.30,29.40
06:03:24,27.30,29.40
06:03:34,27.30,29.30
06:03:44,27.30,29.30
06:03:54,27.30,29.30
06:04:04,27.30,29.30
06:04:14,27.30,29.30
06:04:24,27.30,29.30
06:04:34,27.30,29.30
06:04:44,27.30,29.40
06:04:54,27.30,29.30
06:05:04,27.30,29.40
06:05:14,27.30,29.40
06:05:24,27.30,29.40
06:05:34,27.30,29.40
06:05:44,27.30,29.50
06:05:54,27.30,29.40
06:06:04,27.30,29.50
06:06:14,27.30,29.50
06:06:24,27.30,29.50
06:06:34,27.30,29.50
06:06:44,27.30,29.50
06:06:54,27.30,29.50
06:07:04,27.30,29.40
06:07:14,27.30,29.40
06:07:24,27.30,29.40
06:07:34,27.30,29.40
06:07:44,27.30,29.40
06:07:54,27.30,29.40
06:08:04,27.30,29.40
06:08:14,27.30,29.40
06:08:24,27.30,29.50
06:08:34,27.30,29.50
06:08:44,27.30,29.50
06:08:54,27.30,29.50
06:09:04,27.30,29.50
06:09:14,27.30,29.50
06:09:24,27.30,29.50
06:09:34,27.30,29.60
06:09:44,27.30,29.60
06:09:54,27.30,29.60
06:10:04,27.30,29.60
06:10:14,27.30,29.60
06:10:24,27.30,29.60
06:10:34,27.30,29.60
06:10:44,27.30,29.70
06:10:54,27.30,29.60
06:11:04,27.30,29.70
06:11:14,27.30,29.70
06:11:24,27.30,29.70
06:11:34,27.30,29.70
06:11:44,27.30,29.70
06:11:54,27.30,29.90
06:12:04,27.30,29.90
06:12:14,27.30,29.90
06:12:24,27.30,29.90
06:12:34,27.30,29.90
06:12:44,27.30,29.90
06:12:54,27.30,29.90
06:13:04,27.30,30.00
06:13:14,27.30,29.90
06:13:24,27.30,30.00
06:13:34,27.30,30.10
06:13:44,27.30,30.10
06:13:54,27.30,30.10
06:14:04,27.30,30.10
06:14:14,27.30,30.10
06:14:24,27.30,30.20
06:14:34,27.40,30.20
06:14:44,27.40,30.20
06:14:54,27.40,30.20
06:15:04,27.40,30.20
06:15:14,27.40,30.20
06:15:24,27.40,30.20
06:15:34,27.30,30.20
06:15:44,27.40,30.20
06:15:54,27.40,30.10
06:16:04,27.40,30.20
06:16:14,27.40,30.20
06:16:24,27.40,30.20
06:16:34,27.40,30.30
06:16:44,27.40,30.30
06:16:54,27.40,30.30
06:17:04,27.40,30.40
06:17:14,27.40,30.30
06:17:24,27.40,30.20
06:17:34,27.40,30.20
06:17:44,27.40,30.10
06:17:54,27.40,30.20
06:18:04,27.40,30.20
06:18:14,27.40,30.20
06:18:24,27.40,30.10
06:18:34,27.40,30.10
06:18:44,27.40,30.10
06:18:54,27.40,30.00
06:19:04,27.40,30.00
06:19:14,27.40,30.00
06:19:24,27.40,30.00
06:19:34,27.40,30.00
06:19:44,27.40,30.00
06:19:54,27.40,29.90
06:20:04,27.40,29.90
06:20:14,27.30,29.90
06:20:24,27.40,29.80
06:20:34,27.40,29.80
06:20:44,27.30,29.90
06:20:54,27.30,29.80
06:21:04,27.30,29.90
06:21:14,27.30,29.80
06:21:24,27.30,29.80
06:21:34,27.40,29.80
06:21:44,27.30,29.80
06:21:54,27.30,29.80
06:22:04,27.30,29.80
06:22:14,27.30,29.80
06:22:24,27.30,29.80
06:22:34,27.30,29.80
06:22:44,27.30,29.80
06:22:54,27.30,29.80
06:23:04,27.30,29.70
06:23:14,27.30,29.70
06:23:24,27.30,29.80
06:23:34,27.30,29.80
06:23:44,27.30,29.70
06:23:54,27.30,29.70
06:24:04,27.30,29.70
06:24:14,27.30,29.70
06:24:24,27.30,29.70
06:24:34,27.30,29.70
06:24:44,27.30,29.70
06:24:54,27.30,29.70
06:25:04,27.30,29.70
06:25:14,27.30,29.70
06:25:24,27.30,29.70
06:25:34,27.30,29.70
06:25:44,27.30,29.70
06:25:54,27.30,29.80
06:26:04,27.30,29.80
06:26:14,27.30,29.80
06:26:24,27.30,29.80
06:26:34,27.30,29.80
06:26:44,27.30,29.80
06:26:54,27.30,29.80
06:27:04,27.30,29.90
06:27:14,27.30,29.90
06:27:24,27.30,29.80
06:27:34,27.30,29.80
06:27:44,27.30,29.90
06:27:54,27.30,29.90
06:28:04,27.30,29.90
06:28:14,27.30,29.90
06:28:24,27.30,29.90
06:28:34,27.30,29.90
06:28:44,27.30,29.90
06:28:54,27.30,29.90
06:29:04,27.30,29.90
06:29:14,27.30,30.00
06:29:24,27.30,29.90
06:29:34,27.30,29.90
06:29:44,27.30,29.90
06:29:54,27.30,29.90
06:30:04,27.30,29.90
06:30:14,27.30,30.00
06:30:24,27.30,30.00
06:30:34,27.30,29.90
06:30:44,27.30,29.90
06:30:54,27.20,29.90
06:31:04,27.20,29.90
06:31:14,27.30,29.90
06:31:24,27.20,29.90
06:31:34,27.30,29.90
06:31:44,27.30,29.90
06:31:54,27.30,29.90
06:32:04,27.20,29.90
06:32:14,27.30,29.90
06:32:24,27.20,29.90
06:32:34,27.30,29.90
06:32:44,27.30,29.90
06:32:54,27.20,29.90
06:33:04,27.30,29.90
06:33:14,27.30,29.90
06:33:24,27.30,29.90
06:33:34,27.30,29.90
06:33:44,27.30,29.90
06:33:54,27.30,29.90
06:34:04,27.30,29.90
06:34:14,27.30,29.90
06:34:24,27.30,29.90
06:34:34,27.20,29.90
06:34:44,27.30,29.90
06:34:54,27.30,29.90
06:35:04,27.20,29.90
06:35:14,27.30,29.90
06:35:24,27.30,29.90
06:35:34,27.30,29.90
06:35:44,27.30,29.90
06:35:54,27.30,29.90
06:36:04,27.20,29.90
06:36:14,27.20,30.00
06:36:24,27.20,29.90
06:36:34,27.30,29.90
06:36:44,27.30,29.90
06:36:54,27.20,29.90
06:37:04,27.20,29.90
06:37:14,27.20,29.90
06:37:24,27.20,29.90
06:37:34,27.20,29.90
06:37:44,27.20,29.90
06:37:54,27.20,29.90
06:38:04,27.20,29.90
06:38:14,27.30,29.90
06:38:24,27.30,29.90
06:38:34,27.20,29.90
06:38:44,27.20,30.00
06:38:54,27.20,30.00
06:39:04,27.20,30.00
06:39:14,27.30,30.00
06:39:24,27.20,29.90
06:39:34,27.20,29.90
06:39:44,27.20,30.00
06:39:54,27.20,29.90
06:40:04,27.20,29.90
06:40:14,27.20,30.00
06:40:24,27.20,29.90
06:40:34,27.30,30.00
06:40:44,27.20,29.90
06:40:54,27.20,30.00
06:41:04,27.20,29.90
06:41:14,27.20,29.90
06:41:24,27.20,30.00
06:41:34,27.20,29.90
06:41:44,27.20,30.00
06:41:54,27.20,29.90
06:42:04,27.20,30.00
06:42:14,27.20,30.00
06:42:24,27.20,29.90
06:42:34,27.20,29.90
06:42:44,27.20,29.90
06:42:54,27.20,29.90
06:43:04,27.20,29.90
06:43:14,27.20,30.00
06:43:24,27.20,29.90
06:43:34,27.20,29.90
06:43:44,27.20,30.00
06:43:54,27.20,29.90
06:44:04,27.20,29.90
06:44:14,27.30,30.00
06:44:24,27.20,30.00
06:44:34,27.20,30.00
06:44:44,27.20,29.90
06:44:54,27.20,30.00
06:45:04,27.30,30.00
06:45:14,27.30,30.00
06:45:24,27.20,30.00
06:45:34,27.20,30.00
06:45:44,27.20,29.90
06:45:54,27.20,29.90
06:46:04,27.20,29.90
06:46:14,27.20,30.00
06:46:24,27.20,29.90
06:46:34,27.20,30.00
06:46:44,27.20,30.00
06:46:54,27.20,29.90
06:47:04,27.20,30.00
06:47:14,27.20,29.90
06:47:24,27.20,29.90
06:47:34,27.20,30.00
06:47:44,27.30,30.00
06:47:54,27.20,30.00
06:48:04,27.20,29.90
06:48:14,27.20,30.00
06:48:24,27.20,30.00
06:48:34,27.20,30.00
06:48:44,27.30,30.00
06:48:54,27.20,29.90
06:49:04,27.20,29.90
06:49:14,27.20,29.90
06:49:24,27.20,29.90
06:49:34,27.20,30.00
06:49:44,27.20,29.90
06:49:54,27.20,29.90
06:50:04,27.20,29.90
06:50:14,27.20,30.00
06:50:24,27.20,29.90
06:50:34,27.20,30.00
06:50:44,27.20,29.90
06:50:54,27.20,30.00
06:51:04,27.20,30.00
06:51:14,27.20,30.00
06:51:24,27.20,30.00
06:51:34,27.20,30.00
06:51:44,27.20,30.00
06:51:54,27.20,30.00
06:52:04,27.20,29.90
06:52:14,27.20,29.90
06:52:24,27.20,30.00
06:52:34,27.20,30.00
06:52:44,27.20,29.90
06:52:54,27.20,30.00
06:53:04,27.20,30.00
06:53:14,27.20,29.90
06:53:24,27.20,29.90
06:53:34,27.20,29.90
06:53:44,27.20,30.00
06:53:54,27.20,29.90
06:54:04,27.20,30.00
06:54:14,27.20,29.90
06:54:24,27.20,29.90
06:54:34,27.20,29.90
06:54:44,27.20,30.00
06:54:54,27.20,29.90
06:55:04,27.20,29.90
06:55:14,27.20,30.00
06:55:24,27.20,30.00
06:55:34,27.20,30.00
06:55:44,27.30,30.00
06:55:54,27.20,30.00
06:56:04,27.20,30.00
06:56:14,27.20,29.90
06:56:24,27.20,30.00
06:56:34,27.20,30.00
06:56:44,27.20,30.00
06:56:54,27.20,29.90
06:57:04,27.20,29.90
06:57:14,27.20,29.90
06:57:24,27.20,29.90
06:57:34,27.20,29.90
06:57:44,27.20,29.90
06:57:54,27.20,29.90
06:58:04,27.20,29.90
06:58:14,27.20,29.90
06:58:24,27.20,29.90
06:58:34,27.20,29.90
06:58:44,27.20,29.90
06:58:54,27.20,30.00
06:59:04,27.20,30.00
06:59:14,27.20,30.00
06:59:24,27.20,29.90
06:59:34,27.20,29.90
06:59:44,27.20,30.00
06:59:54,27.20,30.00
07:00:04,27.20,30.00
07:00:14,27.20,30.00
07:00:24,27.20,30.00
07:00:34,27.20,29.90
07:00:44,27.20,30.00
07:00:54,27.20,30.00
07:01:04,27.20,30.00
07:01:14,27.20,30.00
07:01:24,27.20,30.00
07:01:34,27.20,30.00
07:01:44,27.20,30.00
07:01:54,27.20,30.00
07:02:04,27.20,30.00
07:02:14,27.20,30.00
07:02:24,27.20,30.00
07:02:34,27.20,30.00
07:02:44,27.20,30.00
07:02:54,27.20,30.00
07:03:04,27.20,30.00
07:03:14,27.20,30.00
07:03:24,27.20,30.00
07:03:34,27.20,30.00
07:03:44,27.20,30.00
07:03:54,27.20,30.00
07:04:04,27.20,30.00
07:04:14,27.20,30.00
07:04:24,27.20,30.00
07:04:34,27.20,30.00
07:04:44,27.20,30.00
07:04:54,27.20,30.00
07:05:04,27.20,30.00
07:05:14,27.20,30.00
07:05:24,27.20,30.00
07:05:34,27.20,30.00
07:05:44,27.20,30.00
07:05:54,27.20,30.00
07:06:04,27.20,30.00
07:06:14,27.20,30.00
07:06:24,27.20,30.00
07:06:34,27.20,30.00
07:06:44,27.20,30.00
07:06:54,27.20,30.00
07:07:04,27.20,30.10
07:07:14,27.20,30.00
07:07:24,27.20,30.10
07:07:34,27.20,30.00
07:07:44,27.20,30.00
07:07:54,27.20,30.00
07:08:04,27.20,30.00
07:08:14,27.20,30.00
07:08:24,27.20,30.00
07:08:34,27.20,30.00
07:08:44,27.20,30.00
07:08:54,27.20,30.00
07:09:04,27.20,30.00
07:09:14,27.20,30.00
07:09:24,27.20,30.00
07:09:34,27.20,30.00
07:09:44,27.20,30.00
07:09:54,27.20,30.10
07:10:04,27.20,30.00
07:10:14,27.20,30.00
07:10:24,27.20,30.00
07:10:34,27.20,30.00
07:10:44,27.20,30.00
07:10:54,27.20,30.00
07:11:04,27.20,30.00
07:11:14,27.20,30.00
07:11:24,27.20,30.00
07:11:34,27.20,30.00
07:11:44,27.20,30.00
07:11:54,27.20,30.00
07:12:04,27.20,30.00
07:12:14,27.20,30.00
07:12:24,27.20,30.00
07:12:34,27.20,30.00
07:12:44,27.20,30.00
07:12:54,27.20,30.00
07:13:04,27.20,30.00
07:13:14,27.20,30.00
07:13:24,27.20,30.00
07:13:34,27.20,30.00
07:13:44,27.20,30.00
07:13:54,27.20,30.00
07:14:04,27.20,30.00
07:14:14,27.20,30.00
07:14:24,27.20,30.00
07:14:34,27.20,30.00
07:14:44,27.20,30.00
07:14:54,27.20,30.00
07:15:04,27.20,30.00
07:15:14,27.20,30.00
07:15:24,27.20,30.00
07:15:34,27.20,30.00
07:15:44,27.20,30.00
07:15:54,27.20,30.00
07:16:04,27.20,30.00
07:16:14,27.20,30.00
07:16:24,27.20,30.00
07:16:34,27.20,30.00
07:16:44,27.20,30.00
07:16:54,27.20,30.00
07:17:04,27.20,30.00
07:17:14,27.20,30.00
07:17:24,27.20,30.00
07:17:34,27.20,30.00
07:17:44,27.20,30.00
07:17:54,27.20,30.00
07:18:04,27.20,30.00
07:18:14,27.20,30.00
07:18:24,27.20,30.00
07:18:34,27.20,30.10
07:18:44,27.20,30.00
07:18:54,27.20,30.00
07:19:04,27.20,30.00
07:19:14,27.20,30.00
07:19:24,27.20,30.00
07:19:34,27.20,30.00
07:19:44,27.20,30.10
07:19:54,27.20,30.00
07:20:04,27.20,30.00
07:20:14,27.20,30.00
07:20:24,27.20,30.00
07:20:34,27.20,30.00
07:20:44,27.20,30.00
07:20:54,27.20,30.00
07:21:04,27.20,30.10
07:21:14,27.20,30.00
07:21:24,27.20,30.00
07:21:34,27.20,30.00
07:21:44,27.20,30.10
07:21:54,27.20,30.00
07:22:04,27.20,30.00
07:22:14,27.20,30.00
07:22:24,27.20,30.00
07:22:34,27.20,30.00
07:22:44,27.20,30.00
07:22:54,27.20,30.00
07:23:04,27.20,30.00
07:23:14,27.20,30.00
07:23:24,27.20,30.00
07:23:34,27.20,30.00
07:23:44,27.20,30.00
07:23:54,27.20,30.10
07:24:04,27.20,30.00
07:24:14,27.20,30.00
07:24:24,27.20,30.00
07:24:34,27.20,30.00
07:24:44,27.20,30.00
07:24:54,27.20,30.00
07:25:04,27.20,30.00
07:25:14,27.20,30.00
07:25:24,27.20,30.00
07:25:34,27.20,30.00
07:25:44,27.20,30.00
07:25:54,27.30,30.00
07:26:04,27.20,30.00
07:26:14,27.20,30.00
07:26:24,27.20,30.00
07:26:34,27.20,30.00
07:26:44,27.20,30.00
07:26:54,27.20,30.00
07:27:04,27.20,30.00
07:27:14,27.20,30.00
07:27:24,27.20,30.00
07:27:34,27.20,30.00
07:27:44,27.20,30.10
07:27:54,27.20,30.00
07:28:04,27.20,30.00
07:28:14,27.20,30.00
07:28:24,27.20,30.00
07:28:34,27.20,30.10
07:28:44,27.20,30.00
07:28:54,27.20,30.00
07:29:04,27.20,30.00
07:29:14,27.20,30.00
07:29:24,27.20,30.00
07:29:34,27.20,30.00
07:29:44,27.20,30.00
07:29:54,27.20,30.00
07:30:04,27.20,30.00
07:30:14,27.20,30.00
07:30:24,27.20,30.00
07:30:34,27.20,30.00
07:30:44,27.20,30.00
07:30:54,27.20,30.00
07:31:04,27.20,30.00
07:31:14,27.20,30.00
07:31:24,27.20,30.00
07:31:34,27.20,30.00
07:31:44,27.20,30.00
07:31:54,27.20,30.00
07:32:04,27.20,30.00
07:32:14,27.20,30.00
07:32:24,27.20,30.00
07:32:34,27.20,30.00
07:32:44,27.20,30.00
07:32:54,27.20,30.00
07:33:04,27.20,30.00
07:33:14,27.20,30.00
07:33:24,27.20,30.00
07:33:34,27.20,29.90
07:33:44,27.20,29.90
07:33:54,27.20,29.90
07:34:04,27.20,29.90
07:34:14,27.20,29.90
07:34:24,27.20,29.90
07:34:34,27.20,29.90
07:34:44,27.20,29.90
07:34:54,27.20,29.90
07:35:04,27.20,29.90
07:35:14,27.30,30.00
07:35:24,27.20,29.90
07:35:34,27.20,29.90
07:35:44,27.20,29.90
07:35:54,27.20,30.00
07:36:04,27.20,29.90
07:36:14,27.20,29.90
07:36:24,27.20,29.90
07:36:34,27.20,29.90
07:36:44,27.20,29.90
07:36:54,27.20,29.90
07:37:04,27.20,29.90
07:37:14,27.20,29.90
07:37:24,27.20,30.00
07:37:34,27.20,29.90
07:37:44,27.20,29.90
07:37:54,27.30,29.90
07:38:04,27.20,29.90
07:38:14,27.20,29.90
07:38:24,27.20,29.90
07:38:34,27.20,29.90
07:38:44,27.20,29.90
07:38:54,27.30,29.90
07:39:04,27.20,29.90
07:39:14,27.20,29.90
07:39:24,27.20,29.90
07:39:34,27.20,29.90
07:39:44,27.20,29.90
07:39:54,27.30,29.90
07:40:04,27.30,30.00
07:40:14,27.20,29.90
07:40:24,27.20,29.90
07:40:34,27.30,29.90
07:40:44,27.20,29.90
07:40:54,27.20,29.90
07:41:04,27.20,29.90
07:41:14,27.20,29.90
07:41:24,27.20,29.90
07:41:34,27.20,29.90
07:41:44,27.20,29.90
07:41:54,27.20,29.90
07:42:04,27.30,29.90
07:42:14,27.30,29.90
07:42:24,27.30,29.90
07:42:34,27.20,29.90
07:42:44,27.20,29.90
07:42:54,27.30,29.90
07:43:04,27.20,29.90
07:43:14,27.30,29.90
07:43:24,27.20,29.90
07:43:34,27.20,29.90
07:43:44,27.20,29.90
07:43:54,27.20,29.90
07:44:04,27.20,29.90
07:44:14,27.30,29.90
07:44:24,27.20,29.90
07:44:34,27.20,29.80
07:44:44,27.30,29.90
07:44:54,27.30,29.90
07:45:04,27.20,29.90
07:45:14,27.30,29.90
07:45:24,27.20,29.90
07:45:34,27.30,29.90
07:45:44,27.30,29.90
07:45:54,27.30,29.90
07:46:04,27.30,29.80
07:46:14,27.30,29.90
07:46:24,27.20,29.90
07:46:34,27.30,29.90
07:46:44,27.30,29.90
07:46:54,27.30,29.80
07:47:04,27.30,29.90
07:47:14,27.20,29.80
07:47:24,27.20,29.90
07:47:34,27.20,29.80
07:47:44,27.20,29.80
07:47:54,27.20,29.90
07:48:04,27.20,29.80
07:48:14,27.20,29.90
07:48:24,27.30,29.80
07:48:34,27.20,29.80
07:48:44,27.20,29.90
07:48:54,27.20,29.80
07:49:04,27.30,29.80
07:49:14,27.30,29.80
07:49:24,27.30,29.90
07:49:34,27.20,29.90
07:49:44,27.30,29.80
07:49:54,27.30,29.80
07:50:04,27.30,29.80
07:50:14,27.30,29.80
07:50:24,27.30,29.80
07:50:34,27.30,29.80
07:50:44,27.30,29.80
07:50:54,27.30,29.80
07:51:04,27.30,29.80
07:51:14,27.30,29.80
07:51:24,27.30,29.80
07:51:34,27.30,29.80
07:51:44,27.20,29.90
07:51:54,27.30,29.90
07:52:04,27.30,29.80
07:52:14,27.20,29.90
07:52:24,27.30,29.90
07:52:34,27.30,29.90
07:52:44,27.30,29.80
07:52:54,27.30,29.90
07:53:04,27.30,29.80
07:53:14,27.30,29.80
07:53:24,27.20,29.90
07:53:34,27.30,29.90
07:53:44,27.30,29.90
07:53:54,27.30,29.90
07:54:04,27.30,29.90
07:54:14,27.20,29.90
07:54:24,27.20,29.90
07:54:34,27.30,29.90
07:54:44,27.30,29.90
07:54:54,27.30,29.90
07:55:04,27.30,29.90
07:55:14,27.30,29.90
07:55:24,27.30,29.90
07:55:34,27.30,29.90
07:55:44,27.30,29.90
07:55:54,27.20,29.90
07:56:04,27.30,29.90
07:56:14,27.30,29.90
07:56:24,27.20,29.90
07:56:34,27.30,29.90
07:56:44,27.30,29.90
07:56:54,27.20,29.90
07:57:04,27.30,29.90
07:57:14,27.30,29.90
07:57:24,27.30,29.90
07:57:34,27.20,29.90
07:57:44,27.30,29.90
07:57:54,27.30,29.90
07:58:04,27.30,29.90
07:58:14,27.30,29.90
07:58:24,27.30,30.00
07:58:34,27.30,29.90
07:58:44,27.30,29.90
07:58:54,27.30,29.90
07:59:04,27.30,29.90
07:59:14,27.30,30.00
07:59:24,27.30,29.90
07:59:34,27.30,29.90
07:59:44,27.30,30.00
07:59:54,27.20,30.00
08:00:04,27.30,29.90
08:00:14,27.30,30.00
08:00:24,27.30,30.00
08:00:34,27.30,29.90
08:00:44,27.30,29.90
08:00:54,27.30,30.00
08:01:04,27.30,29.90
08:01:14,27.30,30.00
08:01:24,27.30,30.00
08:01:34,27.30,30.00
08:01:44,27.30,30.00
08:01:54,27.30,30.00
08:02:04,27.30,30.00
08:02:14,27.30,30.00
08:02:24,27.30,30.00
08:02:34,27.30,30.00
08:02:44,27.30,30.00
08:02:54,27.30,30.10
08:03:04,27.30,30.10
08:03:14,27.30,30.10
08:03:24,27.30,30.10
08:03:34,27.30,30.00
08:03:44,27.30,30.00
08:03:54,27.30,30.10
08:04:04,27.30,30.10
08:04:14,27.30,30.10
08:04:24,27.30,30.10
08:04:34,27.30,30.10
08:04:44,27.30,30.10
08:04:54,27.30,30.10
08:05:04,27.30,30.10
08:05:14,27.30,30.10
08:05:24,27.30,30.10
08:05:34,27.30,30.10
08:05:44,27.30,30.10
08:05:54,27.30,30.10
08:06:04,27.30,30.10
08:06:14,27.30,30.10
08:06:24,27.30,30.10
08:06:34,27.30,30.10
08:06:44,27.30,30.10
08:06:54,27.30,30.10
08:07:04,27.30,30.20
08:07:14,27.30,30.20
08:07:24,27.30,30.10
08:07:34,27.30,30.20
08:07:44,27.30,30.10
08:07:54,27.30,30.20
08:08:04,27.30,30.20
08:08:14,27.30,30.20
08:08:24,27.30,30.20
08:08:34,27.30,30.10
08:08:44,27.30,30.20
08:08:54,27.30,30.20
08:09:04,27.30,30.20
08:09:14,27.30,30.20
08:09:24,27.30,30.20
08:09:34,27.30,30.10
08:09:44,27.30,30.20
08:09:54,27.30,30.10
08:10:04,27.30,30.20
08:10:14,27.30,30.20
08:10:24,27.30,30.20
08:10:34,27.30,30.20
08:10:44,27.30,30.20
08:10:54,27.30,30.20
08:11:04,27.30,30.20
08:11:14,27.30,30.20
08:11:24,27.30,30.20
08:11:34,27.30,30.20
08:11:44,27.30,30.20
08:11:54,27.30,30.20
08:12:04,27.30,30.20
08:12:14,27.30,30.20
08:12:24,27.30,30.20
08:12:34,27.30,30.10
08:12:44,27.30,30.20
08:12:54,27.30,30.20
08:13:04,27.30,30.20
08:13:14,27.30,30.20
08:13:24,27.30,30.20
08:13:34,27.30,30.20
08:13:44,27.30,30.20
08:13:54,27.30,30.20
08:14:04,27.30,30.20
08:14:14,27.30,30.20
08:14:24,27.30,30.20
08:14:34,27.30,30.20
08:14:44,27.30,30.20
08:14:54,27.30,30.20
08:15:04,27.30,30.20
08:15:14,27.30,30.20
08:15:24,27.30,30.20
08:15:34,27.30,30.20
08:15:44,27.30,30.20
08:15:54,27.30,30.20
08:16:04,27.30,30.20
08:16:14,27.30,30.20
08:16:24,27.30,30.20
08:16:34,27.30,30.20
08:16:44,27.30,30.20
08:16:54,27.30,30.20
08:17:04,27.30,30.20
08:17:14,27.30,30.20
08:17:24,27.30,30.20
08:17:34,27.30,30.20
08:17:44,27.30,30.20
08:17:54,27.30,30.20
08:18:04,27.30,30.30
08:18:14,27.30,30.20
08:18:24,27.30,30.20
08:18:34,27.30,30.20
08:18:44,27.30,30.20
08:18:54,27.30,30.20
08:19:04,27.30,30.30
08:19:14,27.30,30.20
08:19:24,27.30,30.20
08:19:34,27.30,30.20
08:19:44,27.30,30.20
08:19:54,27.30,30.20
08:20:04,27.30,30.20
08:20:14,27.40,30.20
08:20:24,27.30,30.30
08:20:34,27.40,30.30
08:20:44,27.30,30.30
08:20:54,27.30,30.20
08:21:04,27.30,30.20
08:21:14,27.40,30.20
08:21:24,27.30,30.30
08:21:34,27.40,30.30
08:21:44,27.40,30.20
08:21:54,27.30,30.20
08:22:04,27.40,30.20
08:22:14,27.40,30.20
08:22:24,27.40,30.20
08:22:34,27.40,30.20
08:22:44,27.40,30.20
08:22:54,27.30,30.20
08:23:04,27.40,30.20
08:23:14,27.40,30.20
08:23:24,27.40,30.20
08:23:34,27.40,30.20
08:23:44,27.40,30.20
08:23:54,27.40,30.20
08:24:04,27.40,30.20
08:24:14,27.40,30.20
08:24:24,27.40,30.10
08:24:34,27.40,30.10
08:24:44,27.40,30.10
08:24:54,27.40,30.10
08:25:04,27.40,30.10
08:25:14,27.40,30.20
08:25:24,27.40,30.20
08:25:34,27.40,30.20
08:25:44,27.40,30.20
08:25:54,27.40,30.20
08:26:04,27.40,30.30
08:26:14,27.40,30.20
08:26:24,27.40,30.30
08:26:34,27.40,30.20
08:26:44,27.40,30.20
08:26:54,27.40,30.20
08:27:04,27.40,30.30
08:27:14,27.40,30.30
08:27:24,27.40,30.20
08:27:34,27.40,30.20
08:27:44,27.40,30.30
08:27:54,27.40,30.30
08:28:04,27.40,30.40
08:28:14,27.40,30.30
08:28:24,27.40,30.30
08:28:34,27.40,30.30
08:28:44,27.40,30.30
08:28:54,27.40,30.30
08:29:04,27.40,30.30
08:29:14,27.40,30.30
08:29:24,27.40,30.40
08:29:34,27.40,30.40
08:29:44,27.40,30.40
08:29:54,27.40,30.30
08:30:04,27.40,30.40
08:30:14,27.40,30.40
08:30:24,27.40,30.30
08:30:34,27.40,30.30
08:30:44,27.40,30.30
08:30:54,27.40,30.20
08:31:04,27.40,30.30
08:31:14,27.40,30.30
08:31:24,27.40,30.30
08:31:34,27.40,30.30
08:31:44,27.40,30.40
08:31:54,27.40,30.30
08:32:04,27.40,30.40
08:32:14,27.40,30.40
08:32:24,27.40,30.40
08:32:34,27.40,30.40
08:32:44,27.40,30.40
08:32:54,27.40,30.40
08:33:04,27.40,30.30
08:33:14,27.40,30.40
08:33:24,27.40,30.40
08:33:34,27.40,30.40
08:33:44,27.40,30.40
08:33:54,27.40,30.40
08:34:04,27.50,30.30
08:34:14,27.40,30.30
08:34:24,27.40,30.30
08:34:34,27.50,30.40
08:34:44,27.40,30.30
08:34:54,27.40,30.30
08:35:04,27.40,30.40
08:35:14,27.40,30.40
08:35:24,27.40,30.30
08:35:34,27.40,30.40
08:35:44,27.40,30.40
08:35:54,27.50,30.40
08:36:04,27.40,30.40
08:36:14,27.50,30.40
08:36:24,27.40,30.40
08:36:34,27.40,30.40
08:36:44,27.50,30.40
08:36:54,27.40,30.40
08:37:04,27.50,30.40
08:37:14,27.40,30.40
08:37:24,27.50,30.40
08:37:34,27.50,30.50
08:37:44,27.40,30.40
08:37:54,27.40,30.40
08:38:04,27.40,30.40
08:38:14,27.40,30.40
08:38:24,27.40,30.40
08:38:34,27.50,30.40
08:38:44,27.40,30.40
08:38:54,27.40,30.40
08:39:04,27.50,30.40
08:39:14,27.50,30.40
08:39:24,27.50,30.30
08:39:34,27.50,30.40
08:39:44,27.50,30.40
08:39:54,27.50,30.40
08:40:04,27.50,30.40
08:40:14,27.50,30.40
08:40:24,27.40,30.30
08:40:34,27.50,30.40
08:40:44,27.40,30.40
08:40:54,27.50,30.40
08:41:04,27.50,30.50
08:41:14,27.50,30.40
08:41:24,27.50,30.40
08:41:34,27.50,30.40
08:41:44,27.50,30.40
08:41:54,27.50,30.40
08:42:04,27.50,30.40
08:42:14,27.50,30.50
08:42:24,27.50,30.50
08:42:34,27.50,30.50
08:42:44,27.50,30.50
08:42:54,27.50,30.40
08:43:04,27.50,30.50
08:43:14,27.50,30.40
08:43:24,27.50,30.40
08:43:34,27.50,30.40
08:43:44,27.50,30.40
08:43:54,27.50,30.40
08:44:04,27.50,30.40
08:44:14,27.50,30.40
08:44:24,27.50,30.40
08:44:34,27.50,30.40
08:44:44,27.50,30.50
08:44:54,27.50,30.50
08:45:04,27.50,30.50
08:45:14,27.50,30.50
08:45:24,27.50,30.50
08:45:34,27.50,30.50
08:45:44,27.50,30.50
08:45:54,27.50,30.50
08:46:04,27.50,30.50
08:46:14,27.50,30.50
08:46:24,27.50,30.50
08:46:34,27.50,30.60
08:46:44,27.50,30.50
08:46:54,27.50,30.60
08:47:04,27.50,30.60
08:47:14,27.50,30.60
08:47:24,27.50,30.60
08:47:34,27.50,30.60
08:47:44,27.50,30.60
08:47:54,27.50,30.60
08:48:04,27.50,30.60
08:48:14,27.50,30.60
08:48:24,27.50,30.60
08:48:34,27.50,30.60
08:48:44,27.50,30.60
08:48:54,27.50,30.60
08:49:04,27.50,30.60
08:49:14,27.50,30.60
08:49:24,27.50,30.70
08:49:34,27.50,30.70
08:49:44,27.50,30.60
08:49:54,27.50,30.70
08:50:04,27.50,30.70
08:50:14,27.50,30.70
08:50:24,27.50,30.70
08:50:34,27.50,30.70
08:50:44,27.50,30.70
08:50:54,27.50,30.70
08:51:04,27.50,30.80
08:51:14,27.50,30.80
08:51:24,27.50,30.70
08:51:34,27.40,30.70
08:51:44,27.40,30.70
08:51:54,27.50,30.70
08:52:04,27.40,30.70
08:52:14,27.40,30.70
08:52:24,27.50,30.70
08:52:34,27.40,30.70
08:52:44,27.40,30.70
08:52:54,27.50,30.70
08:53:04,27.50,30.70
08:53:14,27.40,30.80
08:53:24,27.50,30.80
08:53:34,27.50,30.70
08:53:44,27.40,30.70
08:53:54,27.50,30.70
08:54:04,27.40,30.70
08:54:14,27.40,30.60
08:54:24,27.40,30.70
08:54:34,27.40,30.70
08:54:44,27.40,30.70
08:54:54,27.40,30.80
08:55:04,27.50,30.70
08:55:14,27.50,30.50
08:55:24,27.50,30.50
08:55:34,27.50,30.40
08:55:44,27.50,30.40
08:55:54,27.50,30.60
08:56:04,27.50,30.60
08:56:14,27.50,30.50
08:56:24,27.50,30.60
08:56:34,27.50,30.60
08:56:44,27.50,30.60
08:56:54,27.50,30.60
08:57:04,27.50,30.60
08:57:14,27.50,30.60
08:57:24,27.50,30.50
08:57:34,27.50,30.40
08:57:44,27.50,30.40
08:57:54,27.50,30.50
08:58:04,27.50,30.50
08:58:14,27.50,30.50
08:58:24,27.50,30.60
08:58:34,27.50,30.60
08:58:44,27.50,30.60
08:58:54,27.50,30.60
08:59:04,27.50,30.60
08:59:14,27.50,30.50
08:59:24,27.50,30.50
08:59:34,27.50,30.50
08:59:44,27.50,30.60
08:59:54,27.50,30.60
09:00:04,27.50,30.60
09:00:14,27.50,30.60
09:00:24,27.50,30.60
09:00:34,27.50,30.60
09:00:44,27.50,30.60
09:00:54,27.50,30.60
09:01:04,27.50,30.60
09:01:14,27.50,30.60
09:01:24,27.50,30.60
09:01:34,27.50,30.70
09:01:44,27.50,30.60
09:01:54,27.50,30.60
09:02:04,27.50,30.60
09:02:14,27.50,30.60
09:02:24,27.50,30.60
09:02:34,27.50,30.60
09:02:44,27.50,30.60
09:02:54,27.50,30.60
09:03:04,27.50,30.60
09:03:14,27.50,30.60
09:03:24,27.50,30.60
09:03:34,27.50,30.60
09:03:44,27.50,30.60
09:03:54,27.50,30.60
09:04:04,27.50,30.60
09:04:14,27.50,30.60
09:04:24,27.50,30.50
09:04:34,27.50,30.60
09:04:44,27.50,30.60
09:04:54,27.50,30.60
09:05:04,27.50,30.60
09:05:14,27.50,30.60
09:05:24,27.50,30.70
09:05:34,27.50,30.70
09:05:44,27.50,30.70
09:05:54,27.50,30.60
09:06:04,27.50,30.70
09:06:14,27.50,30.70
09:06:24,27.50,30.70
09:06:34,27.50,30.60
09:06:44,27.50,30.60
09:06:54,27.50,30.70
09:07:04,27.50,30.60
09:07:14,27.50,30.70
09:07:24,27.50,30.60
09:07:34,27.50,30.60
09:07:44,27.50,30.50
09:07:54,27.50,30.50
09:08:04,27.50,30.50
09:08:14,27.50,30.60
09:08:24,27.50,30.60
09:08:34,27.50,30.50
09:08:44,27.50,30.50
09:08:54,27.50,30.60
09:09:04,27.50,30.60
09:09:14,27.50,30.70
09:09:24,27.50,30.60
09:09:34,27.50,30.70
09:09:44,27.50,30.70
09:09:54,27.50,30.70
09:10:04,27.50,30.70
09:10:14,27.50,30.60
09:10:24,27.50,30.60
09:10:34,27.50,30.70
09:10:44,27.50,30.70
09:10:54,27.50,30.70
09:11:04,27.50,30.70
09:11:14,27.50,30.70
09:11:24,27.50,30.70
09:11:34,27.50,30.70
09:11:44,27.50,30.70
09:11:54,27.50,30.60
09:12:04,27.50,30.60
09:12:14,27.50,30.70
09:12:24,27.50,30.60
09:12:34,27.50,30.70
09:12:44,27.50,30.70
09:12:54,27.50,30.60
09:13:04,27.50,30.60
09:13:14,27.50,30.50
09:13:24,27.50,30.50
09:13:34,27.50,30.60
09:13:44,27.50,30.50
09:13:54,27.50,30.50
09:14:04,27.50,30.60
09:14:14,27.50,30.60
09:14:24,27.50,30.60
09:14:34,27.50,30.60
09:14:44,27.50,30.60
09:14:54,27.50,30.60
09:15:04,27.50,30.60
09:15:14,27.50,30.60
09:15:24,27.50,30.70
09:15:34,27.50,30.70
09:15:44,27.50,30.70
09:15:54,27.50,30.70
09:16:04,27.50,30.80
09:16:14,27.50,30.70
09:16:24,27.50,30.70
09:16:34,27.50,30.70
09:16:44,27.50,30.80
09:16:54,27.50,30.80
09:17:04,27.50,30.80
09:17:14,27.50,30.80
09:17:24,27.50,30.70
09:17:34,27.50,30.60
09:17:44,27.50,30.60
09:17:54,27.50,30.60
09:18:04,27.50,30.60
09:18:14,27.50,30.70
09:18:24,27.50,30.70
09:18:34,27.50,30.60
09:18:44,27.50,30.60
09:18:54,27.50,30.70
09:19:04,27.50,30.60
09:19:14,27.50,30.70
09:19:24,27.50,30.70
09:19:34,27.50,30.70
09:19:44,27.50,30.80
09:19:54,27.50,30.70
09:20:04,27.50,30.80
09:20:14,27.50,30.80
09:20:24,27.50,30.60
09:20:34,27.50,30.60
09:20:44,27.50,30.60
09:20:54,27.50,30.60
09:21:04,27.60,30.60
09:21:14,27.50,30.70
09:21:24,27.50,30.60
09:21:34,27.50,30.70
09:21:44,27.50,30.70
09:21:54,27.50,30.70
09:22:04,27.50,30.60
09:22:14,27.50,30.60
09:22:24,27.50,30.70
09:22:34,27.50,30.70
09:22:44,27.50,30.70
09:22:54,27.60,30.70
09:23:04,27.50,30.70
09:23:14,27.60,30.70
09:23:24,27.60,30.70
09:23:34,27.60,30.80
09:23:44,27.60,30.80
09:23:54,27.60,30.70
09:24:04,27.60,30.60
09:24:14,27.60,30.60
09:24:24,27.50,30.60
09:24:34,27.60,30.70
09:24:44,27.50,30.70
09:24:54,27.50,30.70
09:25:04,27.60,30.70
09:25:14,27.60,30.70
09:25:24,27.60,30.70
09:25:34,27.60,30.70
09:25:44,27.50,30.70
09:25:54,27.60,30.70
09:26:04,27.50,30.60
09:26:14,27.50,30.70
09:26:24,27.60,30.70
09:26:34,27.60,30.70
09:26:44,27.60,30.70
09:26:54,27.50,30.80
09:27:04,27.60,30.70
09:27:14,27.60,30.70
09:27:24,27.60,30.60
09:27:34,27.60,30.60
09:27:44,27.60,30.60
09:27:54,27.60,30.60
09:28:04,27.60,30.70
09:28:14,27.60,30.70
09:28:24,27.60,30.70
09:28:34,27.60,30.70
09:28:44,27.60,30.70
09:28:54,27.60,30.70
09:29:04,27.60,30.70
09:29:14,27.60,30.70
09:29:24,27.60,30.60
09:29:34,27.60,30.60
09:29:44,27.60,30.60
09:29:54,27.60,30.60
09:30:04,27.60,30.60
09:30:14,27.60,30.70
09:30:24,27.60,30.70
09:30:34,27.60,30.70
09:30:44,27.60,30.80
09:30:54,27.60,30.80
09:31:04,27.60,30.80
09:31:14,27.60,30.80
09:31:24,27.60,30.80
09:31:34,27.60,30.80
09:31:44,27.60,30.80
09:31:54,27.60,30.80
09:32:04,27.60,30.80
09:32:14,27.60,30.80
09:32:24,27.60,30.80
09:32:34,27.60,30.80
09:32:44,27.60,30.80
09:32:54,27.60,30.70
09:33:04,27.60,30.80
09:33:14,27.60,30.70
09:33:24,27.60,30.70
09:33:34,27.60,30.70
09:33:44,27.60,30.70
09:33:54,27.60,30.70
09:34:04,27.60,30.70
09:34:14,27.60,30.70
09:34:24,27.60,30.70
09:34:34,27.60,30.70
09:34:44,27.60,30.60
09:34:54,27.60,30.60
09:35:04,27.60,30.60
09:35:14,27.60,30.60
09:35:24,27.60,30.60
09:35:34,27.60,30.50
09:35:44,27.60,30.50
09:35:54,27.60,30.50
09:36:04,27.60,30.60
09:36:14,27.60,30.60
09:36:24,27.60,30.60
09:36:34,27.60,30.60
09:36:44,27.60,30.60
09:36:54,27.60,30.70
09:37:04,27.60,30.70
09:37:14,27.60,30.60
09:37:24,27.60,30.70
09:37:34,27.60,30.60
09:37:44,27.60,30.60
09:37:54,27.60,30.60
09:38:04,27.60,30.60
09:38:14,27.60,30.60
09:38:24,27.60,30.50
09:38:34,27.60,30.50
09:38:44,27.60,30.60
09:38:54,27.60,30.60
09:39:04,27.60,30.60
09:39:14,27.60,30.50
09:39:24,27.60,30.60
09:39:34,27.60,30.60
09:39:44,27.60,30.60
09:39:54,27.60,30.60
09:40:04,27.60,30.50
09:40:14,27.60,30.50
09:40:24,27.60,30.50
09:40:34,27.60,30.50
09:40:44,27.60,30.50
09:40:54,27.60,30.50
09:41:04,27.60,30.50
09:41:14,27.60,30.60
09:41:24,27.60,30.60
09:41:34,27.60,30.60
09:41:44,27.60,30.60
09:41:54,27.60,30.60
09:42:04,27.60,30.60
09:42:14,27.60,30.60
09:42:24,27.60,30.60
09:42:34,27.60,30.70
09:42:44,27.60,30.60
09:42:54,27.60,30.70
09:43:04,27.60,30.70
09:43:14,27.60,30.70
09:43:24,27.60,30.70
09:43:34,27.60,30.70
09:43:44,27.60,30.70
09:43:54,27.60,30.70
09:44:04,27.60,30.70
09:44:14,27.60,30.80
09:44:24,27.60,30.80
09:44:34,27.60,30.70
09:44:44,27.60,30.80
09:44:54,27.60,30.80
09:45:04,27.60,30.80
09:45:14,27.60,30.80
09:45:24,27.60,30.90
09:45:34,27.60,30.90
09:45:44,27.60,31.00
09:45:54,27.60,30.90
09:46:04,27.60,30.90
09:46:14,27.60,30.90
09:46:24,27.60,30.90
09:46:34,27.60,30.90
09:46:44,27.70,30.90
09:46:54,27.60,30.90
09:47:04,27.60,30.90
09:47:14,27.60,30.90
09:47:24,27.60,31.00
09:47:34,27.60,30.90
09:47:44,27.60,30.90
09:47:54,27.60,30.90
09:48:04,27.70,31.00
09:48:14,27.60,31.00
09:48:24,27.60,31.00
09:48:34,27.60,30.90
09:48:44,27.70,30.90
09:48:54,27.60,30.90
09:49:04,27.60,30.90
09:49:14,27.60,30.90
09:49:24,27.70,31.00
09:49:34,27.60,31.00
09:49:44,27.60,30.90
09:49:54,27.60,30.90
09:50:04,27.60,30.80
09:50:14,27.60,30.80
09:50:24,27.60,30.80
09:50:34,27.60,30.80
09:50:44,27.60,30.90
09:50:54,27.60,30.90
09:51:04,27.70,30.90
09:51:14,27.70,30.90
09:51:24,27.60,30.80
09:51:34,27.60,31.00
09:51:44,27.60,31.00
09:51:54,27.60,31.00
09:52:04,27.60,31.00
09:52:14,27.70,31.10
09:52:24,27.70,31.10
09:52:34,27.70,31.10
09:52:44,27.70,31.00
09:52:54,27.60,30.90
09:53:04,27.60,30.90
09:53:14,27.70,31.00
09:53:24,27.70,31.00
09:53:34,27.60,31.00
09:53:44,27.60,31.00
09:53:54,27.70,31.00
09:54:04,27.70,31.10
09:54:14,27.70,31.10
09:54:24,27.70,31.00
09:54:34,27.70,31.00
09:54:44,27.60,30.90
09:54:54,27.70,30.90
09:55:04,27.70,30.80
09:55:14,27.70,30.90
09:55:24,27.60,30.80
09:55:34,27.60,30.90
09:55:44,27.70,30.90
09:55:54,27.70,30.90
09:56:04,27.70,30.90
09:56:14,27.60,30.90
09:56:24,27.60,30.90
09:56:34,27.60,31.00
09:56:44,27.60,30.90
09:56:54,27.60,31.00
09:57:04,27.70,30.90
09:57:14,27.70,31.00
09:57:24,27.70,31.00
09:57:34,27.70,30.90
09:57:44,27.70,31.00
09:57:54,27.70,31.00
09:58:04,27.70,31.00
09:58:14,27.70,31.00
09:58:24,27.70,31.00
09:58:34,27.70,31.00
09:58:44,27.70,31.00
09:58:54,27.70,31.00
09:59:04,27.70,30.90
09:59:14,27.70,31.00
09:59:24,27.70,31.00
09:59:34,27.70,30.90
09:59:44,27.70,30.90
09:59:54,27.70,30.90
10:00:04,27.70,30.90
10:00:14,27.70,31.00
10:00:24,27.70,30.90
10:00:34,27.70,30.90
10:00:44,27.70,30.90
10:00:54,27.70,31.00
10:01:04,27.70,31.00
10:01:14,27.70,31.00
10:01:24,27.70,30.90
10:01:34,27.70,30.90
10:01:44,27.70,30.90
10:01:54,27.70,30.90
10:02:04,27.70,30.90
10:02:14,27.70,30.90
10:02:24,27.70,30.90
10:02:34,27.70,30.90
10:02:44,27.70,30.80
10:02:54,27.70,30.90
10:03:04,27.70,30.90
10:03:14,27.70,30.90
10:03:24,27.70,30.80
10:03:34,27.70,30.80
10:03:44,27.70,30.80
10:03:54,27.70,30.80
10:04:04,27.70,30.80
10:04:14,27.70,30.80
10:04:24,27.70,30.80
10:04:34,27.70,30.80
10:04:44,27.70,30.90
10:04:54,27.70,30.80
10:05:04,27.70,30.80
10:05:14,27.70,30.80
10:05:24,27.70,30.90
10:05:34,27.70,30.90
10:05:44,27.70,30.90
10:05:54,27.70,30.90
10:06:04,27.70,30.80
10:06:14,27.70,30.90
10:06:24,27.70,30.90
10:06:34,27.70,30.90
10:06:44,27.70,30.90
10:06:54,27.70,30.90
10:07:04,27.70,30.90
10:07:14,27.70,30.80
10:07:24,27.70,30.90
10:07:34,27.70,30.90
10:07:44,27.70,30.80
10:07:54,27.70,30.90
10:08:04,27.70,30.80
10:08:14,27.70,30.80
10:08:24,27.70,30.90
10:08:34,27.70,30.90
10:08:44,27.70,30.90
10:08:54,27.70,30.90
10:09:04,27.70,30.90
10:09:14,27.70,30.90
10:09:24,27.70,30.90
10:09:34,27.70,31.00
10:09:44,27.70,30.90
10:09:54,27.70,30.90
10:10:04,27.70,30.90
10:10:14,27.70,30.90
10:10:24,27.70,30.90
10:10:34,27.70,31.00
10:10:44,27.70,31.00
10:10:54,27.70,31.00
10:11:04,27.70,31.00
10:11:14,27.70,31.00
10:11:24,27.70,31.00
10:11:34,27.70,31.00
10:11:44,27.70,31.00
10:11:54,27.70,31.00
10:12:04,27.70,31.00
10:12:14,27.70,31.00
10:12:24,27.70,31.00
10:12:34,27.70,31.00
10:12:44,27.70,30.90
10:12:54,27.70,31.00
10:13:04,27.70,31.00
10:13:14,27.70,31.00
10:13:24,27.70,30.90
10:13:34,27.70,30.90
10:13:44,27.70,30.90
10:13:54,27.70,31.00
10:14:04,27.70,30.90
10:14:14,27.70,30.80
10:14:24,27.70,30.90
10:14:34,27.70,30.90
10:14:44,27.70,30.90
10:14:54,27.70,30.90
10:15:04,27.70,30.80
10:15:14,27.70,30.70
10:15:24,27.70,30.80
10:15:34,27.70,30.80
10:15:44,27.70,30.80
10:15:54,27.70,30.80
10:16:04,27.70,30.90
10:16:14,27.70,30.90
10:16:24,27.70,30.80
10:16:34,27.70,30.80
10:16:44,27.70,30.90
10:16:54,27.70,30.90
10:17:04,27.70,30.90
10:17:14,27.70,30.80
10:17:24,27.70,30.90
10:17:34,27.70,30.90
10:17:44,27.70,31.00
10:17:54,27.70,30.90
10:18:04,27.70,31.00
10:18:14,27.70,30.90
10:18:24,27.70,30.90
10:18:34,27.70,30.90
10:18:44,27.70,30.90
10:18:54,27.70,30.80
10:19:04,27.70,30.90
10:19:14,27.70,30.90
10:19:24,27.70,30.90
10:19:34,27.70,30.90
10:19:44,27.70,30.90
10:19:54,27.70,30.90
10:20:04,27.70,30.90
10:20:14,27.70,30.90
10:20:24,27.70,30.80
10:20:34,27.70,30.80
10:20:44,27.70,30.80
10:20:54,27.70,30.80
10:21:04,27.70,30.80
10:21:14,27.70,30.90
10:21:24,27.70,30.90
10:21:34,27.70,30.90
10:21:44,27.70,30.80
10:21:54,27.70,30.80
10:22:04,27.70,30.80
10:22:14,27.70,30.90
10:22:24,27.70,30.90
10:22:34,27.70,30.80
10:22:44,27.70,30.80
10:22:54,27.70,30.90
10:23:04,27.70,30.80
10:23:14,27.70,30.80
10:23:24,27.70,30.80
10:23:34,27.70,30.70
10:23:44,27.70,30.80
10:23:54,27.70,30.80
10:24:04,27.70,30.90
10:24:14,27.70,30.90
10:24:24,27.70,30.80
10:24:34,27.70,30.90
10:24:44,27.70,30.80
10:24:54,27.70,30.80
10:25:04,27.70,30.80
10:25:14,27.70,30.80
10:25:24,27.70,30.80
10:25:34,27.70,30.70
10:25:44,27.70,30.70
10:25:54,27.70,30.80
10:26:04,27.70,30.80
10:26:14,27.70,30.70
10:26:24,27.70,30.70
10:26:34,27.70,30.60
10:26:44,27.70,30.60
10:26:54,27.70,30.60
10:27:04,27.70,30.60
10:27:14,27.70,30.70
10:27:24,27.70,30.70
10:27:34,27.70,30.70
10:27:44,27.70,30.70
10:27:54,27.70,30.70
10:28:04,27.70,30.70
10:28:14,27.70,30.70
10:28:24,27.70,30.60
10:28:34,27.70,30.60
10:28:44,27.70,30.60
10:28:54,27.70,30.60
10:29:04,27.70,30.50
10:29:14,27.70,30.50
10:29:24,27.70,30.50
10:29:34,27.70,30.50
10:29:44,27.70,30.50
10:29:54,27.70,30.40
10:30:04,27.70,30.50
10:30:14,27.70,30.50
10:30:24,27.70,30.50
10:30:34,27.70,30.50
10:30:44,27.70,30.50
10:30:54,27.70,30.50
10:31:04,27.70,30.50
10:31:14,27.70,30.50
10:31:24,27.70,30.60
10:31:34,27.70,30.60
10:31:44,27.70,30.50
10:31:54,27.70,30.50
10:32:04,27.70,30.40
10:32:14,27.70,30.50
10:32:24,27.70,30.50
10:32:34,27.70,30.40
10:32:44,27.70,30.50
10:32:54,27.70,30.50
10:33:04,27.70,30.50
10:33:14,27.70,30.50
10:33:24,27.70,30.50
10:33:34,27.70,30.40
10:33:44,27.70,30.50
10:33:54,27.70,30.40
10:34:04,27.70,30.40
10:34:14,27.70,30.40
10:34:24,27.70,30.40
10:34:34,27.70,30.50
10:34:44,27.70,30.40
10:34:54,27.70,30.40
10:35:04,27.70,30.40
10:35:14,27.70,30.50
10:35:24,27.70,30.40
10:35:34,27.80,30.40
10:35:44,27.70,30.40
10:35:54,27.70,30.50
10:36:04,27.70,30.30
10:36:14,27.70,30.40
10:36:24,27.70,30.40
10:36:34,27.80,30.50
10:36:44,27.80,30.50
10:36:54,27.70,30.50
10:37:04,27.70,30.40
10:37:14,27.70,30.40
10:37:24,27.80,30.40
10:37:34,27.70,30.30
10:37:44,27.80,30.30
10:37:54,27.70,30.40
10:38:04,27.70,30.40
10:38:14,27.70,30.30
10:38:24,27.70,30.40
10:38:34,27.70,30.40
10:38:44,27.70,30.40
10:38:54,27.70,30.40
10:39:04,27.70,30.30
10:39:14,27.70,30.30
10:39:24,27.70,30.30
10:39:34,27.80,30.30
10:39:44,27.80,30.30
10:39:54,27.70,30.30
10:40:04,27.70,30.30
10:40:14,27.70,30.20
10:40:24,27.70,30.20
10:40:34,27.70,30.30
10:40:44,27.80,30.20
10:40:54,27.70,30.10
10:41:04,27.70,30.20
10:41:14,27.70,30.20
10:41:24,27.70,30.10
10:41:34,27.70,30.10
10:41:44,27.70,30.20
10:41:54,27.70,30.10
10:42:04,27.70,30.20
10:42:14,27.70,30.20
10:42:24,27.70,30.20
10:42:34,27.70,30.20
10:42:44,27.80,30.10
10:42:54,27.80,30.00
10:43:04,27.80,30.00
10:43:14,27.80,30.00
10:43:24,27.80,30.00
10:43:34,27.80,30.10
10:43:44,27.80,30.10
10:43:54,27.70,30.00
10:44:04,27.70,30.00
10:44:14,27.80,30.00
10:44:24,27.70,30.10
10:44:34,27.70,30.10
10:44:44,27.80,30.10
10:44:54,27.80,30.10
10:45:04,27.80,29.90
10:45:14,27.80,30.00
10:45:24,27.70,30.00
10:45:34,27.80,30.00
10:45:44,27.80,30.10
10:45:54,27.80,29.90
10:46:04,27.80,29.90
10:46:14,27.80,29.90
10:46:24,27.70,30.00
10:46:34,27.80,30.20
10:46:44,27.80,30.10
10:46:54,27.80,30.00
10:47:04,27.80,29.90
10:47:14,27.80,30.00
10:47:24,27.80,30.00
10:47:34,27.80,30.00
10:47:44,27.80,29.90
10:47:54,27.80,30.00
10:48:04,27.80,30.00
10:48:14,27.80,29.90
10:48:24,27.80,30.00
10:48:34,27.80,29.90
10:48:44,27.80,29.90
10:48:54,27.80,30.00
10:49:04,27.80,29.90
10:49:14,27.80,30.00
10:49:24,27.80,29.80
10:49:34,27.80,29.70
10:49:44,27.80,29.80
10:49:54,27.80,29.80
10:50:04,27.80,29.80
10:50:14,27.80,29.80
10:50:24,27.80,29.90
10:50:34,27.80,29.80
10:50:44,27.80,29.80
10:50:54,27.80,29.90
10:51:04,27.80,29.80
10:51:14,27.80,29.70
10:51:24,27.80,29.70
10:51:34,27.80,29.70
10:51:44,27.80,29.80
10:51:54,27.80,29.70
10:52:04,27.80,29.80
10:52:14,27.80,29.90
10:52:24,27.80,29.80
10:52:34,27.80,29.70
10:52:44,27.80,29.70
10:52:54,27.80,29.70
10:53:04,27.80,29.80
10:53:14,27.80,29.80
10:53:24,27.80,29.70
10:53:34,27.80,29.60
10:53:44,27.80,29.50
10:53:54,27.80,29.60
10:54:04,27.80,29.60
10:54:14,27.80,29.60
10:54:24,27.80,29.60
10:54:34,27.80,29.50
10:54:44,27.80,29.50
10:54:54,27.80,29.60
10:55:04,27.80,29.50
10:55:14,27.80,29.50
10:55:24,27.80,29.60
10:55:34,27.80,29.50
10:55:44,27.80,29.40
10:55:54,27.80,29.50
10:56:04,27.80,29.50
10:56:14,27.80,29.50
10:56:24,27.80,29.50
10:56:34,27.80,29.50
10:56:44,27.80,29.50
10:56:54,27.80,29.50
10:57:04,27.80,29.60
10:57:14,27.80,29.70
10:57:24,27.80,29.70
10:57:34,27.80,29.80
10:57:44,27.80,29.60
10:57:54,27.80,29.80
10:58:04,27.80,30.00
10:58:14,27.80,30.00
10:58:24,27.80,30.00
10:58:34,27.80,29.90
10:58:44,27.80,29.90
10:58:54,27.80,29.90
10:59:04,27.80,29.90
10:59:14,27.80,29.90
10:59:24,27.80,29.90
10:59:34,27.80,29.80
10:59:44,27.80,29.80
10:59:54,27.80,29.80
11:00:04,27.80,29.70
11:00:14,27.80,29.80
11:00:24,27.80,29.80
11:00:34,27.80,29.60
11:00:44,27.80,29.60
11:00:54,27.80,29.60
11:01:04,27.80,29.60
11:01:14,27.80,29.50
11:01:24,27.80,29.60
11:01:34,27.80,29.70
11:01:44,27.80,29.70
11:01:54,27.80,29.50
11:02:04,27.80,29.40
11:02:14,27.80,29.40
11:02:24,27.80,29.50
11:02:34,27.80,29.50
11:02:44,27.80,29.40
11:02:54,27.80,29.30
11:03:04,27.80,29.40
11:03:14,27.80,29.40
11:03:24,27.80,29.40
11:03:34,27.80,29.40
11:03:44,27.80,29.40
11:03:54,27.80,29.50
11:04:04,27.80,29.50
11:04:14,27.80,29.50
11:04:24,27.80,29.50
11:04:34,27.80,29.60
11:04:44,27.80,29.50
11:04:54,27.80,29.50
11:05:04,27.80,29.60
11:05:14,27.80,29.60
11:05:24,27.80,29.70
11:05:34,27.80,29.70
11:05:44,27.80,29.70
11:05:54,27.80,29.80
11:06:04,27.80,30.00
11:06:14,27.90,30.00
11:06:24,27.80,30.00
11:06:34,27.80,30.10
11:06:44,27.90,30.00
11:06:54,27.90,30.10
11:07:04,27.90,30.10
11:07:14,27.90,30.10
11:07:24,27.90,30.10
11:07:34,27.90,30.10
11:07:44,27.90,30.20
11:07:54,27.90,30.20
11:08:04,27.90,30.30
11:08:14,27.90,30.30
11:08:24,27.90,30.40
11:08:34,27.90,30.40
11:08:44,27.90,30.40
11:08:54,27.90,30.40
11:09:04,27.90,30.50
11:09:14,27.90,30.50
11:09:24,27.90,30.50
11:09:34,27.90,30.50
11:09:44,27.90,30.50
11:09:54,27.90,30.50
11:10:04,27.90,30.60
11:10:14,27.90,30.70
11:10:24,27.90,30.60
11:10:34,27.90,30.60
11:10:44,27.90,30.50
11:10:54,27.90,30.50
11:11:04,27.90,30.50
11:11:14,27.90,30.70
11:11:24,27.90,30.70
11:11:34,27.90,30.60
11:11:44,27.90,30.70
11:11:54,27.90,30.70
11:12:04,27.90,30.70
11:12:14,27.90,30.80
11:12:24,27.90,30.70
11:12:34,27.90,30.70
11:12:44,27.90,30.70
11:12:54,27.90,30.70
11:13:04,27.90,30.60
11:13:14,27.90,30.60
11:13:24,27.90,30.70
11:13:34,27.90,30.70
11:13:44,27.90,30.70
11:13:54,27.90,30.70
11:14:04,27.90,30.70
11:14:14,27.90,30.70
11:14:24,27.90,30.70
11:14:34,27.90,30.70
11:14:44,27.90,30.80
11:14:54,27.90,30.90
11:15:04,27.90,30.90
11:15:14,27.90,30.90
11:15:24,27.90,31.00
11:15:34,27.90,31.00
11:15:44,27.90,31.10
11:15:54,27.90,31.00
11:16:04,27.90,31.00
11:16:14,27.90,31.00
11:16:24,27.90,31.00
11:16:34,27.90,31.10
11:16:44,27.90,31.10
11:16:54,27.90,31.20
11:17:04,27.90,31.20
11:17:14,27.90,31.30
11:17:24,27.90,31.30
11:17:34,27.90,31.30
11:17:44,27.90,31.40
11:17:54,27.90,31.40
11:18:04,27.90,31.50
11:18:14,27.90,31.50
11:18:24,27.90,31.50
11:18:34,27.90,31.50
11:18:44,27.90,31.60
11:18:54,27.90,31.60
11:19:04,27.90,31.60
11:19:14,27.90,31.70
11:19:24,27.90,31.80
11:19:34,27.90,31.80
11:19:44,27.90,31.70
11:19:54,27.90,31.70
11:20:04,27.90,31.90
11:20:14,27.90,31.90
11:20:24,27.90,32.00
11:20:34,27.90,32.10
11:20:44,27.90,32.20
11:20:54,27.90,32.00
11:21:04,27.90,32.10
11:21:14,27.90,32.10
11:21:24,27.90,32.00
11:21:34,27.90,32.20
11:21:44,27.90,32.10
11:21:54,27.90,32.10
11:22:04,27.90,32.20
11:22:14,27.90,32.30
11:22:24,27.90,32.30
11:22:34,27.90,32.40
11:22:44,27.90,32.50
11:22:54,27.90,32.50
11:23:04,27.90,32.70
11:23:14,27.90,32.70
11:23:24,27.90,32.80
11:23:34,27.90,32.70
11:23:44,27.90,32.80
11:23:54,28.00,32.80
11:24:04,27.90,32.80
11:24:14,28.00,32.80
11:24:24,28.00,32.80
11:24:34,28.00,32.80
11:24:44,28.00,32.70
11:24:54,28.00,32.80
11:25:04,28.00,32.80
11:25:14,28.00,32.80
11:25:24,28.00,32.80
11:25:34,28.00,32.90
11:25:44,28.00,32.90
11:25:54,28.00,32.90
11:26:04,28.00,33.00
11:26:14,28.00,33.00
11:26:24,28.00,33.00
11:26:34,28.00,33.00
11:26:44,28.00,33.00
11:26:54,28.00,32.90
11:27:04,28.00,33.00
11:27:14,28.00,32.90
11:27:24,28.00,33.10
11:27:34,28.00,33.00
11:27:44,28.00,33.00
11:27:54,28.00,33.10
11:28:04,28.00,33.10
11:28:14,28.00,33.20
11:28:24,28.00,33.10
11:28:34,28.00,33.20
11:28:44,28.00,33.10
11:28:54,28.00,33.20
11:29:04,28.00,33.20
11:29:14,28.00,33.20
11:29:24,28.00,33.30
11:29:34,28.00,33.20
11:29:44,28.00,33.20
11:29:54,28.00,33.20
11:30:04,28.00,33.20
11:30:14,28.00,33.20
11:30:24,28.00,33.20
11:30:34,28.00,33.20
11:30:44,28.00,33.20
11:30:54,28.00,33.20
11:31:04,28.00,33.20
11:31:14,28.00,33.20
11:31:24,28.00,33.20
11:31:34,28.00,33.20
11:31:44,28.00,33.20
11:31:54,28.00,33.20
11:32:04,28.00,33.30
11:32:14,28.00,33.20
11:32:24,28.00,33.20
11:32:34,28.00,33.10
11:32:44,28.00,33.30
11:32:54,28.00,33.20
11:33:04,28.00,33.30
11:33:14,28.00,33.30
11:33:24,28.00,33.30
11:33:34,28.00,33.30
11:33:44,28.00,33.30
11:33:54,28.00,33.20
11:34:04,28.00,33.20
11:34:14,28.00,33.20
11:34:24,28.00,33.30
11:34:34,28.00,33.20
11:34:44,28.00,33.20
11:34:54,28.00,33.30
11:35:04,28.00,33.20
11:35:14,28.00,33.20
11:35:24,28.00,33.20
11:35:34,28.00,33.20
11:35:44,28.00,33.20
11:35:54,28.00,33.20
11:36:04,28.00,33.10
11:36:14,28.00,33.10
11:36:24,28.00,33.20
11:36:34,28.00,33.10
11:36:44,28.00,33.20
11:36:54,28.00,33.20
11:37:04,28.00,33.20
11:37:14,28.00,33.20
11:37:24,28.00,33.20
11:37:34,28.00,33.20
11:37:44,28.00,33.10
11:37:54,28.00,33.10
11:38:04,28.00,33.10
11:38:14,28.00,33.00
11:38:24,28.00,32.90
11:38:34,28.00,32.90
11:38:44,28.00,32.90
11:38:54,28.00,32.70
11:39:04,28.00,32.60
11:39:14,28.00,32.70
11:39:24,28.00,32.60
11:39:34,28.00,32.60
11:39:44,28.00,32.50
11:39:54,28.00,32.50
11:40:04,28.00,32.50
11:40:14,28.00,32.40
11:40:24,28.00,32.40
11:40:34,28.10,32.30
11:40:44,28.10,32.30
11:40:54,28.00,32.40
11:41:04,28.00,32.20
11:41:14,28.00,32.20
11:41:24,28.10,32.00
11:41:34,28.00,32.00
11:41:44,28.10,32.00
11:41:54,28.10,31.80
11:42:04,28.10,31.80
11:42:14,28.00,31.70
11:42:24,28.00,31.80
11:42:34,28.00,31.80
11:42:44,28.00,31.60
11:42:54,28.00,31.70
11:43:04,28.00,31.70
11:43:14,28.10,31.70
11:43:24,28.00,31.70
11:43:34,28.00,31.70
11:43:44,28.00,31.60
11:43:54,28.00,31.50
11:44:04,28.00,31.50
11:44:14,28.10,31.50
11:44:24,28.00,31.50
11:44:34,28.10,31.40
11:44:44,28.10,31.50
11:44:54,28.10,31.30
11:45:04,28.10,31.30
11:45:14,28.00,31.30
11:45:24,28.00,31.20
11:45:34,28.00,31.10
11:45:44,28.10,31.10
11:45:54,28.10,31.00
11:46:04,28.00,30.80
11:46:14,28.10,30.80
11:46:24,28.00,30.70
11:46:34,28.10,30.70
11:46:44,28.10,30.50
11:46:54,28.10,30.50
11:47:04,28.10,30.50
11:47:14,28.10,30.60
11:47:24,28.10,30.50
11:47:34,28.10,30.40
11:47:44,28.10,30.20
11:47:54,28.10,30.30
11:48:04,28.10,30.30
11:48:14,28.10,30.30
11:48:24,28.10,30.30
11:48:34,28.10,30.20
11:48:44,28.10,30.20
11:48:54,28.10,30.20
11:49:04,28.10,30.20
11:49:14,28.10,30.20
11:49:24,28.10,30.20
11:49:34,28.10,30.10
11:49:44,28.10,30.00
11:49:54,28.10,30.00
11:50:04,28.10,30.10
11:50:14,28.10,30.00
11:50:24,28.10,30.00
11:50:34,28.10,29.80
11:50:44,28.10,29.70
11:50:54,28.10,29.70
11:51:04,28.10,29.80
11:51:14,28.10,29.60
11:51:24,28.10,29.80
11:51:34,28.10,29.70
11:51:44,28.10,29.70
11:51:54,28.10,29.70
11:52:04,28.10,29.70
11:52:14,28.10,29.60
11:52:24,28.10,29.60
11:52:34,28.10,29.70
11:52:44,28.10,29.60
11:52:54,28.10,29.70
11:53:04,28.10,29.70
11:53:14,28.10,29.70
11:53:24,28.10,29.60
11:53:34,28.10,29.70
11:53:44,28.10,29.60
11:53:54,28.10,29.50
11:54:04,28.10,29.60
11:54:14,28.10,29.60
11:54:24,28.10,29.50
11:54:34,28.10,29.60
11:54:44,28.10,29.60
11:54:54,28.10,29.50
11:55:04,28.10,29.60
11:55:14,28.10,29.60
11:55:24,28.10,29.50
11:55:34,28.10,29.50
11:55:44,28.10,29.50
11:55:54,28.10,29.50
11:56:04,28.10,29.50
11:56:14,28.10,29.50
11:56:24,28.10,29.60
11:56:34,28.10,29.60
11:56:44,28.10,29.50
11:56:54,28.10,29.60
11:57:04,28.10,29.50
11:57:14,28.10,29.50
11:57:24,28.10,29.50
11:57:34,28.10,29.40
11:57:44,28.00,29.40
11:57:54,28.00,29.30
11:58:04,28.10,29.30
11:58:14,28.10,29.30
11:58:24,28.10,29.30
11:58:34,28.10,29.40
11:58:44,28.10,29.40
11:58:54,28.00,29.20
11:59:04,28.00,29.30
11:59:14,28.10,29.20
11:59:24,28.10,29.20
11:59:34,28.10,29.20
11:59:44,28.10,29.20
11:59:54,28.10,29.20
12:00:04,28.00,29.10
12:00:14,28.10,29.20
12:00:24,28.10,29.20
12:00:34,28.10,29.20
12:00:44,28.10,29.20
12:00:54,28.10,29.10
12:01:04,28.10,29.10
12:01:14,28.10,29.00
12:01:24,28.10,29.10
12:01:34,28.10,29.10
12:01:44,28.10,29.00
12:01:54,28.10,29.00
12:02:04,28.10,29.00
12:02:14,28.00,29.10
12:02:24,28.10,29.00
12:02:34,28.10,29.20
12:02:44,28.10,29.10
12:02:54,28.10,29.10
12:03:04,28.00,29.10
12:03:14,28.00,29.10
12:03:24,28.10,29.00
12:03:34,28.10,29.00
12:03:44,28.10,28.90
12:03:54,28.10,28.90
12:04:04,28.10,28.90
12:04:14,28.10,28.80
12:04:24,28.10,28.90
12:04:34,28.10,28.80
12:04:44,28.10,28.90
12:04:54,28.10,28.80
12:05:04,28.10,28.80
12:05:14,28.10,28.70
12:05:24,28.10,28.80
12:05:34,28.10,28.80
12:05:44,28.10,28.60
12:05:54,28.10,28.60
12:06:04,28.10,28.60
12:06:14,28.10,28.60
12:06:24,28.10,28.50
12:06:34,28.10,28.60
12:06:44,28.10,28.60
12:06:54,28.10,28.50
12:07:04,28.10,28.60
12:07:14,28.10,28.50
12:07:24,28.10,28.60
12:07:34,28.10,28.40
12:07:44,28.10,28.50
12:07:54,28.10,28.50
12:08:04,28.10,28.40
12:08:14,28.10,28.50
12:08:24,28.10,28.20
12:08:34,28.10,28.40
12:08:44,28.10,28.30
12:08:54,28.10,28.30
12:09:04,28.10,28.10
12:09:14,28.10,28.30
12:09:24,28.10,28.20
12:09:34,28.10,28.20
12:09:44,28.10,28.30
12:09:54,28.10,28.20
12:10:04,28.10,28.20
12:10:14,28.10,28.10
12:10:24,28.10,28.30
12:10:34,28.10,28.20
12:10:44,28.10,28.20
12:10:54,28.10,28.10
12:11:04,28.10,28.10
12:11:14,28.10,28.10
12:11:24,28.10,28.10
12:11:34,28.10,28.10
12:11:44,28.10,28.10
12:11:54,28.10,28.10
12:12:04,28.10,28.10
12:12:14,28.10,28.00
12:12:24,28.10,28.00
12:12:34,28.10,28.00
12:12:44,28.10,27.90
12:12:54,28.10,28.00
12:13:04,28.10,28.10
12:13:14,28.10,28.10
12:13:24,28.10,28.20
12:13:34,28.10,28.20
12:13:44,28.10,28.10
12:13:54,28.10,28.10
12:14:04,28.10,27.90
12:14:14,28.10,28.00
12:14:24,28.10,27.90
12:14:34,28.10,28.10
12:14:44,28.10,27.90
12:14:54,28.10,28.00
12:15:04,28.10,28.10
12:15:14,28.10,28.10
12:15:24,28.10,28.10
12:15:34,28.10,28.00
12:15:44,28.10,28.00
12:15:54,28.10,28.10
12:16:04,28.10,27.90
12:16:14,28.10,28.00
12:16:24,28.10,27.90
12:16:34,28.10,28.00
12:16:44,28.10,28.00
12:16:54,28.10,27.70
12:17:04,28.10,27.80
12:17:14,28.10,27.80
12:17:24,28.10,28.00
12:17:34,28.10,28.00
12:17:44,28.10,27.80
12:17:54,28.10,27.80
12:18:04,28.10,27.80
12:18:14,28.10,27.80
12:18:24,28.10,27.80
12:18:34,28.10,28.00
12:18:44,28.10,27.90
12:18:54,28.10,27.70
12:19:04,28.10,27.80
12:19:14,28.10,28.00
12:19:24,28.10,27.80
12:19:34,28.10,27.70
12:19:44,28.10,27.60
12:19:54,28.10,27.70
12:20:04,28.10,27.70
12:20:14,28.10,27.80
12:20:24,28.10,27.70
12:20:34,28.10,27.80
12:20:44,28.10,27.70
12:20:54,28.10,27.80
12:21:04,28.10,27.80
12:21:14,28.10,27.70
12:21:24,28.10,27.70
12:21:34,28.10,27.70
12:21:44,28.10,27.60
12:21:54,28.10,27.50
12:22:04,28.10,27.50
12:22:14,28.10,27.80
12:22:24,28.10,27.70
12:22:34,28.10,27.60
12:22:45,28.10,27.60
12:22:54,28.10,27.70
12:23:04,28.10,27.60
12:23:14,28.10,27.60
12:23:24,28.10,27.50
12:23:34,28.10,27.60
12:23:44,28.10,27.70
12:23:54,28.10,27.60
12:24:04,28.10,27.60
12:24:14,28.10,27.50
12:24:24,28.10,27.50
12:24:34,28.10,27.60
12:24:44,28.10,27.60
12:24:54,28.10,27.50
12:25:04,28.10,27.60
12:25:14,28.10,27.50
12:25:24,28.10,27.50
12:25:34,28.10,27.50
12:25:44,28.10,27.60
12:25:54,28.10,27.60
12:26:04,28.10,27.60
12:26:15,28.10,27.50
12:26:24,28.10,27.70
12:26:34,28.10,27.60
12:26:44,28.10,27.60
12:26:54,28.10,27.60
12:27:04,28.10,27.40
12:27:14,28.10,27.50
12:27:24,28.10,27.60
12:27:34,28.10,27.50
12:27:44,28.10,27.60
12:27:54,28.10,27.70
12:28:04,28.10,27.60
12:28:14,28.10,27.50
12:28:24,28.10,27.60
12:28:34,28.10,27.50
12:28:44,28.10,27.60
12:28:54,28.10,27.40
12:29:04,28.10,27.40
12:29:14,28.10,27.40
12:29:24,28.10,27.50
12:29:34,28.10,27.30
12:29:44,28.10,27.30
12:29:54,28.10,27.40
12:30:04,28.10,27.60
12:30:14,28.10,27.30
12:30:24,28.10,27.40
12:30:34,28.10,27.30
12:30:44,28.10,27.30
12:30:54,28.10,27.30
12:31:04,28.10,27.30
12:31:14,28.10,27.40
12:31:24,28.10,27.30
12:31:34,28.10,27.40
12:31:44,28.10,27.40
12:31:54,28.10,27.40
12:32:04,28.10,27.40
12:32:14,28.10,27.30
12:32:24,28.10,27.40
12:32:34,28.10,27.40
12:32:44,28.10,27.40
12:32:54,28.10,27.40
12:33:04,28.10,27.30
12:33:14,28.20,27.40
12:33:24,28.10,27.50
12:33:34,28.10,27.30
12:33:44,28.10,27.40
12:33:54,28.10,27.50
12:34:04,28.20,27.40
12:34:14,28.10,27.30
12:34:24,28.10,27.30
12:34:34,28.10,27.30
12:34:44,28.10,27.30
12:34:54,28.10,27.30
12:35:04,28.10,27.40
12:35:14,28.20,27.30
12:35:24,28.20,27.50
12:35:34,28.10,27.40
12:35:44,28.10,27.30
12:35:54,28.10,27.30
12:36:04,28.20,27.40
12:36:14,28.10,27.30
12:36:24,28.20,27.30
12:36:34,28.10,27.40
12:36:44,28.20,27.50
12:36:54,28.20,27.60
12:37:04,28.20,27.70
12:37:14,28.20,27.60
12:37:24,28.20,27.60
12:37:34,28.20,27.70
12:37:44,28.20,27.80
12:37:54,28.20,27.90
12:38:04,28.20,28.00
12:38:14,28.20,28.00
12:38:24,28.20,28.10
12:38:34,28.20,28.20
12:38:44,28.20,28.20
12:38:54,28.20,28.30
12:39:04,28.20,28.40
12:39:14,28.20,28.50
12:39:24,28.20,28.50
12:39:34,28.20,28.60
12:39:44,28.20,28.60
12:39:54,28.20,28.60
12:40:04,28.20,28.60
12:40:14,28.20,28.60
12:40:24,28.20,28.60
12:40:34,28.20,28.70
12:40:44,28.20,28.70
12:40:54,28.20,28.70
12:41:04,28.20,28.70
12:41:14,28.20,28.80
12:41:24,28.20,28.90
12:41:34,28.20,28.90
12:41:44,28.20,28.90
12:41:54,28.20,28.90
12:42:04,28.20,28.90
12:42:14,28.20,28.90
12:42:24,28.20,29.00
12:42:34,28.20,28.90
12:42:44,28.20,29.00
12:42:54,28.20,29.10
12:43:04,28.20,29.00
12:43:14,28.20,29.10
12:43:24,28.20,29.10
12:43:34,28.20,29.10
12:43:44,28.20,29.20
12:43:54,28.30,29.20
12:44:04,28.30,29.40
12:44:14,28.20,29.40
12:44:24,28.20,29.40
12:44:34,28.30,29.30
12:44:44,28.20,29.30
12:44:54,28.20,29.40
12:45:04,28.30,29.50
12:45:14,28.20,29.50
12:45:24,28.30,29.60
12:45:34,28.30,29.60
12:45:44,28.30,29.70
12:45:54,28.30,29.70
12:46:04,28.30,29.80
12:46:14,28.30,29.90
12:46:24,28.30,29.90
12:46:34,28.30,29.90
12:46:44,28.30,29.90
12:46:54,28.30,30.10
12:47:04,28.30,30.10
12:47:14,28.30,30.30
12:47:24,28.30,30.40
12:47:34,28.30,30.40
12:47:44,28.30,30.50
12:47:54,28.30,30.60
12:48:04,28.30,30.70
12:48:14,28.30,30.70
12:48:24,28.30,30.60
12:48:34,28.30,30.70
12:48:44,28.30,30.90
12:48:54,28.30,31.00
12:49:04,28.30,31.00
12:49:14,28.30,31.10
12:49:24,28.30,31.20
12:49:34,28.30,31.10
12:49:44,28.30,31.30
12:49:54,28.30,31.40
12:50:04,28.30,31.50
12:50:14,28.30,31.50
12:50:24,28.30,31.50
12:50:34,28.30,31.40
12:50:44,28.30,31.60
12:50:54,28.30,31.70
12:51:04,28.30,31.70
12:51:14,28.30,31.80
12:51:24,28.30,31.80
12:51:34,28.30,31.80
12:51:44,28.30,31.90
12:51:54,28.30,31.90
12:52:04,28.30,31.90
12:52:14,28.30,32.00
12:52:24,28.30,32.00
12:52:34,28.30,32.10
12:52:44,28.30,32.10
12:52:54,28.30,32.10
12:53:04,28.30,32.20
12:53:14,28.30,32.20
12:53:25,28.30,32.30
12:53:34,28.30,32.40
12:53:44,28.30,32.40
12:53:54,28.30,32.40
12:54:04,28.30,32.50
12:54:14,28.30,32.60
12:54:24,28.30,32.50
12:54:35,28.30,32.60
12:54:44,28.30,32.70
12:54:54,28.30,32.70
12:55:04,28.30,32.90
12:55:14,28.30,32.90
12:55:24,28.30,33.00
12:55:34,28.30,32.90
12:55:44,28.30,33.00
12:55:54,28.30,32.80
12:56:04,28.30,32.90
12:56:14,28.30,33.10
12:56:24,28.30,33.10
12:56:34,28.30,33.20
12:56:44,28.30,33.10
12:56:54,28.30,33.20
12:57:04,28.30,33.30
12:57:14,28.30,33.20
12:57:24,28.40,33.10
12:57:34,28.30,33.20
12:57:44,28.40,33.20
12:57:54,28.30,33.10
12:58:04,28.30,33.20
12:58:14,28.30,33.10
12:58:24,28.30,33.10
12:58:34,28.30,33.00
12:58:44,28.30,33.00
12:58:54,28.30,32.90
12:59:04,28.30,32.90
12:59:14,28.30,33.00
12:59:24,28.30,33.00
12:59:34,28.30,32.90
12:59:44,28.40,32.90
12:59:54,28.30,32.90
13:00:04,28.40,32.90
13:00:14,28.40,32.90
13:00:24,28.40,32.90
13:00:34,28.30,32.80
13:00:44,28.30,32.80
13:00:54,28.30,32.80
13:01:04,28.30,32.70
13:01:14,28.30,32.70
13:01:24,28.40,32.70
13:01:34,28.30,32.70
13:01:44,28.30,32.60
13:01:54,28.30,32.50
13:02:04,28.30,32.50
13:02:14,28.30,32.40
13:02:24,28.30,32.40
13:02:34,28.30,32.40
13:02:44,28.30,32.40
13:02:54,28.30,32.40
13:03:04,28.30,32.30
13:03:14,28.30,32.20
13:03:24,28.30,32.30
13:03:34,28.30,32.20
13:03:44,28.30,32.10
13:03:54,28.30,32.10
13:04:04,28.30,32.10
13:04:14,28.30,32.00
13:04:24,28.30,31.90
13:04:34,28.30,31.90
13:04:44,28.30,31.90
13:04:54,28.30,31.80
13:05:04,28.30,31.60
13:05:14,28.30,31.60
13:05:24,28.30,31.60
13:05:34,28.30,31.60
13:05:44,28.30,31.60
13:05:54,28.30,31.60
13:06:04,28.30,31.50
13:06:14,28.30,31.50
13:06:24,28.30,31.50
13:06:34,28.30,31.50
13:06:44,28.30,31.40
13:06:54,28.30,31.40
13:07:04,28.30,31.50
13:07:14,28.30,31.40
13:07:24,28.30,31.40
13:07:34,28.30,31.40
13:07:44,28.30,31.30
13:07:54,28.30,31.30
13:08:04,28.30,31.30
13:08:14,28.30,31.30
13:08:24,28.30,31.20
13:08:34,28.30,31.20
13:08:44,28.30,31.10
13:08:54,28.30,31.10
13:09:04,28.30,31.10
13:09:14,28.30,31.10
13:09:24,28.30,31.10
13:09:34,28.30,31.10
13:09:44,28.30,31.10
13:09:54,28.30,31.00
13:10:04,28.30,31.00
13:10:14,28.30,31.00
13:10:24,28.30,31.10
13:10:34,28.30,31.10
13:10:44,28.30,31.30
13:10:54,28.30,31.40
13:11:04,28.30,31.50
13:11:14,28.30,31.50
13:11:24,28.30,31.50
13:11:34,28.30,31.60
13:11:44,28.40,31.60
13:11:54,28.30,31.50
13:12:04,28.40,31.50
13:12:14,28.40,31.50
13:12:24,28.40,31.50
13:12:34,28.40,31.40
13:12:44,28.30,31.40
13:12:54,28.30,31.40
13:13:04,28.30,31.40
13:13:14,28.30,31.30
13:13:24,28.40,31.40
13:13:34,28.40,31.40
13:13:44,28.40,31.40
13:13:54,28.40,31.40
13:14:04,28.30,32.00
13:14:14,28.40,31.90
13:14:24,28.40,31.80
13:14:34,28.40,31.60
13:14:44,28.40,31.60
13:14:54,28.40,31.50
13:15:04,28.40,31.40
13:15:14,28.40,31.40
13:15:24,28.40,31.40
13:15:34,28.40,31.40
13:15:44,28.40,31.40
13:15:54,28.40,31.40
13:16:04,28.40,31.40
13:16:14,28.40,31.40
13:16:24,28.40,31.40
13:16:34,28.40,31.40
13:16:44,28.40,31.30
13:16:54,28.40,31.30
13:17:04,28.40,31.30
13:17:14,28.40,31.30
13:17:24,28.40,31.20
13:17:34,28.30,31.20
13:17:44,28.40,31.20
13:17:54,28.30,31.20
13:18:04,28.30,31.20
13:18:14,28.40,31.10
13:18:24,28.40,31.10
13:18:34,28.40,31.00
13:18:44,28.40,31.00
13:18:54,28.30,31.00
13:19:04,28.40,31.00
13:19:14,28.40,31.00
13:19:24,28.30,30.90
13:19:34,28.40,30.90
13:19:44,28.30,30.90
13:19:54,28.40,31.00
13:20:04,28.40,30.90
13:20:14,28.40,30.90
13:20:24,28.40,30.90
13:20:35,28.40,30.90
13:20:44,28.40,30.80
13:20:55,28.40,30.80
13:21:05,28.40,30.90
13:21:14,28.40,30.80
13:21:24,28.40,30.90
13:21:35,28.40,30.90
13:21:44,28.40,30.80
13:21:54,28.40,30.90
13:22:04,28.40,30.90
13:22:14,28.40,30.90
13:22:24,28.40,30.90
13:22:34,28.40,30.90
13:22:45,28.40,30.90
13:22:54,28.40,30.90
13:23:04,28.40,30.90
13:23:14,28.40,30.90
13:23:24,28.40,30.90
13:23:34,28.40,30.80
13:23:44,28.40,30.80
13:23:54,28.40,30.80
13:24:04,28.40,30.70
13:24:14,28.40,30.70
13:24:24,28.40,30.80
13:24:34,28.40,30.70
13:24:44,28.40,30.70
13:24:54,28.40,30.60
13:25:04,28.40,30.60
13:25:14,28.40,30.60
13:25:24,28.40,30.60
13:25:34,28.40,30.50
13:25:44,28.40,30.50
13:25:54,28.40,30.40
13:26:04,28.40,30.40
13:26:14,28.40,30.40
13:26:24,28.40,30.20
13:26:34,28.40,30.30
13:26:44,28.40,30.20
13:26:54,28.40,30.20
13:27:04,28.40,30.10
13:27:14,28.40,30.10
13:27:24,28.40,30.00
13:27:34,28.40,30.00
13:27:44,28.40,30.00
13:27:54,28.40,30.00
13:28:04,28.40,29.80
13:28:14,28.40,29.90
13:28:24,28.40,29.80
13:28:34,28.40,29.90
13:28:44,28.40,29.90
13:28:54,28.40,29.90
13:29:04,28.40,29.80
13:29:14,28.40,29.80
13:29:24,28.40,29.80
13:29:34,28.40,29.70
13:29:44,28.40,29.70
13:29:54,28.40,29.60
13:30:04,28.40,29.70
13:30:14,28.40,29.60
13:30:24,28.40,29.40
13:30:34,28.40,29.60
13:30:44,28.40,29.50
13:30:54,28.40,29.50
13:31:04,28.40,29.50
13:31:14,28.40,29.50
13:31:24,28.40,29.40
13:31:34,28.40,29.40
13:31:44,28.40,29.40
13:31:54,28.40,29.30
13:32:04,28.40,29.30
13:32:14,28.40,29.30
13:32:24,28.40,29.20
13:32:34,28.40,29.20
13:32:44,28.40,29.20
13:32:54,28.40,29.20
13:33:04,28.40,29.10
13:33:14,28.40,29.10
13:33:24,28.40,29.10
13:33:34,28.40,29.20
13:33:44,28.40,29.20
13:33:54,28.40,29.10
13:34:04,28.40,29.00
13:34:14,28.40,29.00
13:34:24,28.40,29.00
13:34:34,28.40,29.10
13:34:44,28.40,29.00
13:34:54,28.40,29.00
13:35:04,28.40,29.00
13:35:14,28.40,29.00
13:35:24,28.40,29.00
13:35:34,28.40,28.90
13:35:45,28.40,28.70
13:35:54,28.40,28.90
13:36:04,28.40,28.80
13:36:15,28.40,28.80
13:36:24,28.40,28.80
13:36:34,28.40,28.70
13:36:44,28.40,28.60
13:36:54,28.40,28.70
13:37:05,28.40,28.60
13:37:14,28.40,28.60
13:37:24,28.40,28.70
13:37:34,28.40,28.60
13:37:44,28.40,28.50
13:37:54,28.40,28.40
13:38:04,28.40,28.50
13:38:14,28.40,28.50
13:38:24,28.40,28.50
13:38:35,28.40,28.50
13:38:44,28.40,28.50
13:38:54,28.40,28.30
13:39:04,28.40,28.30
13:39:14,28.40,28.50
13:39:24,28.40,28.60
13:39:34,28.40,28.50
13:39:44,28.40,28.60
13:39:54,28.40,28.70
13:40:04,28.40,28.50
13:40:14,28.40,28.40
13:40:24,28.40,28.30
13:40:34,28.40,28.40
13:40:44,28.40,28.40
13:40:54,28.40,28.40
13:41:05,28.40,28.30
13:41:14,28.40,28.10
13:41:24,28.40,28.20
13:41:35,28.40,28.20
13:41:44,28.40,28.60
13:41:54,28.40,29.80
13:42:05,28.40,31.50
13:42:14,28.40,31.00
13:42:24,28.40,30.60
13:42:35,28.40,29.70
13:42:44,28.40,30.60
13:42:54,28.40,31.50
13:43:04,28.40,33.30
13:43:14,28.40,30.90
13:43:24,28.40,30.90
13:43:34,28.40,33.90
13:43:44,28.40,33.70
13:43:54,28.40,34.00
13:44:04,28.40,33.40
13:44:14,28.40,33.30
13:44:24,28.40,32.70
13:44:34,28.40,33.80
13:44:44,28.40,34.10
13:44:54,28.40,33.00
13:45:04,28.40,33.80
13:45:14,28.40,34.60
13:45:25,28.40,32.80
13:45:34,28.40,32.50
13:45:44,28.40,34.70
13:45:55,28.40,33.00
13:46:04,28.40,33.20
13:46:14,28.30,33.90
13:46:25,28.30,33.90
13:46:34,28.30,33.80
13:46:44,28.30,33.50
13:46:55,28.30,33.90
13:47:04,28.30,34.40
13:47:14,28.30,34.60
13:47:25,28.30,33.70
13:47:34,28.30,33.60
13:47:44,28.30,33.60
13:47:55,28.30,33.50
13:48:04,28.30,33.50
13:48:14,28.30,33.50
13:48:25,28.30,34.00
13:48:34,28.30,34.70
13:48:44,28.30,35.80
13:48:54,28.30,35.00
13:49:04,28.30,34.00
13:49:14,28.30,33.70
13:49:24,28.30,33.50
13:49:34,28.30,33.30
13:49:44,28.30,33.70
13:49:54,28.30,34.20
13:50:04,28.30,33.20
13:50:14,28.30,33.30
13:50:24,28.30,33.00
13:50:34,28.30,33.50
13:50:45,28.30,34.40
13:50:54,28.30,35.00
13:51:04,28.30,34.50
13:51:15,28.30,34.20
13:51:24,28.30,33.90
13:51:34,28.30,34.60
13:51:45,28.30,34.90
13:51:55,28.20,35.10
13:52:04,28.30,36.10
13:52:15,28.30,35.70
13:52:25,28.30,35.60
13:54:49,28.30,37.30
13:55:12,28.20,36.60
13:55:22,28.20,37.20
13:55:32,28.20,37.70
13:55:42,28.20,37.50
13:55:52,28.20,37.60
13:56:02,28.20,37.40
13:56:12,28.20,37.10
13:56:22,28.20,36.50
13:56:32,28.20,37.20
13:56:42,28.20,37.20
13:56:52,28.20,36.60
13:57:02,28.20,37.20
13:57:12,28.20,37.70
13:57:22,28.20,37.20
13:57:32,28.20,37.00
13:57:42,28.20,37.00
13:57:52,28.20,37.20
13:58:02,28.20,37.20
13:58:12,28.20,37.20
13:58:22,28.20,37.50
13:58:32,28.20,36.80
13:58:42,28.20,36.50
13:58:52,28.20,37.00
13:59:02,28.20,37.10
13:59:12,28.20,37.60
13:59:22,28.20,37.40
13:59:32,28.20,37.10
13:59:42,28.20,37.70
13:59:52,28.20,37.40
14:00:12,28.10,37.80
14:00:22,28.10,38.00
14:00:32,28.10,37.90
14:00:42,28.10,38.40
14:00:52,28.10,37.40
14:01:02,28.10,37.70
14:01:12,28.10,38.40
14:01:22,28.10,39.00
14:01:32,28.10,37.70
14:01:42,28.10,38.70
14:01:52,28.10,38.70
14:02:02,28.10,38.00
14:02:12,28.10,38.10
14:02:22,28.10,37.70
14:02:32,28.10,37.50
14:02:42,28.10,37.70
14:02:52,28.10,38.30
14:03:02,28.10,37.80
14:03:12,28.10,38.10
14:03:22,28.10,37.90
14:03:32,28.10,37.80
14:03:42,28.10,37.80
14:03:52,28.10,38.00
14:04:02,28.10,38.30
14:04:12,28.10,38.30
14:04:22,28.10,38.70
14:04:32,28.10,38.10
14:04:42,28.10,38.30
14:04:52,28.10,38.40
14:05:04,28.10,37.90
14:05:14,28.00,38.00
14:05:24,28.10,37.80
14:05:34,28.10,38.30
14:05:44,28.00,37.70
14:05:54,28.00,38.20
14:06:04,28.00,38.70
14:06:14,28.00,38.20
14:06:24,28.00,38.00
14:06:34,28.00,38.10
14:06:44,28.00,38.10
14:06:54,28.00,38.50
14:07:04,28.00,38.40
14:07:14,28.00,38.80
14:07:24,28.00,38.60
14:07:34,28.00,38.40
14:07:44,28.00,38.20
14:07:54,28.00,38.30
14:08:04,28.00,38.40
14:08:14,28.00,38.40
14:08:24,28.00,38.40
14:08:34,28.00,38.10
14:08:44,28.00,38.50
14:08:54,28.00,38.10
14:09:04,28.00,38.10
14:09:14,28.00,38.10
14:09:24,28.00,38.00
14:09:34,28.00,38.90
14:09:44,28.00,38.80
14:09:54,28.00,38.40
14:10:17,28.00,38.30
14:10:27,28.00,38.40
14:10:37,28.00,38.10
14:10:47,28.00,38.00
14:10:57,28.00,38.20
14:11:07,28.00,38.20
14:11:17,28.00,38.20
14:11:27,28.00,38.50
14:11:37,28.00,38.40
14:11:47,28.00,38.50
14:11:57,27.90,38.30
14:12:07,27.90,38.60
14:12:17,28.00,38.70
14:12:27,28.00,38.80
14:12:37,28.00,38.70
14:12:47,27.90,38.10
14:12:57,28.00,38.70
14:13:07,27.90,38.90
14:13:17,27.90,38.30
14:13:27,27.90,38.80
14:13:37,27.90,39.20
14:13:47,27.90,38.60
14:13:57,27.90,38.40
14:14:07,27.90,38.40
14:14:17,28.00,38.50
14:14:27,27.90,38.30
14:14:37,27.90,38.40
14:14:47,27.90,39.00
14:14:57,27.90,38.70
14:15:12,27.90,38.50
14:15:22,27.90,38.30
14:15:32,27.90,38.30
14:15:42,27.90,39.00
14:15:52,27.90,38.90
14:16:02,27.90,38.70
14:16:12,27.90,38.70
14:16:22,27.90,38.50
14:16:32,27.90,39.30
14:16:42,27.90,38.60
14:16:52,27.90,38.40
14:17:02,27.90,39.30
14:17:12,27.90,38.50
14:17:22,27.90,39.00
14:17:32,27.90,38.50
14:17:42,27.90,38.80
14:17:52,27.90,38.60
14:18:02,27.90,38.40
14:18:12,27.90,38.60
14:18:22,27.90,39.20
14:18:32,27.90,39.00
14:18:42,27.90,38.50
14:18:52,27.90,38.50
14:19:02,27.90,38.60
14:19:12,27.90,39.00
14:19:22,27.90,39.00
14:19:32,27.90,39.00
14:19:43,27.90,38.60
14:19:52,27.90,38.60
14:20:02,27.90,38.70
14:20:16,27.90,38.80
14:20:26,27.90,38.70
14:20:36,27.90,38.80
14:20:46,27.90,38.60
14:20:56,27.90,38.60
14:21:06,27.90,38.50
14:21:18,27.90,38.90
14:21:26,27.90,39.20
14:21:36,27.90,39.20
14:21:46,27.90,38.80
14:21:56,27.90,38.80
14:22:06,27.90,38.90
14:22:19,27.90,38.60
14:22:26,27.90,38.90
14:22:38,27.90,39.30
14:22:47,27.90,38.60
14:22:57,27.90,38.80
14:23:06,27.90,38.80
14:23:16,27.90,38.70
14:23:26,27.90,38.80
14:23:36,27.90,38.70
14:23:47,27.90,38.60
14:23:56,27.90,38.80
14:24:06,27.90,39.20
14:24:16,27.90,38.90
14:24:26,27.80,38.70
14:24:36,27.90,38.50
14:24:46,27.90,39.00
14:24:56,27.90,38.50
14:25:06,27.80,38.40
14:25:31,27.80,38.60
14:25:41,27.80,38.50
14:25:51,27.80,38.50
14:26:01,27.80,38.50
14:26:11,27.80,38.50
14:26:21,27.80,38.60
14:26:32,27.80,38.50
14:26:41,27.80,38.50
14:26:51,27.80,38.80
14:27:01,27.80,38.90
14:27:11,27.80,39.10
14:27:21,27.80,38.50
14:27:32,27.80,38.40
14:27:41,27.80,38.30
14:27:51,27.80,38.40
14:28:01,27.80,38.20
14:28:11,27.80,38.70
14:28:21,27.80,38.70
14:28:31,27.80,38.60
14:28:41,27.80,38.60
14:28:51,27.80,38.30
14:29:01,27.80,38.40
14:29:11,27.80,38.60
14:29:21,27.80,38.50
14:29:31,27.80,38.40
14:29:41,27.80,38.60
14:29:51,27.80,38.50
14:30:01,27.80,38.50
14:30:11,27.80,38.70
14:30:27,27.80,38.50
14:30:38,27.80,38.50
14:30:47,27.80,38.60
14:30:57,27.80,38.50
14:31:08,27.80,38.80
14:31:17,27.80,38.90
14:31:28,27.80,38.70
14:31:38,27.80,38.80
14:31:47,27.80,38.60
14:31:58,27.80,38.70
14:32:07,27.80,38.60
14:32:17,27.80,38.70
14:32:28,27.80,38.60
14:32:38,27.80,38.50
14:32:47,27.80,38.40
14:32:58,27.80,38.70
14:33:08,27.80,38.80
14:33:17,27.80,38.70
14:33:28,27.80,38.70
14:33:38,27.80,38.60
14:33:47,27.80,39.00
14:33:58,27.80,38.70
14:34:08,27.80,38.80
14:34:17,27.80,38.60
14:34:28,27.80,38.60
14:34:38,27.80,38.50
14:34:47,27.80,38.50
14:34:58,27.80,38.70
14:35:08,27.80,38.70
14:35:17,27.80,39.00
14:35:32,27.80,38.80
14:35:41,27.80,39.10
14:35:51,27.80,39.10
14:36:02,27.80,38.80
14:36:11,27.80,38.90
14:36:21,27.80,38.90
14:36:31,27.80,38.60
14:36:41,27.80,38.60
14:36:51,27.80,38.70
14:37:01,27.80,38.80
14:37:11,27.80,38.90
14:37:21,27.80,38.80
14:37:31,27.80,38.80
14:37:41,27.80,39.20
14:37:51,27.80,39.00
14:38:01,27.80,38.80
14:38:11,27.80,38.80
14:38:21,27.80,38.90
14:38:31,27.80,38.70
14:38:41,27.80,38.80
14:38:52,27.80,38.80
14:39:01,27.80,39.00
14:39:11,27.80,38.90
14:39:22,27.80,38.90
14:39:31,27.80,38.90
14:39:41,27.80,39.00
14:39:52,27.80,38.90
14:40:01,27.80,39.00
14:40:11,27.80,39.00
14:40:22,27.70,39.20
14:40:35,27.70,39.20
14:40:45,27.70,39.10
14:40:55,27.70,39.50
14:41:05,27.80,39.40
14:41:15,27.80,39.70
14:41:25,27.80,39.50
14:41:35,27.80,39.50
14:41:45,27.80,39.70
14:41:55,27.80,39.40
14:42:05,27.80,39.40
14:42:15,27.80,39.30
14:42:25,27.80,39.30
14:42:35,27.80,39.20
14:42:45,27.80,39.30
14:42:55,27.80,39.60
14:43:05,27.80,39.40
14:43:15,27.80,39.20
14:43:25,27.80,39.20
14:43:35,27.80,39.10
14:43:45,27.80,39.00
14:43:55,27.80,39.30
14:44:05,27.80,39.40
14:44:15,27.80,39.10
14:44:25,27.80,39.30
14:44:35,27.80,39.50
14:44:45,27.80,39.00
14:44:55,27.80,38.90
14:45:05,27.80,38.90
14:45:15,27.80,38.90
14:45:25,27.80,38.90
14:45:40,27.80,38.90
14:45:51,27.80,38.90
14:46:00,27.80,39.00
14:46:10,27.80,38.80
14:46:21,27.80,38.80
14:46:31,27.80,39.00
14:46:40,27.80,39.00
14:46:51,27.80,38.90
14:47:00,27.70,38.80
14:47:10,27.80,38.80
14:47:21,27.80,38.90
14:47:30,27.70,39.00
14:47:40,27.70,39.20
14:47:51,27.70,39.30
14:48:01,27.70,39.50
14:48:11,27.70,39.60
14:48:21,27.70,39.30
14:48:31,27.70,39.10
14:48:41,27.70,39.10
14:48:51,27.70,39.30
14:49:01,27.70,39.40
14:49:11,27.70,39.30
14:49:21,27.70,39.20
14:49:31,27.70,39.10
14:49:41,27.70,39.20
14:49:51,27.70,39.10
14:50:01,27.70,39.00
14:50:11,27.70,39.00
14:50:21,27.70,39.10
14:50:31,27.70,39.00
14:50:50,27.70,39.00
14:51:00,27.70,39.30
14:51:10,27.70,39.00
14:51:20,27.70,39.30
14:51:30,27.70,39.00
14:51:40,27.70,39.30
14:51:50,27.70,39.10
14:52:00,27.70,39.10
14:52:10,27.70,39.00
14:52:20,27.70,38.90
14:52:30,27.70,38.90
14:52:40,27.70,39.10
14:52:50,27.70,39.00
14:53:00,27.70,39.00
14:53:10,27.70,39.00
14:53:20,27.70,39.10
14:53:30,27.70,39.00
14:53:41,27.70,39.20
14:53:51,27.70,39.10
14:54:01,27.70,39.00
14:54:11,27.70,39.20
14:54:21,27.70,39.10
14:54:31,27.70,39.10
14:54:41,27.70,39.00
14:54:51,27.70,38.90
14:55:01,27.70,39.00
14:55:11,27.70,39.10
14:55:21,27.70,39.20
14:55:31,27.70,39.10
14:55:41,27.70,39.00
14:55:54,27.70,39.10
14:56:05,27.70,39.20
14:56:14,27.70,39.10
14:56:25,27.70,39.10
14:56:35,27.60,39.00
14:56:44,27.70,38.90
14:56:54,27.60,39.20
14:57:05,27.70,39.00
14:57:14,27.70,39.00
14:57:24,27.70,39.00
14:57:35,27.70,39.00
14:57:44,27.70,39.00
14:57:54,27.70,39.20
14:58:05,27.70,39.00
14:58:14,27.70,39.00
14:58:25,27.70,39.10
14:58:35,27.70,39.10
14:58:44,27.70,38.90
14:58:55,27.70,38.90
14:59:05,27.70,39.00
14:59:16,27.70,39.10
14:59:25,27.70,38.80
15:00:25,27.70,39.00
15:00:35,27.70,38.90
15:00:44,27.70,39.00
15:01:00,27.70,38.90
15:01:10,27.70,39.10
15:01:20,27.70,38.80
15:01:30,27.70,38.70
15:01:40,27.70,38.80
15:01:50,27.70,38.80
15:02:00,27.70,39.10
15:02:10,27.70,38.80
15:02:20,27.70,38.90
15:02:30,27.70,38.70
15:02:40,27.70,38.80
15:02:50,27.70,38.60
15:03:00,27.70,38.60
15:03:10,27.70,38.90
15:03:20,27.70,38.60
15:03:30,27.70,38.80
15:03:40,27.70,38.90
15:03:50,27.70,39.00
15:04:00,27.70,38.70
15:04:10,27.70,38.90
15:04:20,27.70,38.70
15:04:30,27.70,38.70
15:04:40,27.70,38.50
15:04:50,27.70,38.80
15:05:00,27.80,37.70
15:05:10,27.70,37.50
15:05:20,27.70,37.50
15:05:30,27.70,37.60
15:05:40,27.80,37.60
15:05:50,27.80,37.30
15:06:02,27.80,37.50
15:06:13,27.80,37.60
15:06:26,27.80,37.70
15:06:32,27.70,37.50
15:06:42,27.80,36.50
15:06:52,27.80,36.80
15:07:02,27.80,36.60
15:07:12,27.80,36.50
15:07:22,27.80,36.30
15:07:32,27.80,36.40
15:07:42,27.80,36.50
15:07:52,27.80,36.70
15:08:02,27.80,36.00
15:08:12,27.80,36.10
15:08:22,27.80,35.90
15:08:32,27.80,35.90
15:08:42,27.80,35.90
15:08:52,27.80,35.90
15:09:02,27.80,35.70
15:09:12,27.80,35.70
15:09:22,27.80,35.70
15:09:32,27.80,35.90
15:09:42,27.80,36.40
15:09:52,27.80,36.10
15:10:02,27.80,35.60
15:10:12,27.80,35.80
15:10:22,27.80,35.90
15:10:32,27.80,35.80
15:10:42,27.80,35.80
15:10:52,27.80,35.70
15:11:13,27.80,36.00
15:11:23,27.80,36.10
15:11:33,27.80,36.40
15:11:43,27.80,36.30
15:11:53,27.80,36.50
15:12:03,27.80,36.30
15:12:13,27.80,36.40
15:12:23,27.80,36.40
15:12:33,27.80,36.50
15:12:43,27.80,36.50
15:12:53,27.80,36.60
15:13:03,27.80,36.50
15:13:13,27.80,36.70
15:13:23,27.80,36.70
15:13:33,27.80,36.70
15:13:43,27.80,36.50
15:13:53,27.80,36.60
15:14:03,27.80,36.70
15:14:13,27.80,36.50
15:14:23,27.80,36.60
15:14:33,27.80,36.70
15:14:43,27.80,36.60
15:14:53,27.80,36.90
15:15:03,27.80,36.50
15:15:13,27.80,36.40
15:15:23,27.80,36.30
15:15:33,27.80,36.70
15:15:43,27.80,36.40
15:15:53,27.80,36.50
15:16:07,27.80,36.60
15:16:17,27.80,36.70
15:16:27,27.80,36.70
15:16:37,27.80,36.80
15:16:47,27.70,36.90
15:16:57,27.80,36.90
15:17:07,27.70,36.90
15:17:17,27.70,37.00
15:17:27,27.70,37.00
15:17:37,27.70,37.00
15:17:47,27.70,37.10
15:17:57,27.70,37.20
15:18:07,27.70,37.20
15:18:17,27.70,37.30
15:18:27,27.70,37.30
15:18:37,27.70,37.30
15:18:47,27.70,37.40
15:18:57,27.70,37.30
15:19:07,27.70,37.40
15:19:17,27.70,37.50
15:19:27,27.70,37.50
15:19:37,27.70,37.50
15:19:47,27.70,37.50
15:19:57,27.70,37.60
15:20:07,27.70,37.60
15:20:17,27.70,37.60
15:20:27,27.70,37.60
15:20:37,27.70,37.60
15:20:47,27.70,37.70
15:20:57,27.70,37.70
15:21:09,27.70,37.70
15:21:19,27.70,37.70
15:21:29,27.70,37.70
15:21:39,27.70,37.70
15:21:49,27.70,37.80
15:21:59,27.70,37.80
15:22:09,27.70,37.80
15:22:19,27.70,37.80
15:22:29,27.70,37.80
15:22:39,27.70,37.80
15:22:49,27.70,37.80
15:22:59,27.70,37.80
15:23:09,27.70,37.90
15:23:19,27.70,38.00
15:23:29,27.70,38.00
15:23:39,27.70,38.00
15:23:49,27.70,38.10
15:23:59,27.70,38.20
15:24:09,27.70,38.00
15:24:19,27.70,38.10
15:24:29,27.70,38.10
15:24:39,27.70,38.00
15:24:49,27.70,38.10
15:24:59,27.70,38.10
15:25:09,27.70,38.10
15:25:19,27.60,38.10
15:25:29,27.70,38.00
15:25:39,27.60,38.10
15:25:49,27.70,38.10
15:25:59,27.70,38.10
15:26:13,27.60,38.10
15:26:23,27.60,38.20
15:26:33,27.70,38.20
15:26:43,27.60,38.40
15:26:53,27.70,38.20
15:27:03,27.70,38.10
15:27:13,27.70,38.10
15:27:23,27.70,38.10
15:27:33,27.70,38.20
15:27:43,27.60,38.20
15:27:53,27.60,38.20
15:28:03,27.70,38.20
15:28:13,27.60,38.20
15:28:23,27.60,38.20
15:28:33,27.70,38.30
15:28:43,27.60,38.40
15:28:53,27.70,38.40
15:29:03,27.60,38.20
15:29:13,27.70,38.20
15:29:23,27.60,38.30
15:29:33,27.60,38.20
15:29:43,27.60,38.20
15:29:53,27.70,38.20
15:30:03,27.70,38.10
15:30:13,27.70,38.20
15:30:23,27.70,38.10
15:30:33,27.70,38.20
15:30:43,27.70,38.20
15:30:53,27.70,38.20
15:31:03,27.70,38.20
15:31:17,27.70,38.20
15:31:27,27.60,38.10
15:31:37,27.70,38.20
15:31:47,27.70,38.30
15:31:57,27.60,38.20
15:32:07,27.60,38.20
15:32:17,27.60,38.30
15:32:27,27.60,38.30
15:32:37,27.60,38.20
15:32:47,27.60,38.30
15:32:57,27.70,38.30
15:33:07,27.70,38.30
15:33:17,27.60,38.30
15:33:27,27.70,38.20
15:33:37,27.60,38.30
15:33:47,27.70,38.40
15:33:57,27.60,38.40
15:34:07,27.60,38.40
15:34:17,27.60,38.40
15:34:27,27.60,38.40
15:34:37,27.70,38.40
15:34:47,27.60,38.40
15:34:57,27.70,38.30
15:35:07,27.60,38.40
15:35:17,27.60,38.40
15:35:27,27.60,38.40
15:35:37,27.60,38.50
15:35:47,27.60,38.50
15:35:57,27.60,38.40
15:36:07,27.60,38.40
15:36:17,27.60,38.50
15:36:27,27.60,38.40
15:36:37,27.60,38.40
15:36:47,27.60,38.50
15:36:57,27.60,38.50
15:37:07,27.60,38.50
15:37:17,27.60,38.50
15:37:27,27.60,38.50
15:37:37,27.60,38.50
15:37:47,27.60,38.50
15:37:57,27.60,38.40
15:38:07,27.60,38.50
15:38:17,27.60,38.50
15:38:27,27.60,38.50
15:38:37,27.60,38.60
15:38:47,27.60,38.60
15:38:57,27.60,38.50
15:39:07,27.60,38.60
15:39:17,27.60,38.60
15:39:27,27.60,38.60
15:39:37,27.60,38.60
15:39:47,27.60,38.60
15:39:57,27.60,38.60
15:40:07,27.60,38.60
15:40:17,27.60,38.60
15:40:27,27.60,38.60
15:40:37,27.60,38.60
15:40:47,27.60,38.60
15:40:57,27.60,38.60
15:41:07,27.60,38.60
15:41:19,27.60,38.60
15:41:29,27.60,38.60
15:41:39,27.60,38.60
15:41:49,27.60,38.70
15:41:59,27.60,38.60
15:42:09,27.60,38.60
15:42:19,27.50,38.70
15:42:29,27.60,38.70
15:42:39,27.60,38.80
15:42:49,27.50,38.80
15:42:59,27.50,38.80
15:43:09,27.50,38.80
15:43:19,27.50,38.90
15:43:29,27.50,39.00
15:43:39,27.60,39.10
15:43:49,27.60,38.80
15:43:59,27.60,38.80
15:44:09,27.60,38.80
15:44:19,27.60,38.80
15:44:29,27.60,39.00
15:44:39,27.60,38.90
15:44:49,27.60,38.90
15:44:59,27.60,39.00
15:45:09,27.60,38.90
15:45:20,27.60,38.80
15:45:30,27.60,38.80
15:45:39,27.60,38.80
15:45:49,27.60,38.80
15:46:00,27.60,38.80
15:46:09,27.60,38.80
15:46:25,27.60,38.70
15:46:35,27.60,38.70
15:46:45,27.50,38.80
15:46:55,27.60,38.80
15:47:05,27.60,38.80
15:47:15,27.60,38.80
15:47:25,27.60,38.80
15:47:35,27.60,38.80
15:47:45,27.50,38.70
15:47:55,27.60,38.70
15:48:05,27.60,38.80
15:48:15,27.50,38.80
15:48:25,27.50,38.80
15:48:35,27.50,38.80
15:48:45,27.50,38.80
15:48:55,27.50,38.80
15:49:05,27.50,38.80
15:49:15,27.50,38.80
15:49:25,27.50,38.80
15:49:35,27.50,38.80
15:49:45,27.50,38.80
15:49:55,27.50,38.80
15:50:05,27.50,38.80
15:50:15,27.50,38.80
15:50:25,27.50,38.80
15:50:35,27.50,38.80
15:50:45,27.50,38.80
15:50:55,27.50,38.80
15:51:05,27.50,38.80
15:51:15,27.50,38.80
15:51:29,27.50,38.90
15:51:39,27.50,38.90
15:51:49,27.50,38.90
15:51:59,27.50,38.90
15:52:09,27.50,38.90
15:52:19,27.50,38.90
15:52:29,27.50,38.90
15:52:39,27.50,38.90
15:52:49,27.50,38.90
15:52:59,27.50,38.90
15:53:09,27.50,38.90
15:53:19,27.50,38.90
15:53:29,27.50,38.90
15:53:39,27.50,38.90
15:53:49,27.50,38.90
15:53:59,27.50,38.90
15:54:09,27.50,38.90
15:54:19,27.50,38.90
15:54:29,27.50,38.90
15:54:39,27.50,38.90
15:54:49,27.50,38.90
15:54:59,27.50,38.90
15:55:09,27.50,38.90
15:55:19,27.50,38.90
15:55:29,27.50,38.90
15:55:39,27.50,38.90
15:55:49,27.50,38.90
15:55:59,27.50,38.90
15:56:09,27.50,38.90
15:56:19,27.50,38.90
15:56:33,27.50,39.00
15:56:43,27.50,38.90
15:56:53,27.50,38.90
15:57:03,27.50,38.90
15:57:13,27.50,38.90
15:57:23,27.50,38.90
15:57:33,27.50,38.90
15:57:43,27.50,38.90
15:57:53,27.50,38.90
15:58:03,27.50,38.80
15:58:13,27.50,38.90
15:58:23,27.50,38.80
15:58:33,27.50,38.80
15:58:43,27.50,38.90
15:58:53,27.50,38.80
15:59:03,27.50,38.80
15:59:13,27.50,38.80
15:59:23,27.50,38.80
15:59:33,27.50,38.80
15:59:43,27.50,38.80
15:59:53,27.50,38.80
16:00:03,27.50,38.70
16:00:13,27.50,38.80
16:00:23,27.50,38.80
16:00:33,27.50,38.70
16:00:43,27.50,38.60
16:00:53,27.50,38.60
16:01:03,27.50,38.60
16:01:13,27.60,38.50
16:01:23,27.60,38.50
16:01:36,27.60,38.50
16:01:46,27.60,38.50
16:01:56,27.60,38.40
16:02:06,27.60,38.40
16:02:16,27.60,38.40
16:02:26,27.60,38.30
16:02:36,27.60,38.40
16:02:46,27.60,38.40
16:02:56,27.60,38.40
16:03:06,27.60,38.30
16:03:16,27.60,38.30
16:03:26,27.60,38.20
16:03:36,27.60,38.20
16:03:46,27.60,38.10
16:03:56,27.60,38.10
16:04:06,27.70,38.00
16:04:16,27.70,38.00
16:04:26,27.70,37.80
16:04:36,27.70,37.90
16:04:46,27.70,38.00
16:04:56,27.70,37.90
16:05:06,27.70,37.90
16:05:16,27.70,37.90
16:05:26,27.70,37.90
16:05:36,27.70,37.70
16:05:46,27.70,37.70
16:05:56,27.70,37.70
16:06:06,27.70,37.60
16:06:16,27.70,37.70
16:06:26,27.70,37.60
16:06:39,27.70,37.60
16:06:49,27.70,37.60
16:06:59,27.70,37.60
16:07:09,27.70,37.60
16:07:19,27.70,37.60
16:07:29,27.70,37.50
16:07:39,27.70,37.60
16:07:49,27.70,37.60
16:07:59,27.70,37.60
16:08:09,27.70,37.60
16:08:19,27.70,37.50
16:08:29,27.70,37.50
16:08:39,27.70,37.50
16:08:49,27.70,37.50
16:08:59,27.70,37.60
16:09:09,27.70,37.60
16:09:19,27.70,37.50
16:09:29,27.70,37.60
16:09:39,27.70,37.50
16:09:49,27.70,37.50
16:09:59,27.70,37.50
16:10:09,27.70,37.40
16:10:19,27.70,37.50
16:10:29,27.80,37.40
16:10:39,27.70,37.40
16:10:49,27.70,37.40
16:10:59,27.70,37.40
16:11:09,27.70,37.40
16:11:19,27.70,37.50
16:11:29,27.80,37.50
16:11:41,27.80,37.40
16:11:51,27.70,37.40
16:12:01,27.70,37.30
16:12:11,27.70,37.30
16:12:21,27.70,37.40
16:12:31,27.80,37.30
16:12:41,27.80,37.30
16:12:51,27.70,37.20
16:13:01,27.80,37.30
16:13:11,27.80,37.20
16:13:21,27.80,37.20
16:13:31,27.80,37.20
16:13:41,27.80,37.20
16:13:51,27.80,37.20
16:14:01,27.80,37.00
16:14:11,27.80,37.00
16:14:21,27.80,37.00
16:14:31,27.80,36.90
16:14:41,27.80,36.80
16:14:51,27.80,36.80
16:15:01,27.80,36.90
16:15:11,27.80,37.00
16:15:21,27.80,36.90
16:15:31,27.80,36.90
16:15:41,27.80,36.80
16:15:51,27.80,36.80
16:16:01,27.80,36.90
16:16:11,27.80,36.80
16:16:21,27.80,36.70
16:16:31,27.80,36.70
16:16:44,27.80,36.70
16:16:54,27.80,36.70
16:17:04,27.80,36.70
16:17:14,27.80,36.70
16:17:24,27.80,36.70
16:17:34,27.80,36.80
16:17:44,27.80,36.70
16:17:54,27.80,36.80
16:18:04,27.80,36.80
16:18:14,27.80,36.80
16:18:24,27.80,36.70
16:18:34,27.80,36.70
16:18:44,27.80,36.70
16:18:54,27.80,36.80
16:19:04,27.80,36.80
16:19:14,27.80,36.70
16:19:24,27.80,36.70
16:19:34,27.80,36.70
16:19:44,27.80,36.80
16:19:54,27.80,36.60
16:20:04,27.80,36.70
16:20:14,27.80,36.70
16:20:24,27.80,36.60
16:20:34,27.80,36.50
16:20:44,27.80,36.60
16:20:54,27.80,36.40
16:21:04,27.80,36.50
16:21:14,27.80,36.50
16:21:24,27.80,36.50
16:21:34,27.80,36.50
16:21:47,27.80,36.60
16:21:57,27.80,36.40
16:22:07,27.80,36.50
16:22:17,27.80,36.50
16:22:27,27.80,36.40
16:22:37,27.80,36.30
16:22:47,27.80,36.30
16:22:57,27.80,36.30
16:23:07,27.80,36.30
16:23:17,27.80,36.30
16:23:27,27.80,36.20
16:23:37,27.80,36.20
16:23:47,27.80,36.20
16:23:57,27.80,36.20
16:24:07,27.80,36.30
16:24:17,27.80,36.20
16:24:27,27.80,36.20
16:24:37,27.80,36.10
16:24:47,27.80,36.10
16:24:57,27.80,36.10
16:25:07,27.90,36.10
16:25:17,27.80,36.20
16:25:27,27.80,36.10
16:25:37,27.90,36.10
16:25:47,27.90,36.00
16:25:57,27.80,35.90
16:26:07,27.90,35.90
16:26:17,27.90,35.90
16:26:27,27.90,35.90
16:26:37,27.90,36.00
16:26:50,27.80,36.00
16:27:00,27.80,36.00
16:27:10,27.90,36.00
16:27:20,27.90,35.80
16:27:30,27.90,35.90
16:27:40,27.90,35.80
16:27:50,27.80,35.80
16:28:00,27.90,35.70
16:28:10,27.90,35.60
16:28:20,27.90,35.70
16:28:30,27.90,35.80
16:28:40,27.90,35.70
16:28:50,27.90,35.80
16:29:00,27.90,35.70
16:29:10,27.90,35.60
16:29:20,27.90,35.60
16:29:30,27.90,35.60
16:29:40,27.90,35.30
16:29:50,27.90,35.20
16:30:00,27.90,35.40
16:30:10,27.90,35.50
16:30:20,27.90,35.40
16:30:30,27.90,35.50
16:30:40,27.90,35.50
16:30:50,27.90,35.50
16:31:00,27.90,35.50
16:31:10,27.90,35.60
16:31:20,27.90,35.60
16:31:30,27.90,35.60
16:31:40,27.90,35.60
16:31:54,27.90,35.60
16:32:04,27.90,35.60
16:32:14,27.90,35.60
16:32:24,27.90,35.50
16:32:34,27.90,35.70
16:32:44,27.90,35.50
16:32:54,27.90,35.50
16:33:04,27.90,35.40
16:33:14,27.90,35.50
16:33:25,27.90,35.50
16:33:34,27.90,35.60
16:33:44,27.90,35.50
16:33:54,27.90,35.50
16:34:04,27.90,35.50
16:34:14,27.90,35.60
16:34:24,27.90,35.40
16:34:34,27.90,35.50
16:34:44,27.90,35.40
16:34:54,27.90,35.40
16:35:04,27.90,35.40
16:35:14,27.90,35.30
16:35:24,27.90,35.20
16:35:34,27.90,34.80
16:35:44,27.90,34.90
16:35:54,27.90,35.00
16:36:04,27.90,35.10
16:36:14,27.90,35.10
16:36:24,27.90,34.90
16:36:34,28.00,34.70
16:36:44,28.00,34.90
16:36:57,28.00,35.00
16:37:07,28.00,35.10
16:37:17,28.00,35.10
16:37:27,28.00,35.20
16:37:37,27.90,35.20
16:37:47,28.00,35.10
16:37:57,27.90,35.10
16:38:07,28.00,35.10
16:38:17,28.00,35.10
16:38:27,28.00,35.00
16:38:37,28.00,35.10
16:38:47,28.00,34.90
16:38:57,28.00,34.80
16:39:07,28.00,35.00
16:39:17,28.00,34.90
16:39:27,28.00,34.20
16:39:37,28.00,34.90
16:39:47,28.00,34.90
16:39:57,28.00,34.80
16:40:07,28.00,34.90
16:40:17,28.00,34.70
16:40:27,28.00,34.70
16:40:37,28.00,34.70
16:40:47,28.00,34.20
16:40:57,28.00,33.80
16:41:07,28.00,33.50
16:41:17,28.00,33.20
16:41:27,28.00,33.60
16:41:37,28.00,33.40
16:41:47,28.00,33.50
16:41:59,28.10,34.10
16:42:09,28.00,34.10
16:42:19,28.10,33.80
16:42:29,28.10,34.20
16:42:39,28.10,34.10
16:42:49,28.00,34.20
16:42:59,28.00,34.30
16:43:09,28.00,34.20
16:43:19,28.00,34.30
16:43:29,28.00,34.40
16:43:39,28.00,34.10
16:43:49,28.00,34.10
16:44:00,28.00,34.30
16:44:09,28.10,34.20
16:44:19,28.10,34.10
16:44:29,28.00,33.80
16:44:39,28.00,33.90
16:44:49,28.10,34.20
16:44:59,28.10,34.10
16:45:09,28.10,34.30
16:45:19,28.00,34.00
16:45:29,28.10,34.00
16:45:39,28.10,34.20
16:45:49,28.10,34.20
16:45:59,28.10,33.90
16:46:09,28.10,34.30
16:46:19,28.10,33.90
16:46:29,28.10,33.70
16:46:39,28.10,33.40
16:46:49,28.10,34.10
16:47:02,28.10,34.00
16:47:12,28.10,33.60
16:47:22,28.10,33.30
16:47:32,28.10,33.40
16:47:42,28.10,33.70
16:47:52,28.10,33.80
16:48:02,28.10,33.80
16:48:12,28.10,33.60
16:48:22,28.10,33.80
16:48:32,28.10,33.70
16:48:42,28.10,33.60
16:48:52,28.10,33.70
16:49:02,28.10,33.30
16:49:12,28.10,33.20
16:49:22,28.10,33.30
16:49:32,28.20,33.40
16:49:42,28.20,33.10
16:49:52,28.20,33.50
16:50:02,28.20,33.70
16:50:12,28.20,33.70
16:50:22,28.20,33.60
16:50:32,28.20,33.60
16:50:42,28.10,33.60
16:50:52,28.10,33.50
16:51:02,28.10,33.60
16:51:12,28.20,33.50
16:51:22,28.20,33.50
16:51:32,28.20,33.50
16:51:42,28.20,33.70
16:51:52,28.20,33.70
16:52:05,28.20,33.70
16:52:15,28.10,33.90
16:52:25,28.10,33.70
16:52:35,28.10,33.70
16:52:45,28.10,33.70
16:52:55,28.10,33.80
16:53:05,28.10,33.80
16:53:15,28.10,33.80
16:53:25,28.10,33.90
16:53:35,28.10,33.90
16:53:45,28.10,33.90
16:53:55,28.10,33.90
16:54:05,28.10,33.80
16:54:15,28.10,33.70
16:54:25,28.10,33.30
16:54:35,28.10,33.10
16:54:45,28.10,33.40
16:54:55,28.10,33.70
16:55:05,28.10,33.80
16:55:15,28.10,33.30
16:55:25,28.10,33.20
16:55:35,28.10,33.10
16:55:45,28.10,33.40
16:55:55,28.10,33.50
16:56:05,28.10,33.70
16:56:15,28.10,33.70
16:56:25,28.10,33.80
16:56:35,28.10,33.80
16:56:45,28.10,33.80
16:56:55,28.10,33.80
16:57:10,28.10,33.90
16:57:20,28.10,33.80
16:57:30,28.10,33.80
16:57:40,28.10,33.70
16:57:50,28.10,33.80
16:58:00,28.10,33.80
16:58:10,28.20,33.70
16:58:20,28.20,33.90
16:58:30,28.10,33.80
16:58:40,28.10,33.80
16:58:50,28.20,33.70
16:59:00,28.20,33.80
16:59:10,28.20,33.70
16:59:20,28.20,33.60
16:59:30,28.20,33.70
16:59:40,28.10,33.70
16:59:50,28.10,33.70
17:00:00,28.10,33.60
17:00:10,28.10,33.60
17:00:20,28.10,33.70
17:00:30,28.20,33.60
17:00:40,28.20,33.60
17:00:50,28.20,33.70
17:01:00,28.20,33.60
17:01:10,28.20,33.70
17:01:20,28.20,33.60
17:01:30,28.20,33.50
17:01:40,28.20,33.50
17:01:50,28.20,33.50
17:02:00,28.20,33.50
17:02:14,28.10,33.50
17:02:24,28.20,33.50
17:02:34,28.20,33.30
17:02:44,28.20,33.30
17:02:54,28.20,33.30
17:03:04,28.20,33.30
17:03:14,28.20,33.30
17:03:24,28.20,33.30
17:03:34,28.20,33.30
17:03:44,28.20,33.20
17:03:54,28.20,33.20
17:04:04,28.20,33.20
17:04:14,28.20,33.20
17:04:24,28.20,33.20
17:04:34,28.20,33.20
17:04:44,28.20,33.20
17:04:54,28.20,33.30
17:05:04,28.20,33.40
17:05:14,28.20,33.40
17:05:24,28.20,33.40
17:05:34,28.20,33.50
17:05:44,28.20,33.60
17:05:54,28.20,33.50
17:06:04,28.20,33.50
17:06:14,28.20,33.50
17:06:24,28.20,33.50
17:06:34,28.20,33.60
17:06:44,28.20,33.50
17:06:54,28.20,33.50
17:07:04,28.20,33.60
17:07:16,28.20,33.50
17:07:26,28.20,33.50
17:07:36,28.20,33.50
17:07:46,28.20,33.50
17:07:56,28.20,33.50
17:08:06,28.20,33.60
17:08:16,28.20,33.50
17:08:26,28.20,33.40
17:08:36,28.20,33.40
17:08:46,28.20,33.40
17:08:56,28.20,33.60
17:09:06,28.20,33.50
17:09:16,28.20,33.50
17:09:26,28.20,33.60
17:09:36,28.20,33.50
17:09:46,28.20,33.50
17:09:56,28.20,33.50
17:10:06,28.20,33.40
17:10:16,28.20,33.50
17:10:26,28.20,33.50
17:10:36,28.20,33.40
17:10:46,28.20,33.40
17:10:56,28.20,33.30
17:11:06,28.20,33.40
17:11:16,28.10,33.50
17:11:26,28.20,33.50
17:11:36,28.10,33.30
17:11:46,28.20,33.10
17:11:56,28.10,33.30
17:12:06,28.10,33.20
17:12:20,28.10,33.30
17:12:30,28.10,33.30
17:12:40,28.10,33.40
17:12:50,28.10,33.50
17:13:00,28.10,33.50
17:13:10,28.10,33.60
17:13:20,28.10,33.50
17:13:30,28.10,33.50
17:13:40,28.10,33.60
17:13:50,28.10,33.60
17:14:00,28.10,33.60
17:14:10,28.10,33.40
17:14:20,28.10,33.40
17:14:30,28.10,33.20
17:14:40,28.10,32.90
17:14:50,28.10,33.00
17:15:00,28.10,32.70
17:15:10,28.10,32.60
17:15:20,28.10,32.60
17:15:30,28.10,32.80
17:15:40,28.10,32.90
17:15:50,28.10,32.90
17:16:02,28.10,32.80
17:16:10,28.10,32.90
17:16:20,28.20,32.80
17:16:30,28.20,32.70
17:16:40,28.10,32.80
17:16:50,28.20,33.00
17:17:00,28.20,33.00
17:17:10,28.20,32.80
17:17:23,28.20,32.70
17:17:33,28.20,32.80
17:17:43,28.20,32.80
17:17:53,28.20,32.40
17:18:03,28.20,32.40
17:18:13,28.10,32.60
17:18:23,28.20,32.60
17:18:33,28.20,32.60
17:18:43,28.20,32.70
17:18:53,28.20,32.50
17:19:03,28.20,32.60
17:19:13,28.20,32.70
17:19:23,28.20,32.50
17:19:33,28.20,32.40
17:19:43,28.20,32.40
17:19:53,28.20,32.60
17:20:03,28.20,32.60
17:20:13,28.20,32.60
17:20:23,28.20,32.70
17:20:33,28.10,32.70
17:20:43,28.10,32.50
17:20:53,28.10,32.50
17:21:03,28.10,32.60
17:21:13,28.10,32.60
17:21:23,28.10,32.60
17:21:33,28.10,32.70
17:21:43,28.10,32.80
17:21:54,28.10,32.90
17:22:03,28.10,33.00
17:22:13,28.10,33.00
17:22:27,28.10,33.10
17:22:37,28.10,33.20
17:22:47,28.10,33.30
17:22:57,28.10,33.20
17:23:07,28.10,33.20
17:23:17,28.10,33.30
17:23:27,28.10,33.30
17:23:37,28.10,33.30
17:23:47,28.10,33.30
17:23:57,28.10,33.50
17:24:07,28.10,33.50
17:24:17,28.10,33.90
17:24:27,28.20,33.90
17:24:37,28.20,33.90
17:24:47,28.20,33.90
17:24:57,28.20,34.10
17:25:07,28.20,34.10
17:25:17,28.20,34.10
17:25:27,28.20,34.20
17:25:37,28.30,34.10
17:25:48,28.20,34.00
17:25:57,28.20,33.80
17:26:07,28.20,33.90
17:26:17,28.30,33.80
17:26:27,28.30,33.80
17:26:37,28.30,33.60
17:26:47,28.30,33.60
17:26:57,28.30,33.50
17:27:07,28.30,33.50
17:27:17,28.30,33.50
17:27:35,28.30,33.70
17:27:45,28.30,33.60
17:27:55,28.30,33.50
17:28:05,28.30,33.40
17:28:15,28.30,33.30
17:28:25,28.30,33.40
17:28:35,28.30,33.60
17:28:45,28.30,33.50
17:28:55,28.30,33.40
17:29:05,28.30,33.60
17:29:15,28.30,33.60
17:29:25,28.30,33.50
17:29:37,28.30,33.50
17:29:45,28.30,33.70
17:29:55,28.30,33.50
17:30:05,28.30,33.50
17:30:15,28.40,33.60
17:30:25,28.30,33.50
17:30:35,28.40,33.30
17:30:45,28.40,33.40
17:30:55,28.40,33.50
17:31:05,28.40,33.50
17:31:15,28.40,33.50
17:31:25,28.40,33.50
17:31:35,28.40,33.50
17:31:45,28.40,33.80
17:31:55,28.40,33.90
17:32:05,28.40,33.80
17:32:15,28.40,33.70
17:32:25,28.30,33.60
17:32:39,28.30,33.40
17:32:49,28.30,33.40
17:32:59,28.30,33.30
17:33:09,28.30,33.20
17:33:19,28.30,33.10
17:33:29,28.30,33.10
17:33:39,28.30,33.20
17:33:49,28.30,33.30
17:33:59,28.30,33.40
17:34:09,28.30,33.50
17:34:19,28.30,33.40
17:34:29,28.30,33.40
17:34:39,28.20,33.40
17:34:49,28.30,33.40
17:34:59,28.20,33.50
17:35:09,28.20,33.50
17:35:19,28.30,33.50
17:35:29,28.20,33.50
17:35:39,28.20,33.50
17:35:49,28.20,33.60
17:35:59,28.20,33.70
17:36:09,28.30,33.70
17:36:19,28.30,33.70
17:36:29,28.30,33.70
17:36:39,28.30,33.70
17:36:49,28.30,33.70
17:36:59,28.20,33.70
17:37:09,28.30,33.70
17:37:19,28.20,33.70
17:37:29,28.30,33.70
17:37:43,28.20,33.50
17:37:53,28.20,33.40
17:38:03,28.20,33.50
17:38:13,28.20,33.50
17:38:23,28.20,33.50
17:38:33,28.20,33.50
17:38:43,28.20,33.50
17:38:53,28.20,33.50
17:39:03,28.20,33.50
17:39:13,28.20,33.50
17:39:23,28.20,33.40
17:39:33,28.20,33.30
17:39:43,28.20,33.20
17:39:53,28.20,33.30
17:40:03,28.20,33.30
17:40:13,28.20,33.20
17:40:23,28.20,33.20
17:40:33,28.20,33.20
17:40:43,28.20,33.20
17:40:53,28.20,33.20
17:41:03,28.20,33.10
17:41:13,28.20,33.10
17:41:23,28.20,33.10
17:41:33,28.20,33.10
17:41:43,28.20,33.10
17:41:53,28.20,33.00
17:42:03,28.20,32.70
17:42:13,28.20,32.80
17:42:23,28.10,32.90
17:42:33,28.10,33.00
17:42:46,28.10,33.00
17:42:56,28.10,33.00
17:43:06,28.10,32.90
17:43:16,28.10,32.90
17:43:26,28.10,32.90
17:43:36,28.10,32.90
17:43:46,28.10,33.00
17:43:56,28.10,33.00
17:44:06,28.10,32.90
17:44:16,28.10,33.00
17:44:26,28.10,32.90
17:44:36,28.10,33.00
17:44:46,28.10,33.00
17:44:56,28.10,33.00
17:45:06,28.10,33.00
17:45:16,28.10,33.00
17:45:26,28.10,33.00
17:45:36,28.10,33.00
17:45:46,28.10,33.00
17:45:56,28.10,33.10
17:46:06,28.10,33.10
17:46:16,28.10,33.10
17:46:26,28.10,33.00
17:46:36,28.10,33.10
17:46:46,28.10,33.10
17:46:56,28.10,33.10
17:47:06,28.10,33.10
17:47:16,28.10,33.00
17:47:26,28.10,33.10
17:47:36,28.10,33.10
17:47:51,28.00,33.00
17:48:01,28.10,33.10
17:48:11,28.00,33.10
17:48:21,28.10,33.10
17:48:31,28.00,33.10
17:48:41,28.00,33.10
17:48:51,28.10,33.10
17:49:01,28.00,33.10
17:49:11,28.00,33.10
17:49:21,28.10,33.10
17:49:31,28.10,33.10
17:49:41,28.00,33.10
17:49:51,28.00,33.10
17:50:01,28.10,33.10
17:50:11,28.00,33.10
17:50:21,28.00,33.10
17:50:31,28.00,33.10
17:50:41,28.00,33.10
17:50:51,28.00,33.10
17:51:01,28.00,33.10
17:51:11,28.00,33.10
17:51:21,28.00,33.10
17:51:31,28.00,33.00
17:51:41,28.00,33.10
17:51:51,28.00,33.10
17:52:01,28.00,33.10
17:52:11,28.00,33.10
17:52:21,28.00,33.10
17:52:31,28.00,33.10
17:52:41,28.00,33.10
17:52:56,28.00,33.10
17:53:06,28.00,33.10
17:53:16,28.00,33.10
17:53:26,28.00,33.10
17:53:36,28.00,33.10
17:53:46,28.00,33.00
17:53:56,28.00,33.10
17:54:06,28.00,33.10
17:54:16,28.00,33.10
17:54:26,28.00,33.00
17:54:36,28.00,32.90
17:54:46,28.00,33.00
17:54:56,28.00,33.10
17:55:06,28.00,33.10
17:55:16,28.00,33.10
17:55:26,28.00,33.10
17:55:36,28.00,33.10
17:55:46,28.00,33.00
17:55:56,28.00,33.10
17:56:06,28.00,33.00
17:56:16,28.00,33.00
17:56:26,28.00,33.10
17:56:36,28.00,33.20
17:56:46,28.00,33.10
17:56:56,28.00,33.10
17:57:06,28.00,33.10
17:57:16,28.00,33.10
17:57:26,28.00,33.10
17:57:36,28.00,33.10
17:57:46,28.00,33.10
17:57:59,28.00,33.20
17:58:09,28.00,33.00
17:58:19,28.00,33.00
17:58:29,28.00,32.90
17:58:39,28.00,32.90
17:58:49,28.00,33.00
17:58:59,28.00,32.90
17:59:09,28.00,32.90
17:59:19,28.00,32.90
17:59:29,28.00,33.00
17:59:39,28.00,32.90
17:59:49,28.00,32.90
17:59:59,28.00,32.90
18:00:09,28.00,32.90
18:00:19,28.00,32.90
18:00:29,28.00,32.90
18:00:39,28.00,32.90
18:00:49,28.00,32.80
18:00:59,28.00,32.90
18:01:09,28.00,32.80
18:01:19,28.00,32.90
18:01:29,28.00,32.90
18:01:39,28.00,32.80
18:01:49,28.00,32.80
18:01:59,28.00,32.80
18:02:09,28.00,32.90
18:02:19,28.00,32.80
18:02:29,28.00,32.90
18:02:39,28.00,32.80
18:02:49,28.00,32.80
18:03:03,28.00,32.90
18:03:13,28.00,32.90
18:03:23,28.00,32.80
18:03:33,28.00,32.80
18:03:43,28.00,32.80
18:03:53,28.00,32.70
18:04:03,28.00,32.70
18:04:13,28.00,32.70
18:04:23,28.00,32.60
18:04:33,28.00,32.50
18:04:43,28.00,32.60
18:04:53,28.00,32.60
18:05:03,28.00,32.60
18:05:13,28.00,32.70
18:05:23,28.00,32.70
18:05:33,28.00,32.60
18:05:43,28.00,32.70
18:05:53,28.00,32.70
18:06:03,28.00,32.60
18:06:13,28.00,32.70
18:06:23,28.00,32.60
18:06:33,27.90,32.60
18:06:43,28.00,32.60
18:06:53,27.90,32.60
18:07:03,28.00,32.50
18:07:13,27.90,32.50
18:07:23,28.00,32.40
18:07:33,28.00,32.40
18:07:43,28.00,32.40
18:07:53,28.00,32.40
18:08:08,27.90,32.20
18:08:18,28.00,32.40
18:08:28,28.00,32.40
18:08:38,27.90,32.30
18:08:48,27.90,32.30
18:08:58,28.00,32.20
18:09:08,28.00,32.20
18:09:18,27.90,32.20
18:09:28,28.00,32.30
18:09:38,27.90,32.10
18:09:48,27.90,32.20
18:09:58,27.90,32.10
18:10:08,27.90,32.10
18:10:18,27.90,32.20
18:10:28,27.90,32.20
18:10:38,27.90,32.10
18:10:48,27.90,32.20
18:10:58,27.90,32.00
18:11:08,27.90,32.20
18:11:18,27.90,32.20
18:11:28,27.90,32.30
18:11:38,27.90,32.20
18:11:48,27.90,32.20
18:11:58,27.90,32.30
18:12:08,27.90,32.20
18:12:18,27.90,32.20
18:12:28,27.90,32.20
18:12:38,27.90,32.20
18:12:48,28.00,32.20
18:13:01,28.00,32.30
18:13:24,27.90,32.20
18:13:34,27.90,32.20
18:13:44,27.90,32.20
18:13:54,27.90,32.30
18:14:04,27.90,32.20
18:14:14,27.90,32.20
18:14:24,27.90,32.20
18:14:34,27.90,32.10
18:14:44,27.90,32.00
18:14:54,27.90,31.70
18:15:04,27.90,31.70
18:15:14,27.90,31.90
18:15:24,27.90,31.90
18:15:34,27.90,31.50
18:15:44,27.90,31.30
18:15:54,27.90,31.20
18:16:04,27.90,31.30
18:16:14,27.90,31.40
18:16:24,27.90,31.20
18:16:34,27.90,31.20
18:16:44,27.90,31.60
18:16:54,28.00,31.70
18:17:04,27.90,31.70
18:17:14,27.90,31.60
18:17:24,27.90,31.20
18:17:34,27.90,31.40
18:17:44,27.90,31.40
18:17:54,28.00,31.30
18:18:04,28.00,30.90
18:18:23,27.90,30.80
18:18:33,27.90,30.70
18:18:43,27.90,30.80
18:18:53,27.90,30.80
18:19:03,27.90,30.60
18:19:13,27.90,30.40
18:19:23,27.90,30.90
18:19:33,27.90,31.30
18:19:43,27.90,31.40
18:19:53,27.90,30.80
18:20:03,27.90,30.60
18:20:13,27.90,30.60
18:20:23,27.90,30.60
18:20:33,28.00,30.50
18:20:43,27.90,30.50
18:20:53,27.90,30.50
18:21:03,27.90,30.50
18:21:15,27.90,30.50
18:21:23,27.90,30.40
18:21:33,27.90,30.40
18:21:43,27.90,30.10
18:21:53,27.90,30.10
18:22:03,27.90,30.10
18:22:13,27.90,30.10
18:22:23,27.90,30.20
18:22:33,27.90,30.10
18:22:43,27.90,29.80
18:22:53,27.90,29.90
18:23:05,27.90,29.80
18:23:13,27.90,29.70
18:23:30,27.90,29.70
18:23:40,27.90,29.80
18:23:50,27.90,29.60
18:24:00,27.90,29.60
18:24:10,27.90,29.70
18:24:20,27.90,29.50
18:24:30,27.90,29.30
18:24:40,27.90,29.40
18:24:50,27.90,29.50
18:25:00,27.90,29.50
18:25:10,27.90,29.70
18:25:20,27.90,29.80
18:25:30,27.90,29.80
18:25:40,27.90,29.80
18:25:50,27.90,29.80
18:26:00,27.90,29.70
18:26:10,27.90,29.90
18:26:20,27.90,29.80
18:26:30,27.90,29.90
18:26:40,27.90,29.90
18:26:50,27.90,29.80
18:27:00,27.90,30.00
18:27:10,27.90,29.70
18:27:20,27.90,29.90
18:27:30,27.90,30.00
18:27:40,27.90,30.00
18:27:50,27.90,29.90
18:28:00,27.90,29.90
18:28:10,27.90,29.80
18:28:20,27.90,29.90
18:28:35,27.90,29.70
18:28:46,27.90,29.60
18:28:55,27.90,29.70
18:29:05,27.90,29.70
18:29:15,27.90,29.60
18:29:25,27.90,29.50
18:29:35,27.90,29.40
18:29:46,27.90,29.30
18:29:55,27.90,29.20
18:30:05,27.90,29.10
18:30:15,27.90,29.10
18:30:25,27.90,29.40
18:30:35,27.90,29.20
18:30:46,27.90,29.10
18:30:56,27.90,29.10
18:31:06,27.90,29.20
18:31:15,27.90,29.20
18:31:26,27.90,29.20
18:31:35,27.90,29.10
18:31:46,27.90,29.00
18:31:56,27.90,29.10
18:32:05,27.90,29.20
18:32:15,27.90,29.30
18:32:26,27.90,29.10
18:32:35,27.90,29.20
18:32:45,27.90,29.10
18:32:56,27.90,29.20
18:33:05,27.90,29.30
18:33:16,27.90,29.40
18:33:26,27.90,29.50
18:33:41,27.90,29.50
18:33:51,27.90,29.50
18:34:01,27.90,29.60
18:34:11,27.90,29.60
18:34:21,27.90,29.50
18:34:31,27.90,29.50
18:34:41,27.90,29.50
18:34:51,27.90,29.50
18:35:01,27.90,29.40
18:35:11,27.90,29.50
18:35:21,27.90,29.40
18:35:31,27.90,29.40
18:35:41,27.90,29.30
18:35:51,27.90,29.40
18:36:01,27.90,29.40
18:36:11,27.90,29.40
18:36:21,27.90,29.50
18:36:31,27.90,29.50
18:36:41,27.90,29.50
18:36:51,27.90,29.50
18:37:01,27.90,29.50
18:37:11,27.90,29.60
18:37:21,27.90,29.50
18:37:31,27.90,29.60
18:37:41,27.90,29.50
18:37:51,27.90,29.50
18:38:01,27.90,29.50
18:38:11,27.90,29.60
18:38:21,27.90,29.70
18:38:31,27.90,29.60
18:38:45,27.90,29.50
18:38:55,27.90,29.50
18:39:05,27.90,29.40
18:39:15,27.90,29.40
18:39:25,27.90,29.60
18:39:35,27.90,29.50
18:39:45,27.90,29.50
18:39:55,27.90,29.40
18:40:05,27.90,29.40
18:40:15,27.90,29.40
18:40:25,27.90,29.40
18:40:35,27.90,29.50
18:40:45,27.90,29.40
18:40:55,27.90,29.40
18:41:05,27.90,29.30
18:41:15,27.90,29.20
18:41:25,27.90,29.40
18:41:35,27.90,29.50
18:41:45,27.90,29.60
18:41:55,27.90,29.30
18:42:05,27.90,29.50
18:42:15,27.90,29.50
18:42:25,27.90,29.10
18:42:35,27.90,28.80
18:42:45,27.90,28.90
18:42:55,27.90,29.00
18:43:05,27.90,28.70
18:43:15,27.90,28.70
18:43:25,27.90,28.80
18:43:35,27.90,28.90
18:43:50,27.90,29.00
18:44:00,28.00,28.80
18:44:10,27.90,28.70
18:44:20,27.90,28.70
18:44:30,27.90,28.80
18:44:40,27.90,28.90
18:44:50,27.90,28.90
18:45:00,27.90,28.90
18:45:10,27.90,28.90
18:45:20,27.90,28.90
18:45:30,27.90,28.90
18:45:40,27.90,29.00
18:45:50,27.90,29.00
18:46:00,27.90,29.20
18:46:10,27.90,29.20
18:46:20,27.90,29.20
18:46:30,27.90,29.40
18:46:40,27.90,29.70
18:46:50,28.00,29.70
18:47:00,27.90,29.40
18:47:10,27.90,29.40
18:47:20,28.00,29.40
18:47:30,27.90,29.30
18:47:40,27.90,29.20
18:47:50,27.90,29.10
18:48:00,27.90,29.10
18:48:10,27.90,29.10
18:48:20,27.90,28.90
18:48:30,27.90,29.00
18:48:40,27.90,29.10
18:48:54,27.90,29.20
18:49:04,27.90,29.10
18:49:14,27.90,29.10
18:49:24,27.90,29.30
18:49:34,27.90,29.20
18:49:44,27.90,29.20
18:49:54,27.90,29.20
18:50:04,27.90,29.20
18:50:14,27.90,29.20
18:50:24,27.90,29.10
18:50:34,27.90,29.10
18:50:44,27.90,29.10
18:50:54,27.90,29.10
18:51:04,27.90,29.20
18:51:14,27.90,29.40
18:51:24,27.90,29.50
18:51:34,27.90,29.30
18:51:44,27.90,29.30
18:51:54,27.90,29.40
18:52:04,27.90,29.40
18:52:14,27.90,29.30
18:52:24,27.90,29.20
18:52:34,27.90,29.10
18:52:44,28.00,29.10
18:52:54,27.90,29.20
18:53:04,27.90,29.30
18:53:14,27.90,29.30
18:53:24,27.90,29.30
18:53:34,27.90,29.30
18:53:44,27.90,29.30
18:54:01,27.90,29.30
18:54:11,27.90,29.40
18:54:21,27.90,29.40
18:54:31,27.90,29.20
18:54:41,27.90,29.10
18:54:51,27.90,29.00
18:55:01,27.90,29.00
18:55:11,27.90,29.10
18:55:21,27.90,29.10
18:55:31,27.90,29.10
18:55:41,27.90,29.10
18:55:51,27.90,29.20
18:56:01,27.90,29.20
18:56:11,27.90,29.20
18:56:21,28.00,29.20
18:56:31,28.00,29.20
18:56:41,28.00,29.30
18:56:51,28.00,29.30
18:57:01,28.00,29.40
18:57:11,28.00,29.30
18:57:21,28.00,29.20
18:57:31,27.90,29.20
18:57:41,28.00,29.30
18:57:51,27.90,29.40
18:58:01,28.00,29.70
18:58:11,27.90,29.80
18:58:21,27.90,29.80
18:58:31,27.90,29.50
18:58:41,27.90,29.40
18:58:51,27.90,29.40
18:59:05,27.90,29.40
18:59:15,27.90,29.50
18:59:25,27.90,29.40
18:59:35,27.90,29.60
18:59:45,27.90,29.70
18:59:55,27.90,29.70
19:00:05,27.90,29.50
19:00:15,27.90,29.60
19:00:25,27.90,29.40
19:00:35,27.90,29.40
19:00:45,27.90,29.50
19:00:55,27.90,29.70
19:01:05,27.90,29.60
19:01:15,27.90,29.40
19:01:25,27.90,29.40
19:01:35,27.90,29.20
19:01:45,27.90,29.20
19:01:55,27.90,29.30
19:02:05,27.90,29.30
19:02:15,27.90,29.30
19:02:25,27.90,29.20
19:02:35,27.90,29.20
19:02:45,27.90,29.20
19:02:55,27.90,29.20
19:03:05,27.90,29.40
19:03:15,27.90,29.40
19:03:25,28.00,29.50
19:03:35,27.90,29.40
19:03:45,27.90,29.30
19:03:55,27.90,29.30
19:04:08,27.90,29.30
19:04:18,28.00,29.30
19:04:28,27.90,29.80
19:04:38,27.90,30.00
19:04:48,27.90,29.90
19:04:58,27.90,29.50
19:05:08,27.90,29.30
19:05:18,27.90,29.20
19:05:28,27.90,29.20
19:05:38,27.90,29.30
19:05:48,27.90,29.30
19:05:58,28.00,29.40
19:06:08,27.90,29.40
19:06:18,27.90,29.60
19:06:28,27.90,29.70
19:06:38,27.90,29.40
19:06:48,27.90,29.30
19:06:58,27.90,29.50
19:07:08,27.90,29.70
19:07:18,27.90,29.50
19:07:28,27.90,29.80
19:07:38,27.90,29.60
19:07:48,27.90,29.30
19:07:58,27.90,29.10
19:08:08,27.90,29.10
19:08:18,27.90,29.10
19:08:28,27.90,29.20
19:08:38,27.90,29.30
19:08:48,27.90,29.60
19:08:58,27.90,29.70
19:09:12,27.90,29.50
19:09:22,27.90,29.20
19:09:32,27.90,29.20
19:09:42,27.90,29.20
19:09:52,27.90,29.40
19:10:02,27.90,29.50
19:10:12,27.90,29.70
19:10:22,27.90,29.60
19:10:32,27.90,29.50
19:10:42,27.90,29.40
19:10:52,27.90,29.40
19:11:02,27.90,29.60
19:11:12,27.90,29.70
19:11:22,27.90,29.70
19:11:32,27.90,29.70
19:11:42,27.90,29.60
19:11:52,27.90,29.70
19:12:02,27.90,29.70
19:12:12,27.90,29.60
19:12:22,27.90,29.50
19:12:32,27.90,29.60
19:12:42,27.90,29.50
19:12:52,27.90,29.50
19:13:02,27.90,29.50
19:13:12,27.90,29.40
19:13:22,27.90,29.50
19:13:32,27.90,29.40
19:13:42,27.90,29.40
19:13:52,27.90,29.40
19:14:02,27.90,29.40
19:14:16,27.90,29.60
19:14:26,27.90,29.70
19:14:36,27.90,29.70
19:14:46,27.90,29.70
19:14:56,27.90,29.50
19:15:06,27.90,29.30
19:15:16,27.90,29.30
19:15:26,27.90,29.20
19:15:36,27.90,29.30
19:15:46,27.90,29.40
19:15:56,27.90,29.30
19:16:06,27.90,29.20
19:16:16,27.90,29.60
19:16:26,27.90,29.60
19:16:36,27.90,29.60
19:16:46,27.90,29.30
19:16:56,27.90,29.20
19:17:06,27.90,29.10
19:17:16,27.90,29.10
19:17:26,27.90,29.10
19:17:36,27.90,29.30
19:17:46,27.90,29.20
19:17:56,27.90,29.10
19:18:06,27.90,29.10
19:18:16,27.90,29.20
19:18:26,27.90,29.20
19:18:36,27.90,29.10
19:18:46,27.90,29.20
19:18:56,27.90,29.20
19:19:06,27.90,29.20
19:19:19,27.90,29.40
19:19:29,27.90,29.40
19:19:39,27.90,29.40
19:19:49,27.90,29.30
19:19:59,27.90,29.30
19:20:09,27.90,29.50
19:20:19,27.90,29.50
19:20:29,27.90,29.60
19:20:39,27.90,29.60
19:20:49,27.90,29.60
19:21:00,27.90,29.60
19:21:09,27.90,29.30
19:21:19,27.90,28.90
19:21:29,27.90,28.80
19:21:39,27.90,28.80
19:21:49,27.90,28.80
19:21:59,27.90,29.00
19:22:09,27.90,29.10
19:22:19,27.90,29.00
19:22:29,27.90,28.90
19:22:39,27.90,28.70
19:22:49,27.90,28.70
19:23:00,27.90,28.70
19:23:09,27.90,28.90
19:23:19,27.90,29.20
19:23:29,27.90,29.10
19:23:39,27.90,28.80
19:23:49,27.90,28.50
19:23:59,27.90,28.40
19:24:09,27.90,28.40
19:24:23,27.90,28.70
19:24:33,27.90,29.00
19:24:43,27.90,29.00
19:24:53,27.90,28.90
19:25:03,27.90,29.00
19:25:13,27.90,29.00
19:25:23,27.90,28.90
19:25:33,27.90,28.90
19:25:43,27.90,29.00
19:25:53,27.90,29.10
19:26:03,27.90,28.90
19:26:13,27.90,28.60
19:26:23,27.90,28.40
19:26:33,27.90,28.40
19:26:43,27.90,28.40
19:26:53,27.90,28.40
19:27:03,27.90,28.70
19:27:13,27.90,28.60
19:27:23,27.90,28.80
19:27:33,27.90,29.10
19:27:43,27.90,29.00
19:27:53,27.90,28.90
19:28:03,27.90,29.00
19:28:13,27.90,29.10
19:28:23,27.90,28.80
19:28:33,27.90,28.40
19:28:43,27.90,28.40
19:28:53,27.90,28.60
19:29:03,27.90,28.50
19:29:13,27.90,28.70
19:29:27,27.90,28.50
19:29:37,27.90,28.60
19:29:47,27.90,28.50
19:29:57,27.90,28.20
19:30:07,27.90,28.10
19:30:17,27.90,28.10
19:30:27,27.90,28.50
19:30:37,27.90,28.40
19:30:47,27.90,28.40
19:30:57,27.90,28.40
19:31:07,27.90,28.70
19:31:17,27.90,28.00
19:31:27,27.90,27.80
19:31:37,27.90,27.70
19:31:47,27.90,27.90
19:31:57,27.90,27.90
19:32:07,27.90,27.80
19:32:17,27.90,28.40
19:32:27,27.90,28.60
19:32:37,27.90,28.60
19:32:47,27.90,28.60
19:32:57,27.90,28.70
19:33:07,27.90,28.70
19:33:17,27.90,28.60
19:33:27,27.90,28.40
19:33:37,27.80,28.40
19:33:47,27.80,28.50
19:33:57,27.80,28.30
19:34:07,27.90,28.20
19:34:17,27.80,28.30
19:34:31,27.90,28.50
19:34:41,27.80,28.40
19:34:51,27.80,28.50
19:35:01,27.90,28.60
19:35:11,27.90,28.70
19:35:21,27.80,28.60
19:35:31,27.80,28.00
19:35:41,27.80,27.80
19:35:51,27.80,27.60
19:36:01,27.80,27.60
19:36:11,27.80,28.10
19:36:21,27.80,28.30
19:36:31,27.80,28.50
19:36:41,27.80,28.50
19:36:51,27.80,28.50
19:37:01,27.80,28.50
19:37:11,27.80,28.40
19:37:21,27.80,28.50
19:37:31,27.80,28.50
19:37:41,27.80,28.50
19:37:51,27.80,28.30
19:38:01,27.80,28.10
19:38:11,27.80,28.10
19:38:21,27.80,28.30
19:38:31,27.80,28.40
19:38:41,27.80,28.40
19:38:51,27.80,28.40
19:39:01,27.80,28.50
19:39:11,27.80,28.50
19:39:21,27.80,28.50
19:39:31,27.80,28.00
19:39:41,27.80,27.80
19:39:51,27.80,27.70
19:40:01,27.90,27.70
19:40:11,27.80,27.90
19:40:21,27.80,28.10
19:40:31,27.90,28.30
19:40:41,27.80,28.40
19:40:51,27.80,28.00
19:41:01,27.90,28.00
19:41:11,27.80,28.00
19:41:21,27.90,28.20
19:41:31,27.90,28.20
19:41:41,27.80,28.30
19:41:51,27.90,28.20
19:42:01,27.80,28.20
19:42:11,27.80,28.30
19:42:21,27.90,28.40
19:42:31,27.90,28.40
19:42:41,27.80,28.50
19:42:51,27.90,28.50
19:43:01,27.80,28.40
19:43:11,27.80,28.50
19:43:21,27.80,28.50
19:43:31,27.80,28.30
19:43:41,27.80,28.20
19:43:51,27.80,28.20
19:44:01,27.80,28.30
19:44:11,27.80,28.30
19:44:21,27.80,28.50
19:44:35,27.80,28.50
19:44:45,27.80,28.40
19:44:55,27.80,28.40
19:45:05,27.80,28.50
19:45:15,27.80,28.60
19:45:25,27.80,28.50
19:45:35,27.80,28.20
19:45:45,27.80,27.80
19:45:55,27.80,27.80
19:46:05,27.80,28.00
19:46:15,27.80,28.10
19:46:25,27.80,28.10
19:46:35,27.80,28.20
19:46:45,27.80,28.40
19:46:55,27.80,28.20
19:47:05,27.80,27.90
19:47:15,27.80,27.80
19:47:25,27.90,27.80
19:47:35,27.80,27.70
19:47:45,27.90,27.70
19:47:55,27.90,27.80
19:48:05,27.90,27.70
19:48:15,27.90,27.60
19:48:25,27.90,27.60
19:48:35,27.90,27.80
19:48:45,27.90,28.20
19:48:55,27.90,28.10
19:49:05,27.90,28.30
19:49:15,27.90,28.40
19:49:25,27.90,28.50
19:49:38,27.90,28.40
19:49:49,27.80,28.40
19:49:58,27.90,28.10
19:50:08,27.80,27.90
19:50:19,27.80,27.90
19:50:28,27.90,28.10
19:50:38,27.80,28.30
19:50:49,27.90,28.30
19:50:58,27.90,28.40
19:51:09,27.80,28.40
19:51:19,27.90,28.40
19:51:28,27.80,28.20
19:51:39,27.80,28.20
19:51:49,27.80,28.10
19:51:58,27.80,28.00
19:52:09,27.80,27.90
19:52:19,27.90,27.90
19:52:28,27.90,27.90
19:52:39,27.90,28.00
19:52:49,27.90,28.10
19:52:58,27.80,28.40
19:53:09,27.90,28.30
19:53:19,27.90,28.10
19:54:39,27.80,28.10
19:54:49,27.80,28.20
19:54:58,27.80,28.20
19:55:09,27.80,28.30
19:55:19,27.80,28.30
19:55:28,27.80,28.30
19:55:39,27.80,28.30
19:55:48,27.80,28.40
19:55:58,27.80,28.40
19:56:09,27.80,28.40
19:56:18,27.80,28.40
19:56:29,27.80,28.40
19:56:39,27.80,28.40
19:56:48,27.80,28.40
19:56:59,27.80,28.10
19:57:09,27.80,28.00
19:57:18,27.80,27.80
19:57:29,27.80,27.80
19:57:39,27.80,28.00
19:57:48,27.80,28.10
19:57:59,27.80,28.20
19:58:09,27.80,28.10
19:58:19,27.80,28.30
19:58:30,27.80,28.10
19:58:39,27.80,28.10
19:58:48,27.80,28.00
19:58:59,27.80,27.80
19:59:09,27.80,27.80
19:59:18,27.80,28.00
19:59:29,27.80,28.00
19:59:41,27.80,28.10
19:59:51,27.90,27.70
20:00:01,27.80,27.70
20:00:11,27.90,27.70
20:00:21,27.90,27.70
20:00:31,27.90,28.00
20:00:41,27.90,27.90
20:00:51,27.90,27.70
20:01:01,27.90,27.70
20:01:11,27.80,27.60
20:01:21,27.90,27.70
20:01:31,27.90,27.60
20:01:41,27.90,27.60
20:01:52,27.90,27.60
20:02:01,27.90,27.60
20:02:12,27.90,27.60
20:02:21,27.80,27.70
20:02:31,27.80,27.90
20:02:41,27.90,27.70
20:02:51,27.90,27.70
20:03:01,27.90,27.80
20:03:11,27.90,27.80
20:03:21,27.90,27.90
20:03:31,27.80,27.80
20:03:42,27.90,27.80
20:03:51,27.90,27.80
20:04:01,27.90,27.70
20:04:11,27.90,27.80
20:04:21,27.90,27.70
20:04:31,27.90,27.70
20:04:45,27.90,27.60
20:04:55,27.90,27.70
20:05:05,27.90,27.60
20:05:15,27.90,27.80
20:05:25,27.90,27.80
20:05:35,27.90,27.70
20:05:45,27.90,27.70
20:05:55,27.90,27.60
20:06:05,27.90,27.70
20:06:15,27.90,27.70
20:06:25,27.90,27.80
20:06:35,27.90,28.00
20:06:45,27.90,28.00
20:06:55,27.90,27.80
20:07:05,27.90,27.80
20:07:15,27.80,27.80
20:07:25,27.80,27.80
20:07:35,27.90,27.90
20:07:45,27.90,27.90
20:07:55,27.80,27.90
20:08:05,27.80,27.90
20:08:16,27.80,27.90
20:08:26,27.90,27.80
20:08:35,27.90,27.90
20:08:45,27.80,27.90
20:08:55,27.80,27.80
20:09:05,27.90,27.80
20:09:15,27.90,27.70
20:09:25,27.80,27.80
20:09:35,27.80,27.80
20:09:48,27.90,27.90
20:09:58,27.90,27.80
20:10:08,27.90,27.80
20:10:18,27.90,27.90
20:10:28,27.90,28.30
20:10:38,27.90,28.60
20:10:48,27.90,28.30
20:10:58,27.90,28.10
20:11:08,27.90,28.00
20:11:18,27.90,27.90
20:11:28,27.90,27.90
20:11:38,27.90,27.90
20:11:48,27.90,27.90
20:11:58,27.90,27.90
20:12:08,27.90,28.00
20:12:18,27.90,28.10
20:12:28,27.90,28.00
20:12:38,27.90,28.00
20:12:48,27.90,27.80
20:12:58,27.90,27.80
20:13:08,27.90,27.90
20:13:18,27.90,27.90
20:13:28,27.90,27.90
20:13:38,27.90,27.90
20:13:48,27.90,27.90
20:13:58,27.90,27.90
20:14:08,27.90,27.90
20:14:18,27.90,27.90
20:14:28,27.90,27.90
20:14:38,27.90,27.90
20:14:52,27.90,27.90
20:15:02,27.90,28.00
20:15:12,27.90,28.30
20:15:22,27.90,28.20
20:15:32,27.90,28.30
20:15:42,27.90,28.50
20:15:52,27.90,28.30
20:16:01,27.90,28.10
20:16:12,27.90,28.40
20:16:22,27.90,28.30
20:16:31,27.90,28.40
20:16:42,27.90,28.80
20:16:52,27.90,28.80
20:17:02,27.90,28.30
20:17:12,27.90,28.00
20:17:22,27.90,28.10
20:17:32,27.90,28.20
20:17:42,27.90,28.20
20:17:52,27.90,28.30
20:18:02,27.90,28.20
20:18:11,27.90,28.10
20:18:22,27.90,28.10
20:18:32,27.90,28.10
20:18:42,27.90,28.10
20:18:52,27.90,28.10
20:19:02,27.90,28.20
20:19:12,27.90,28.10
20:19:22,27.90,28.00
20:19:32,27.90,28.00
20:19:42,27.90,28.00
20:19:54,27.90,28.00
20:20:04,27.90,28.10
20:20:14,27.90,28.10
20:20:24,27.90,28.10
20:20:34,27.90,28.10
20:20:44,27.90,28.10
20:20:54,27.90,28.00
20:21:04,27.90,28.00
20:21:14,27.90,28.10
20:21:24,27.90,28.10
20:21:34,27.90,28.10
20:21:44,27.90,28.00
20:21:54,27.90,28.00
20:22:04,27.90,28.00
20:22:14,27.90,28.00
20:22:24,27.90,28.00
20:22:34,27.90,28.10
20:22:44,27.90,28.00
20:22:55,27.90,28.10
20:23:04,27.90,28.00
20:23:14,27.90,27.90
20:23:25,27.90,28.00
20:23:34,27.90,28.20
20:23:44,27.90,28.20
20:23:55,27.90,28.20
20:24:04,27.90,28.10
20:24:14,27.90,28.10
20:24:24,27.90,28.20
20:24:34,27.90,28.20
20:24:44,27.90,28.20
20:24:57,27.90,28.20
20:25:07,27.90,28.20
20:25:17,27.90,28.10
20:25:27,27.90,28.00
20:25:37,27.90,28.00
20:25:47,27.90,28.10
20:25:57,27.90,28.00
20:26:07,27.90,28.00
20:26:17,27.90,27.90
20:26:27,27.90,27.70
20:26:37,27.90,27.70
20:26:47,27.90,27.80
20:26:57,27.90,27.90
20:27:07,27.90,27.90
20:27:17,27.90,27.90
20:27:27,27.90,28.00
20:27:37,27.90,28.10
20:27:47,27.90,28.00
20:27:57,27.90,27.90
20:28:07,27.90,28.00
20:28:18,27.90,27.90
20:28:28,27.90,28.00
20:28:37,27.90,28.00
20:28:47,27.90,27.90
20:28:57,27.90,28.00
20:29:08,27.90,28.00
20:29:17,27.90,28.00
20:29:27,27.90,28.00
20:29:37,27.90,28.00
20:29:47,27.90,28.00
