time,temperature,humidity
00:00:05,28.6,38.5
00:00:15,28.6,38.6
00:00:25,28.6,38.6
00:00:35,28.6,38.6
00:00:45,28.6,38.6
00:00:55,28.6,38.6
00:01:05,28.6,38.6
00:01:15,28.6,38.7
00:01:25,28.6,38.6
00:01:35,28.6,38.6
00:01:45,28.6,38.6
00:01:55,28.6,38.6
00:02:05,28.6,38.5
00:02:15,28.6,38.6
00:02:25,28.6,38.6
00:02:35,28.6,38.6
00:02:45,28.6,38.6
00:02:55,28.6,38.5
00:03:05,28.6,38.6
00:03:15,28.6,38.5
00:03:25,28.6,38.7
00:03:35,28.6,38.6
00:03:45,28.6,38.5
00:03:55,28.6,38.5
00:04:05,28.6,38.6
00:04:15,28.6,38.6
00:04:25,28.6,38.6
00:04:35,28.6,38.6
00:04:45,28.6,38.6
00:04:55,28.6,38.6
00:05:05,28.6,38.6
00:05:15,28.6,38.7
00:05:25,28.6,38.6
00:05:35,28.6,38.6
00:05:45,28.6,38.6
00:05:55,28.6,38.5
00:06:05,28.6,38.5
00:06:15,28.6,38.5
00:06:25,28.6,38.5
00:06:35,28.6,38.5
00:06:45,28.6,38.4
00:06:55,28.6,38.4
00:07:05,28.6,38.6
00:07:15,28.6,38.6
00:07:25,28.6,38.5
00:07:35,28.6,38.5
00:07:45,28.6,38.5
00:07:55,28.6,38.5
00:08:05,28.6,38.5
00:08:15,28.6,38.6
00:08:25,28.6,38.5
00:08:35,28.6,38.5
00:08:45,28.6,38.4
00:08:59,28.6,38.5
00:09:05,28.6,38.5
00:09:15,28.6,38.5
00:09:25,28.6,38.5
00:09:35,28.6,38.5
00:09:45,28.6,38.5
00:09:55,28.6,38.5
00:10:05,28.6,38.5
00:10:15,28.6,38.4
00:10:25,28.6,38.4
00:10:35,28.6,38.3
00:10:45,28.6,38.4
00:10:55,28.6,38.2
00:11:05,28.6,38.3
00:11:15,28.6,38.4
00:11:25,28.6,38.3
00:11:35,28.6,38.3
00:11:45,28.6,38.3
00:11:55,28.6,38.3
00:12:05,28.6,38.4
00:12:15,28.6,38.4
00:12:25,28.6,38.3
00:12:35,28.6,38.3
00:12:45,28.6,38.3
00:12:55,28.6,38.4
00:13:05,28.6,38.3
00:13:15,28.6,38.3
00:13:25,28.6,38.2
00:13:35,28.6,38.2
00:13:45,28.6,38.2
00:13:55,28.6,38.3
00:14:05,28.6,38.3
00:14:15,28.6,38.2
00:14:25,28.6,38.2
00:14:35,28.6,38.3
00:14:45,28.6,38.2
00:14:55,28.6,38.2
00:15:05,28.6,38.3
00:15:15,28.6,38.1
00:15:25,28.6,38.1
00:15:35,28.6,38.1
00:15:45,28.6,38.3
00:15:55,28.6,38.3
00:16:05,28.6,38.2
00:16:15,28.6,38.2
00:16:25,28.6,38.1
00:16:35,28.6,38.4
00:16:45,28.6,38.3
00:16:55,28.6,38.2
00:17:05,28.6,38.0
00:17:15,28.6,38.1
00:17:26,28.6,38.0
00:17:35,28.6,38.1
00:17:45,28.6,38.1
00:17:55,28.6,38.1
00:18:05,28.6,38.1
00:18:15,28.6,38.1
00:18:25,28.6,38.0
00:18:35,28.6,38.0
00:18:45,28.6,38.1
00:18:55,28.6,38.0
00:19:05,28.6,38.0
00:19:15,28.6,38.1
00:19:25,28.6,38.2
00:19:35,28.6,38.1
00:19:45,28.6,38.1
00:19:55,28.6,38.0
00:20:05,28.6,38.2
00:20:15,28.6,38.0
00:20:25,28.6,38.0
00:20:35,28.6,38.1
00:20:45,28.6,37.9
00:20:55,28.6,37.9
00:21:05,28.6,37.9
00:21:15,28.6,37.7
00:21:25,28.6,37.9
00:21:35,28.6,37.8
00:21:45,28.6,37.9
00:21:55,28.6,37.8
00:22:05,28.6,37.8
00:22:15,28.6,37.8
00:22:25,28.6,37.8
00:22:35,28.6,37.8
00:22:45,28.6,37.8
00:22:55,28.6,37.9
00:23:05,28.6,37.9
00:23:15,28.6,37.9
00:23:25,28.6,37.8
00:23:35,28.6,37.8
00:23:45,28.6,37.8
00:23:55,28.6,37.8
00:24:05,28.6,37.8
00:24:15,28.6,37.9
00:24:25,28.6,37.7
00:24:35,28.6,37.7
00:24:45,28.6,37.7
00:24:55,28.6,37.7
00:25:05,28.6,37.7
00:25:15,28.6,37.8
00:25:25,28.6,37.8
00:25:35,28.6,37.8
00:25:45,28.6,37.8
00:25:55,28.6,37.8
00:26:05,28.6,37.8
00:26:15,28.6,37.9
00:26:25,28.6,38.0
00:26:35,28.6,38.0
00:26:45,28.5,38.0
00:26:55,28.6,38.0
00:27:05,28.6,38.1
00:27:15,28.6,38.1
00:27:25,28.6,38.2
00:27:35,28.6,38.1
00:27:45,28.5,38.2
00:27:55,28.5,38.2
00:28:05,28.6,38.3
00:28:15,28.6,38.3
00:28:25,28.6,38.3
00:28:35,28.5,38.4
00:28:45,28.6,38.4
00:28:55,28.5,38.5
00:29:05,28.5,38.5
00:29:15,28.5,38.5
00:29:25,28.5,38.5
00:29:35,28.5,38.6
00:29:45,28.5,38.6
00:29:55,28.5,38.7
00:30:05,28.5,38.8
00:30:15,28.5,38.8
00:30:25,28.5,38.9
00:30:35,28.5,38.9
00:30:45,28.5,38.9
00:30:55,28.5,39.0
00:31:05,28.5,39.0
00:31:15,28.5,39.0
00:31:25,28.5,39.0
00:31:35,28.5,39.0
00:31:45,28.5,39.1
00:31:55,28.5,39.2
00:32:05,28.5,39.2
00:32:15,28.5,39.4
00:32:25,28.5,39.3
00:32:35,28.4,39.4
00:32:45,28.5,39.4
00:32:55,28.5,39.5
00:33:05,28.5,39.5
00:33:15,28.4,39.5
00:33:25,28.4,39.5
00:33:35,28.5,39.7
00:33:45,28.4,39.7
00:33:55,28.4,39.7
00:34:05,28.5,39.7
00:34:15,28.4,39.7
00:34:25,28.4,39.7
00:34:35,28.4,39.8
00:34:45,28.4,39.8
00:34:55,28.4,39.9
00:35:05,28.4,39.9
00:35:15,28.4,39.9
00:35:25,28.4,39.9
00:35:35,28.4,40.0
00:35:45,28.4,40.0
00:35:55,28.4,40.1
00:36:05,28.4,40.0
00:36:15,28.4,40.1
00:36:25,28.4,40.1
00:36:35,28.4,40.1
00:36:45,28.4,40.2
00:36:55,28.4,40.1
00:37:05,28.4,40.1
00:37:15,28.4,40.2
00:37:25,28.4,40.3
00:37:35,28.4,40.3
00:37:45,28.4,40.3
00:37:55,28.4,40.4
00:38:05,28.4,40.4
00:38:15,28.4,40.4
00:38:25,28.4,40.4
00:38:35,28.4,40.4
00:38:45,28.4,40.5
00:38:55,28.4,40.4
00:39:05,28.4,40.5
00:39:15,28.4,40.5
00:39:25,28.4,40.6
00:39:35,28.4,40.5
00:39:45,28.4,40.6
00:39:55,28.4,40.6
00:40:05,28.4,40.6
00:40:15,28.3,40.6
00:40:25,28.4,40.6
00:40:35,28.4,40.7
00:40:45,28.4,40.6
00:40:55,28.4,40.6
00:41:05,28.4,40.7
00:41:15,28.4,40.7
00:41:27,28.4,40.7
00:41:38,28.4,40.7
00:41:55,28.3,40.8
00:42:07,28.4,40.8
00:42:17,28.4,40.8
00:42:25,28.3,40.8
00:42:35,28.3,40.8
00:42:45,28.3,40.9
00:42:55,28.3,40.8
00:43:05,28.3,40.8
00:43:15,28.3,40.8
00:43:25,28.3,40.9
00:43:35,28.3,40.9
00:43:45,28.3,40.9
00:43:55,28.3,40.9
00:44:05,28.3,41.0
00:44:15,28.3,40.9
00:44:25,28.3,41.0
00:44:35,28.3,41.0
00:44:45,28.3,40.9
00:44:55,28.3,41.0
00:45:05,28.3,41.1
00:45:15,28.2,41.1
00:45:25,28.2,41.1
00:45:35,28.2,41.1
00:45:45,28.2,41.1
00:45:55,28.3,41.1
00:46:05,28.3,41.2
00:46:15,28.3,41.2
00:46:25,28.3,41.1
00:46:35,28.3,41.1
00:46:45,28.2,41.2
00:46:55,28.3,41.1
00:47:05,28.2,41.1
00:47:15,28.2,41.2
00:47:25,28.3,41.2
00:47:35,28.3,41.2
00:47:45,28.3,41.2
00:47:55,28.3,41.2
00:48:05,28.2,41.2
00:48:15,28.2,41.2
00:48:25,28.2,41.2
00:48:35,28.2,41.3
00:48:45,28.2,41.2
00:48:55,28.3,41.2
00:49:05,28.2,41.2
00:49:15,28.2,41.2
00:49:25,28.3,41.2
00:49:35,28.2,41.3
00:49:45,28.2,41.2
00:49:55,28.2,41.2
00:50:05,28.2,41.2
00:50:15,28.2,41.3
00:50:25,28.3,41.3
00:50:35,28.2,41.4
00:50:45,28.2,41.3
00:50:55,28.2,41.2
00:51:05,28.2,41.3
00:51:15,28.2,41.3
00:51:25,28.2,41.3
00:51:35,28.2,41.4
00:51:45,28.2,41.3
00:51:55,28.2,41.3
00:52:05,28.2,41.4
00:52:15,28.3,41.3
00:52:25,28.2,41.3
00:52:35,28.2,41.4
00:52:45,28.2,41.3
00:52:55,28.2,41.4
00:53:05,28.2,41.4
00:53:15,28.2,41.3
00:53:25,28.2,41.3
00:53:35,28.2,41.3
00:53:45,28.2,41.3
00:53:55,28.2,41.3
00:54:05,28.2,41.4
00:54:15,28.2,41.4
00:54:25,28.2,41.3
00:54:35,28.2,41.3
00:54:45,28.2,41.3
00:54:55,28.2,41.4
00:55:05,28.2,41.3
00:55:15,28.2,41.4
00:55:25,28.2,41.5
00:55:35,28.2,41.4
00:55:45,28.2,41.4
00:55:55,28.2,41.4
00:56:05,28.2,41.5
00:56:15,28.2,41.5
00:56:25,28.2,41.5
00:56:35,28.2,41.4
00:56:45,28.2,41.5
00:56:55,28.2,41.4
00:57:05,28.2,41.4
00:57:15,28.2,41.4
00:57:25,28.2,41.4
00:57:35,28.2,41.4
00:57:45,28.2,41.5
00:57:55,28.2,41.4
00:58:05,28.2,41.4
00:58:15,28.2,41.4
00:58:25,28.2,41.4
00:58:35,28.2,41.4
00:58:45,28.2,41.4
00:58:55,28.2,41.4
00:59:05,28.2,41.5
00:59:15,28.2,41.4
00:59:25,28.2,41.4
00:59:35,28.2,41.4
00:59:45,28.2,41.4
00:59:55,28.2,41.6
01:00:05,28.2,41.5
01:00:15,28.2,41.5
01:00:25,28.2,41.5
01:00:35,28.2,41.5
01:00:45,28.2,41.4
01:00:55,28.2,41.3
01:01:05,28.2,41.5
01:01:15,28.2,41.4
01:01:25,28.2,41.4
01:01:35,28.2,41.4
01:01:45,28.2,41.4
01:01:55,28.1,41.5
01:02:05,28.2,41.4
01:02:15,28.1,41.4
01:02:25,28.1,41.5
01:02:35,28.1,41.4
01:02:45,28.1,41.5
01:02:55,28.1,41.5
01:03:05,28.1,41.4
01:03:15,28.1,41.4
01:03:26,28.1,41.5
01:03:35,28.1,41.5
01:03:45,28.1,41.5
01:03:55,28.1,41.5
01:04:05,28.1,41.5
01:04:15,28.1,41.4
01:04:25,28.1,41.4
01:04:35,28.1,41.5
01:04:45,28.1,41.5
01:04:55,28.1,41.4
01:05:05,28.1,41.4
01:05:15,28.1,41.4
01:05:25,28.1,41.4
01:05:35,28.1,41.3
01:05:45,28.1,41.3
01:05:55,28.1,41.3
01:06:05,28.1,41.3
01:06:15,28.1,41.3
01:06:25,28.1,41.3
01:06:35,28.1,41.3
01:06:45,28.1,41.2
01:06:55,28.1,41.3
01:07:05,28.1,41.3
01:07:15,28.1,41.3
01:07:25,28.1,41.4
01:07:35,28.1,41.3
01:07:45,28.1,41.3
01:07:55,28.1,41.3
01:08:05,28.1,41.3
01:08:15,28.1,41.3
01:08:25,28.1,41.3
01:08:35,28.1,41.3
01:08:45,28.1,41.4
01:08:55,28.1,41.4
01:09:05,28.1,41.4
01:09:15,28.1,41.3
01:09:25,28.1,41.3
01:09:35,28.1,41.3
01:09:45,28.1,41.3
01:09:55,28.1,41.3
01:10:05,28.1,41.3
01:10:15,28.1,41.2
01:10:25,28.1,41.4
01:10:35,28.1,41.3
01:10:45,28.1,41.4
01:10:55,28.1,41.3
01:11:05,28.1,41.3
01:11:15,28.1,41.3
01:11:25,28.1,41.3
01:11:35,28.1,41.3
01:11:45,28.1,41.3
01:11:55,28.1,41.3
01:12:05,28.1,41.3
01:12:15,28.1,41.3
01:12:25,28.1,41.3
01:12:35,28.1,41.3
01:12:45,28.1,41.3
01:12:55,28.1,41.3
01:13:05,28.1,41.3
01:13:15,28.0,41.3
01:13:25,28.1,41.3
01:13:35,28.1,41.2
01:13:45,28.1,41.2
01:13:55,28.0,41.2
01:14:05,28.0,41.2
01:14:15,28.0,41.2
01:14:25,28.0,41.3
01:14:35,28.0,41.4
01:14:45,28.0,41.3
01:14:55,28.0,41.4
01:15:05,28.1,41.4
01:15:15,28.0,41.4
01:15:25,28.1,41.4
01:15:35,28.1,41.4
01:15:45,28.1,41.3
01:15:55,28.1,41.3
01:16:05,28.1,41.3
01:16:15,28.1,41.2
01:16:25,28.1,41.2
01:16:35,28.1,41.2
01:16:45,28.1,41.3
01:16:55,28.1,41.3
01:17:05,28.1,41.3
01:17:15,28.1,41.3
01:17:25,28.1,41.3
01:17:35,28.1,41.2
01:17:45,28.1,41.1
01:17:55,28.1,41.1
01:18:05,28.1,41.1
01:18:15,28.1,41.1
01:18:25,28.1,41.1
01:18:35,28.0,41.2
01:18:45,28.1,41.2
01:18:55,28.1,41.1
01:19:05,28.1,41.2
01:19:15,28.1,41.3
01:19:25,28.1,41.3
01:19:35,28.1,41.3
01:19:45,28.1,41.3
01:19:55,28.1,41.3
01:20:05,28.1,41.3
01:20:15,28.1,41.3
01:20:25,28.1,41.3
01:20:35,28.1,41.2
01:20:45,28.1,41.2
01:20:55,28.1,41.2
01:21:05,28.1,41.2
01:21:15,28.1,41.3
01:21:25,28.1,41.3
01:21:35,28.1,41.2
01:21:45,28.1,41.2
01:21:55,28.1,41.2
01:22:05,28.1,41.2
01:22:15,28.1,41.2
01:22:25,28.1,41.2
01:22:35,28.1,41.2
01:22:45,28.1,41.2
01:22:55,28.2,41.1
01:23:05,28.2,41.2
01:23:15,28.2,41.1
01:23:25,28.2,41.2
01:23:35,28.2,41.2
01:23:45,28.2,41.1
01:23:55,28.2,41.1
01:24:05,28.2,41.1
01:24:15,28.2,41.2
01:24:25,28.2,41.1
01:24:35,28.2,41.1
01:24:45,28.2,41.2
01:24:55,28.2,41.2
01:25:05,28.2,41.1
01:25:15,28.2,41.1
01:25:25,28.2,41.1
01:25:35,28.2,41.0
01:25:45,28.2,41.1
01:25:55,28.2,41.2
01:26:05,28.2,41.2
01:26:15,28.2,41.1
01:26:25,28.2,41.1
01:26:35,28.2,41.1
01:26:45,28.2,41.0
01:26:55,28.2,41.1
01:27:05,28.2,41.0
01:27:15,28.2,41.1
01:27:25,28.2,41.1
01:27:35,28.2,41.2
01:27:45,28.2,41.1
01:27:55,28.2,41.0
01:28:05,28.2,41.1
01:28:15,28.2,41.1
01:28:25,28.2,41.1
01:28:35,28.2,41.1
01:28:45,28.2,41.0
01:28:55,28.2,41.1
01:29:05,28.2,41.1
01:29:15,28.2,41.1
01:29:25,28.3,41.1
01:29:35,28.2,41.1
01:29:45,28.2,41.1
01:29:55,28.2,41.1
01:30:05,28.2,41.1
01:30:15,28.2,41.1
01:30:25,28.3,41.1
01:30:35,28.2,41.2
01:30:45,28.2,41.1
01:30:55,28.3,41.1
01:31:05,28.2,41.1
01:31:15,28.2,41.1
01:31:25,28.3,41.0
01:31:35,28.2,41.0
01:31:45,28.2,41.0
01:31:55,28.3,41.1
01:32:05,28.2,41.1
01:32:15,28.3,41.0
01:32:25,28.2,41.0
01:32:35,28.3,41.1
01:32:45,28.2,41.0
01:32:55,28.2,41.0
01:33:05,28.3,41.1
01:33:15,28.2,41.0
01:33:25,28.3,41.0
01:33:35,28.2,41.0
01:33:45,28.3,41.0
01:33:55,28.2,41.0
01:34:05,28.2,41.1
01:34:15,28.2,41.0
01:34:25,28.3,41.0
01:34:35,28.2,41.0
01:34:45,28.3,41.0
01:34:55,28.3,41.0
01:35:05,28.3,41.1
01:35:15,28.3,41.0
01:35:25,28.3,41.1
01:35:35,28.3,41.1
01:35:45,28.3,41.1
01:35:55,28.3,41.1
01:36:05,28.3,41.1
01:36:15,28.3,41.1
01:36:25,28.3,41.1
01:36:35,28.3,41.1
01:36:45,28.3,41.1
01:36:55,28.3,41.0
01:37:05,28.3,41.1
01:37:15,28.3,41.1
01:37:25,28.3,41.1
01:37:35,28.3,41.0
01:37:45,28.3,41.1
01:37:55,28.3,41.1
01:38:05,28.3,41.0
01:38:15,28.3,41.0
01:38:25,28.3,41.0
01:38:35,28.3,41.0
01:38:45,28.3,41.1
01:38:55,28.3,41.0
01:39:05,28.3,41.0
01:39:15,28.3,41.1
01:39:25,28.3,41.1
01:39:35,28.3,41.0
01:39:45,28.3,41.1
01:39:55,28.3,41.1
01:40:05,28.3,41.1
01:40:15,28.3,41.1
01:40:25,28.3,41.1
01:40:35,28.3,41.1
01:40:45,28.3,41.1
01:40:55,28.3,41.1
01:41:05,28.3,41.1
01:41:15,28.3,41.1
01:41:25,28.3,41.1
01:41:35,28.3,41.1
01:41:45,28.3,41.1
01:41:55,28.3,41.0
01:42:05,28.3,41.2
01:42:15,28.3,41.2
01:42:25,28.3,41.1
01:42:35,28.3,41.1
01:42:45,28.3,41.1
01:42:55,28.3,41.0
01:43:05,28.3,41.1
01:43:15,28.3,41.0
01:43:25,28.3,41.1
01:43:35,28.3,41.1
01:43:45,28.3,41.1
01:43:55,28.3,41.1
01:44:05,28.3,41.1
01:44:15,28.3,41.2
01:44:25,28.3,41.1
01:44:35,28.3,41.1
01:44:45,28.3,41.1
01:44:55,28.3,41.1
01:45:05,28.3,41.2
01:45:15,28.3,41.1
01:45:25,28.3,41.1
01:45:35,28.3,41.1
01:45:45,28.3,41.1
01:45:55,28.3,41.1
01:46:05,28.3,41.1
01:46:15,28.3,41.0
01:46:25,28.3,41.1
01:46:35,28.3,41.1
01:46:45,28.3,41.0
01:46:55,28.3,41.1
01:47:05,28.3,41.1
01:47:15,28.3,41.1
01:47:25,28.3,41.1
01:47:35,28.3,41.1
01:47:45,28.3,41.1
01:47:55,28.3,41.1
01:48:05,28.3,41.0
01:48:15,28.3,41.0
01:48:25,28.3,41.1
01:48:35,28.3,41.1
01:48:45,28.3,41.0
01:48:55,28.3,41.0
01:49:05,28.3,41.0
01:49:15,28.3,41.1
01:49:25,28.3,41.0
01:49:35,28.3,41.0
01:49:45,28.3,41.0
01:49:55,28.3,41.1
01:50:05,28.3,41.0
01:50:15,28.3,41.0
01:50:25,28.3,41.1
01:50:35,28.3,41.1
01:50:45,28.3,41.0
01:50:55,28.3,41.0
01:51:05,28.3,41.0
01:51:15,28.3,41.0
01:51:25,28.3,41.0
01:51:35,28.3,41.0
01:51:45,28.3,41.0
01:51:55,28.3,41.0
01:52:05,28.3,41.0
01:52:15,28.3,41.1
01:52:25,28.3,41.2
01:52:35,28.3,41.2
01:52:45,28.3,41.1
01:52:55,28.3,41.0
01:53:05,28.3,41.0
01:53:15,28.3,41.0
01:53:25,28.3,41.0
01:53:35,28.3,41.0
01:53:45,28.3,41.0
01:53:55,28.3,41.0
01:54:05,28.3,41.0
01:54:15,28.3,41.0
01:54:25,28.3,41.0
01:54:35,28.3,41.0
01:54:45,28.3,41.0
01:54:55,28.3,41.0
01:55:05,28.3,41.0
01:55:15,28.3,41.0
01:55:25,28.3,40.9
01:55:35,28.3,41.0
01:55:45,28.3,41.0
01:55:55,28.3,41.0
01:56:05,28.3,41.0
01:56:15,28.4,40.9
01:56:25,28.3,41.0
01:56:35,28.3,41.0
01:56:45,28.3,41.0
01:56:55,28.3,41.0
01:57:05,28.3,41.0
01:57:15,28.3,40.9
01:57:25,28.3,41.1
01:57:35,28.3,41.0
01:57:45,28.3,41.0
01:57:55,28.3,41.2
01:58:05,28.3,41.1
01:58:15,28.3,41.0
01:58:25,28.3,41.0
01:58:35,28.3,41.0
01:58:45,28.3,41.1
01:58:55,28.3,41.1
01:59:05,28.3,41.0
01:59:15,28.3,41.1
01:59:25,28.3,41.0
01:59:35,28.3,41.0
01:59:45,28.3,41.0
01:59:55,28.3,41.0
02:00:05,28.3,41.0
02:00:15,28.3,41.0
02:00:25,28.4,41.0
02:00:35,28.3,41.0
02:00:45,28.4,41.0
02:00:55,28.4,41.0
02:01:05,28.3,41.0
02:01:15,28.3,41.0
02:01:25,28.3,41.0
02:01:35,28.3,41.0
02:01:45,28.3,41.0
02:01:55,28.3,41.0
02:02:05,28.3,41.0
02:02:15,28.3,41.0
02:02:25,28.3,41.0
02:02:35,28.3,41.0
02:02:45,28.3,41.0
02:02:55,28.3,41.1
02:03:05,28.3,41.0
02:03:15,28.3,41.0
02:03:25,28.3,41.0
02:03:35,28.3,41.1
02:03:45,28.3,41.1
02:03:55,28.3,41.1
02:04:05,28.3,41.0
02:04:15,28.3,41.0
02:04:25,28.3,41.0
02:04:35,28.3,41.0
02:04:45,28.3,41.0
02:04:55,28.3,41.0
02:05:05,28.3,41.0
02:05:15,28.3,41.0
02:05:25,28.3,41.0
02:05:35,28.3,41.0
02:05:45,28.3,41.0
02:05:55,28.3,41.0
02:06:05,28.3,41.0
02:06:15,28.3,41.0
02:06:25,28.3,41.0
02:06:35,28.3,41.0
02:06:45,28.3,41.0
02:06:55,28.3,41.0
02:07:05,28.3,41.0
02:07:15,28.3,41.0
02:07:25,28.3,41.0
02:07:35,28.3,41.1
02:07:45,28.3,41.0
02:07:55,28.3,41.0
02:08:05,28.3,41.1
02:08:15,28.3,41.0
02:08:26,28.3,41.1
02:08:35,28.3,41.0
02:08:45,28.3,41.0
02:08:55,28.3,41.0
02:09:05,28.3,41.0
02:09:15,28.3,41.0
02:09:25,28.3,41.0
02:09:35,28.3,41.0
02:09:45,28.3,41.0
02:09:55,28.3,41.1
02:10:05,28.3,41.1
02:10:15,28.3,41.0
02:10:25,28.3,41.0
02:10:35,28.4,41.0
02:10:45,28.3,41.0
02:10:55,28.4,41.0
02:11:05,28.3,41.1
02:11:15,28.3,41.0
02:11:25,28.4,41.0
02:11:35,28.3,41.0
02:11:45,28.3,41.0
02:11:55,28.3,41.0
02:12:05,28.3,41.0
02:12:15,28.3,41.0
02:12:25,28.3,41.1
02:12:35,28.3,41.1
02:12:45,28.3,41.1
02:12:55,28.3,41.1
02:13:05,28.3,41.0
02:13:15,28.4,41.0
02:13:25,28.3,41.0
02:13:35,28.3,41.0
02:13:45,28.3,41.0
02:13:55,28.3,41.1
02:14:05,28.3,41.1
02:14:15,28.3,41.0
02:14:25,28.3,41.0
02:14:35,28.3,41.0
02:14:45,28.3,41.1
02:14:55,28.3,41.0
02:15:05,28.3,41.0
02:15:15,28.3,41.1
02:15:25,28.4,41.1
02:15:35,28.3,41.1
02:15:45,28.3,41.1
02:15:55,28.4,41.1
02:16:05,28.3,41.1
02:16:15,28.3,41.2
02:16:25,28.3,41.1
02:16:35,28.3,41.1
02:16:45,28.4,41.1
02:16:55,28.4,41.1
02:17:05,28.3,41.1
02:17:15,28.4,41.1
02:17:25,28.4,41.1
02:17:35,28.4,41.1
02:17:45,28.3,41.1
02:17:55,28.3,41.2
02:18:05,28.4,41.1
02:18:15,28.4,41.2
02:18:25,28.4,41.2
02:18:35,28.4,41.2
02:18:45,28.4,41.1
02:18:55,28.4,41.2
02:19:05,28.3,41.2
02:19:15,28.4,41.2
02:19:25,28.4,41.1
02:19:35,28.4,41.2
02:19:45,28.4,41.2
02:19:55,28.3,41.2
02:20:05,28.4,41.2
02:20:15,28.4,41.1
02:20:25,28.4,41.1
02:20:35,28.4,41.1
02:20:45,28.3,41.1
02:20:55,28.4,41.1
02:21:05,28.4,41.1
02:21:15,28.4,41.2
02:21:25,28.4,41.1
02:21:35,28.4,41.1
02:21:45,28.4,41.1
02:21:55,28.4,41.2
02:22:05,28.4,41.2
02:22:15,28.4,41.2
02:22:25,28.4,41.2
02:22:35,28.4,41.2
02:22:45,28.4,41.2
02:22:55,28.4,41.1
02:23:05,28.4,41.2
02:23:15,28.4,41.2
02:23:25,28.4,41.2
02:23:35,28.4,41.1
02:23:45,28.4,41.2
02:23:55,28.4,41.1
02:24:05,28.4,41.2
02:24:15,28.4,41.2
02:24:25,28.4,41.2
02:24:35,28.4,41.2
02:24:45,28.4,41.1
02:24:55,28.4,41.2
02:25:05,28.4,41.2
02:25:15,28.4,41.1
02:25:25,28.4,41.1
02:25:35,28.4,41.2
02:25:45,28.4,41.2
02:25:55,28.4,41.1
02:26:05,28.4,41.0
02:26:15,28.4,41.1
02:26:25,28.4,41.2
02:26:35,28.4,41.1
02:26:45,28.4,41.1
02:26:55,28.4,41.2
02:27:05,28.4,41.2
02:27:15,28.4,41.1
02:27:25,28.4,41.1
02:27:35,28.4,41.1
02:27:45,28.4,41.2
02:27:55,28.4,41.1
02:28:05,28.4,41.1
02:28:15,28.4,41.1
02:28:25,28.4,41.1
02:28:35,28.4,41.1
02:28:45,28.4,41.1
02:28:55,28.4,41.1
02:29:05,28.4,41.1
02:29:15,28.4,41.1
02:29:25,28.4,41.1
02:29:35,28.4,41.1
02:29:45,28.4,41.1
02:29:55,28.4,41.1
02:30:05,28.4,41.1
02:30:15,28.4,41.1
02:30:25,28.4,41.1
02:30:36,28.4,41.1
02:30:47,28.4,41.1
02:30:55,28.4,41.1
02:31:05,28.4,41.0
02:31:15,28.4,41.1
02:31:25,28.4,41.1
02:31:35,28.4,41.1
02:31:45,28.4,41.1
02:31:55,28.4,41.1
02:32:05,28.4,41.1
02:32:15,28.4,41.1
02:32:25,28.4,41.0
02:32:36,28.4,41.0
02:32:45,28.4,41.1
02:32:55,28.4,41.1
02:33:05,28.4,41.0
02:33:15,28.4,41.1
02:33:25,28.4,41.1
02:33:35,28.4,41.1
02:33:45,28.4,41.1
02:33:55,28.4,41.1
02:34:05,28.4,41.1
02:34:15,28.4,41.1
02:34:25,28.4,41.1
02:34:35,28.4,41.1
02:34:45,28.4,41.1
02:34:55,28.4,41.1
02:35:05,28.4,41.0
02:35:15,28.4,41.2
02:35:25,28.4,41.1
02:35:35,28.4,41.0
02:35:45,28.4,41.0
02:35:55,28.4,41.0
02:36:05,28.4,41.0
02:36:15,28.4,41.0
02:36:25,28.4,41.0
02:36:35,28.4,41.0
02:36:45,28.4,41.1
02:36:55,28.4,41.0
02:37:05,28.4,41.0
02:37:15,28.4,41.0
02:37:25,28.4,41.0
02:37:35,28.4,41.0
02:37:45,28.4,40.9
02:37:55,28.4,41.0
02:38:05,28.4,41.0
02:38:15,28.4,41.1
02:38:26,28.4,41.1
02:38:35,28.4,41.1
02:38:45,28.4,41.0
02:38:55,28.4,41.0
02:39:05,28.4,41.0
02:39:15,28.4,41.0
02:39:25,28.4,40.9
02:39:35,28.4,40.9
02:39:45,28.4,41.0
02:39:55,28.4,41.0
02:40:05,28.4,41.0
02:40:15,28.4,41.1
02:40:25,28.4,41.0
02:40:35,28.4,41.1
02:40:45,28.4,41.0
02:40:55,28.4,41.0
02:41:05,28.4,41.0
02:41:15,28.4,41.0
02:41:25,28.4,41.0
02:41:35,28.4,41.0
02:41:45,28.4,41.0
02:41:55,28.4,41.0
02:42:05,28.4,41.0
02:42:15,28.4,41.0
02:42:25,28.4,40.9
02:42:35,28.4,41.0
02:42:45,28.4,41.0
02:42:55,28.4,41.0
02:43:05,28.4,41.0
02:43:15,28.4,41.0
02:43:25,28.4,41.0
02:43:35,28.4,40.9
02:43:45,28.4,41.0
02:43:55,28.4,41.0
02:44:05,28.4,40.9
02:44:15,28.4,40.9
02:44:25,28.4,40.9
02:44:35,28.4,40.9
02:44:45,28.4,40.9
02:44:55,28.4,41.0
02:45:05,28.4,41.0
02:45:15,28.4,40.9
02:45:25,28.4,40.9
02:45:35,28.4,40.9
02:45:45,28.4,40.9
02:45:55,28.4,40.9
02:46:05,28.4,41.0
02:46:15,28.4,41.0
02:46:25,28.4,41.0
02:46:35,28.4,41.0
02:46:45,28.4,40.9
02:46:55,28.4,40.8
02:47:05,28.4,40.9
02:47:15,28.4,40.9
02:47:25,28.4,40.9
02:47:35,28.4,40.8
02:47:45,28.4,40.8
02:47:55,28.4,40.8
02:48:05,28.4,40.8
02:48:15,28.4,40.9
02:48:25,28.4,40.8
02:48:35,28.4,40.8
02:48:45,28.4,40.8
02:48:55,28.4,40.9
02:49:05,28.4,40.9
02:49:15,28.4,40.9
02:49:25,28.4,40.9
02:49:35,28.4,40.8
02:49:45,28.4,40.8
02:49:55,28.4,40.9
02:50:05,28.4,40.9
02:50:15,28.4,40.9
02:50:25,28.4,40.9
02:50:35,28.4,41.0
02:50:45,28.4,40.9
02:50:55,28.4,40.9
02:51:05,28.4,40.9
02:51:15,28.4,40.9
02:51:25,28.4,40.9
02:51:35,28.4,40.9
02:51:45,28.4,40.9
02:51:55,28.4,40.9
02:52:05,28.4,40.9
02:52:15,28.4,40.8
02:52:25,28.4,40.8
02:52:35,28.4,40.9
02:52:45,28.4,40.9
02:52:55,28.4,40.9
02:53:05,28.4,40.9
02:53:15,28.4,40.9
02:53:25,28.4,40.9
02:53:35,28.4,40.8
02:53:45,28.4,40.9
02:53:55,28.4,40.8
02:54:05,28.4,40.9
02:54:15,28.4,40.8
02:54:25,28.4,40.8
02:54:35,28.4,40.8
02:54:45,28.4,40.9
02:54:55,28.4,40.8
02:55:05,28.4,40.8
02:55:15,28.4,40.8
02:55:25,28.4,40.8
02:55:35,28.4,40.8
02:55:45,28.4,40.8
02:55:55,28.4,40.8
02:56:05,28.4,40.8
02:56:15,28.4,40.8
02:56:25,28.4,40.8
02:56:35,28.4,40.8
02:56:45,28.4,40.8
02:56:55,28.4,40.8
02:57:05,28.4,40.8
02:57:15,28.4,40.8
02:57:25,28.4,40.8
02:57:35,28.4,40.8
02:57:45,28.4,40.7
02:57:55,28.4,40.8
02:58:05,28.4,40.8
02:58:15,28.4,40.8
02:58:25,28.4,40.8
02:58:35,28.4,40.8
02:58:45,28.4,40.8
02:58:55,28.4,40.7
02:59:05,28.4,40.8
02:59:15,28.4,40.7
02:59:25,28.4,40.8
02:59:35,28.4,40.7
02:59:45,28.4,40.7
02:59:55,28.4,40.8
03:00:05,28.4,40.8
03:00:15,28.4,40.7
03:00:25,28.4,40.7
03:00:35,28.4,40.7
03:00:45,28.4,40.8
03:00:55,28.4,40.8
03:01:05,28.4,40.7
03:01:15,28.4,40.7
03:01:25,28.4,40.7
03:01:35,28.4,40.7
03:01:45,28.4,40.7
03:01:55,28.4,40.7
03:02:05,28.4,40.7
03:02:15,28.4,40.8
03:02:25,28.4,40.8
03:02:35,28.4,40.7
03:02:45,28.4,40.8
03:02:55,28.4,40.8
03:03:05,28.4,40.8
03:03:15,28.4,40.8
03:03:25,28.4,40.7
03:03:35,28.4,40.7
03:03:45,28.4,40.7
03:03:55,28.4,40.7
03:04:05,28.4,40.7
03:04:15,28.4,40.7
03:04:25,28.5,40.7
03:04:35,28.4,40.6
03:04:45,28.4,40.7
03:04:55,28.4,40.6
03:05:05,28.4,40.6
03:05:15,28.4,40.6
03:05:25,28.4,40.7
03:05:35,28.4,40.6
03:05:45,28.4,40.6
03:05:55,28.4,40.7
03:06:05,28.4,40.7
03:06:15,28.4,40.6
03:06:25,28.4,40.6
03:06:35,28.4,40.6
03:06:45,28.4,40.7
03:06:55,28.4,40.6
03:07:05,28.4,40.6
03:07:15,28.4,40.6
03:07:25,28.4,40.6
03:07:35,28.4,40.6
03:07:45,28.4,40.6
03:07:55,28.4,40.6
03:08:05,28.4,40.6
03:08:15,28.4,40.6
03:08:25,28.4,40.6
03:08:35,28.4,40.6
03:08:45,28.4,40.6
03:08:55,28.4,40.6
03:09:05,28.4,40.6
03:09:15,28.4,40.7
03:09:25,28.4,40.6
03:09:35,28.4,40.5
03:09:45,28.4,40.5
03:09:55,28.4,40.6
03:10:05,28.5,40.5
03:10:15,28.4,40.6
03:10:25,28.4,40.5
03:10:35,28.4,40.5
03:10:45,28.4,40.5
03:10:55,28.4,40.5
03:11:05,28.4,40.5
03:11:15,28.4,40.5
03:11:26,28.4,40.5
03:11:35,28.4,40.5
03:11:45,28.4,40.5
03:11:55,28.4,40.6
03:12:05,28.4,40.5
03:12:15,28.4,40.5
03:12:25,28.4,40.5
03:12:35,28.4,40.5
03:12:45,28.4,40.5
03:12:55,28.5,40.5
03:13:05,28.4,40.5
03:13:15,28.4,40.4
03:13:25,28.4,40.5
03:13:35,28.4,40.5
03:13:45,28.4,40.6
03:13:55,28.5,40.5
03:14:05,28.4,40.5
03:14:15,28.5,40.5
03:14:25,28.4,40.4
03:14:35,28.4,40.5
03:14:45,28.5,40.5
03:14:55,28.4,40.4
03:15:05,28.4,40.4
03:15:15,28.5,40.4
03:15:25,28.5,40.5
03:15:35,28.4,40.4
03:15:45,28.4,40.4
03:15:55,28.4,40.4
03:16:05,28.4,40.4
03:16:15,28.4,40.4
03:16:25,28.4,40.4
03:16:35,28.5,40.4
03:16:45,28.5,40.4
03:16:55,28.5,40.4
03:17:05,28.4,40.4
03:17:15,28.4,40.4
03:17:25,28.5,40.4
03:17:35,28.4,40.3
03:17:45,28.5,40.4
03:17:55,28.5,40.4
03:18:05,28.4,40.3
03:18:15,28.5,40.3
03:18:25,28.4,40.3
03:18:35,28.4,40.4
03:18:45,28.5,40.4
03:18:55,28.4,40.4
03:19:05,28.4,40.4
03:19:15,28.4,40.4
03:19:25,28.5,40.3
03:19:35,28.4,40.4
03:19:45,28.4,40.4
03:19:55,28.4,40.3
03:20:05,28.5,40.4
03:20:15,28.5,40.3
03:20:25,28.4,40.4
03:20:35,28.5,40.4
03:20:45,28.5,40.4
03:20:55,28.5,40.4
03:21:05,28.4,40.3
03:21:15,28.5,40.3
03:21:25,28.5,40.4
03:21:35,28.5,40.4
03:21:45,28.5,40.4
03:21:55,28.5,40.3
03:22:05,28.5,40.3
03:22:15,28.5,40.3
03:22:25,28.5,40.3
03:22:35,28.5,40.3
03:22:45,28.5,40.2
03:22:55,28.5,40.3
03:23:05,28.4,40.3
03:23:15,28.4,40.3
03:23:25,28.5,40.3
03:23:35,28.5,40.3
03:23:45,28.4,40.3
03:23:55,28.4,40.3
03:24:05,28.4,40.3
03:24:15,28.4,40.3
03:24:25,28.4,40.3
03:24:35,28.5,40.4
03:24:45,28.5,40.3
03:24:55,28.5,40.3
03:25:05,28.4,40.4
03:25:15,28.5,40.4
03:25:25,28.5,40.2
03:25:35,28.4,40.2
03:25:45,28.5,40.2
03:25:55,28.4,40.2
03:26:05,28.5,40.3
03:26:15,28.4,40.3
03:26:25,28.5,40.3
03:26:35,28.4,40.3
03:26:45,28.4,40.3
03:26:55,28.5,40.3
03:27:05,28.4,40.3
03:27:15,28.5,40.2
03:27:25,28.5,40.2
03:27:35,28.4,40.2
03:27:45,28.4,40.3
03:27:55,28.4,40.2
03:28:05,28.4,40.2
03:28:15,28.4,40.2
03:28:25,28.5,40.3
03:28:35,28.5,40.3
03:28:45,28.5,40.2
03:28:55,28.5,40.3
03:29:05,28.4,40.2
03:29:15,28.5,40.3
03:29:25,28.5,40.2
03:29:35,28.4,40.2
03:29:45,28.5,40.2
03:29:55,28.5,40.2
03:30:05,28.5,40.2
03:30:15,28.5,40.2
03:30:25,28.4,40.2
03:30:35,28.4,40.2
03:30:45,28.5,40.2
03:30:55,28.5,40.2
03:31:05,28.4,40.2
03:31:15,28.5,40.2
03:31:25,28.5,40.2
03:31:35,28.5,40.2
03:31:45,28.5,40.2
03:31:55,28.5,40.1
03:32:05,28.4,40.1
03:32:15,28.5,40.2
03:32:25,28.5,40.2
03:32:35,28.5,40.1
03:32:45,28.5,40.1
03:32:55,28.5,40.1
03:33:05,28.5,40.1
03:33:15,28.5,40.1
03:33:25,28.5,40.1
03:33:35,28.5,40.1
03:33:45,28.5,40.1
03:33:55,28.5,40.1
03:34:05,28.5,40.2
03:34:15,28.4,40.1
03:34:25,28.5,40.1
03:34:35,28.5,40.1
03:34:45,28.5,40.1
03:34:55,28.5,40.1
03:35:05,28.5,40.1
03:35:15,28.5,40.0
03:35:25,28.5,40.1
03:35:35,28.5,40.1
03:35:45,28.5,40.1
03:35:55,28.5,40.0
03:36:05,28.4,40.1
03:36:15,28.5,40.0
03:36:25,28.5,40.0
03:36:35,28.5,40.1
03:36:45,28.5,40.1
03:36:55,28.5,40.1
03:37:05,28.4,40.1
03:37:15,28.5,40.0
03:37:25,28.5,40.0
03:37:35,28.5,40.0
03:37:45,28.5,40.0
03:37:55,28.5,40.0
03:38:05,28.5,40.0
03:38:15,28.5,40.0
03:38:25,28.5,40.0
03:38:35,28.5,40.0
03:38:45,28.5,40.0
03:38:55,28.5,40.0
03:39:05,28.5,40.0
03:39:15,28.4,40.0
03:39:25,28.4,40.0
03:39:35,28.4,40.0
03:39:45,28.5,40.0
03:39:55,28.5,40.0
03:40:05,28.5,40.0
03:40:15,28.4,40.0
03:40:26,28.4,40.0
03:40:35,28.4,40.0
03:40:45,28.5,40.0
03:40:55,28.5,40.0
03:41:05,28.5,40.0
03:41:15,28.4,40.0
03:41:25,28.4,39.9
03:41:35,28.5,40.0
03:41:45,28.5,40.0
03:41:55,28.5,40.0
03:42:05,28.5,39.9
03:42:15,28.4,39.9
03:42:25,28.4,40.0
03:42:35,28.5,40.0
03:42:45,28.5,40.0
03:42:55,28.5,40.0
03:43:05,28.4,39.9
03:43:15,28.5,39.9
03:43:25,28.4,39.9
03:43:35,28.4,39.9
03:43:45,28.5,39.9
03:43:55,28.5,39.9
03:44:05,28.5,40.0
03:44:15,28.5,40.0
03:44:25,28.5,40.0
03:44:35,28.5,39.9
03:44:45,28.5,39.9
03:44:55,28.5,39.9
03:45:05,28.5,39.9
03:45:15,28.5,39.9
03:45:25,28.5,39.9
03:45:35,28.5,39.9
03:45:45,28.5,39.9
03:45:55,28.5,39.9
03:46:05,28.5,39.9
03:46:15,28.5,39.9
03:46:25,28.5,39.9
03:46:35,28.5,39.9
03:46:45,28.5,39.9
03:46:55,28.5,39.8
03:47:05,28.5,39.9
03:47:15,28.5,39.9
03:47:25,28.5,39.8
03:47:35,28.4,39.9
03:47:45,28.5,39.9
03:47:55,28.5,39.9
03:48:05,28.5,39.9
03:48:15,28.5,39.9
03:48:25,28.5,39.9
03:48:35,28.5,40.0
03:48:45,28.5,40.0
03:48:55,28.5,39.9
03:49:05,28.5,39.9
03:49:15,28.5,40.0
03:49:25,28.5,39.9
03:49:35,28.5,39.9
03:49:45,28.4,39.9
03:49:55,28.5,39.9
03:50:05,28.5,39.9
03:50:15,28.5,39.9
03:50:25,28.5,39.9
03:50:35,28.5,39.9
03:50:45,28.5,39.9
03:50:55,28.5,39.9
03:51:05,28.5,39.9
03:51:15,28.5,39.9
03:51:25,28.5,39.9
03:51:35,28.5,39.9
03:51:45,28.5,39.8
03:51:55,28.5,39.8
03:52:05,28.5,39.9
03:52:15,28.5,39.9
03:52:25,28.5,39.9
03:52:35,28.5,39.9
03:52:45,28.5,39.8
03:52:55,28.5,39.8
03:53:05,28.5,39.8
03:53:15,28.5,39.9
03:53:25,28.5,39.9
03:53:35,28.5,39.9
03:53:45,28.5,39.8
03:53:55,28.5,39.8
03:54:05,28.5,39.8
03:54:15,28.5,39.9
03:54:25,28.5,39.9
03:54:36,28.5,39.8
03:54:45,28.5,39.8
03:54:55,28.5,39.8
03:55:05,28.5,39.8
03:55:15,28.5,39.8
03:55:25,28.5,39.9
03:55:35,28.5,39.9
03:55:45,28.5,39.9
03:55:55,28.5,39.8
03:56:05,28.5,39.8
03:56:15,28.5,39.8
03:56:25,28.5,39.8
03:56:35,28.5,39.8
03:56:45,28.5,39.8
03:56:55,28.5,39.8
03:57:05,28.5,39.8
03:57:15,28.5,39.8
03:57:25,28.5,39.8
03:57:35,28.5,39.8
03:57:45,28.5,39.8
03:57:55,28.5,39.8
03:58:05,28.5,39.8
03:58:15,28.5,39.8
03:58:25,28.5,39.8
03:58:35,28.5,39.9
03:58:45,28.5,39.8
03:58:55,28.5,39.8
03:59:05,28.5,39.8
03:59:15,28.5,39.8
03:59:25,28.5,39.8
03:59:35,28.5,39.8
03:59:45,28.5,39.8
03:59:55,28.5,39.8
04:00:05,28.5,39.9
04:00:15,28.5,39.8
04:00:25,28.5,39.8
04:00:35,28.5,39.8
04:00:45,28.5,39.8
04:00:55,28.5,39.8
04:01:05,28.5,39.8
04:01:15,28.5,39.7
04:01:25,28.5,39.7
04:01:35,28.5,39.7
04:01:45,28.5,39.7
04:01:55,28.5,39.8
04:02:05,28.5,39.7
04:02:15,28.5,39.7
04:02:25,28.5,39.7
04:02:35,28.5,39.7
04:02:45,28.5,39.7
04:02:55,28.5,39.7
04:03:05,28.5,39.7
04:03:15,28.5,39.7
04:03:25,28.5,39.7
04:03:35,28.5,39.8
04:03:45,28.5,39.8
04:03:55,28.5,39.8
04:04:05,28.5,39.8
04:04:15,28.5,39.7
04:04:25,28.5,39.7
04:04:35,28.5,39.7
04:04:45,28.5,39.8
04:04:55,28.5,39.7
04:05:05,28.4,39.8
04:05:15,28.5,39.7
04:05:25,28.5,39.7
04:05:35,28.5,39.7
04:05:45,28.5,39.7
04:05:55,28.5,39.8
04:06:05,28.5,39.7
04:06:15,28.5,39.7
04:06:25,28.5,39.7
04:06:35,28.5,39.8
04:06:45,28.5,39.7
04:06:55,28.5,39.8
04:07:05,28.5,39.7
04:07:15,28.5,39.7
04:07:25,28.5,39.7
04:07:35,28.5,39.8
04:07:45,28.5,39.8
04:07:55,28.5,39.7
04:08:05,28.5,39.7
04:08:15,28.5,39.7
04:08:25,28.5,39.7
04:08:35,28.5,39.6
04:08:45,28.5,39.7
04:08:55,28.5,39.6
04:09:05,28.5,39.7
04:09:15,28.5,39.6
04:09:25,28.5,39.6
04:09:35,28.5,39.6
04:09:45,28.5,39.6
04:09:55,28.5,39.6
04:10:05,28.5,39.7
04:10:15,28.5,39.7
04:10:25,28.5,39.6
04:10:35,28.5,39.6
04:10:45,28.5,39.6
04:10:55,28.5,39.5
04:11:05,28.5,39.6
04:11:15,28.5,39.6
04:11:25,28.5,39.6
04:11:35,28.5,39.6
04:11:45,28.5,39.6
04:11:55,28.5,39.6
04:12:07,28.5,39.6
04:12:15,28.5,39.5
04:12:28,28.5,39.6
04:12:35,28.5,39.6
04:12:45,28.5,39.6
04:12:55,28.5,39.5
04:13:05,28.5,39.6
04:13:15,28.5,39.6
04:13:25,28.5,39.6
04:13:35,28.5,39.5
04:13:45,28.5,39.5
04:13:55,28.5,39.5
04:14:05,28.5,39.5
04:14:15,28.5,39.5
04:14:25,28.5,39.5
04:14:35,28.5,39.5
04:14:45,28.5,39.5
04:14:55,28.5,39.5
04:15:05,28.5,39.5
04:15:15,28.5,39.4
04:15:25,28.5,39.5
04:15:35,28.5,39.5
04:15:45,28.5,39.5
04:15:55,28.5,39.5
04:16:05,28.5,39.5
04:16:15,28.5,39.5
04:16:25,28.5,39.4
04:16:35,28.5,39.4
04:16:45,28.5,39.5
04:16:55,28.5,39.4
04:17:05,28.5,39.5
04:17:15,28.5,39.4
04:17:25,28.5,39.5
04:17:35,28.5,39.4
04:17:45,28.5,39.2
04:17:55,28.5,39.2
04:18:05,28.5,39.3
04:18:15,28.5,39.3
04:18:25,28.4,39.4
04:18:35,28.5,39.5
04:18:45,28.5,39.5
04:18:55,28.5,39.4
04:19:05,28.5,39.4
04:19:15,28.5,39.4
04:19:25,28.5,39.4
04:19:35,28.5,39.4
04:19:45,28.5,39.3
04:19:55,28.5,39.3
04:20:05,28.5,39.4
04:20:15,28.5,39.4
04:20:25,28.5,39.3
04:20:35,28.5,39.4
04:20:45,28.5,39.4
04:20:55,28.5,39.4
04:21:05,28.5,39.3
04:21:15,28.5,39.3
04:21:25,28.5,39.3
04:21:35,28.5,39.3
04:21:45,28.5,39.3
04:21:55,28.5,39.3
04:22:05,28.5,39.3
04:22:15,28.5,39.3
04:22:25,28.5,39.3
04:22:35,28.5,39.3
04:22:45,28.5,39.3
04:22:55,28.5,39.4
04:23:05,28.5,39.3
04:23:15,28.5,39.4
04:23:26,28.5,39.3
04:23:35,28.5,39.3
04:23:45,28.5,39.3
04:23:55,28.5,39.3
04:24:05,28.5,39.2
04:24:15,28.5,39.3
04:24:25,28.5,39.2
04:24:35,28.5,39.3
04:24:45,28.5,39.2
04:24:55,28.5,39.2
04:25:05,28.5,39.2
04:25:15,28.5,39.2
04:25:25,28.5,39.2
04:25:35,28.5,39.3
04:25:45,28.5,39.3
04:25:55,28.5,39.3
04:26:05,28.5,39.2
04:26:15,28.5,39.1
04:26:25,28.5,39.1
04:26:35,28.5,39.2
04:26:45,28.5,39.2
04:26:55,28.5,39.2
04:27:05,28.5,39.2
04:27:15,28.5,39.2
04:27:25,28.5,39.1
04:27:35,28.5,39.1
04:27:45,28.5,39.1
04:27:55,28.5,39.1
04:28:05,28.5,39.1
04:28:15,28.5,39.1
04:28:25,28.5,39.1
04:28:35,28.5,39.1
04:28:45,28.5,39.1
04:28:55,28.5,39.1
04:29:05,28.5,39.1
04:29:15,28.5,39.1
04:29:25,28.5,39.1
04:29:35,28.5,39.2
04:29:45,28.5,39.1
04:29:55,28.5,39.1
04:30:05,28.5,39.1
04:30:15,28.5,39.1
04:30:25,28.5,39.1
04:30:35,28.5,39.0
04:30:45,28.5,39.1
04:30:55,28.5,39.0
04:31:05,28.5,39.0
04:31:15,28.5,39.0
04:31:25,28.5,39.0
04:31:35,28.5,39.0
04:31:45,28.5,38.9
04:31:55,28.5,39.0
04:32:05,28.5,38.9
04:32:15,28.5,39.0
04:32:25,28.5,38.9
04:32:35,28.5,38.9
04:32:45,28.5,39.0
04:32:55,28.5,39.0
04:33:05,28.5,39.0
04:33:15,28.5,39.1
04:33:25,28.5,39.1
04:33:35,28.5,39.0
04:33:45,28.5,39.1
04:33:55,28.5,39.1
04:34:05,28.5,39.0
04:34:15,28.5,39.0
04:34:25,28.5,39.0
04:34:35,28.5,38.9
04:34:45,28.5,39.0
04:34:55,28.5,38.9
04:35:05,28.5,39.0
04:35:15,28.5,39.0
04:35:25,28.5,39.1
04:35:35,28.5,39.0
04:35:45,28.5,38.9
04:35:55,28.5,39.0
04:36:05,28.5,38.9
04:36:15,28.5,38.9
04:36:25,28.5,38.9
04:36:35,28.5,39.0
04:36:45,28.5,38.9
04:36:55,28.5,38.8
04:37:05,28.5,38.9
04:37:15,28.5,38.9
04:37:25,28.5,39.0
04:37:35,28.5,39.0
04:37:45,28.5,38.9
04:37:55,28.5,38.9
04:38:05,28.5,38.9
04:38:15,28.5,38.8
04:38:25,28.5,38.8
04:38:35,28.5,38.8
04:38:45,28.5,38.9
04:38:55,28.5,38.8
04:39:05,28.5,38.8
04:39:15,28.5,38.8
04:39:25,28.5,38.8
04:39:35,28.5,38.8
04:39:45,28.5,38.9
04:39:55,28.5,38.8
04:40:05,28.5,38.7
04:40:15,28.5,38.8
04:40:25,28.5,38.8
04:40:35,28.5,38.8
04:40:45,28.5,38.7
04:40:55,28.5,38.8
04:41:05,28.5,38.8
04:41:15,28.5,39.0
04:41:25,28.5,38.9
04:41:35,28.5,38.7
04:41:45,28.5,38.7
04:41:55,28.5,38.7
04:42:05,28.5,38.7
04:42:15,28.5,38.7
04:42:25,28.5,38.8
04:42:35,28.5,38.7
04:42:45,28.5,38.7
04:42:55,28.5,38.7
04:43:05,28.5,38.7
04:43:15,28.5,38.8
04:43:25,28.5,38.7
04:43:35,28.5,38.6
04:43:45,28.5,38.6
04:43:55,28.5,38.6
04:44:05,28.5,38.6
04:44:15,28.5,38.6
04:44:25,28.5,38.6
04:44:35,28.5,38.6
04:44:45,28.5,38.6
04:44:55,28.5,38.6
04:45:05,28.5,38.6
04:45:15,28.5,38.6
04:45:25,28.5,38.6
04:45:35,28.5,38.5
04:45:45,28.5,38.6
04:45:55,28.5,38.6
04:46:05,28.5,38.5
04:46:15,28.5,38.6
04:46:25,28.5,38.6
04:46:35,28.5,38.6
04:46:45,28.5,38.6
04:46:55,28.5,38.6
04:47:05,28.5,38.6
04:47:15,28.5,38.6
04:47:25,28.5,38.6
04:47:35,28.5,38.5
04:47:45,28.5,38.6
04:47:55,28.5,38.6
04:48:05,28.5,38.5
04:48:15,28.5,38.6
04:48:25,28.5,38.6
04:48:35,28.5,38.5
04:48:45,28.5,38.5
04:48:55,28.5,38.6
04:49:05,28.5,38.5
04:49:15,28.5,38.5
04:49:25,28.5,38.6
04:49:35,28.5,38.5
04:49:45,28.5,38.5
04:49:55,28.5,38.5
04:50:05,28.5,38.5
04:50:15,28.5,38.5
04:50:25,28.5,38.4
04:50:35,28.5,38.4
04:50:45,28.5,38.4
04:50:55,28.5,38.4
04:51:05,28.5,38.4
04:51:15,28.5,38.4
04:51:25,28.5,38.4
04:51:35,28.5,38.4
04:51:45,28.5,38.4
04:51:55,28.5,38.4
04:52:05,28.5,38.4
04:52:15,28.5,38.4
04:52:25,28.5,38.4
04:52:35,28.5,38.4
04:52:45,28.5,38.4
04:52:55,28.5,38.4
04:53:05,28.5,38.4
04:53:15,28.5,38.4
04:53:25,28.5,38.4
04:53:35,28.5,38.4
04:53:45,28.5,38.3
04:53:55,28.5,38.3
04:54:05,28.5,38.4
04:54:15,28.5,38.3
04:54:25,28.5,38.3
04:54:35,28.5,38.4
04:54:45,28.5,38.4
04:54:55,28.5,38.3
04:55:05,28.5,38.3
04:55:15,28.5,38.4
04:55:25,28.5,38.4
04:55:35,28.5,38.3
04:55:45,28.5,38.3
04:55:55,28.5,38.3
04:56:05,28.5,38.3
04:56:15,28.5,38.4
04:56:25,28.5,38.4
04:56:35,28.5,38.5
04:56:45,28.5,38.4
04:56:55,28.5,38.4
04:57:05,28.5,38.5
04:57:15,28.5,38.5
04:57:25,28.5,38.4
04:57:35,28.5,38.5
04:57:45,28.5,38.4
04:57:55,28.5,38.3
04:58:05,28.5,38.3
04:58:15,28.5,38.3
04:58:25,28.5,38.3
04:58:35,28.5,38.3
04:58:45,28.5,38.3
04:58:55,28.5,38.3
04:59:05,28.5,38.3
04:59:15,28.5,38.2
04:59:25,28.5,38.2
04:59:35,28.5,38.2
04:59:45,28.5,38.2
04:59:55,28.5,38.2
05:00:05,28.5,38.3
05:00:15,28.5,38.3
05:00:25,28.5,38.2
05:00:35,28.5,38.3
05:00:45,28.5,38.3
05:00:55,28.5,38.2
05:01:05,28.5,38.2
05:01:15,28.5,38.3
05:01:25,28.5,38.2
05:01:35,28.5,38.3
05:01:45,28.5,38.1
05:01:55,28.5,38.2
05:02:05,28.5,38.2
05:02:15,28.5,38.2
05:02:25,28.5,38.2
05:02:35,28.5,38.2
05:02:45,28.5,38.2
05:02:55,28.5,38.2
05:03:05,28.5,38.1
05:03:15,28.5,38.1
05:03:25,28.5,38.2
05:03:35,28.5,38.3
05:03:45,28.5,38.2
05:03:55,28.5,38.1
05:04:05,28.5,38.1
05:04:15,28.5,38.1
05:04:25,28.5,38.2
05:04:35,28.5,38.3
05:04:45,28.5,38.2
05:04:55,28.5,38.3
05:05:05,28.5,38.3
05:05:15,28.5,38.2
05:05:25,28.5,38.1
05:05:35,28.5,38.2
05:05:45,28.5,38.3
05:05:55,28.5,38.2
05:06:05,28.5,38.2
05:06:15,28.5,38.1
05:06:25,28.5,38.2
05:06:35,28.5,38.1
05:06:45,28.5,38.3
05:06:55,28.5,38.3
05:07:05,28.5,38.1
05:07:15,28.5,38.2
05:07:25,28.5,38.1
05:07:35,28.5,38.1
05:07:45,28.5,38.1
05:07:55,28.5,38.1
05:08:05,28.5,38.2
05:08:15,28.5,38.3
05:08:25,28.5,38.3
05:08:35,28.5,38.2
05:08:45,28.5,38.2
05:08:55,28.5,38.2
05:09:05,28.5,38.2
05:09:15,28.5,38.3
05:09:25,28.5,38.3
05:09:35,28.5,38.2
05:09:45,28.5,38.1
05:09:55,28.5,38.0
05:10:05,28.5,38.1
05:10:15,28.5,38.1
05:10:25,28.5,38.2
05:10:35,28.5,38.1
05:10:45,28.5,38.0
05:10:55,28.5,38.2
05:11:05,28.5,38.0
05:11:15,28.5,38.0
05:11:25,28.5,37.9
05:11:35,28.5,38.0
05:11:45,28.5,38.0
05:11:55,28.5,38.0
05:12:05,28.5,38.0
05:12:15,28.5,38.1
05:12:25,28.5,38.1
05:12:35,28.5,38.0
05:12:45,28.5,37.9
05:12:55,28.5,37.9
05:13:05,28.5,38.0
05:13:15,28.5,37.9
05:13:25,28.5,38.0
05:13:35,28.5,38.0
05:13:45,28.5,37.9
05:13:55,28.5,37.9
05:14:05,28.5,38.0
05:14:15,28.5,38.0
05:14:25,28.5,37.9
05:14:35,28.5,38.0
05:14:45,28.5,38.0
05:14:55,28.5,37.9
05:15:05,28.5,38.0
05:15:15,28.5,37.9
05:15:25,28.5,37.8
05:15:35,28.5,37.9
05:15:45,28.5,37.8
05:15:55,28.5,37.9
05:16:05,28.5,37.8
05:16:15,28.5,37.8
05:16:25,28.5,37.9
05:16:35,28.5,38.0
05:16:45,28.5,37.9
05:16:55,28.5,37.9
05:17:05,28.5,37.8
05:17:15,28.5,37.8
05:17:25,28.5,37.9
05:17:35,28.5,37.7
05:17:45,28.5,37.8
05:17:55,28.5,37.8
05:18:05,28.5,37.8
05:18:15,28.5,37.9
05:18:25,28.5,37.9
05:18:35,28.5,37.8
05:18:45,28.5,37.7
05:18:55,28.5,37.8
05:19:05,28.5,37.8
05:19:15,28.5,37.8
05:19:25,28.5,37.8
05:19:35,28.5,37.8
05:19:45,28.5,37.9
05:19:55,28.5,37.9
05:20:05,28.5,37.9
05:20:15,28.5,37.8
05:20:25,28.5,37.9
05:20:35,28.5,37.9
05:20:45,28.5,37.9
05:20:55,28.5,37.8
05:21:05,28.5,38.0
05:21:15,28.5,37.8
05:21:25,28.5,37.8
05:21:35,28.5,37.9
05:21:45,28.5,37.9
05:21:55,28.5,37.8
05:22:05,28.5,37.8
05:22:15,28.5,37.8
05:22:25,28.5,37.7
05:22:35,28.5,37.7
05:22:45,28.5,37.8
05:22:55,28.5,37.9
05:23:05,28.5,37.7
05:23:15,28.5,37.8
05:23:25,28.5,37.8
05:23:35,28.5,37.8
05:23:45,28.5,37.8
05:23:55,28.5,37.8
05:24:05,28.5,37.7
05:24:15,28.5,37.9
05:24:25,28.5,37.8
05:24:35,28.5,37.7
05:24:45,28.5,37.8
05:24:55,28.5,37.8
05:25:05,28.5,37.7
05:25:15,28.5,37.7
05:25:25,28.5,37.8
05:25:35,28.5,37.7
05:25:45,28.5,37.7
05:25:55,28.5,37.7
05:26:05,28.5,37.8
05:26:15,28.5,37.8
05:26:25,28.5,37.8
05:26:35,28.5,37.9
05:26:45,28.5,37.8
05:26:55,28.5,37.8
05:27:05,28.5,37.7
05:27:15,28.5,37.8
05:27:25,28.5,37.8
05:27:35,28.5,37.7
05:27:45,28.5,37.8
05:27:55,28.5,37.8
05:28:05,28.5,37.8
05:28:15,28.5,37.8
05:28:25,28.5,37.7
05:28:35,28.5,37.7
05:28:45,28.5,37.7
05:28:55,28.5,37.7
05:29:05,28.5,37.7
05:29:15,28.5,37.7
05:29:25,28.5,37.8
05:29:35,28.5,37.7
05:29:45,28.5,37.7
05:29:55,28.5,37.7
05:30:05,28.5,37.7
05:30:15,28.5,37.7
05:30:25,28.5,37.7
05:30:35,28.5,37.6
05:30:45,28.5,37.7
05:30:55,28.5,37.7
05:31:05,28.5,37.8
05:31:15,28.5,37.7
05:31:25,28.5,37.7
05:31:35,28.5,37.6
05:31:45,28.5,37.7
05:31:55,28.5,37.7
05:32:05,28.5,37.8
05:32:15,28.5,37.8
05:32:25,28.5,37.8
05:32:35,28.5,37.8
05:32:45,28.5,37.6
05:32:55,28.5,37.6
05:33:05,28.5,37.6
05:33:15,28.5,37.7
05:33:25,28.5,37.7
05:33:35,28.5,37.6
05:33:45,28.5,37.7
05:33:55,28.5,37.7
05:34:05,28.5,37.7
05:34:15,28.5,37.7
05:34:25,28.5,37.7
05:34:35,28.5,37.7
05:34:45,28.5,37.6
05:34:55,28.5,37.6
05:35:05,28.5,37.7
05:35:15,28.5,37.6
05:35:25,28.5,37.6
05:35:35,28.5,37.5
05:35:45,28.5,37.6
05:35:55,28.5,37.6
05:36:05,28.5,37.6
05:36:15,28.5,37.6
05:36:25,28.5,37.5
05:36:35,28.5,37.7
05:36:45,28.5,37.5
05:36:55,28.5,37.6
05:37:05,28.5,37.6
05:37:15,28.5,37.7
05:37:25,28.5,37.6
05:37:35,28.5,37.7
05:37:45,28.5,37.6
05:37:55,28.5,37.6
05:38:05,28.5,37.6
05:38:15,28.5,37.5
05:38:25,28.5,37.6
05:38:35,28.5,37.6
05:38:45,28.5,37.7
05:38:55,28.5,37.7
05:39:05,28.5,37.6
05:39:15,28.5,37.6
05:39:25,28.5,37.5
05:39:35,28.5,37.7
05:39:45,28.5,37.6
05:39:55,28.5,37.5
05:40:05,28.5,37.6
05:40:15,28.5,37.5
05:40:25,28.5,37.5
05:40:35,28.5,37.5
05:40:45,28.5,37.5
05:40:55,28.5,37.5
05:41:05,28.5,37.5
05:41:15,28.5,37.5
05:41:25,28.5,37.5
05:41:35,28.5,37.5
05:41:45,28.5,37.6
05:41:55,28.5,37.5
05:42:05,28.5,37.5
05:42:15,28.5,37.4
05:42:25,28.5,37.4
05:42:35,28.5,37.5
05:42:45,28.5,37.5
05:42:55,28.5,37.5
05:43:05,28.5,37.6
05:43:15,28.5,37.6
05:43:25,28.5,37.5
05:43:35,28.5,37.6
05:43:45,28.5,37.5
05:43:55,28.5,37.6
05:44:05,28.5,37.5
05:44:15,28.5,37.4
05:44:25,28.5,37.6
05:44:35,28.5,37.4
05:44:45,28.5,37.4
05:44:55,28.5,37.5
05:45:05,28.5,37.5
05:45:15,28.5,37.4
05:45:25,28.5,37.5
05:45:35,28.5,37.4
05:45:45,28.5,37.3
05:45:55,28.5,37.4
05:46:05,28.5,37.3
05:46:15,28.5,37.4
05:46:25,28.5,37.4
05:46:35,28.5,37.5
05:46:45,28.5,37.4
05:46:55,28.5,37.4
05:47:05,28.5,37.4
05:47:15,28.5,37.5
05:47:25,28.5,37.3
05:47:35,28.5,37.5
05:47:45,28.5,37.4
05:47:55,28.5,37.4
05:48:05,28.5,37.5
05:48:15,28.5,37.5
05:48:25,28.5,37.4
05:48:35,28.5,37.5
05:48:45,28.5,37.4
05:48:55,28.5,37.3
05:49:05,28.5,37.4
05:49:15,28.5,37.4
05:49:25,28.5,37.4
05:49:35,28.5,37.4
05:49:45,28.5,37.5
05:49:55,28.5,37.3
05:50:05,28.5,37.3
05:50:15,28.5,37.3
05:50:25,28.5,37.3
05:50:35,28.5,37.4
05:50:45,28.5,37.5
05:50:55,28.5,37.6
05:51:05,28.5,37.4
05:51:15,28.5,37.3
05:51:25,28.5,37.3
05:51:35,28.5,37.4
05:51:45,28.5,37.4
05:51:55,28.5,37.3
05:52:05,28.5,37.2
05:52:15,28.5,37.3
05:52:25,28.5,37.4
05:52:35,28.5,37.3
05:52:45,28.5,37.3
05:52:55,28.5,37.4
05:53:05,28.5,37.3
05:53:15,28.5,37.3
05:53:25,28.5,37.3
05:53:35,28.5,37.3
05:53:45,28.5,37.4
05:53:55,28.5,37.3
05:54:05,28.5,37.3
05:54:15,28.5,37.2
05:54:25,28.5,37.3
05:54:35,28.5,37.2
05:54:45,28.5,37.3
05:54:55,28.5,37.2
05:55:05,28.5,37.3
05:55:15,28.5,37.3
05:55:25,28.5,37.4
05:55:35,28.5,37.4
05:55:45,28.5,37.3
05:55:55,28.5,37.3
05:56:05,28.5,37.2
05:56:15,28.5,37.3
05:56:25,28.5,37.3
05:56:35,28.5,37.1
05:56:45,28.5,37.2
05:56:55,28.5,37.2
05:57:05,28.5,37.3
05:57:15,28.5,37.1
05:57:25,28.5,37.2
05:57:35,28.5,37.2
05:57:45,28.5,37.2
05:57:55,28.5,37.4
05:58:05,28.5,37.2
05:58:15,28.5,37.3
05:58:25,28.5,37.2
05:58:35,28.5,37.2
05:58:45,28.5,37.2
05:58:55,28.5,37.2
05:59:05,28.5,37.2
05:59:15,28.5,37.2
05:59:25,28.5,37.2
05:59:35,28.5,37.2
05:59:45,28.5,37.3
05:59:55,28.5,37.2
06:00:05,28.5,37.3
06:00:15,28.5,37.2
06:00:25,28.5,37.2
06:00:35,28.5,37.2
06:00:45,28.5,37.2
06:00:55,28.5,37.2
06:02:08,28.5,37.3
06:02:15,28.5,37.4
06:02:25,28.5,37.3
06:02:35,28.5,37.2
06:02:45,28.5,37.2
06:02:55,28.5,37.3
06:03:05,28.5,37.4
06:03:15,28.5,37.3
06:03:25,28.5,37.3
06:03:35,28.5,37.2
06:03:45,28.5,37.2
06:03:55,28.5,37.2
06:04:05,28.5,37.7
06:04:15,28.5,37.4
06:04:25,28.5,37.6
06:04:35,28.5,37.8
06:04:45,28.5,37.6
06:04:55,28.5,37.6
06:05:05,28.5,37.5
06:05:15,28.5,37.5
06:05:25,28.5,37.6
06:05:35,28.5,37.6
06:05:45,28.5,37.6
06:05:55,28.6,37.5
06:06:05,28.6,37.5
06:06:15,28.6,37.5
06:06:25,28.6,37.6
06:06:35,28.6,37.6
06:06:45,28.6,37.5
06:06:55,28.6,37.5
06:07:05,28.6,37.5
06:07:15,28.6,37.5
06:07:25,28.6,37.5
06:07:35,28.6,37.6
06:07:45,28.6,37.7
06:07:55,28.6,37.7
06:08:05,28.6,37.7
06:08:15,28.6,37.8
06:08:25,28.6,37.6
06:08:35,28.6,37.6
06:08:45,28.6,37.6
06:08:55,28.6,37.7
06:09:05,28.6,37.8
06:09:15,28.6,37.8
06:09:25,28.6,37.8
06:09:35,28.6,37.6
06:09:45,28.6,37.6
06:09:55,28.6,37.5
06:10:05,28.6,37.5
06:10:15,28.6,37.6
06:10:25,28.6,37.8
06:10:35,28.6,37.8
06:10:45,28.6,37.8
06:10:55,28.6,37.7
06:11:05,28.6,37.6
06:11:15,28.6,37.6
06:11:25,28.6,37.6
06:11:35,28.6,37.7
06:11:45,28.6,37.7
06:11:55,28.6,37.7
06:12:05,28.6,37.7
06:12:15,28.6,37.8
06:12:25,28.6,37.8
06:12:35,28.6,37.8
06:12:45,28.6,37.8
06:12:55,28.6,37.8
06:13:05,28.6,37.7
06:13:15,28.6,37.6
06:13:25,28.6,37.6
06:13:35,28.6,37.6
06:13:45,28.6,37.7
06:13:55,28.6,37.7
06:14:05,28.6,37.6
06:14:15,28.6,37.6
06:14:25,28.6,37.5
06:14:35,28.6,37.5
06:14:45,28.6,37.5
06:14:55,28.6,37.4
06:15:05,28.6,37.4
06:15:15,28.6,37.6
06:15:25,28.6,37.6
06:15:35,28.6,37.7
06:15:45,28.6,37.5
06:15:55,28.6,37.3
06:16:05,28.6,37.4
06:16:15,28.6,37.3
06:16:25,28.6,37.3
06:16:35,28.6,37.3
06:16:45,28.6,37.2
06:16:55,28.6,37.3
06:17:05,28.6,37.4
06:17:15,28.6,37.5
06:17:25,28.6,37.3
06:17:35,28.6,37.4
06:17:45,28.6,37.3
06:17:55,28.6,37.3
06:18:05,28.6,37.3
06:18:15,28.6,37.3
06:18:25,28.6,37.1
06:18:35,28.6,37.2
06:18:45,28.6,37.1
06:18:55,28.6,37.1
06:19:05,28.6,36.8
06:19:15,28.6,36.8
06:19:25,28.6,36.7
06:19:35,28.6,36.7
06:19:45,28.6,36.7
06:19:55,28.6,36.6
06:20:05,28.6,36.6
06:20:15,28.6,36.6
06:20:25,28.6,36.5
06:20:35,28.6,36.4
06:20:45,28.6,36.5
06:20:55,28.6,36.5
06:21:05,28.6,36.5
06:21:15,28.6,36.5
06:21:25,28.6,36.7
06:21:35,28.6,36.6
06:21:45,28.6,36.5
06:21:55,28.6,36.5
06:22:05,28.6,36.4
06:22:15,28.6,36.5
06:22:25,28.6,36.4
06:22:35,28.6,36.4
06:22:45,28.6,36.4
06:22:55,28.6,36.3
06:23:05,28.6,36.4
06:23:15,28.6,36.5
06:23:25,28.6,36.4
06:23:35,28.6,36.6
06:23:45,28.6,36.5
06:23:55,28.6,36.4
06:24:05,28.6,36.4
06:24:15,28.6,36.5
06:24:25,28.6,36.5
06:24:35,28.6,36.5
06:24:45,28.6,36.4
06:24:55,28.6,36.5
06:25:05,28.6,36.5
06:25:15,28.6,36.5
06:25:25,28.6,36.7
06:25:35,28.6,36.4
06:25:45,28.6,36.5
06:25:55,28.6,36.4
06:26:05,28.6,36.4
06:26:15,28.6,36.4
06:26:25,28.6,36.6
06:26:35,28.6,36.6
06:26:45,28.6,36.6
06:26:55,28.6,36.7
06:27:05,28.6,36.6
06:27:15,28.6,36.5
06:27:25,28.6,36.5
06:27:35,28.6,36.7
06:27:45,28.6,36.8
06:27:55,28.6,36.6
06:28:05,28.6,36.6
06:28:15,28.6,36.6
06:28:25,28.6,36.7
06:28:35,28.6,36.8
06:28:45,28.6,36.7
06:28:55,28.6,36.5
06:29:05,28.6,36.5
06:29:15,28.6,36.5
06:29:25,28.6,36.4
06:29:35,28.6,36.5
06:29:45,28.6,36.5
06:29:55,28.6,36.7
06:30:05,28.6,36.8
06:30:15,28.6,36.7
06:30:25,28.6,36.8
06:30:35,28.6,36.9
06:30:45,28.6,36.9
06:30:55,28.6,36.6
06:31:05,28.6,36.7
06:31:15,28.6,36.5
06:31:25,28.6,36.6
06:31:35,28.6,36.6
06:31:45,28.6,36.7
06:31:55,28.6,36.7
06:32:05,28.6,36.8
06:32:15,28.6,36.8
06:32:25,28.6,36.9
06:32:35,28.6,36.6
06:32:45,28.6,36.4
06:32:55,28.6,36.4
06:33:05,28.6,36.5
06:33:15,28.6,36.5
06:33:25,28.6,36.5
06:33:35,28.6,36.5
06:33:45,28.6,36.4
06:33:55,28.6,36.3
06:34:05,28.6,36.7
06:34:15,28.6,36.5
06:34:25,28.6,36.5
06:34:35,28.6,36.4
06:34:45,28.6,36.4
06:34:55,28.6,36.5
06:35:05,28.6,36.5
06:35:15,28.6,36.6
06:35:25,28.6,36.5
06:35:35,28.6,36.4
06:35:45,28.6,36.4
06:35:55,28.6,36.5
06:36:05,28.6,36.4
06:36:15,28.6,36.4
06:36:25,28.6,36.5
06:36:35,28.6,36.5
06:36:45,28.6,36.5
06:36:55,28.6,36.5
06:37:05,28.6,36.6
06:37:15,28.6,36.6
06:37:25,28.6,36.5
06:37:35,28.6,36.4
06:37:45,28.6,36.3
06:37:55,28.6,36.5
06:38:05,28.6,36.5
06:38:15,28.6,36.5
06:38:25,28.6,36.3
06:38:35,28.6,36.3
06:38:45,28.6,36.4
06:38:55,28.6,36.7
06:39:05,28.6,36.5
06:39:15,28.6,36.4
06:39:25,28.6,36.3
06:39:35,28.6,36.3
06:39:45,28.6,36.2
06:39:55,28.6,36.2
06:40:05,28.6,36.3
06:40:15,28.6,36.4
06:40:25,28.6,36.2
06:40:35,28.6,36.1
06:40:45,28.6,36.1
06:40:55,28.6,36.1
06:41:05,28.6,36.2
06:41:15,28.6,36.1
06:41:25,28.6,36.2
06:41:35,28.6,36.2
06:41:45,28.6,36.4
06:41:55,28.6,36.2
06:42:05,28.6,36.0
06:42:15,28.6,36.0
06:42:25,28.6,36.1
06:42:35,28.6,36.3
06:42:45,28.6,36.2
06:42:55,28.6,36.3
06:43:05,28.6,36.4
06:43:15,28.6,36.5
06:43:25,28.6,36.4
06:43:35,28.6,36.1
06:43:45,28.6,36.1
06:43:55,28.6,36.1
06:44:05,28.6,36.0
06:44:15,28.6,35.9
06:44:25,28.6,36.0
06:44:35,28.6,36.3
06:44:45,28.6,36.3
06:44:55,28.6,36.2
06:45:05,28.6,36.1
06:45:15,28.6,36.1
06:45:25,28.6,36.0
06:45:35,28.6,36.0
06:45:45,28.6,36.1
06:45:55,28.6,36.0
06:46:05,28.6,35.9
06:46:15,28.6,35.9
06:46:25,28.6,35.9
06:46:35,28.6,35.9
06:46:45,28.6,35.9
06:46:55,28.6,35.9
06:47:05,28.6,36.0
06:47:15,28.6,35.9
06:47:25,28.6,36.0
06:47:35,28.6,36.2
06:47:45,28.6,36.4
06:47:55,28.6,36.0
06:48:05,28.6,36.0
06:48:15,28.6,36.3
06:48:25,28.6,36.5
06:48:35,28.6,36.1
06:48:45,28.6,36.0
06:48:55,28.6,36.0
06:49:05,28.6,36.0
06:49:15,28.6,36.2
06:49:25,28.6,36.2
06:49:35,28.6,36.1
06:49:45,28.6,36.2
06:49:55,28.6,36.5
06:50:05,28.6,36.6
06:50:15,28.6,36.8
06:50:25,28.6,36.7
06:50:35,28.6,36.6
06:50:45,28.6,36.5
06:50:55,28.6,36.3
06:51:05,28.6,36.2
06:51:15,28.6,36.5
06:51:25,28.6,36.7
06:51:35,28.6,36.8
06:51:45,28.6,36.9
06:51:55,28.6,36.8
06:52:05,28.6,36.8
06:52:15,28.6,36.7
06:52:25,28.6,36.4
06:52:35,28.6,36.4
06:52:45,28.6,36.8
06:52:55,28.6,36.8
06:53:05,28.6,36.9
06:53:15,28.6,36.8
06:53:25,28.6,36.8
06:53:35,28.6,36.6
06:53:45,28.6,36.7
06:53:55,28.6,36.7
06:54:05,28.6,36.8
06:54:15,28.6,36.8
06:54:25,28.6,36.7
06:54:35,28.6,36.8
06:54:45,28.6,36.8
06:54:55,28.6,36.9
06:55:05,28.6,36.8
06:55:15,28.6,36.8
06:55:25,28.6,36.8
06:55:35,28.6,36.8
06:55:45,28.6,36.7
06:55:55,28.6,36.7
06:56:05,28.6,36.8
06:56:15,28.6,36.8
06:56:25,28.6,36.7
06:56:35,28.6,36.7
06:56:45,28.6,36.7
06:56:55,28.6,36.7
06:57:05,28.6,36.8
06:57:15,28.6,36.8
06:57:25,28.6,36.8
06:57:35,28.6,36.8
06:57:45,28.6,36.7
06:57:55,28.6,36.8
06:58:05,28.6,36.8
06:58:15,28.6,36.8
06:58:25,28.6,36.8
06:58:35,28.6,36.8
06:58:45,28.6,36.8
06:58:55,28.6,36.8
06:59:05,28.6,36.8
06:59:15,28.6,36.8
06:59:25,28.6,36.8
06:59:35,28.6,36.8
06:59:45,28.6,36.8
06:59:55,28.6,36.8
07:00:05,28.6,36.8
07:00:15,28.6,36.8
07:00:25,28.6,36.8
07:00:35,28.6,36.9
07:00:45,28.6,36.9
07:00:55,28.6,37.0
07:01:05,28.6,36.9
07:01:15,28.6,36.9
07:01:25,28.6,36.9
07:01:35,28.6,36.9
07:01:45,28.6,36.8
07:01:55,28.6,36.9
07:02:05,28.6,36.9
07:02:15,28.6,36.9
07:02:25,28.6,36.9
07:02:35,28.6,36.9
07:02:45,28.6,36.9
07:02:55,28.6,36.9
07:03:05,28.6,37.0
07:03:15,28.6,37.0
07:03:25,28.6,37.0
07:03:35,28.6,37.0
07:03:45,28.6,37.0
07:03:55,28.6,37.0
07:04:05,28.6,37.0
07:04:15,28.6,37.0
07:04:25,28.6,37.1
07:04:35,28.6,37.1
07:04:45,28.6,37.1
07:04:55,28.6,37.1
07:05:05,28.6,37.1
07:05:15,28.6,37.1
07:05:25,28.6,37.1
07:05:35,28.6,37.0
07:05:45,28.6,37.1
07:05:55,28.6,37.1
07:06:05,28.6,37.2
07:06:15,28.6,37.1
07:06:25,28.6,37.1
07:06:35,28.6,37.1
07:06:45,28.6,37.2
07:06:55,28.6,37.1
07:07:05,28.6,37.2
07:07:15,28.6,37.2
07:07:25,28.6,37.2
07:07:35,28.6,37.2
07:07:45,28.6,37.2
07:07:55,28.6,37.2
07:08:05,28.6,37.2
07:08:15,28.6,37.2
07:08:25,28.6,37.3
07:08:35,28.6,37.3
07:08:45,28.6,37.3
07:08:55,28.6,37.3
07:09:05,28.6,37.3
07:09:15,28.6,37.3
07:09:25,28.6,37.3
07:09:35,28.6,37.2
07:09:45,28.6,37.2
07:09:55,28.6,37.3
07:10:05,28.6,37.3
07:10:15,28.6,37.3
07:10:25,28.6,37.3
07:10:35,28.6,37.3
07:10:45,28.6,37.2
07:10:55,28.6,37.3
07:11:05,28.6,37.3
07:11:15,28.6,37.3
07:11:25,28.6,37.3
07:11:35,28.6,37.3
07:11:45,28.6,37.3
07:11:55,28.6,37.3
07:12:05,28.6,37.3
07:12:15,28.6,37.3
07:12:25,28.6,37.4
07:12:35,28.6,37.4
07:12:45,28.6,37.4
07:12:55,28.6,37.3
07:13:05,28.6,37.4
07:13:15,28.6,37.3
07:13:25,28.6,37.4
07:13:35,28.6,37.5
07:13:45,28.6,37.5
07:13:55,28.6,37.5
07:14:05,28.6,37.5
07:14:15,28.6,37.5
07:14:25,28.7,37.6
07:14:35,28.6,37.8
07:14:45,28.7,37.8
07:14:55,28.7,37.8
07:15:05,28.6,37.7
07:15:15,28.6,37.8
07:15:25,28.7,37.8
07:15:35,28.6,37.7
07:15:45,28.6,37.6
07:15:55,28.7,37.6
07:16:05,28.6,37.6
07:16:15,28.6,37.6
07:16:25,28.6,37.6
07:16:35,28.7,37.6
07:16:45,28.6,37.6
07:16:55,28.7,37.6
07:17:05,28.7,37.6
07:17:15,28.7,37.7
07:17:25,28.7,37.7
07:17:35,28.7,37.7
07:17:45,28.6,37.6
07:17:55,28.6,37.6
07:18:05,28.6,37.6
07:18:15,28.7,37.5
07:18:25,28.6,37.5
07:18:35,28.6,37.5
07:18:45,28.6,37.5
07:18:55,28.6,37.6
07:19:05,28.7,37.5
07:19:15,28.6,37.5
07:19:25,28.7,37.6
07:19:35,28.7,37.6
07:19:45,28.6,37.6
07:19:55,28.6,37.6
07:20:05,28.7,37.5
07:20:15,28.7,37.6
07:20:25,28.7,37.6
07:20:35,28.7,37.6
07:20:45,28.7,37.5
07:20:55,28.7,37.5
07:21:05,28.7,37.6
07:21:15,28.7,37.5
07:21:25,28.6,37.6
07:21:35,28.7,37.6
07:21:45,28.7,37.6
07:21:55,28.7,37.7
07:22:05,28.7,37.7
07:22:15,28.7,37.6
07:22:25,28.7,37.6
07:22:35,28.7,37.6
07:22:45,28.6,37.6
07:22:55,28.7,37.6
07:23:05,28.7,37.6
07:23:15,28.7,37.6
07:23:25,28.7,37.6
07:23:35,28.7,37.6
07:23:45,28.7,37.6
07:23:55,28.7,37.6
07:24:05,28.7,37.7
07:24:15,28.7,37.7
07:24:25,28.7,37.7
07:24:35,28.6,37.6
07:24:45,28.7,37.7
07:24:55,28.7,37.6
07:25:05,28.7,37.6
07:25:15,28.7,37.7
07:25:25,28.7,37.7
07:25:35,28.7,37.7
07:25:45,28.7,37.7
07:25:55,28.7,37.7
07:26:05,28.7,37.7
07:26:15,28.7,37.7
07:26:25,28.7,37.7
07:26:35,28.7,37.7
07:26:45,28.7,37.7
07:26:55,28.7,37.7
07:27:05,28.7,37.7
07:27:15,28.7,37.7
07:27:25,28.7,37.8
07:27:35,28.7,37.8
07:27:45,28.7,37.8
07:27:55,28.7,37.8
07:28:05,28.7,37.8
07:28:15,28.7,37.8
07:28:25,28.7,37.8
07:28:35,28.7,37.8
07:28:45,28.7,37.8
07:28:55,28.7,37.8
07:29:05,28.7,37.8
07:29:15,28.7,37.8
07:29:25,28.7,37.8
07:29:35,28.7,37.8
07:29:45,28.7,37.9
07:29:55,28.7,37.9
07:30:05,28.7,37.8
07:30:15,28.7,37.9
07:30:25,28.7,37.9
07:30:35,28.7,37.9
07:30:45,28.7,37.9
07:30:55,28.7,37.9
07:31:05,28.7,37.9
07:31:15,28.7,37.9
07:31:25,28.7,37.9
07:31:35,28.7,37.9
07:31:45,28.7,37.9
07:31:55,28.7,38.0
07:32:05,28.7,38.0
07:32:15,28.7,37.9
07:32:25,28.7,37.9
07:32:35,28.7,37.9
07:32:45,28.7,37.9
07:32:55,28.7,37.9
07:33:05,28.7,37.9
07:33:15,28.7,37.9
07:33:25,28.7,37.9
07:33:35,28.7,37.9
07:33:45,28.7,38.0
07:33:55,28.7,38.0
07:34:05,28.7,37.9
07:34:15,28.7,37.9
07:34:25,28.7,37.9
07:34:35,28.7,37.9
07:34:45,28.7,37.9
07:34:55,28.7,38.0
07:35:05,28.7,37.9
07:35:15,28.7,38.0
07:35:25,28.7,37.9
07:35:35,28.7,38.0
07:35:45,28.7,38.0
07:35:55,28.7,38.0
07:36:05,28.7,38.0
07:36:15,28.7,38.0
07:36:25,28.7,38.0
07:36:35,28.7,38.1
07:36:45,28.7,38.0
07:36:55,28.7,38.0
07:37:05,28.7,38.0
07:37:15,28.7,38.0
07:37:25,28.7,38.0
07:37:35,28.7,38.0
07:37:45,28.7,38.0
07:37:55,28.7,38.0
07:38:05,28.7,38.0
07:38:15,28.7,38.0
07:38:25,28.7,38.0
07:38:35,28.7,38.0
07:38:45,28.7,38.0
07:38:55,28.7,38.0
07:39:05,28.7,38.0
07:39:15,28.7,38.0
07:39:25,28.7,38.0
07:39:35,28.7,38.0
07:39:45,28.7,38.0
07:39:55,28.7,38.0
07:40:05,28.7,38.0
07:40:15,28.7,37.9
07:40:25,28.7,37.9
07:40:35,28.7,37.9
07:40:45,28.7,38.0
07:40:55,28.7,37.9
07:41:05,28.7,37.9
07:41:15,28.7,37.9
07:41:25,28.7,37.8
07:41:35,28.7,37.9
07:41:45,28.7,37.9
07:41:55,28.7,37.9
07:42:05,28.7,37.9
07:42:15,28.7,37.9
07:42:25,28.7,37.9
07:42:35,28.7,37.9
07:42:45,28.7,37.9
07:42:55,28.7,37.9
07:43:05,28.7,37.8
07:43:15,28.7,37.8
07:43:25,28.7,37.9
07:43:35,28.7,37.9
07:43:45,28.7,37.8
07:43:55,28.7,37.8
07:44:05,28.7,37.8
07:44:15,28.7,37.8
07:44:25,28.7,37.8
07:44:35,28.7,37.8
07:44:45,28.7,37.8
07:44:55,28.7,37.8
07:45:05,28.7,37.9
07:45:15,28.7,37.8
07:45:25,28.7,37.8
07:45:35,28.7,37.8
07:45:45,28.7,37.8
07:45:55,28.7,37.9
07:46:05,28.7,37.8
07:46:15,28.7,37.8
07:46:25,28.7,37.8
07:46:35,28.7,37.8
07:46:45,28.7,37.8
07:46:55,28.7,37.9
07:47:05,28.7,37.8
07:47:15,28.7,37.9
07:47:25,28.7,37.8
07:47:35,28.7,37.8
07:47:45,28.7,37.8
07:47:55,28.7,37.8
07:48:05,28.7,37.8
07:48:15,28.7,37.8
07:48:25,28.7,37.8
07:48:35,28.7,37.8
07:48:45,28.7,37.8
07:48:55,28.7,37.8
07:49:05,28.7,37.8
07:49:15,28.7,37.8
07:49:25,28.7,37.8
07:49:35,28.7,37.8
07:49:45,28.7,37.8
07:49:55,28.7,37.8
07:50:05,28.7,37.8
07:50:15,28.7,37.8
07:50:25,28.7,37.8
07:50:35,28.7,37.8
07:50:45,28.7,37.8
07:50:55,28.7,37.8
07:51:05,28.7,37.8
07:51:15,28.7,37.8
07:51:25,28.7,37.8
07:51:35,28.7,37.8
07:51:45,28.7,37.8
07:51:55,28.7,37.8
07:52:05,28.7,37.8
07:52:15,28.7,37.8
07:52:25,28.7,37.8
07:52:35,28.7,37.8
07:52:45,28.7,37.8
07:52:55,28.7,37.8
07:53:05,28.7,37.8
07:53:15,28.7,37.8
07:53:25,28.7,37.8
07:53:35,28.7,37.8
07:53:45,28.7,37.9
07:53:55,28.7,37.8
07:54:05,28.7,37.8
07:54:16,28.7,37.8
07:54:25,28.7,37.8
07:54:35,28.7,37.8
07:54:45,28.7,37.8
07:54:55,28.7,37.8
07:55:05,28.7,37.8
07:55:15,28.7,37.8
07:55:25,28.7,37.9
07:55:35,28.7,37.8
07:55:45,28.7,37.8
07:55:55,28.7,37.8
07:56:05,28.7,37.8
07:56:15,28.7,37.8
07:56:25,28.7,37.8
07:56:35,28.7,37.8
07:56:45,28.7,37.8
07:56:55,28.7,37.8
07:57:05,28.7,37.8
07:57:15,28.7,37.6
07:57:25,28.7,37.7
07:57:35,28.7,37.7
07:57:45,28.7,37.6
07:57:55,28.7,37.7
07:58:05,28.7,37.5
07:58:15,28.7,37.6
07:58:25,28.7,37.7
07:58:35,28.7,37.6
07:58:45,28.7,36.8
07:58:55,28.7,37.1
07:59:05,28.7,37.3
07:59:15,28.7,37.4
07:59:25,28.7,37.5
07:59:35,28.7,37.5
07:59:45,28.7,37.5
07:59:55,28.7,37.4
08:00:05,28.7,37.4
08:00:15,28.7,37.5
08:00:25,28.7,37.4
08:00:35,28.7,37.4
08:00:45,28.7,37.4
08:00:55,28.7,37.4
08:01:05,28.7,37.3
08:01:15,28.7,37.4
08:01:25,28.7,37.3
08:01:35,28.7,37.4
08:01:45,28.7,37.3
08:01:55,28.7,37.3
08:02:05,28.7,37.3
08:02:15,28.7,37.3
08:02:25,28.7,37.3
08:02:35,28.7,37.3
08:02:45,28.7,37.3
08:02:55,28.7,37.3
08:03:05,28.7,37.3
08:03:15,28.7,37.3
08:03:25,28.7,37.3
08:03:35,28.7,37.3
08:03:45,28.7,37.3
08:03:55,28.7,37.3
08:04:05,28.7,37.3
08:04:15,28.7,37.3
08:04:25,28.7,37.3
08:04:35,28.7,37.3
08:04:45,28.7,37.3
08:04:55,28.7,37.3
08:05:05,28.7,37.3
08:05:15,28.7,37.2
08:05:25,28.7,37.3
08:05:35,28.7,37.3
08:05:45,28.7,37.3
08:05:55,28.7,37.3
08:06:05,28.7,37.3
08:06:15,28.7,37.2
08:06:25,28.7,37.2
08:06:35,28.7,37.2
08:06:45,28.7,37.2
08:06:55,28.7,37.2
08:07:05,28.7,37.2
08:07:15,28.7,37.2
08:07:25,28.7,37.2
08:07:35,28.7,37.2
08:07:45,28.7,37.3
08:07:55,28.7,37.3
08:08:05,28.7,37.3
08:08:15,28.7,37.2
08:08:25,28.7,37.2
08:08:35,28.7,37.2
08:08:45,28.7,37.2
08:08:55,28.7,37.3
08:09:05,28.7,37.3
08:09:15,28.7,37.2
08:09:25,28.7,37.3
08:09:35,28.7,37.2
08:09:45,28.7,37.2
08:09:55,28.7,37.2
08:10:05,28.7,37.2
08:10:15,28.7,37.2
08:10:25,28.7,37.2
08:10:35,28.7,37.2
08:10:45,28.7,37.2
08:10:55,28.7,37.2
08:11:05,28.7,37.2
08:11:15,28.7,37.2
08:11:25,28.7,37.2
08:11:35,28.7,37.2
08:11:45,28.7,37.2
08:11:55,28.7,37.2
08:12:05,28.7,37.2
08:12:15,28.7,37.2
08:12:25,28.7,37.2
08:12:35,28.7,37.1
08:12:45,28.7,37.1
08:12:55,28.7,37.1
08:13:05,28.7,37.1
08:13:15,28.7,37.1
08:13:25,28.7,37.1
08:13:35,28.7,37.2
08:13:45,28.7,37.2
08:13:55,28.7,37.2
08:14:05,28.7,37.2
08:14:15,28.7,37.1
08:14:25,28.7,37.1
08:14:35,28.7,37.1
08:14:45,28.7,37.1
08:14:55,28.7,37.2
08:15:05,28.7,37.2
08:15:15,28.7,37.1
08:15:25,28.7,37.1
08:15:35,28.7,37.1
08:15:45,28.7,37.1
08:15:55,28.7,37.1
08:16:05,28.7,37.1
08:16:15,28.7,37.1
08:16:25,28.7,37.1
08:16:35,28.7,37.1
08:16:45,28.7,37.1
08:16:55,28.7,37.1
08:17:05,28.7,37.1
08:17:15,28.7,37.1
08:17:25,28.7,37.1
08:17:35,28.7,37.1
08:17:45,28.7,37.1
08:17:55,28.7,37.1
08:18:05,28.7,37.1
08:18:15,28.7,37.0
08:18:25,28.7,37.0
08:18:35,28.7,37.0
08:18:45,28.7,37.0
08:18:55,28.7,37.0
08:19:05,28.7,37.0
08:19:15,28.7,37.0
08:19:25,28.7,37.0
08:19:35,28.7,37.1
08:19:45,28.7,37.0
08:19:55,28.7,37.0
08:20:05,28.7,37.0
08:20:15,28.7,37.0
08:20:25,28.7,37.0
08:20:35,28.7,37.0
08:20:45,28.7,37.0
08:20:55,28.7,37.0
08:21:05,28.7,36.9
08:21:15,28.7,37.0
08:21:25,28.7,37.0
08:21:35,28.7,37.1
08:21:45,28.7,37.0
08:21:55,28.7,37.0
08:22:05,28.7,37.0
08:22:15,28.7,37.1
08:22:25,28.7,37.0
08:22:35,28.7,37.0
08:22:45,28.7,36.9
08:22:55,28.7,36.9
08:23:05,28.7,36.9
08:23:15,28.7,36.9
08:23:25,28.7,36.9
08:23:35,28.7,36.9
08:23:45,28.7,36.9
08:23:55,28.7,36.9
08:24:05,28.7,37.0
08:24:15,28.7,36.9
08:24:25,28.7,36.9
08:24:35,28.7,36.9
08:24:45,28.7,37.0
08:24:55,28.7,37.0
08:25:05,28.7,37.0
08:25:15,28.7,37.0
08:25:25,28.7,36.8
08:25:35,28.7,36.8
08:25:45,28.7,36.8
08:25:55,28.7,36.8
08:26:05,28.7,36.9
08:26:15,28.7,36.8
08:26:25,28.7,36.8
08:26:35,28.7,36.9
08:26:45,28.7,36.9
08:26:55,28.7,36.9
08:27:05,28.7,36.9
08:27:15,28.7,36.9
08:27:25,28.7,36.9
08:27:35,28.7,36.9
08:27:45,28.7,36.9
08:27:55,28.7,37.0
08:28:05,28.7,36.9
08:28:15,28.7,36.8
08:28:25,28.7,36.8
08:28:35,28.7,36.8
08:28:45,28.7,36.9
08:28:55,28.7,36.9
08:29:05,28.7,36.8
08:29:15,28.7,36.7
08:29:25,28.7,36.8
08:29:35,28.7,36.8
08:29:45,28.7,36.8
08:29:55,28.7,36.8
08:30:05,28.7,36.8
08:30:15,28.7,36.8
08:30:25,28.7,36.8
08:30:35,28.7,36.7
08:30:45,28.7,36.7
08:30:55,28.7,36.7
08:31:05,28.7,36.7
08:31:15,28.7,36.7
08:31:25,28.7,36.8
08:31:35,28.7,36.8
08:31:45,28.7,36.8
08:31:55,28.7,36.8
08:32:05,28.7,36.8
08:32:15,28.7,36.7
08:32:25,28.7,36.8
08:32:35,28.7,36.8
08:32:45,28.7,36.8
08:32:55,28.7,36.8
08:33:05,28.7,36.8
08:33:15,28.7,36.8
08:33:25,28.7,36.8
08:33:35,28.7,36.8
08:33:45,28.7,36.8
08:33:55,28.7,36.8
08:34:05,28.7,36.8
08:34:15,28.7,36.8
08:34:25,28.7,36.8
08:34:35,28.7,36.8
08:34:45,28.7,36.8
08:34:55,28.7,36.7
08:35:05,28.7,36.7
08:35:15,28.7,36.7
08:35:25,28.7,36.7
08:35:35,28.7,36.7
08:35:45,28.7,36.7
08:35:55,28.7,36.7
08:36:05,28.7,36.6
08:36:15,28.7,36.7
08:36:25,28.7,36.7
08:36:35,28.7,36.7
08:36:45,28.7,36.8
08:36:55,28.7,36.7
08:37:05,28.7,36.7
08:37:15,28.7,36.7
08:37:25,28.7,36.7
08:37:35,28.7,36.7
08:37:45,28.7,36.7
08:37:55,28.7,36.8
08:38:05,28.7,36.8
08:38:15,28.8,36.8
08:38:25,28.7,36.8
08:38:35,28.7,36.7
08:38:45,28.7,36.8
08:38:55,28.7,36.8
08:39:05,28.7,36.7
08:39:15,28.7,36.7
08:39:25,28.8,36.7
08:39:35,28.7,36.7
08:39:45,28.7,36.7
08:39:55,28.7,36.7
08:40:05,28.7,36.7
08:40:15,28.7,36.7
08:40:25,28.7,36.7
08:40:35,28.7,36.7
08:40:45,28.7,36.7
08:40:55,28.7,36.7
08:41:05,28.7,36.7
08:41:15,28.7,36.7
08:41:25,28.7,36.7
08:41:35,28.7,36.6
08:41:45,28.7,36.6
08:41:55,28.7,36.6
08:42:05,28.7,36.6
08:42:15,28.7,36.7
08:42:25,28.7,36.7
08:42:35,28.7,36.7
08:42:45,28.7,36.7
08:42:55,28.7,36.7
08:43:05,28.8,36.7
08:43:15,28.7,36.6
08:43:25,28.7,36.6
08:43:35,28.8,36.5
08:43:45,28.7,36.6
08:43:55,28.7,36.6
08:44:05,28.8,36.6
08:44:15,28.7,36.6
08:44:25,28.7,36.6
08:44:35,28.7,36.6
08:44:45,28.7,36.7
08:44:55,28.7,36.7
08:45:05,28.8,36.7
08:45:15,28.7,36.7
08:45:25,28.7,36.6
08:45:35,28.8,36.6
08:45:45,28.7,36.6
08:45:55,28.8,36.5
08:46:05,28.7,36.5
08:46:15,28.7,36.5
08:46:25,28.7,36.5
08:46:35,28.7,36.5
08:46:45,28.7,36.6
08:46:55,28.8,36.6
08:47:05,28.7,36.6
08:47:15,28.7,36.6
08:47:25,28.7,36.5
08:47:35,28.7,36.5
08:47:45,28.8,36.5
08:47:55,28.7,36.6
08:48:05,28.7,36.6
08:48:15,28.7,36.6
08:48:25,28.7,36.6
08:48:35,28.8,36.6
08:48:45,28.7,36.6
08:48:55,28.8,36.6
08:49:05,28.8,36.5
08:49:15,28.7,36.5
08:49:25,28.7,36.5
08:49:35,28.8,36.6
08:49:45,28.7,36.6
08:49:55,28.7,36.6
08:50:05,28.8,36.6
08:50:15,28.8,36.6
08:50:25,28.8,36.5
08:50:35,28.7,36.5
08:50:45,28.7,36.5
08:50:55,28.8,36.6
08:51:05,28.8,36.5
08:51:15,28.8,36.5
08:51:25,28.8,36.5
08:51:35,28.8,36.5
08:51:45,28.8,36.5
08:51:55,28.7,36.5
08:52:05,28.8,36.5
08:52:15,28.8,36.4
08:52:25,28.8,36.4
08:52:35,28.8,36.3
08:52:45,28.8,36.3
08:52:55,28.7,36.4
08:53:05,28.8,36.4
08:53:15,28.7,36.4
08:53:25,28.7,36.3
08:53:35,28.8,36.4
08:53:45,28.8,36.4
08:53:55,28.8,36.4
08:54:05,28.7,36.4
08:54:15,28.8,36.3
08:54:25,28.8,36.4
08:54:35,28.7,36.4
08:54:45,28.8,36.4
08:54:55,28.7,36.4
08:55:05,28.8,36.4
08:55:15,28.7,36.4
08:55:25,28.7,36.2
08:55:35,28.7,36.3
08:55:45,28.8,36.3
08:55:55,28.7,36.3
08:56:05,28.8,36.4
08:56:15,28.7,36.4
08:56:25,28.8,36.3
08:56:35,28.8,36.3
08:56:45,28.7,36.3
08:56:55,28.7,36.1
08:57:05,28.8,36.2
08:57:15,28.8,36.3
08:57:25,28.7,36.3
08:57:35,28.7,36.3
08:57:45,28.7,36.2
08:57:55,28.7,36.2
08:58:05,28.8,36.2
08:58:15,28.7,36.1
08:58:25,28.8,36.2
08:58:35,28.7,36.2
08:58:45,28.8,36.2
08:58:55,28.7,36.1
08:59:05,28.8,36.2
08:59:15,28.8,36.2
08:59:25,28.8,36.1
08:59:35,28.8,36.2
08:59:45,28.7,36.2
08:59:55,28.8,36.2
09:00:05,28.7,36.2
09:00:15,28.7,36.3
09:00:25,28.7,36.2
09:00:35,28.8,36.2
09:00:45,28.7,36.2
09:00:55,28.7,36.3
09:01:05,28.8,36.3
09:01:15,28.8,36.2
09:01:25,28.7,36.2
09:01:35,28.7,36.2
09:01:45,28.8,36.2
09:01:55,28.7,36.1
09:02:05,28.7,36.0
09:02:15,28.7,36.1
09:02:25,28.8,36.1
09:02:35,28.7,36.1
09:02:45,28.8,36.2
09:02:55,28.7,36.2
09:03:05,28.8,36.0
09:03:15,28.7,36.0
09:03:25,28.7,36.0
09:03:35,28.7,35.9
09:03:45,28.7,35.9
09:03:55,28.8,36.0
09:04:05,28.7,36.1
09:04:15,28.8,36.1
09:04:25,28.8,36.1
09:04:35,28.7,36.1
09:04:45,28.7,36.1
09:04:55,28.8,36.1
09:05:05,28.8,36.0
09:05:15,28.8,36.0
09:05:25,28.8,36.0
09:05:35,28.8,36.0
09:05:45,28.8,36.0
09:05:55,28.7,35.8
09:06:05,28.7,35.9
09:06:15,28.7,36.0
09:06:25,28.7,35.9
09:06:35,28.8,35.9
09:06:45,28.7,36.0
09:06:55,28.7,36.0
09:07:05,28.7,36.0
09:07:15,28.7,36.0
09:07:25,28.7,35.9
09:07:35,28.8,35.8
09:07:45,28.8,35.5
09:07:55,28.7,35.8
09:08:05,28.7,35.7
09:08:15,28.7,35.7
09:08:25,28.7,35.7
09:08:35,28.7,35.8
09:08:45,28.7,35.9
09:08:55,28.7,35.9
09:09:05,28.8,35.9
09:09:15,28.7,35.9
09:09:25,28.7,35.9
09:09:35,28.7,35.8
09:09:45,28.7,35.7
09:09:55,28.7,35.7
09:10:05,28.7,35.7
09:10:15,28.8,35.7
09:10:25,28.7,35.9
09:10:35,28.8,35.9
09:10:45,28.8,35.9
09:10:55,28.8,35.8
09:11:05,28.7,35.8
09:11:15,28.7,35.9
09:11:25,28.7,35.8
09:11:35,28.7,35.6
09:11:45,28.7,35.4
09:11:55,28.8,35.6
09:12:05,28.8,35.7
09:12:15,28.8,35.6
09:12:25,28.7,35.4
09:12:35,28.8,35.7
09:12:45,28.8,35.7
09:12:55,28.8,35.7
09:13:05,28.8,35.7
09:13:15,28.8,35.7
09:13:25,28.8,35.8
09:13:35,28.8,35.4
09:13:45,28.8,35.5
09:13:55,28.7,34.7
09:14:05,28.8,35.2
09:14:15,28.7,35.4
09:14:25,28.7,35.5
09:14:35,28.8,35.5
09:14:45,28.7,35.4
09:14:55,28.7,35.5
09:15:05,28.7,35.6
09:15:15,28.8,35.6
09:15:25,28.8,35.6
09:15:35,28.8,35.5
09:15:45,28.8,35.6
09:15:55,28.8,35.5
09:16:05,28.8,35.0
09:16:15,28.8,35.3
09:16:25,28.8,35.4
09:16:35,28.8,35.4
09:16:45,28.8,35.5
09:16:55,28.8,35.5
09:17:05,28.8,35.5
09:17:15,28.8,35.5
09:17:25,28.8,35.5
09:17:35,28.7,35.5
09:17:45,28.8,35.4
09:17:55,28.8,35.4
09:18:05,28.8,35.4
09:18:15,28.8,35.5
09:18:25,28.7,35.5
09:18:35,28.8,35.5
09:18:45,28.8,35.5
09:18:55,28.8,35.4
09:19:05,28.7,35.4
09:19:15,28.8,35.4
09:19:25,28.8,35.4
09:19:35,28.8,35.5
09:19:45,28.8,35.5
09:19:55,28.8,35.5
09:20:05,28.8,35.5
09:20:15,28.8,35.5
09:20:25,28.8,35.3
09:20:35,28.7,35.4
09:20:45,28.8,35.4
09:20:55,28.8,35.5
09:21:05,28.8,35.5
09:21:15,28.8,35.3
09:21:25,28.8,35.3
09:21:35,28.8,35.4
09:21:45,28.8,35.2
09:21:55,28.8,35.3
09:22:05,28.8,35.3
09:22:15,28.8,35.4
09:22:25,28.8,35.5
09:22:35,28.8,35.5
09:22:45,28.8,35.5
09:22:55,28.8,35.5
09:23:05,28.8,35.5
09:23:15,28.8,35.5
09:23:25,28.8,35.5
09:23:35,28.8,35.5
09:23:45,28.8,35.5
09:23:55,28.8,35.5
09:24:05,28.8,35.5
09:24:15,28.8,35.4
09:24:25,28.8,35.4
09:24:35,28.8,35.3
09:24:45,28.8,35.3
09:24:55,28.8,35.4
09:25:05,28.8,35.4
09:25:15,28.8,35.0
09:25:25,28.8,35.0
09:25:35,28.8,35.2
09:25:45,28.8,35.3
09:25:55,28.8,35.4
09:26:05,28.8,35.4
09:26:15,28.8,35.3
09:26:25,28.8,35.2
09:26:35,28.8,35.3
09:26:45,28.8,35.5
09:26:55,28.8,35.4
09:27:05,28.8,35.4
09:27:15,28.8,35.4
09:27:25,28.8,35.4
09:27:35,28.8,35.1
09:27:45,28.8,35.3
09:27:55,28.8,35.4
09:28:05,28.8,35.4
09:28:15,28.8,35.2
09:28:25,28.8,35.3
09:28:35,28.8,35.3
09:28:45,28.8,35.3
09:28:55,28.8,35.3
09:29:05,28.8,35.2
09:29:15,28.8,35.3
09:29:25,28.8,35.4
09:29:35,28.8,35.2
09:29:45,28.8,35.3
09:29:55,28.8,35.3
09:30:05,28.8,35.3
09:30:15,28.8,35.3
09:30:25,28.8,35.4
09:30:35,28.8,35.4
09:30:45,28.8,35.4
09:30:55,28.8,35.3
09:31:05,28.8,35.3
09:31:15,28.8,35.2
09:31:25,28.8,35.2
09:31:35,28.8,35.2
09:31:45,28.8,35.1
09:31:55,28.8,34.4
09:32:05,28.8,34.9
09:32:15,28.8,34.7
09:32:25,28.8,34.9
09:32:35,28.8,34.9
09:32:45,28.8,35.0
09:32:55,28.8,35.1
09:33:05,28.8,34.9
09:33:15,28.8,35.0
09:33:25,28.8,35.0
09:33:35,28.8,35.0
09:33:45,28.8,35.1
09:33:55,28.8,35.2
09:34:05,28.8,35.2
09:34:15,28.8,35.2
09:34:25,28.8,35.2
09:34:35,28.8,35.2
09:34:45,28.8,35.1
09:34:55,28.8,35.2
09:35:05,28.8,35.2
09:35:15,28.8,35.2
09:35:25,28.8,35.1
09:35:35,28.8,35.2
09:35:45,28.8,35.1
09:35:55,28.8,35.2
09:36:05,28.8,35.2
09:36:15,28.8,35.2
09:36:25,28.8,35.1
09:36:35,28.8,35.2
09:36:45,28.8,35.2
09:36:55,28.8,35.2
09:37:05,28.8,34.7
09:37:15,28.8,34.9
09:37:25,28.8,35.0
09:37:35,28.8,34.9
09:37:45,28.8,35.0
09:37:55,28.8,35.0
09:38:05,28.8,34.4
09:38:15,28.8,34.6
09:38:25,28.8,34.8
09:38:35,28.8,34.8
09:38:45,28.8,34.9
09:38:55,28.8,34.9
09:39:05,28.8,35.0
09:39:15,28.8,35.0
09:39:25,28.8,35.1
09:39:35,28.8,35.0
09:39:45,28.8,35.0
09:39:55,28.8,34.7
09:40:05,28.8,34.9
09:40:15,28.8,34.8
09:40:25,28.8,34.9
09:40:35,28.8,34.9
09:40:45,28.8,35.0
09:40:55,28.8,34.9
09:41:05,28.8,35.0
09:41:15,28.8,35.0
09:41:25,28.8,35.0
09:41:35,28.8,34.9
09:41:45,28.8,35.0
09:41:55,28.8,34.9
09:42:05,28.8,34.7
09:42:15,28.8,34.8
09:42:25,28.8,34.9
09:42:35,28.8,34.8
09:42:45,28.8,34.9
09:42:55,28.8,34.8
09:43:05,28.8,34.6
09:43:15,28.8,34.7
09:43:25,28.8,34.7
09:43:35,28.8,34.7
09:43:45,28.8,34.7
09:43:55,28.8,34.5
09:44:05,28.8,34.6
09:44:15,28.8,33.4
09:44:25,28.8,34.2
09:44:35,28.8,34.6
09:44:45,28.8,34.6
09:44:55,28.8,34.6
09:45:05,28.8,34.5
09:45:15,28.8,34.4
09:45:25,28.8,34.6
09:45:35,28.8,34.6
09:45:45,28.8,34.7
09:45:55,28.8,34.6
09:46:05,28.8,34.4
09:46:15,28.8,34.3
09:46:25,28.8,34.3
09:46:35,28.8,34.2
09:46:45,28.8,34.0
09:46:55,28.8,33.4
09:47:05,28.8,33.7
09:47:15,28.8,34.2
09:47:25,28.8,34.2
09:47:35,28.8,33.4
09:47:45,28.8,33.7
09:47:55,28.8,33.5
09:48:05,28.8,33.8
09:48:15,28.8,33.9
09:48:25,28.8,34.0
09:48:35,28.8,34.1
09:48:45,28.8,34.2
09:48:55,28.8,34.2
09:49:05,28.8,33.5
09:49:15,28.8,33.8
09:49:25,28.8,34.0
09:49:35,28.8,33.8
09:49:45,28.8,33.7
09:49:55,28.8,34.0
09:50:05,28.8,34.1
09:50:15,28.8,33.7
09:50:25,28.8,34.0
09:50:35,28.8,33.8
09:50:45,28.8,34.0
09:50:55,28.8,33.9
09:51:05,28.8,33.8
09:51:15,28.8,33.8
09:51:25,28.8,33.7
09:51:35,28.8,33.8
09:51:45,28.8,33.6
09:51:55,28.8,33.4
09:52:05,28.8,33.1
09:52:15,28.8,33.8
09:52:25,28.8,33.9
09:52:35,28.8,33.5
09:52:45,28.8,33.5
09:52:55,28.8,33.7
09:53:05,28.8,33.8
09:53:15,28.8,33.8
09:53:25,28.8,33.9
09:53:35,28.8,34.0
09:53:45,28.8,33.5
09:53:55,28.8,32.8
09:54:05,28.8,33.5
09:54:15,28.8,33.4
09:54:25,28.8,33.8
09:54:35,28.8,33.9
09:54:45,28.8,33.4
09:54:55,28.8,33.5
09:55:05,28.8,33.4
09:55:15,28.8,33.3
09:55:25,28.8,33.5
09:55:35,28.8,33.0
09:55:45,28.8,33.5
09:55:55,28.8,33.6
09:56:05,28.8,33.6
09:56:15,28.8,33.6
09:56:25,28.8,33.4
09:56:35,28.8,32.6
09:56:45,28.8,32.7
09:56:55,28.8,33.2
09:57:05,28.8,33.3
09:57:15,28.8,33.5
09:57:25,28.8,33.1
09:57:35,28.8,33.2
09:57:45,28.8,33.2
09:57:55,28.8,33.0
09:58:05,28.8,33.1
09:58:15,28.8,33.1
09:58:25,28.8,33.3
09:58:35,28.8,33.5
09:58:45,28.8,33.5
09:58:55,28.8,33.6
09:59:05,28.8,33.4
09:59:15,28.8,33.5
09:59:25,28.8,32.9
09:59:35,28.8,32.2
09:59:45,28.8,31.8
09:59:55,28.8,31.9
10:00:05,28.8,32.7
10:00:15,28.8,32.7
10:00:25,28.8,32.8
10:00:35,28.8,32.7
10:00:45,28.8,32.8
10:00:55,28.8,32.6
10:01:05,28.8,32.8
10:01:15,28.8,33.1
10:01:25,28.8,33.3
10:01:35,28.8,33.1
10:01:45,28.8,33.1
10:01:55,28.8,33.0
10:02:05,28.8,32.7
10:02:15,28.8,32.5
10:02:25,28.8,32.5
10:02:35,28.8,32.4
10:02:45,28.8,32.4
10:02:55,28.8,32.8
10:03:05,28.8,32.6
10:03:15,28.8,32.3
10:03:25,28.8,32.6
10:03:35,28.8,32.6
10:03:45,28.8,32.9
10:03:55,28.8,31.7
10:04:05,28.8,32.5
10:04:15,28.8,32.9
10:04:25,28.8,32.9
10:04:35,28.8,32.8
10:04:45,28.8,32.6
10:04:55,28.8,32.5
10:05:05,28.8,32.5
10:05:15,28.8,32.6
10:05:25,28.8,32.4
10:05:35,28.8,32.2
10:05:45,28.8,32.4
10:05:55,28.8,32.2
10:06:05,28.8,32.2
10:06:15,28.8,32.3
10:06:25,28.8,32.2
10:06:35,28.8,32.3
10:06:45,28.8,31.8
10:06:55,28.8,32.2
10:07:05,28.8,32.0
10:07:15,28.8,32.0
10:07:25,28.8,32.0
10:07:35,28.8,32.2
10:07:45,28.8,32.3
10:07:55,28.8,32.4
10:08:05,28.8,32.2
10:08:15,28.8,32.3
10:08:25,28.8,32.1
10:08:35,28.8,32.6
10:08:45,28.8,32.5
10:08:55,28.8,32.5
10:09:05,28.8,32.5
10:09:15,28.8,32.4
10:09:25,28.8,32.6
10:09:35,28.8,32.4
10:09:45,28.8,32.6
10:09:55,28.8,32.2
10:10:05,28.8,32.3
10:10:15,28.8,32.4
10:10:25,28.8,32.5
10:10:35,28.8,32.4
10:10:45,28.8,32.6
10:10:55,28.8,32.3
10:11:05,28.8,32.5
10:11:15,28.8,32.7
10:11:25,28.8,32.7
10:11:35,28.8,32.7
10:11:45,28.8,32.5
10:11:55,28.8,32.3
10:12:05,28.9,32.3
10:12:15,28.8,32.3
10:12:25,28.8,32.3
10:12:35,28.8,31.8
10:12:45,28.8,32.0
10:12:55,28.8,32.0
10:13:05,28.8,31.8
10:13:15,28.8,32.1
10:13:25,28.8,32.1
10:13:35,28.8,32.1
10:13:45,28.8,31.8
10:13:55,28.8,32.3
10:14:05,28.8,32.0
10:14:15,28.8,31.7
10:14:25,28.8,31.5
10:14:35,28.8,31.9
10:14:45,28.8,32.1
10:14:55,28.8,32.0
10:15:05,28.8,32.0
10:15:15,28.8,32.1
10:15:25,28.9,32.1
10:15:35,28.8,32.1
10:15:45,28.8,32.2
10:15:55,28.8,31.4
10:16:05,28.8,31.7
10:16:15,28.8,31.9
10:16:25,28.8,31.4
10:16:35,28.8,32.0
10:16:45,28.8,31.8
10:16:55,28.8,31.7
10:17:05,28.8,31.9
10:17:15,28.8,32.0
10:17:25,28.8,31.7
10:17:35,28.8,31.9
10:17:45,28.8,31.9
10:17:55,28.9,31.9
10:18:05,28.8,32.1
10:18:15,28.8,32.0
10:18:25,28.9,32.0
10:18:35,28.9,31.0
10:18:45,28.9,31.5
10:18:55,28.8,32.0
10:19:05,28.8,32.1
10:19:15,28.9,31.8
10:19:25,28.8,31.6
10:19:35,28.8,32.0
10:19:45,28.8,31.9
10:19:55,28.9,31.9
10:20:05,28.8,31.8
10:20:15,28.8,31.8
10:20:25,28.9,31.7
10:20:35,28.8,31.9
10:20:45,28.8,31.9
10:20:55,28.8,31.9
10:21:05,28.8,31.7
10:21:15,28.8,31.8
10:21:25,28.8,31.8
10:21:35,28.8,31.7
10:21:45,28.8,32.0
10:21:55,28.8,31.9
10:22:05,28.8,32.0
10:22:15,28.9,32.1
10:22:25,28.9,31.8
10:22:35,28.8,31.5
10:22:45,28.8,31.9
10:22:55,28.9,31.8
10:23:05,28.8,31.7
10:23:15,28.9,31.9
10:23:25,28.9,31.5
10:23:35,28.9,31.7
10:23:45,28.9,31.6
10:23:55,28.9,31.4
10:24:05,28.9,31.7
10:24:15,28.8,32.0
10:24:25,28.9,31.8
10:24:35,28.9,31.7
10:24:45,28.9,31.5
10:24:55,28.9,31.8
10:25:05,28.9,32.0
10:25:15,28.9,32.0
10:25:25,28.8,31.6
10:25:35,28.8,31.4
10:25:45,28.9,31.5
10:25:55,28.9,31.7
10:26:05,28.8,31.4
10:26:15,28.8,31.4
10:26:25,28.8,31.6
10:26:35,28.9,31.6
10:26:45,28.8,31.2
10:26:55,28.8,31.4
10:27:05,28.9,30.5
10:27:15,28.9,31.3
10:27:25,28.9,31.4
10:27:35,28.9,31.2
10:27:45,28.9,31.6
10:27:55,28.9,31.8
10:28:05,28.9,31.3
10:28:15,28.9,31.2
10:28:25,28.9,31.4
10:28:35,28.9,31.4
10:28:45,28.9,31.5
10:28:55,28.9,31.5
10:29:05,28.9,31.5
10:29:15,28.9,31.5
10:29:25,28.9,31.7
10:29:35,28.9,31.4
10:29:45,28.9,31.2
10:29:55,28.9,31.2
10:30:05,28.9,30.9
10:30:15,28.9,30.6
10:30:25,28.9,31.5
10:30:35,28.9,31.3
10:30:45,28.9,31.1
10:30:55,28.9,31.3
10:31:05,28.9,31.1
10:31:15,28.9,31.0
10:31:25,28.9,31.1
10:31:35,28.9,31.3
10:31:45,28.9,31.3
10:31:55,28.9,31.3
10:32:05,28.9,31.5
10:32:15,28.9,31.6
10:32:25,28.9,31.3
10:32:35,28.9,30.5
10:32:45,28.9,30.1
10:32:55,28.9,30.6
10:33:05,28.9,31.2
10:33:15,28.9,31.2
10:33:25,28.9,30.9
10:33:35,28.9,31.1
10:33:45,28.9,31.0
10:33:55,28.9,31.0
10:34:05,28.9,31.0
10:34:15,28.9,31.0
10:34:25,28.9,30.9
10:34:35,28.9,31.0
10:34:45,28.9,31.0
10:34:55,28.9,31.2
10:35:05,28.9,31.2
10:35:15,28.9,30.9
10:35:25,28.9,30.8
10:35:35,28.9,31.0
10:35:45,28.9,30.1
10:35:55,28.9,30.6
10:36:05,28.9,31.0
10:36:15,28.9,30.8
10:36:25,28.9,30.8
10:36:35,28.9,30.6
10:36:45,28.9,30.9
10:36:55,28.9,30.7
10:37:05,28.9,30.9
10:37:15,28.9,30.2
10:37:25,28.9,30.6
10:37:35,28.9,30.9
10:37:45,28.9,30.9
10:37:55,28.9,31.0
10:38:05,28.9,30.5
10:38:15,28.9,30.8
10:38:25,28.9,30.7
10:38:35,28.9,30.6
10:38:45,28.9,30.9
10:38:55,28.9,30.8
10:39:05,28.9,30.8
10:39:15,28.9,30.7
10:39:25,28.9,30.6
10:39:35,28.9,30.6
10:39:45,28.9,30.8
10:39:55,28.9,30.5
10:40:05,28.9,30.7
10:40:15,28.9,30.8
10:40:25,28.9,30.9
10:40:35,28.9,31.0
10:40:45,28.9,31.0
10:40:55,28.9,30.8
10:41:05,28.9,31.0
10:41:15,28.9,30.7
10:41:25,28.9,30.9
10:41:35,28.9,30.7
10:41:45,28.9,30.4
10:41:55,28.9,30.4
10:42:05,28.9,30.6
10:42:15,28.9,30.7
10:42:25,28.9,30.6
10:42:35,28.9,30.3
10:42:45,28.9,30.4
10:42:55,28.9,30.6
10:43:05,28.9,30.7
10:43:15,28.9,30.3
10:43:25,28.9,30.7
10:43:35,28.9,30.6
10:43:45,28.9,30.1
10:43:55,28.9,30.1
10:44:05,28.9,30.4
10:44:15,28.9,30.3
10:44:25,28.9,30.3
10:44:35,28.9,30.6
10:44:45,28.9,30.3
10:44:55,28.9,30.6
10:45:05,28.9,30.7
10:45:15,28.9,30.5
10:45:25,28.9,30.6
10:45:35,28.9,30.7
10:45:45,28.9,30.4
10:45:55,28.9,30.4
10:46:05,28.9,30.4
10:46:15,28.9,30.4
10:46:25,28.9,30.3
10:46:35,28.9,30.0
10:46:45,28.9,30.3
10:46:55,28.9,30.4
10:47:05,28.9,30.4
10:47:15,28.9,30.6
10:47:25,28.9,30.5
10:47:35,28.9,30.4
10:47:45,28.9,30.1
10:47:55,28.9,30.4
10:48:05,28.9,30.2
10:48:15,28.9,30.1
10:48:25,28.9,29.8
10:48:35,28.9,30.2
10:48:45,28.9,30.3
10:48:55,28.9,30.3
10:49:05,28.9,30.1
10:49:15,28.9,30.2
10:49:25,29.0,29.8
10:49:35,28.9,30.1
10:49:45,28.9,30.0
10:49:55,28.9,30.0
10:50:05,28.9,30.0
10:50:15,28.9,30.4
10:50:25,29.0,30.1
10:50:35,28.9,30.2
10:50:45,28.9,30.1
10:50:55,28.9,30.4
10:51:05,28.9,30.4
10:51:15,28.9,30.2
10:51:25,28.9,30.5
10:51:35,28.9,30.1
10:51:45,28.9,30.2
10:51:55,29.0,30.1
10:52:05,29.0,30.3
10:52:15,28.9,30.2
10:52:25,28.9,30.1
10:52:35,28.9,30.0
10:52:45,28.9,29.7
10:52:55,28.9,30.0
10:53:05,28.9,30.0
10:53:15,29.0,29.9
10:53:25,28.9,29.7
10:53:35,28.9,29.9
10:53:45,28.9,30.2
10:53:55,28.9,30.0
10:54:05,28.9,30.0
10:54:15,28.9,30.0
10:54:25,28.9,29.6
10:54:35,28.9,29.9
10:54:45,28.9,30.1
10:54:55,28.9,30.2
10:55:05,28.9,30.2
10:55:15,28.9,29.9
10:55:25,28.9,30.1
10:55:35,28.9,30.0
10:55:45,28.9,30.0
10:55:55,28.9,30.1
10:56:05,28.9,29.8
10:56:15,28.9,30.2
10:56:25,29.0,30.1
10:56:35,28.9,30.2
10:56:45,28.9,30.0
10:56:55,28.9,29.6
10:57:05,28.9,29.8
10:57:15,29.0,29.8
10:57:25,28.9,29.9
10:57:35,28.9,29.4
10:57:45,29.0,29.7
10:57:55,28.9,29.5
10:58:05,28.9,29.7
10:58:15,28.9,29.9
10:58:25,29.0,29.2
10:58:35,28.9,29.7
10:58:45,28.9,30.0
10:58:55,28.9,29.8
10:59:05,28.9,29.7
10:59:15,28.9,29.8
10:59:25,28.9,29.8
10:59:35,28.9,29.6
10:59:45,28.9,29.8
10:59:55,28.9,29.9
11:00:05,28.9,30.0
11:00:15,28.9,29.9
11:00:25,28.9,29.9
11:00:35,28.9,30.0
11:00:45,28.9,30.0
11:00:56,28.9,30.0
11:01:05,28.9,30.1
11:01:15,28.9,30.1
11:01:25,28.9,30.1
11:01:35,28.9,30.0
11:01:45,29.0,29.6
11:01:55,28.9,29.8
11:02:05,28.9,29.1
11:02:15,29.0,29.5
11:02:25,28.9,29.8
11:02:35,29.0,30.1
11:02:45,29.0,30.0
11:02:55,28.9,29.7
11:03:05,28.9,29.8
11:03:15,28.9,30.1
11:03:25,28.9,29.9
11:03:35,28.9,30.2
11:03:45,28.9,30.0
11:03:55,29.0,30.0
11:04:05,29.0,29.9
11:04:15,28.9,30.0
11:04:25,28.9,29.9
11:04:35,28.9,29.8
11:04:45,29.0,29.8
11:04:55,29.0,29.7
11:05:05,28.9,29.6
11:05:15,28.9,29.7
11:05:25,28.9,29.6
11:05:35,28.9,29.8
11:05:45,28.9,29.8
11:05:55,28.9,30.1
11:06:05,29.0,29.9
11:06:15,29.0,29.7
11:06:25,28.9,29.8
11:06:35,28.9,29.7
11:06:45,29.0,29.8
11:06:55,29.0,29.7
11:07:05,29.0,29.7
11:07:15,28.9,29.6
11:07:25,28.9,29.8
11:07:35,29.0,29.8
11:07:45,28.9,29.5
11:07:55,29.0,29.5
11:08:05,29.0,29.7
11:08:15,29.0,29.3
11:08:25,28.9,29.8
11:08:35,29.0,29.6
11:08:45,29.0,29.5
11:08:55,28.9,29.5
11:09:05,29.0,29.8
11:09:15,29.0,29.6
11:09:25,28.9,29.5
11:09:35,29.0,29.6
11:09:45,29.0,29.5
11:09:55,29.0,29.7
11:10:05,29.0,29.5
11:10:15,29.0,29.9
11:10:25,29.0,29.8
11:10:35,29.0,29.4
11:10:45,29.0,29.7
11:10:55,29.0,29.5
11:11:05,29.0,29.4
11:11:15,29.0,29.5
11:11:25,29.0,29.6
11:11:35,28.9,29.8
11:11:45,29.0,29.7
11:11:55,29.0,29.2
11:12:05,29.0,29.3
11:12:15,29.0,29.5
11:12:25,29.0,29.5
11:12:35,29.0,29.5
11:12:45,29.0,29.4
11:12:55,29.0,29.3
11:13:05,29.0,29.4
11:13:15,29.0,29.5
11:13:25,29.0,29.8
11:13:35,29.0,29.6
11:13:45,29.0,29.5
11:13:55,29.0,29.1
11:14:05,29.0,29.4
11:14:15,29.0,29.5
11:14:25,29.0,29.4
11:14:35,29.0,29.6
11:14:45,29.0,29.5
11:14:55,29.0,29.4
11:15:05,29.0,29.5
11:15:15,29.0,29.4
11:15:25,29.0,29.4
11:15:35,29.0,29.1
11:15:45,29.0,29.2
11:15:55,29.0,29.6
11:16:05,29.0,29.4
11:16:15,29.0,29.7
11:16:25,29.0,29.2
11:16:35,29.0,29.2
11:16:45,29.0,29.1
11:16:55,29.0,29.3
11:17:05,29.0,29.3
11:17:15,29.0,29.5
11:17:25,29.0,29.6
11:17:35,29.0,29.1
11:17:45,29.0,29.5
11:17:55,29.0,29.5
11:18:05,29.0,29.6
11:18:15,29.0,29.8
11:18:25,29.0,29.7
11:18:35,29.0,29.6
11:18:45,29.0,29.6
11:18:55,29.0,29.5
11:19:05,29.0,29.6
11:19:15,29.0,29.6
11:19:25,29.0,29.5
11:19:35,29.0,29.7
11:19:45,29.0,29.7
11:19:55,29.0,29.5
11:20:05,29.0,29.2
11:20:15,29.0,29.6
11:20:25,29.0,29.6
11:20:35,29.0,29.5
11:20:45,29.0,29.6
11:20:55,29.0,29.3
11:21:05,29.0,29.6
11:21:15,29.0,29.5
11:21:25,29.0,29.5
11:21:35,29.0,29.1
11:21:45,29.0,29.3
11:21:55,29.0,29.3
11:22:05,29.0,29.4
11:22:15,29.0,29.5
11:22:25,29.0,29.5
11:22:35,29.0,29.4
11:22:45,29.0,29.5
11:22:55,29.0,29.7
11:23:05,29.0,29.7
11:23:15,29.0,29.7
11:23:25,29.0,29.8
11:23:35,29.0,29.7
11:23:45,29.0,30.1
11:23:55,29.0,30.0
11:24:05,29.0,30.3
11:24:15,29.0,30.5
11:24:25,29.0,30.4
11:24:35,29.0,30.4
11:24:45,29.0,30.4
11:24:55,29.0,30.5
11:25:05,29.0,30.4
11:25:15,29.0,30.5
11:25:25,29.0,30.7
11:25:35,29.0,30.8
11:25:45,29.0,30.7
11:25:55,29.0,30.8
11:26:05,29.0,30.8
11:26:15,29.0,30.8
11:26:25,29.0,31.0
11:26:35,29.0,30.9
11:26:45,29.0,31.0
11:26:55,29.0,30.9
11:27:05,29.0,31.0
11:27:15,29.0,31.0
11:27:25,29.0,31.1
11:27:35,29.0,31.1
11:27:45,29.0,31.2
11:27:55,29.0,31.2
11:28:05,29.0,31.3
11:28:15,29.0,31.4
11:28:25,29.0,31.4
11:28:35,29.0,31.4
11:28:45,29.0,31.5
11:28:55,29.0,31.6
11:29:05,29.0,31.6
11:29:15,29.0,31.7
11:29:25,29.0,31.8
11:29:35,29.0,31.9
11:29:45,29.0,31.9
11:29:55,29.0,32.0
11:30:05,29.0,32.1
11:30:15,29.0,32.1
11:30:25,29.0,32.2
11:30:35,29.0,32.3
11:30:45,29.0,32.4
11:30:55,29.0,32.5
11:31:05,29.0,32.5
11:31:15,29.0,32.6
11:31:25,29.0,32.6
11:31:35,29.0,32.6
11:31:45,29.0,32.6
11:31:55,29.0,32.7
11:32:05,29.0,32.9
11:32:15,29.0,33.1
11:32:25,29.0,33.2
11:32:35,29.0,33.3
11:32:45,29.0,33.5
11:32:55,29.0,33.7
11:33:05,29.0,33.7
11:33:15,29.0,33.8
11:33:25,29.0,33.9
11:33:35,29.0,34.0
11:33:45,29.0,33.9
11:33:55,29.0,34.1
11:34:05,29.0,34.4
11:34:15,29.0,34.4
11:34:25,29.0,34.2
11:34:35,29.0,34.8
11:34:45,29.0,35.0
11:34:55,29.0,34.9
11:35:05,29.0,35.1
11:35:15,29.0,35.1
11:35:25,29.0,34.7
11:35:35,29.0,34.5
11:35:45,29.0,34.8
11:35:55,29.0,34.7
11:36:05,29.0,34.6
11:36:15,29.0,34.8
11:36:25,29.0,35.0
11:36:35,29.0,34.9
11:36:45,29.0,35.1
11:36:55,29.0,35.0
11:37:05,29.0,35.2
11:37:15,29.0,35.1
11:37:25,29.0,35.4
11:37:35,29.0,35.6
11:37:45,29.0,35.9
11:37:55,28.9,35.9
11:38:05,29.0,35.9
11:38:15,29.0,36.1
11:38:25,28.9,36.0
11:38:35,29.0,36.0
11:38:45,28.9,35.7
11:38:55,29.0,35.6
11:39:05,28.9,35.7
11:39:15,28.9,36.3
11:39:25,29.0,36.2
11:39:35,28.9,36.3
11:39:45,28.9,36.6
11:39:55,28.9,36.4
11:40:05,28.9,36.9
11:40:15,28.9,37.0
11:40:25,28.9,36.9
11:40:35,28.9,36.8
11:40:45,28.9,36.7
11:40:55,28.9,36.9
11:41:05,28.9,37.0
11:41:15,28.9,37.0
11:41:25,28.9,37.0
11:41:35,28.9,37.3
11:41:45,28.9,37.0
11:41:55,28.9,36.8
11:42:05,28.9,36.9
11:42:15,28.9,36.9
11:42:25,28.9,36.9
11:42:35,28.9,36.9
11:42:45,28.9,37.1
11:42:55,28.9,37.3
11:43:05,28.9,37.2
11:43:15,28.9,37.4
11:43:25,28.9,37.3
11:43:35,28.9,37.3
11:43:45,28.9,37.4
11:43:55,28.9,37.5
11:44:05,28.9,37.6
11:44:15,28.9,37.2
11:44:25,28.9,37.7
11:44:35,28.9,37.7
11:44:45,28.9,37.6
11:44:55,28.9,37.8
11:45:05,28.9,37.6
11:45:15,28.9,38.0
11:45:25,28.9,37.9
11:45:35,28.9,38.1
11:45:45,28.9,38.0
11:45:55,28.9,37.9
11:46:05,28.9,38.1
11:46:15,28.9,38.1
11:46:25,28.9,38.1
11:46:35,28.9,38.2
11:46:45,28.9,38.1
11:46:55,28.9,38.2
11:47:05,28.9,38.5
11:47:15,28.9,38.5
11:47:25,28.9,38.4
11:47:35,28.9,38.4
11:47:45,28.9,38.2
11:47:55,28.9,38.6
11:48:05,28.9,38.6
11:48:15,28.9,38.5
11:48:25,28.9,38.4
11:48:35,28.9,38.4
11:48:45,28.9,38.4
11:48:55,28.9,38.3
11:49:05,28.9,38.0
11:49:15,28.9,38.3
11:49:25,28.9,38.4
11:49:35,28.9,38.1
11:49:45,28.9,38.3
11:49:55,28.9,38.5
11:50:05,28.9,38.6
11:50:15,28.9,38.3
11:50:25,28.9,38.7
11:50:35,28.9,38.6
11:50:45,28.9,38.6
11:50:55,28.9,38.6
11:51:05,28.9,38.7
11:51:15,28.9,38.8
11:51:25,28.9,38.7
11:51:35,28.9,38.8
11:51:45,28.9,38.9
11:51:55,28.9,39.0
11:52:05,28.9,38.9
11:52:15,28.9,39.0
11:52:25,28.9,39.0
11:52:35,28.9,39.0
11:52:45,28.9,39.2
11:52:55,28.9,39.0
11:53:05,28.9,39.1
11:53:15,28.9,38.9
11:53:25,28.8,39.0
11:53:35,28.8,39.0
11:53:45,28.9,38.8
11:53:55,28.9,38.9
11:54:05,28.9,38.8
11:54:15,28.9,38.9
11:54:25,28.9,38.9
11:54:35,28.9,38.9
11:54:45,28.9,39.1
11:54:55,28.9,39.0
11:55:05,28.9,39.0
11:55:15,28.9,39.2
11:55:25,28.8,39.1
11:55:35,28.8,39.0
11:55:45,28.9,39.1
11:55:55,28.9,38.9
11:56:05,28.9,39.0
11:56:15,28.9,38.9
11:56:25,28.9,39.0
11:56:35,28.8,38.9
11:56:45,28.9,39.0
11:56:55,28.9,39.1
11:57:05,28.9,39.0
11:57:15,28.8,39.1
11:57:25,28.9,39.1
11:57:35,28.9,39.2
11:57:45,28.9,39.2
11:57:55,28.9,39.3
11:58:05,28.9,39.4
11:58:15,28.8,39.4
11:58:25,28.9,39.3
11:58:35,28.8,39.2
11:58:45,28.8,39.1
11:58:55,28.8,39.2
11:59:05,28.9,39.3
11:59:15,28.8,39.2
11:59:25,28.9,39.3
11:59:35,28.8,39.5
11:59:45,28.8,39.4
11:59:55,28.8,39.2
12:00:05,28.9,39.0
12:00:15,28.8,39.5
12:00:25,28.8,39.4
12:00:35,28.8,39.6
12:00:45,28.8,39.6
12:00:55,28.8,39.5
12:01:05,28.8,39.5
12:01:15,28.8,39.6
12:01:25,28.8,39.6
12:01:35,28.8,39.5
12:01:45,28.8,39.4
12:01:55,28.8,39.4
12:02:05,28.8,39.4
12:02:15,28.8,39.3
12:02:25,28.8,39.5
12:02:35,28.8,39.7
12:02:45,28.9,39.6
12:02:55,28.8,39.6
12:03:05,28.9,39.5
12:03:15,28.8,39.6
12:03:25,28.8,39.7
12:03:35,28.8,39.8
12:03:45,28.8,39.8
12:03:55,28.8,39.8
12:04:05,28.8,39.6
12:04:15,28.8,39.5
12:04:25,28.8,39.6
12:04:35,28.8,39.7
12:04:45,28.8,39.8
12:04:55,28.8,39.8
12:05:05,28.8,39.8
12:05:15,28.8,39.7
12:05:25,28.8,39.7
12:05:35,28.8,39.7
12:05:45,28.8,39.7
12:05:55,28.8,39.8
12:06:06,28.8,40.1
12:06:15,28.8,40.1
12:06:25,28.8,40.1
12:06:35,28.8,40.1
12:06:45,28.8,40.1
12:06:55,28.8,40.0
12:07:05,28.8,40.0
12:07:15,28.8,40.0
12:07:25,28.8,39.9
12:07:35,28.9,39.9
12:07:45,28.8,40.0
12:07:55,28.8,40.1
12:08:05,28.8,39.8
12:08:15,28.8,39.8
12:08:25,28.8,40.0
12:08:35,28.8,40.0
12:08:45,28.8,39.9
12:08:55,28.8,40.0
12:09:05,28.8,39.9
12:09:15,28.8,39.9
12:09:25,28.8,39.9
12:09:35,28.8,39.9
12:09:45,28.8,40.0
12:09:55,28.8,39.9
12:10:05,28.8,40.0
12:10:15,28.8,40.0
12:10:25,28.8,39.9
12:10:35,28.8,40.1
12:10:45,28.8,40.1
12:10:55,28.8,40.0
12:11:05,28.8,39.9
12:11:15,28.8,39.9
12:11:25,28.8,40.0
12:11:35,28.8,40.1
12:11:45,28.8,40.1
12:11:55,28.8,40.1
12:12:05,28.8,40.0
12:12:15,28.8,39.9
12:12:25,28.8,40.1
12:12:35,28.8,40.0
12:12:45,28.8,40.2
12:12:55,28.8,40.3
12:13:05,28.8,40.2
12:13:15,28.8,40.2
12:13:25,28.8,40.2
12:13:35,28.8,40.2
12:13:45,28.8,40.2
12:13:55,28.8,40.2
12:14:05,28.8,40.2
12:14:15,28.8,40.2
12:14:25,28.8,40.1
12:14:35,28.8,40.0
12:14:45,28.8,40.1
12:14:55,28.8,40.2
12:15:05,28.8,40.2
12:15:15,28.8,40.2
12:15:25,28.8,40.3
12:15:35,28.8,40.4
12:15:45,28.8,40.3
12:15:55,28.8,40.3
12:16:05,28.8,40.4
12:16:15,28.8,40.4
12:16:25,28.8,40.5
12:16:35,28.8,40.5
12:16:45,28.8,40.4
12:16:55,28.8,40.3
12:17:05,28.8,40.2
12:17:15,28.8,40.4
12:17:27,28.8,40.4
12:17:35,28.8,40.4
12:17:45,28.8,40.4
12:17:55,28.8,40.2
12:18:05,28.8,40.3
12:18:15,28.8,40.3
12:18:25,28.8,40.4
12:18:35,28.8,40.4
12:18:45,28.8,40.4
12:18:55,28.8,40.6
12:19:06,28.8,40.5
12:19:15,28.8,40.4
12:19:25,28.8,40.4
12:19:35,28.8,40.7
12:19:45,28.8,40.6
12:19:55,28.8,40.6
12:20:05,28.8,40.7
12:20:15,28.8,40.7
12:20:25,28.8,40.7
12:20:35,28.8,40.7
12:20:45,28.8,40.6
12:20:55,28.8,40.5
12:21:06,28.8,40.6
12:21:15,28.8,40.5
12:21:25,28.8,40.7
12:21:37,28.8,40.7
12:21:45,28.8,40.7
12:21:55,28.8,40.7
12:22:05,28.8,40.6
12:22:15,28.8,40.6
12:22:25,28.8,40.6
12:22:35,28.8,40.7
12:22:45,28.8,40.6
12:22:55,28.8,40.6
12:23:05,28.8,40.6
12:23:15,28.8,40.7
12:23:25,28.8,40.7
12:23:35,28.8,40.7
12:23:45,28.8,40.7
12:23:55,28.8,40.6
12:24:05,28.8,40.7
12:24:15,28.8,40.6
12:24:25,28.8,40.6
12:24:35,28.8,40.6
12:24:45,28.8,40.6
12:24:55,28.8,40.7
12:25:05,28.8,40.7
12:25:15,28.8,40.7
12:25:25,28.8,40.7
12:25:35,28.8,40.7
12:25:45,28.8,40.7
12:25:55,28.8,40.8
12:26:05,28.8,40.9
12:26:15,28.8,40.9
12:26:25,28.8,41.0
12:26:35,28.8,40.9
12:26:45,28.8,41.0
12:26:55,28.8,41.0
12:27:05,28.8,41.0
12:27:15,28.8,40.9
12:27:25,28.8,40.9
12:27:35,28.8,40.9
12:27:45,28.8,40.9
12:27:55,28.8,41.0
12:28:06,28.8,40.9
12:28:15,28.8,41.0
12:28:25,28.8,41.0
12:28:35,28.8,41.0
12:28:46,28.8,41.0
12:28:55,28.8,40.9
12:29:05,28.7,40.9
12:29:15,28.8,40.9
12:29:25,28.8,41.0
12:29:35,28.8,40.9
12:29:45,28.8,40.8
12:29:55,28.8,40.9
12:30:05,28.8,40.8
12:30:15,28.8,40.9
12:30:25,28.8,41.0
12:30:35,28.8,40.9
12:30:45,28.8,40.9
12:30:55,28.8,41.0
12:31:05,28.8,40.9
12:31:15,28.8,41.0
12:31:25,28.8,41.0
12:31:35,28.8,41.0
12:31:45,28.8,41.0
12:31:55,28.7,41.0
12:32:05,28.8,41.0
12:32:15,28.7,41.0
12:32:25,28.8,41.0
12:32:35,28.7,41.1
12:32:45,28.8,41.1
12:32:55,28.7,41.0
12:33:05,28.7,41.1
12:33:15,28.7,41.1
12:33:25,28.8,41.1
12:33:35,28.7,41.2
12:33:45,28.7,41.1
12:33:55,28.8,41.1
12:34:05,28.7,41.0
12:34:15,28.8,41.1
12:34:25,28.8,41.0
12:34:35,28.7,41.1
12:34:45,28.8,41.1
12:34:55,28.8,41.1
12:35:05,28.8,41.2
12:35:15,28.8,41.2
12:35:25,28.7,41.2
12:35:35,28.8,41.2
12:35:45,28.8,41.1
12:35:55,28.8,41.1
12:36:05,28.8,41.1
12:36:15,28.7,41.1
12:36:25,28.7,41.1
12:36:35,28.7,41.2
12:36:45,28.8,41.2
12:36:55,28.8,41.2
12:37:05,28.8,41.2
12:37:15,28.8,41.2
12:37:25,28.8,41.3
12:37:35,28.8,41.3
12:37:45,28.8,41.2
12:37:55,28.8,41.1
12:38:05,28.8,41.2
12:38:15,28.7,41.3
12:38:25,28.7,41.1
12:38:35,28.7,41.1
12:38:45,28.8,41.2
12:38:55,28.8,41.2
12:39:06,28.8,41.3
12:39:15,28.8,41.2
12:39:25,28.7,41.3
12:39:35,28.7,41.3
12:39:45,28.7,41.2
12:39:55,28.8,41.3
12:40:06,28.7,41.2
12:40:15,28.7,41.3
12:40:25,28.8,41.3
12:40:35,28.7,41.3
12:40:45,28.8,41.3
12:40:55,28.8,41.3
12:41:05,28.8,41.3
12:41:15,28.7,41.2
12:41:25,28.8,41.3
12:41:35,28.8,41.4
12:41:45,28.7,41.3
12:41:55,28.7,41.3
12:42:05,28.7,41.3
12:42:15,28.7,41.3
12:42:25,28.7,41.3
12:42:35,28.7,41.2
12:42:45,28.7,41.3
12:42:55,28.7,41.4
12:43:05,28.7,41.4
12:43:15,28.7,41.3
12:43:25,28.7,41.5
12:43:36,28.7,41.4
12:43:45,28.7,41.5
12:43:55,28.7,41.6
12:44:05,28.7,41.5
12:44:15,28.7,41.6
12:44:25,28.7,41.6
12:44:35,28.7,41.6
12:44:45,28.7,41.5
12:44:55,28.7,41.6
12:45:05,28.7,41.6
12:45:15,28.7,41.5
12:45:25,28.7,41.5
12:45:35,28.8,41.6
12:45:45,28.7,41.6
12:45:55,28.7,41.5
12:46:05,28.7,41.5
12:46:15,28.8,41.5
12:46:25,28.8,41.5
12:46:35,28.7,41.4
12:46:45,28.7,41.5
12:46:55,28.8,41.5
12:47:05,28.8,41.6
12:47:15,28.8,41.5
12:47:25,28.7,41.4
12:47:35,28.8,41.5
12:47:45,28.7,41.6
12:47:55,28.7,41.6
12:48:05,28.7,41.6
12:48:15,28.7,41.6
12:48:25,28.7,41.6
12:48:35,28.7,41.6
12:48:45,28.7,41.6
12:48:55,28.7,41.6
12:49:05,28.7,41.6
12:49:15,28.7,41.7
12:49:25,28.7,41.6
12:49:35,28.7,41.6
12:49:45,28.7,41.7
12:49:55,28.8,41.7
12:50:05,28.7,41.6
12:50:15,28.7,41.7
12:50:25,28.7,41.6
12:50:35,28.7,41.5
12:50:45,28.8,41.5
12:50:55,28.7,41.6
12:51:05,28.7,41.7
12:51:15,28.8,41.6
12:51:25,28.7,41.6
12:51:35,28.7,41.7
12:51:45,28.7,41.6
12:51:55,28.7,41.6
12:52:05,28.7,41.5
12:52:15,28.7,41.6
12:52:25,28.7,41.5
12:52:35,28.7,41.6
12:52:45,28.7,41.6
12:52:55,28.7,41.6
12:53:05,28.7,41.6
12:53:15,28.7,41.6
12:53:25,28.7,41.6
12:53:35,28.7,41.6
12:53:45,28.7,41.6
12:53:55,28.7,41.5
12:54:05,28.7,41.5
12:54:15,28.8,41.5
12:54:25,28.7,41.5
12:54:36,28.7,41.5
12:54:45,28.8,41.5
12:54:55,28.7,41.6
12:55:05,28.8,41.5
12:55:15,28.7,41.5
12:55:25,28.7,41.5
12:55:35,28.7,41.5
12:55:45,28.7,41.6
12:55:55,28.7,41.5
12:56:05,28.7,41.6
12:56:15,28.7,41.6
12:56:25,28.7,41.6
12:56:35,28.7,41.6
12:56:45,28.7,41.6
12:56:55,28.7,41.5
12:57:05,28.7,41.5
12:57:15,28.7,41.5
12:57:25,28.7,41.5
12:57:35,28.7,41.6
12:57:45,28.7,41.6
12:57:55,28.7,41.5
12:58:05,28.7,41.5
12:58:15,28.7,41.5
12:58:25,28.7,41.5
12:58:35,28.7,41.5
12:58:45,28.7,41.5
12:58:55,28.7,41.5
12:59:05,28.7,41.6
12:59:15,28.7,41.5
12:59:25,28.7,41.6
12:59:35,28.7,41.5
12:59:45,28.7,41.5
12:59:55,28.7,41.5
13:00:05,28.7,41.5
13:00:15,28.7,41.5
13:00:25,28.7,41.5
15:36:45,0.0,0.0
15:37:06,29.1,38.6
15:37:16,29.1,38.2
15:37:35,29.1,37.1
15:37:46,29.1,37.8
15:37:58,29.1,37.7
15:38:05,29.1,37.7
15:38:15,29.1,37.5
15:38:25,29.1,37.3
15:38:36,29.1,37.2
15:38:46,29.1,37.1
15:38:56,29.1,37.3
15:39:05,29.1,37.9
15:39:15,29.1,37.6
15:39:25,29.1,37.5
15:39:35,29.1,37.6
15:39:45,29.1,37.6
15:39:55,29.2,37.5
15:40:05,29.1,37.6
15:40:16,29.1,37.6
15:40:26,29.1,37.5
15:40:38,29.1,37.6
15:40:46,29.2,37.9
15:40:56,29.1,37.8
15:41:06,29.2,37.8
15:41:15,29.1,37.7
15:41:25,29.2,37.7
15:41:35,29.1,37.6
15:41:45,29.2,37.5
15:41:55,29.2,37.6
15:42:05,29.2,37.7
15:42:18,29.1,37.7
15:42:35,29.1,37.9
15:42:48,29.1,37.6
15:42:58,29.1,37.8
15:43:05,29.1,37.8
15:43:26,29.1,38.0
15:43:38,29.1,38.0
15:43:45,29.1,38.0
15:43:56,29.1,37.9
15:44:05,29.1,37.9
15:44:16,29.1,39.8
15:44:26,29.1,40.7
15:44:55,29.1,41.4
15:45:08,29.1,42.9
15:45:15,29.1,42.8
15:45:25,29.1,43.3
15:45:35,29.1,43.1
15:45:46,29.1,42.0
15:49:23,29.0,41.1
15:49:34,29.0,41.4
15:49:44,29.0,42.4
15:49:53,29.0,43.2
15:50:04,29.0,44.1
15:50:13,29.0,44.4
15:50:23,29.0,44.5
15:50:34,29.0,44.0
15:50:44,29.0,42.2
15:50:54,29.0,42.3
15:51:03,29.0,42.2
15:51:13,29.0,42.6
15:51:23,29.0,42.3
15:51:34,29.0,42.6
15:51:53,29.0,41.3
15:52:03,29.0,41.1
15:52:24,29.0,41.4
15:52:34,29.0,41.7
15:52:43,29.0,41.7
15:52:56,29.0,40.8
15:53:13,29.0,41.6
15:53:24,29.0,41.6
15:53:34,29.0,41.6
15:53:43,29.0,41.6
15:53:53,29.0,41.1
15:54:03,29.0,41.5
15:54:13,29.0,41.6
15:54:24,29.0,41.0
15:54:36,29.0,41.3
15:54:43,29.0,41.0
15:54:54,29.0,40.8
15:55:03,29.0,40.2
15:55:13,29.0,40.2
15:55:23,29.0,41.1
15:55:34,29.0,41.2
15:55:43,29.0,41.3
15:55:54,29.0,41.4
15:56:03,29.0,41.2
15:56:13,29.0,41.0
15:56:24,29.0,41.1
15:56:43,29.0,41.0
15:56:54,29.0,41.3
15:57:06,29.0,41.1
15:57:14,29.0,41.2
15:57:24,29.0,41.2
15:57:33,29.0,41.0
15:57:44,29.0,40.8
15:58:03,29.0,40.5
15:58:14,29.0,40.6
15:58:23,29.0,40.7
15:58:33,29.0,40.7
15:58:43,29.0,40.8
15:58:53,29.0,41.0
15:59:04,29.0,40.8
15:59:13,29.0,40.7
15:59:24,29.0,40.7
15:59:33,29.0,40.8
15:59:44,29.0,40.7
15:59:54,29.0,40.0
16:00:04,29.0,40.1
16:00:13,29.0,40.8
16:00:24,29.0,41.2
16:00:34,29.0,40.3
16:00:43,29.0,39.9
16:00:53,29.0,39.9
16:01:03,29.0,40.7
16:01:13,29.0,40.3
16:01:23,29.0,40.4
16:01:36,29.1,40.8
16:01:43,29.0,41.2
16:01:53,29.1,41.1
16:02:06,29.0,41.5
16:02:13,29.0,41.5
16:02:23,29.0,41.1
16:02:34,29.0,41.1
16:02:46,29.0,41.3
16:02:56,29.0,41.0
16:03:04,29.0,41.0
16:03:13,29.0,41.2
16:03:26,29.0,40.8
16:03:33,29.0,40.6
16:03:43,29.0,40.4
16:03:53,29.0,40.6
16:04:03,29.0,40.9
16:04:13,29.0,41.0
16:04:24,29.0,41.2
16:04:34,29.0,40.5
16:04:44,29.0,40.5
16:04:56,29.0,40.5
16:05:04,29.0,40.4
16:05:13,29.0,40.5
16:05:23,29.0,40.7
16:05:34,29.0,40.8
16:05:43,29.0,40.5
16:05:53,29.0,41.2
16:06:04,29.0,40.3
16:06:13,29.0,40.1
16:06:24,29.0,40.6
16:06:33,29.0,40.4
16:06:44,29.0,40.7
16:06:54,29.0,40.9
16:07:03,29.0,40.9
16:07:13,29.0,41.1
16:07:24,29.0,40.8
16:07:34,29.0,40.8
16:07:43,29.0,40.8
16:07:54,29.0,40.8
16:08:04,29.0,40.7
16:08:13,29.0,40.5
16:08:23,29.0,40.3
16:08:34,29.0,40.4
16:08:44,29.0,40.1
16:08:53,29.0,40.0
16:09:04,29.0,40.2
16:09:14,29.0,40.3
16:09:24,29.0,40.3
16:09:33,29.0,41.1
16:09:44,29.0,39.9
16:09:54,29.0,39.8
16:10:03,29.0,40.1
16:10:13,29.0,40.4
16:10:24,29.0,39.9
16:10:33,29.0,41.7
16:10:43,29.0,40.8
16:10:53,29.0,41.3
16:11:13,29.0,42.1
16:11:34,29.0,42.9
16:11:43,29.1,42.7
16:11:53,29.0,44.9
16:12:03,29.0,43.5
16:12:13,29.1,42.3
16:12:23,29.0,42.1
16:12:34,29.0,40.7
16:12:54,29.0,42.8
16:13:13,29.1,44.0
16:13:26,29.0,42.5
16:13:33,29.1,41.6
16:13:44,29.0,43.5
16:13:53,29.0,44.9
16:14:04,29.0,42.2
16:14:13,29.0,43.7
16:14:33,29.1,44.0
16:14:43,29.1,44.0
16:14:56,29.1,41.6
16:15:03,29.0,41.3
16:15:13,29.0,45.1
16:15:24,29.1,45.6
16:15:33,29.1,43.4
16:15:43,29.1,41.9
16:16:03,29.1,42.1
16:16:13,29.1,44.1
16:16:24,29.1,43.8
16:16:43,29.1,41.8
16:17:04,29.1,41.2
16:17:13,29.1,41.4
16:17:24,29.1,43.0
16:17:33,29.1,43.0
16:17:43,29.1,41.9
16:17:54,29.1,45.1
16:18:03,29.1,44.4
16:18:13,29.1,44.3
16:18:24,29.1,43.2
16:18:34,29.1,43.6
16:18:44,29.1,45.4
16:18:53,29.1,41.5
16:19:03,29.1,41.4
16:19:16,29.1,43.5
16:19:23,29.1,44.3
16:19:34,29.1,42.9
16:19:44,29.1,44.4
16:19:53,29.1,44.9
16:20:03,29.1,42.5
16:20:13,29.1,44.9
16:20:34,29.1,45.6
16:20:43,29.1,45.1
16:20:54,29.1,44.5
16:21:13,29.1,41.9
16:21:23,29.1,41.3
16:21:36,29.1,43.6
16:21:43,29.1,45.2
16:21:54,29.1,41.7
16:22:06,29.1,43.3
16:22:24,29.1,44.3
16:22:36,29.1,42.1
16:22:43,29.1,42.2
16:22:53,29.1,41.6
16:23:03,29.1,41.0
16:23:14,29.1,41.4
16:23:23,29.1,43.0
16:23:36,29.1,41.6
16:23:44,29.1,43.1
16:23:53,29.1,44.0
16:24:04,29.1,45.9
16:24:13,29.1,45.5
16:24:23,29.1,44.0
16:24:33,29.1,43.2
16:24:44,29.1,45.2
16:24:53,29.1,45.1
16:25:14,29.1,42.1
16:25:23,29.1,42.4
16:25:33,29.1,41.9
16:25:43,29.1,42.3
16:25:54,29.1,41.4
16:26:04,29.1,42.0
16:26:14,29.1,41.8
16:26:23,29.1,41.3
16:26:34,29.1,41.2
16:26:46,29.1,41.3
16:26:54,29.1,41.6
16:27:03,29.1,42.4
16:27:23,29.1,43.2
16:27:33,29.1,44.6
16:27:43,29.1,43.5
16:27:53,29.1,43.6
16:28:04,29.1,43.1
16:28:13,29.1,41.4
16:28:24,29.1,42.5
16:28:36,29.1,43.9
16:28:56,29.1,43.1
16:29:13,29.1,43.9
16:29:23,29.1,41.4
16:29:34,29.1,41.2
16:29:43,29.1,41.0
16:29:53,29.1,41.2
16:30:04,29.1,41.1
16:30:13,29.1,40.8
16:30:26,29.1,41.6
16:30:33,29.1,43.2
16:30:43,29.1,42.9
16:30:56,29.1,41.4
16:31:04,29.1,41.1
16:31:14,29.1,41.3
16:31:24,29.1,41.4
16:31:34,29.2,42.9
16:31:43,29.1,41.5
16:31:53,29.1,41.3
16:32:03,29.1,41.8
16:32:14,29.1,41.5
16:32:23,29.1,41.2
16:32:33,29.2,40.6
16:32:43,29.1,41.0
16:32:53,29.1,41.0
16:33:04,29.2,40.5
16:33:24,29.1,41.6
16:33:33,29.2,42.0
16:33:43,29.2,45.2
16:33:53,29.2,43.7
16:34:04,29.1,45.1
16:34:13,29.2,44.2
16:34:23,29.2,43.2
16:34:33,29.1,42.3
16:34:43,29.2,44.5
16:34:54,29.1,43.1
16:35:03,29.1,42.8
16:35:16,29.1,44.4
16:35:23,29.1,42.7
16:35:33,29.1,41.7
16:35:43,29.1,43.1
16:35:54,29.1,41.4
16:36:03,29.1,42.0
16:36:13,29.1,43.5
16:36:23,29.1,41.4
16:36:34,29.1,41.2
16:36:53,29.1,41.2
16:37:03,29.1,40.0
16:37:16,29.0,41.1
16:37:23,29.1,41.3
16:37:34,29.1,41.0
16:37:44,29.1,40.9
16:37:54,29.1,40.7
16:38:13,29.1,40.8
16:38:24,29.1,42.1
16:38:34,29.0,40.5
16:38:44,29.1,40.1
16:38:53,29.0,40.4
16:39:03,29.0,41.2
16:39:14,29.1,40.8
16:39:23,29.0,42.0
16:39:34,29.0,40.8
16:39:43,29.0,41.4
16:39:53,29.0,41.7
17:46:13,28.8,41.1
17:46:22,28.8,42.0
17:46:32,28.8,41.2
17:46:42,28.8,41.9
17:47:02,28.8,41.0
17:47:12,28.8,41.0
17:47:22,28.8,40.9
17:47:31,28.8,40.8
17:47:44,28.8,41.2
17:47:51,28.8,40.9
17:48:02,28.8,41.2
17:49:21,28.8,40.9
17:49:32,28.8,41.0
17:49:41,28.8,40.9
17:49:52,28.8,40.5
17:50:02,28.8,40.5
17:50:11,28.8,40.5
17:50:22,28.8,40.5
17:50:32,28.8,40.5
17:50:41,28.8,40.4
17:50:52,28.8,40.4
17:51:02,28.9,40.6
17:51:12,28.9,40.8
17:51:22,28.8,40.6
17:51:32,28.8,40.5
17:51:41,28.8,40.4
17:51:52,28.8,40.8
17:52:02,28.8,40.6
17:52:11,28.8,40.6
17:52:22,28.8,40.5
17:52:32,28.8,40.9
17:52:41,28.8,40.5
17:52:52,28.8,40.6
17:53:02,28.8,40.5
17:53:12,28.8,40.3
17:53:22,28.9,40.3
17:53:31,28.9,40.3
17:53:41,28.8,40.2
17:53:52,28.8,40.2
17:54:01,28.8,40.2
17:54:12,28.8,40.2
17:54:22,28.8,40.2
17:54:31,28.8,40.1
17:54:41,28.8,40.2
17:54:52,28.9,40.3
17:55:03,28.9,40.4
17:55:12,28.8,40.1
17:55:22,28.8,40.2
17:55:31,28.9,40.1
17:55:42,28.8,40.4
17:55:52,28.9,40.3
17:56:01,28.9,40.6
17:56:12,28.9,40.5
17:56:22,28.8,40.8
17:56:31,28.8,40.4
17:56:41,28.9,40.2
17:56:52,28.8,40.2
17:57:01,28.8,40.2
17:57:12,28.9,40.1
17:57:22,28.8,40.3
17:57:31,28.8,40.3
17:57:42,28.9,40.5
17:57:52,28.8,40.4
17:58:02,28.8,40.1
17:58:12,28.8,40.1
17:58:21,28.8,40.0
17:58:31,28.8,40.1
17:58:42,28.8,40.1
17:58:51,28.8,40.0
17:59:01,28.8,40.1
17:59:12,28.8,40.6
17:59:21,28.8,40.2
17:59:31,28.8,40.1
17:59:42,28.8,40.8
17:59:51,28.8,40.8
18:00:02,28.8,40.3
18:00:11,28.8,40.3
18:00:21,28.8,40.0
18:00:32,28.9,40.0
18:00:42,28.8,40.3
18:00:51,28.8,40.1
18:01:02,28.9,40.1
18:01:12,28.9,40.0
18:01:21,28.8,40.1
18:01:32,28.8,40.1
18:01:42,28.8,40.0
18:01:51,28.8,40.0
18:02:02,28.8,40.1
18:02:12,28.8,39.9
18:02:21,28.8,40.4
18:02:32,28.8,40.6
18:02:42,28.8,40.1
18:02:51,28.9,40.0
18:03:02,28.8,40.2
18:03:12,28.8,40.3
18:03:21,28.8,40.1
18:03:32,28.8,40.1
18:03:42,28.8,40.0
18:03:51,28.8,40.0
18:04:02,28.8,40.0
18:04:12,28.9,40.0
18:04:21,28.8,40.0
18:04:32,28.8,40.2
18:04:41,28.8,40.6
18:04:52,28.8,40.4
18:05:02,28.8,40.3
18:05:12,28.8,40.1
18:05:22,28.8,40.2
18:05:32,28.8,40.2
18:05:41,28.8,40.1
18:05:52,28.8,40.1
18:06:02,28.8,40.1
18:06:11,28.8,40.1
18:06:22,28.8,40.1
18:06:32,28.8,40.1
18:06:41,28.8,40.1
18:06:52,28.8,40.1
18:07:02,28.8,40.1
18:07:11,28.8,40.5
18:07:22,28.8,40.3
18:07:32,28.8,40.3
18:07:41,28.8,40.4
18:07:52,28.8,40.1
18:08:02,28.8,40.2
18:08:11,28.8,40.2
18:08:22,28.8,40.5
18:08:31,28.8,40.3
18:08:42,28.8,40.3
18:08:52,28.8,40.2
18:09:01,28.8,40.4
18:09:11,28.8,40.3
18:09:22,28.8,40.3
18:09:31,28.8,40.2
18:09:42,28.8,40.2
18:09:52,28.8,40.3
18:10:02,28.8,40.2
18:10:12,28.8,40.4
18:10:22,28.8,40.2
18:10:31,28.8,40.3
18:10:42,28.8,40.3
18:10:52,28.8,40.3
18:11:01,28.8,40.2
18:11:12,28.8,40.1
18:11:22,28.8,40.2
18:11:32,28.8,40.6
18:11:42,28.8,40.3
18:11:52,28.8,40.2
18:12:02,28.8,40.1
18:12:12,28.8,40.2
18:12:22,28.8,40.1
18:12:31,28.8,40.2
18:12:42,28.8,40.1
18:12:52,28.8,40.1
18:13:01,28.8,40.0
18:13:11,28.8,40.1
18:13:22,28.8,40.1
18:13:31,28.8,40.1
18:13:42,28.8,40.1
18:13:51,28.8,40.1
18:14:01,28.8,40.3
18:14:12,28.8,40.4
18:14:21,28.8,40.2
18:14:31,28.8,40.7
18:14:42,28.8,40.3
18:14:51,28.8,40.3
18:15:02,28.8,40.1
18:15:12,28.8,40.1
18:15:21,28.8,40.2
18:15:32,28.8,40.2
18:15:42,28.8,40.3
18:15:51,28.8,40.2
18:16:02,28.8,40.5
18:16:12,28.8,40.0
18:16:21,28.8,40.1
18:16:32,28.8,40.0
18:16:42,28.8,40.0
18:16:52,28.8,40.0
18:17:02,28.8,39.9
18:17:12,28.8,39.9
18:17:21,28.8,39.9
18:17:32,28.8,39.9
18:17:42,28.8,39.9
18:17:51,28.8,39.8
18:18:02,28.8,39.8
18:18:11,28.8,39.7
18:18:22,28.8,39.8
18:18:32,28.8,39.8
18:18:41,28.8,39.9
18:18:52,28.8,40.6
18:19:02,28.8,39.9
18:19:11,28.8,40.1
18:19:22,28.8,39.8
18:19:31,28.8,39.8
18:19:41,28.8,39.8
18:19:52,28.8,39.9
18:20:02,28.8,40.0
18:20:11,28.8,39.8
18:20:22,28.8,39.8
18:20:32,28.8,40.0
18:20:42,28.8,39.9
18:20:52,28.8,40.0
18:21:02,28.8,39.9
18:21:11,28.8,39.9
18:21:22,28.8,40.0
18:21:32,28.8,39.9
18:21:41,28.8,39.8
18:21:52,28.8,39.8
18:22:02,28.8,40.1
18:22:12,28.8,39.7
18:22:22,28.8,39.6
18:22:32,28.8,39.7
18:22:41,28.8,40.0
18:22:52,28.8,39.8
18:23:01,28.8,39.7
18:23:12,28.8,39.7
18:23:22,28.8,39.6
18:23:32,28.8,39.6
18:23:42,28.8,39.6
18:23:52,28.8,40.0
18:24:01,28.8,39.5
18:24:12,28.8,39.6
18:24:22,28.8,39.6
18:24:31,28.8,39.4
18:24:42,28.8,39.4
18:24:52,28.8,39.4
18:25:01,28.8,39.6
18:25:12,28.8,39.8
18:25:22,28.8,39.4
18:25:31,28.8,39.3
18:25:42,28.8,39.4
18:25:52,28.8,39.4
18:26:01,28.8,39.7
18:26:12,28.8,39.4
18:26:22,28.8,39.9
18:26:31,28.8,39.6
18:26:42,28.8,39.3
18:26:52,28.8,39.2
18:27:01,28.8,39.4
18:27:12,28.8,39.2
18:27:22,28.8,39.2
18:27:31,28.8,39.4
18:27:42,28.8,39.4
18:27:52,28.8,39.3
18:28:01,28.8,39.1
18:28:12,28.8,39.1
18:28:22,28.8,39.0
18:28:32,28.8,39.1
18:28:42,28.8,39.0
18:28:51,28.8,39.0
18:29:02,28.8,38.9
18:29:12,28.8,39.1
18:29:22,28.8,39.7
18:29:32,28.8,39.6
18:29:42,28.8,39.3
18:29:51,28.8,39.1
18:30:02,28.8,39.0
18:30:12,28.8,39.1
18:30:22,28.8,39.1
18:30:32,28.8,38.9
18:30:42,28.8,39.5
18:30:52,28.8,39.0
18:31:02,28.8,39.0
18:31:12,28.8,38.8
18:31:21,28.8,38.8
18:31:32,28.8,38.8
18:31:42,28.8,38.7
18:31:51,28.8,38.8
18:32:02,28.8,38.8
18:32:12,28.8,38.7
18:32:22,28.8,38.7
18:32:32,28.8,38.9
18:32:42,28.8,38.7
18:32:52,28.8,38.7
18:33:02,28.8,38.6
18:33:12,28.8,38.8
18:33:21,28.8,39.1
18:33:32,28.8,38.6
18:33:41,28.8,38.6
18:33:51,28.8,38.5
18:34:02,28.8,38.5
18:34:11,28.8,39.2
18:34:22,28.8,38.7
18:34:32,28.8,38.5
18:34:41,28.8,38.5
18:34:52,28.8,38.6
18:35:02,28.8,38.9
18:35:12,28.8,38.5
18:35:22,28.8,38.8
18:35:32,28.9,38.5
18:35:42,28.8,38.5
18:35:52,28.8,38.6
18:36:02,28.8,38.4
18:36:11,28.8,38.4
18:36:22,28.8,38.4
18:36:32,28.8,38.5
18:36:41,28.9,38.5
18:36:52,28.8,38.5
18:37:02,28.8,38.4
18:37:11,28.8,38.6
18:37:22,28.8,38.4
18:37:32,28.8,38.2
18:37:41,28.9,38.2
18:37:52,28.9,38.3
18:38:01,28.8,38.3
18:38:11,28.8,38.5
18:38:22,28.8,38.6
18:38:31,28.8,38.0
18:38:41,28.9,38.1
18:38:52,28.8,38.2
18:39:02,28.9,37.9
18:39:12,28.8,38.0
18:39:22,28.9,37.9
18:39:31,28.9,37.8
18:39:42,28.9,37.9
18:39:52,28.8,37.8
18:40:01,28.8,37.8
18:40:12,28.8,37.8
18:40:22,28.8,37.9
18:40:31,28.9,37.8
18:40:42,28.9,37.8
18:40:52,28.8,37.8
18:41:01,28.8,38.3
18:41:12,28.8,38.1
18:41:22,28.8,37.8
18:41:31,28.9,38.0
18:41:42,28.8,37.7
18:41:52,28.8,37.8
18:42:01,28.9,37.6
18:42:12,28.9,38.2
18:42:21,28.9,37.8
18:42:31,28.9,37.7
18:42:42,28.9,37.6
18:42:51,28.9,37.8
18:43:01,28.9,38.0
18:43:12,28.9,37.6
18:43:21,28.9,37.4
18:43:32,28.9,37.5
18:43:42,28.9,37.2
18:43:51,28.9,37.3
18:44:02,28.9,37.7
18:44:12,28.9,37.4
18:44:21,28.9,37.2
18:44:32,28.9,37.4
18:44:42,28.9,37.6
18:44:51,28.9,37.2
18:45:02,28.9,37.2
18:45:12,28.9,37.1
18:45:21,28.9,38.2
18:45:32,28.9,37.3
18:45:42,28.9,37.2
18:45:52,28.9,37.3
18:46:04,28.9,37.2
18:46:12,28.9,37.1
18:46:21,28.9,36.8
18:46:32,28.9,36.8
18:46:41,28.9,36.8
18:46:51,28.9,37.0
18:47:02,28.9,37.1
18:47:12,28.9,37.1
18:47:22,28.9,36.8
18:47:32,28.9,37.2
18:47:42,28.9,36.8
18:47:51,28.9,37.0
18:48:02,28.9,36.9
18:48:11,28.9,37.0
18:48:21,28.9,36.8
18:48:32,28.9,36.6
18:48:41,28.9,36.7
18:48:52,28.9,36.8
18:49:02,28.9,36.8
18:49:11,28.9,37.7
18:49:22,28.9,37.0
18:49:31,28.9,36.9
18:49:41,28.9,36.9
18:49:52,28.9,36.9
18:50:02,28.9,36.7
18:50:11,28.9,37.3
18:50:22,28.9,36.7
18:50:32,28.9,36.7
18:50:42,28.9,36.5
18:50:52,28.9,36.5
18:51:02,28.9,36.4
18:51:11,28.9,36.5
18:51:22,28.9,36.3
18:51:31,28.9,36.3
18:51:41,28.9,36.4
18:51:52,28.9,36.5
18:52:02,28.9,36.3
18:52:11,28.9,36.3
18:52:22,28.9,36.3
18:52:31,28.9,36.2
18:52:41,28.9,36.3
18:52:52,28.9,36.2
18:53:02,28.9,36.4
18:53:11,28.9,36.2
18:53:22,28.9,36.2
18:53:31,28.9,36.2
18:53:42,28.9,36.2
18:53:52,28.9,35.9
18:54:04,28.9,36.7
18:54:12,28.9,35.8
18:54:22,28.9,35.7
18:54:32,28.9,35.9
18:54:42,28.9,36.0
18:54:55,28.9,35.9
18:55:01,28.9,35.4
18:55:14,28.9,35.4
18:55:22,28.9,35.7
18:55:33,28.9,35.8
18:55:42,28.9,35.6
18:55:52,28.9,35.7
18:56:01,28.9,35.8
18:56:12,28.9,35.9
18:56:21,28.9,35.7
18:56:32,28.9,35.7
18:56:42,28.9,36.1
18:56:52,28.9,35.9
18:57:02,28.9,35.7
18:57:22,28.9,35.7
18:57:32,28.9,35.9
18:57:52,28.9,35.5
18:58:04,28.9,35.3
18:58:23,28.9,35.7
18:58:42,28.9,35.4
18:59:26,28.9,35.4
18:59:43,28.9,35.7
18:59:54,28.9,35.3
19:00:05,28.9,35.2
19:00:23,28.9,35.3
19:00:34,28.9,35.2
19:00:43,28.9,35.2
19:00:52,28.9,35.7
19:01:05,28.9,35.9
19:01:12,28.9,35.5
19:01:23,28.9,35.3
19:01:35,28.9,35.0
19:01:53,28.9,34.8
19:02:05,28.9,34.9
19:02:44,28.9,34.7
19:03:02,28.9,34.9
19:03:14,28.9,34.8
19:03:32,28.9,35.3
19:03:44,28.9,34.9
19:04:03,28.9,34.7
19:04:12,28.9,34.8
19:04:23,28.9,35.0
19:04:44,28.9,34.8
19:04:53,28.9,34.7
19:05:13,28.9,35.1
19:05:23,28.9,34.7
19:05:32,28.9,34.5
19:05:53,28.9,34.5
19:06:02,28.9,34.6
19:06:16,28.9,34.8
19:06:33,28.9,34.4
19:06:44,28.9,34.5
19:07:02,28.9,34.4
19:07:23,28.9,34.5
19:07:43,28.9,34.4
19:07:52,28.9,34.6
19:08:05,29.0,34.5
19:08:23,29.0,34.3
19:08:34,28.9,34.3
19:08:52,28.9,34.3
19:09:04,28.9,34.8
19:09:33,29.0,34.0
19:09:46,29.0,34.3
19:09:55,29.0,34.4
19:10:02,29.0,34.2
19:10:22,29.0,34.3
19:10:34,28.9,34.1
19:10:53,29.0,34.6
19:11:02,28.9,34.1
19:11:14,29.0,34.3
19:11:22,29.0,34.5
19:11:43,29.0,34.3
19:12:02,29.0,34.2
19:12:14,28.9,34.2
19:12:33,29.0,34.2
19:12:53,29.0,34.4
19:13:05,29.0,34.4
19:13:23,29.0,34.1
19:13:32,29.0,34.3
19:13:53,29.0,34.1
19:14:02,29.0,34.1
19:14:12,29.0,34.5
19:14:23,29.0,34.2
19:14:46,29.0,34.4
19:15:03,29.0,34.7
19:15:12,29.0,34.4
19:15:33,29.0,34.3
19:15:53,29.0,34.1
19:16:02,29.0,33.9
19:16:23,29.0,33.8
19:16:44,29.0,33.8
19:16:53,29.0,33.8
19:17:05,29.0,33.9
19:17:15,29.0,33.7
19:17:26,29.0,33.6
19:17:42,29.0,34.5
19:18:04,29.0,33.6
19:18:13,29.0,34.1
19:18:32,29.0,33.3
19:18:53,29.0,33.4
19:19:02,29.0,33.8
19:19:22,29.0,34.1
19:19:34,29.0,33.4
19:19:43,29.0,33.9
19:20:05,29.0,33.6
19:20:12,29.0,33.6
19:20:33,29.0,33.5
19:20:42,29.0,33.3
19:21:03,29.0,33.5
19:21:12,29.0,33.4
19:21:43,29.0,33.2
19:21:52,29.0,33.3
19:22:03,29.0,34.1
19:22:23,29.0,33.9
19:22:35,29.0,33.9
19:22:53,29.0,34.1
19:23:02,29.0,33.5
19:23:23,29.0,33.2
19:23:32,29.0,34.1
19:23:53,29.0,33.5
19:24:02,29.0,33.6
19:24:14,29.0,33.5
19:24:33,29.0,34.0
19:24:42,29.0,33.6
19:24:54,29.0,33.6
19:25:05,29.0,33.8
19:25:22,29.0,33.9
19:25:34,29.0,33.7
19:25:52,29.0,34.2
19:26:05,29.0,33.6
19:26:23,29.0,34.0
19:26:32,29.0,34.1
19:26:42,29.0,33.8
19:27:05,29.0,33.6
19:27:24,29.0,33.8
19:27:33,29.0,33.7
19:27:45,29.0,33.5
19:27:55,29.0,33.5
19:28:08,29.0,34.2
19:28:15,29.0,34.0
19:28:25,29.0,33.9
19:28:35,29.0,34.2
19:29:52,29.0,33.6
19:30:02,29.0,34.0
19:30:11,29.0,33.9
19:30:21,29.0,34.1
19:30:32,29.0,33.9
19:30:42,29.0,33.9
19:30:52,29.0,34.1
19:31:02,29.0,34.2
19:31:12,29.0,34.1
19:31:22,29.0,34.1
19:31:31,29.0,34.0
19:31:42,29.0,34.2
19:31:51,29.0,34.4
19:32:02,29.0,34.4
19:32:11,29.0,34.7
19:32:21,29.0,35.0
19:32:32,29.1,35.4
19:32:41,29.1,34.6
19:32:52,29.1,34.5
19:33:02,29.1,34.9
19:33:11,29.1,34.5
19:33:22,29.1,34.9
19:33:32,29.1,34.7
19:33:41,29.1,35.3
19:33:52,29.1,34.9
19:34:02,29.1,34.8
19:34:11,29.0,35.6
19:34:22,29.1,35.0
19:34:32,29.1,34.6
19:34:41,29.1,34.6
19:34:52,29.1,34.5
19:35:02,29.1,34.4
19:35:11,29.1,34.7
19:35:22,29.1,35.2
19:35:31,29.1,34.7
19:35:42,29.1,34.9
19:35:52,29.1,34.7
19:36:01,29.1,35.2
19:36:11,29.1,34.7
19:36:22,29.1,34.7
19:36:31,29.0,34.7
19:36:41,29.1,34.6
19:36:52,29.1,34.6
19:37:01,29.1,34.5
19:37:12,29.0,34.6
19:37:22,29.1,34.5
19:37:31,29.1,34.6
19:37:42,29.1,34.8
19:37:52,29.1,34.7
19:38:01,29.1,35.4
19:38:12,29.1,34.9
19:38:22,29.1,35.0
19:38:31,29.0,35.2
19:38:42,29.1,35.4
19:38:52,29.1,34.9
19:39:01,29.0,34.9
19:39:12,29.1,35.2
19:39:22,29.1,35.2
19:39:32,29.0,34.8
19:39:42,29.1,34.7
19:39:52,29.1,35.2
19:40:01,29.1,34.9
19:40:12,29.1,34.9
19:40:22,29.1,35.0
19:40:31,29.1,34.8
19:40:42,29.1,34.7
19:40:51,29.1,34.9
19:41:02,29.1,34.8
19:41:12,29.1,34.8
19:41:22,29.1,35.2
19:41:31,29.1,34.8
19:41:42,29.1,34.8
19:41:51,29.1,35.0
19:42:01,29.1,35.0
19:42:12,29.1,35.2
19:42:21,29.1,34.9
19:42:31,29.1,34.9
19:42:42,29.1,34.8
19:42:51,29.1,34.9
19:43:02,29.1,34.9
19:43:12,29.1,34.9
19:43:21,29.1,35.0
19:43:32,29.1,34.9
19:43:42,29.1,35.0
19:43:51,29.1,35.2
19:44:02,29.1,35.4
19:44:12,29.1,35.3
19:44:21,29.1,35.3
19:44:32,29.1,35.0
19:44:42,29.1,35.0
19:44:51,29.1,35.3
19:45:02,29.1,35.6
19:45:12,29.1,35.3
19:45:21,29.1,35.2
19:45:32,29.1,35.2
19:45:42,29.1,35.3
19:45:51,29.1,35.0
19:46:02,29.1,35.3
19:46:11,29.1,35.3
19:46:21,29.1,35.0
19:46:32,29.1,35.2
19:46:41,29.1,35.2
19:46:51,29.1,35.0
19:47:02,29.1,35.1
19:47:11,29.1,35.1
19:47:21,29.1,35.1
19:47:32,29.1,35.1
19:47:41,29.1,35.2
19:47:52,29.1,35.1
19:48:02,29.1,35.0
19:48:11,29.1,35.5
19:48:22,29.1,35.1
19:48:32,29.1,35.7
19:48:41,29.1,35.5
19:48:52,29.1,35.3
19:49:02,29.1,35.3
19:49:11,29.1,35.1
19:49:22,29.1,35.2
19:49:32,29.1,35.2
19:49:41,29.1,35.4
19:49:52,29.1,35.3
19:50:02,29.1,35.3
19:50:11,29.1,35.8
19:50:22,29.1,35.3
19:50:32,29.1,35.3
19:50:41,29.1,35.1
19:50:52,29.1,35.2
19:51:02,29.1,35.3
19:51:11,29.1,35.5
19:51:22,29.1,35.2
19:51:32,29.1,35.2
19:51:41,29.1,35.3
19:51:52,29.1,35.1
19:52:01,29.1,35.2
19:52:11,29.1,35.1
19:52:22,29.1,35.3
19:52:31,29.1,35.2
19:52:42,29.1,35.2
19:52:52,29.1,35.3
19:53:01,29.1,35.2
19:53:12,29.1,35.1
19:53:22,29.1,35.2
19:53:31,29.1,35.2
19:53:42,29.1,35.5
19:53:52,29.1,35.6
19:54:01,29.1,35.4
19:54:12,29.1,35.7
19:54:22,29.1,35.7
19:57:39,29.1,35.3
19:57:49,29.1,35.5
19:57:59,29.1,35.3
19:58:09,29.1,35.6
19:58:19,29.1,35.2
19:58:29,29.1,35.2
19:58:39,29.1,35.4
19:58:49,29.1,35.5
19:58:59,29.1,35.2
19:59:09,29.1,35.4
19:59:19,29.1,35.3
19:59:29,29.1,35.2
19:59:39,29.1,35.3
19:59:49,29.1,35.4
19:59:59,29.1,35.4
20:00:09,29.1,35.5
20:00:19,29.1,35.5
20:00:29,29.1,35.5
20:00:39,29.1,35.5
20:00:49,29.1,35.5
20:00:59,29.1,35.4
20:01:09,29.1,35.7
20:01:19,29.1,35.8
20:01:29,29.1,35.9
20:01:39,29.1,36.1
20:01:49,29.1,35.7
20:01:59,29.1,35.4
20:02:09,29.1,35.4
20:02:19,29.1,35.4
20:02:29,29.1,35.4
20:02:39,29.1,35.4
20:02:49,29.1,35.4
20:02:59,29.1,36.0
20:03:09,29.1,35.5
20:03:19,29.1,35.6
20:03:29,29.1,35.5
20:03:39,29.1,35.2
20:03:49,29.1,35.8
20:03:59,29.1,35.6
20:04:09,29.1,35.8
20:04:19,29.1,35.3
20:04:29,29.1,35.2
20:04:39,29.1,35.5
20:04:49,29.1,35.3
20:04:59,29.1,35.5
20:05:09,29.1,35.5
20:05:19,29.1,35.9
20:05:29,29.1,35.7
20:05:39,29.1,35.2
20:05:49,29.1,35.5
20:05:59,29.1,35.6
20:06:09,29.1,35.8
20:06:19,29.1,35.3
20:06:29,29.1,35.3
20:06:39,29.1,35.3
20:06:49,29.1,35.5
20:06:59,29.1,35.6
20:07:09,29.1,35.9
20:07:19,29.1,35.4
20:07:29,29.1,35.8
20:07:39,29.1,35.5
20:07:49,29.1,35.4
20:07:59,29.1,35.4
20:08:09,29.1,35.5
20:08:19,29.1,35.5
20:08:29,29.1,35.3
20:08:39,29.1,35.4
20:08:49,29.1,35.3
20:08:59,29.1,35.3
20:09:09,29.1,35.2
20:09:19,29.1,35.3
20:09:29,29.1,35.3
20:09:39,29.1,35.2
20:09:49,29.1,35.3
20:09:59,29.1,35.3
20:10:09,29.1,35.4
20:10:19,29.1,35.9
20:10:29,29.1,35.5
20:10:39,29.1,35.7
20:10:49,29.1,35.3
20:10:59,29.1,35.6
20:11:09,29.1,35.3
20:11:19,29.1,35.4
20:11:29,29.1,35.2
20:11:39,29.1,35.4
20:11:49,29.1,35.7
20:11:59,29.1,35.8
20:12:09,29.1,35.5
20:12:19,29.1,35.4
20:12:29,29.1,35.6
20:12:39,29.1,35.8
20:12:49,29.1,35.5
20:12:59,29.1,35.4
20:13:09,29.1,35.4
20:13:19,29.1,35.6
20:13:30,29.1,35.4
20:13:39,29.1,36.0
20:13:49,29.1,35.7
20:13:59,29.1,35.5
20:14:09,29.1,35.7
20:14:19,29.2,35.3
20:14:29,29.2,35.3
20:14:39,29.2,35.3
20:14:49,29.1,35.3
20:14:59,29.1,35.3
20:15:09,29.1,35.3
20:15:19,29.1,35.5
20:15:29,29.1,35.4
20:15:39,29.1,35.3
20:15:49,29.1,35.2
20:15:59,29.1,35.5
20:16:09,29.1,35.8
20:16:19,29.2,35.5
20:16:29,29.1,35.6
20:16:39,29.1,35.6
20:16:49,29.1,36.1
20:16:59,29.1,35.5
20:17:09,29.1,35.4
20:17:19,29.1,35.4
20:17:29,29.1,35.7
20:17:39,29.2,35.5
20:17:49,29.2,35.3
20:17:59,29.2,35.4
20:18:09,29.2,35.5
20:18:19,29.1,35.6
20:18:29,29.2,35.4
20:18:39,29.2,35.7
20:18:49,29.1,35.5
20:18:59,29.1,35.4
20:19:09,29.2,35.3
20:19:19,29.1,35.6
20:19:29,29.1,35.8
20:19:39,29.2,35.7
20:19:49,29.2,35.7
20:19:59,29.1,35.8
20:20:09,29.2,35.5
20:20:19,29.1,35.8
20:20:29,29.1,35.9
20:20:39,29.1,35.8
20:20:49,29.2,35.6
20:20:59,29.1,35.7
20:21:09,29.1,35.8
20:21:19,29.2,35.7
20:21:29,29.1,35.9
20:21:39,29.2,35.9
20:21:49,29.1,35.9
20:21:59,29.2,35.6
20:22:09,29.1,35.9
20:22:19,29.1,35.4
20:22:29,29.1,35.6
20:22:39,29.2,35.5
20:22:49,29.1,35.5
20:22:59,29.1,35.6
20:23:09,29.1,35.4
20:23:19,29.2,35.5
20:23:29,29.1,35.5
20:23:39,29.2,35.4
20:23:49,29.2,35.4
20:23:59,29.2,35.6
20:24:09,29.2,35.6
20:24:19,29.2,35.4
20:24:29,29.2,35.5
20:24:39,29.2,35.5
20:24:49,29.2,35.5
20:24:59,29.2,35.7
20:25:09,29.2,35.5
20:25:19,29.2,35.5
20:25:29,29.2,35.4
20:25:39,29.2,35.6
20:25:49,29.2,35.7
20:25:59,29.2,35.7
20:26:09,29.2,35.6
20:26:19,29.2,35.9
20:26:29,29.2,36.1
20:26:39,29.2,35.9
20:26:49,29.2,36.0
20:26:59,29.2,35.9
20:27:09,29.2,35.9
20:27:19,29.2,35.9
20:27:29,29.2,35.8
20:27:39,29.2,36.4
20:27:49,29.2,35.9
20:27:59,29.2,35.9
20:28:09,29.2,36.0
20:28:19,29.2,35.9
20:28:29,29.2,36.0
20:28:39,29.1,36.0
20:28:49,29.1,36.0
20:28:59,29.1,36.1
20:29:09,29.2,36.1
20:29:19,29.2,36.4
20:29:29,29.1,36.6
20:29:39,29.1,36.3
20:29:49,29.1,36.4
20:29:59,29.1,36.5
20:30:09,29.1,36.4
20:30:19,29.1,36.4
20:30:29,29.2,36.4
20:30:39,29.1,36.3
20:30:49,29.2,36.4
20:30:59,29.1,36.5
20:31:09,29.1,36.5
20:31:19,29.1,36.5
20:31:29,29.1,36.6
20:31:39,29.1,36.8
20:31:49,29.1,36.8
20:31:59,29.1,36.8
20:32:09,29.1,37.0
20:32:19,29.1,37.1
20:32:29,29.1,36.8
20:32:39,29.1,36.8
20:32:49,29.1,36.9
20:32:59,29.1,36.9
20:33:09,29.1,36.9
20:33:19,29.2,37.0
20:33:29,29.1,37.0
20:33:39,29.1,37.1
20:33:49,29.1,37.1
20:33:59,29.1,37.2
20:34:09,29.2,37.6
20:34:19,29.1,37.2
20:34:29,29.2,37.4
20:34:39,29.1,37.5
20:34:49,29.1,37.3
20:34:59,29.1,37.3
20:35:09,29.1,37.3
20:35:19,29.1,37.3
20:35:29,29.1,37.3
20:35:39,29.1,37.3
20:35:49,29.1,37.3
20:35:59,29.1,37.3
20:36:09,29.1,37.3
20:36:19,29.1,37.6
20:36:29,29.1,37.4
20:36:39,29.1,37.4
20:36:49,29.1,37.4
20:36:59,29.1,37.4
20:37:09,29.1,37.4
20:37:19,29.1,37.4
20:37:29,29.1,37.4
20:37:39,29.1,37.4
20:37:49,29.1,37.5
20:37:59,29.1,37.5
20:38:09,29.1,37.5
20:38:19,29.1,37.9
20:38:29,29.1,37.7
20:38:39,29.1,37.7
20:38:49,29.1,37.6
20:38:59,29.1,37.6
20:39:09,29.1,38.0
20:39:19,29.1,38.0
20:39:29,29.1,37.6
20:39:39,29.1,37.6
20:39:49,29.1,37.6
20:39:59,29.1,37.6
20:40:09,29.1,37.6
20:40:19,29.1,37.6
20:40:29,29.1,37.7
20:40:39,29.1,37.7
20:40:49,29.1,37.7
20:40:59,29.1,37.8
20:41:09,29.1,37.7
20:41:19,29.1,37.7
20:41:29,29.1,37.7
20:41:39,29.1,37.7
20:41:49,29.1,37.8
20:41:59,29.1,37.9
20:42:09,29.1,37.8
20:42:19,29.1,37.9
20:42:30,29.1,37.9
20:42:40,29.1,37.9
20:42:49,29.1,37.9
20:42:59,29.1,38.1
20:43:09,29.1,38.2
20:43:19,29.1,38.0
20:43:29,29.1,38.4
20:43:39,29.1,37.9
20:43:49,29.1,37.9
20:43:59,29.1,37.9
20:44:09,29.1,38.1
20:44:19,29.1,38.0
20:44:29,29.1,37.9
20:44:39,29.1,37.9
20:44:49,29.1,38.1
20:44:59,29.1,38.2
20:45:09,29.1,38.1
20:45:19,29.1,38.1
20:45:29,29.1,38.1
20:45:39,29.1,38.0
20:45:49,29.1,38.1
20:45:59,29.1,38.0
20:46:09,29.1,38.0
20:46:19,29.1,37.9
20:46:29,29.1,38.0
20:46:39,29.1,38.0
20:46:49,29.1,38.3
20:46:59,29.1,38.0
20:47:09,29.1,38.1
20:47:19,29.1,38.1
20:47:29,29.1,38.1
20:47:39,29.1,38.0
20:47:49,29.1,38.0
20:47:59,29.1,38.2
20:48:09,29.1,38.1
20:48:19,29.1,38.1
20:48:29,29.1,38.2
20:48:39,29.1,38.2
20:48:49,29.0,38.1
20:48:59,29.0,38.1
20:49:09,29.0,38.1
20:49:19,29.0,38.4
20:49:29,29.1,38.2
20:49:39,29.1,38.2
20:49:49,29.0,38.1
20:49:59,29.0,38.2
20:50:09,29.0,38.2
20:50:19,29.0,38.2
20:50:29,29.0,38.2
20:50:39,29.0,38.2
20:50:49,29.0,38.2
20:50:59,29.0,38.2
20:51:09,29.0,38.2
20:51:19,29.0,38.2
20:51:29,29.0,38.2
20:51:39,29.0,38.2
20:51:49,29.0,38.3
20:51:59,29.0,38.3
20:52:09,29.0,38.3
20:52:19,29.0,38.4
20:52:29,29.0,38.6
20:52:39,29.0,38.4
20:52:49,29.0,38.5
20:52:59,29.0,38.5
20:53:09,29.0,38.4
20:53:19,29.0,38.4
20:53:29,29.0,38.5
20:53:39,29.0,38.4
20:53:49,29.0,38.4
20:53:59,29.0,38.4
20:54:09,29.0,38.4
20:54:19,29.0,38.4
20:54:29,29.0,38.5
20:54:39,29.0,38.7
20:54:49,29.0,38.5
20:54:59,29.0,38.7
20:55:09,29.0,38.6
20:55:19,29.0,38.7
20:55:29,29.0,38.6
20:55:39,29.0,38.7
20:55:49,29.0,38.6
20:55:59,29.0,38.7
20:56:09,29.0,38.8
20:56:19,29.0,38.7
20:56:29,29.0,38.8
20:56:39,29.0,38.8
20:56:49,29.0,38.8
20:56:59,29.0,38.8
20:57:09,29.0,38.8
20:57:19,29.0,38.8
20:57:29,29.0,38.9
20:57:39,29.0,38.9
20:57:49,29.0,38.8
20:57:59,29.0,38.8
20:58:09,29.0,38.8
20:58:19,29.0,38.9
20:58:29,29.0,38.9
20:58:39,29.0,39.0
20:58:49,29.0,39.0
20:58:59,29.0,39.0
20:59:09,29.0,39.0
20:59:19,29.0,38.9
20:59:29,29.0,39.0
20:59:39,29.0,39.0
20:59:49,29.0,39.0
20:59:59,29.0,39.1
21:00:09,29.0,39.2
21:00:19,29.0,39.1
21:00:29,29.0,39.2
21:00:39,29.0,39.1
21:00:49,29.0,39.2
21:00:59,29.0,39.1
21:01:09,29.0,39.1
21:01:19,29.0,39.1
21:01:29,29.0,39.1
21:01:39,29.0,39.2
21:01:49,29.0,39.2
21:01:59,29.0,39.2
21:02:09,29.0,39.2
21:02:19,29.0,39.2
21:02:29,29.0,39.3
21:02:39,29.0,39.3
21:02:49,29.0,39.3
21:02:59,29.0,39.4
21:03:09,28.9,39.4
21:03:19,28.9,39.3
21:03:29,28.9,39.3
21:03:39,29.0,39.4
21:03:49,28.9,39.3
21:03:59,28.9,39.3
21:04:09,28.9,39.3
21:04:19,28.9,39.4
21:04:29,29.0,39.5
21:04:39,29.0,39.4
21:04:49,28.9,39.4
21:04:59,28.9,39.5
21:05:10,29.0,39.7
21:05:19,28.9,39.6
21:05:29,28.9,39.8
21:05:40,29.0,39.8
21:05:49,29.0,39.8
21:05:59,28.9,39.9
21:06:10,28.9,39.7
21:06:19,28.9,39.6
21:06:29,29.0,39.6
21:06:39,29.0,39.8
21:06:49,29.0,39.6
21:06:59,28.9,39.7
21:07:09,28.9,39.7
21:07:19,28.9,39.6
21:07:29,28.9,39.6
21:07:39,29.0,39.6
21:07:49,29.0,39.7
21:07:59,28.9,39.6
21:08:09,28.9,39.6
21:08:19,28.9,39.7
21:08:29,28.9,39.6
21:08:39,28.9,39.7
21:08:49,28.9,39.7
21:08:59,28.9,39.6
21:09:09,28.9,39.6
21:09:19,28.9,39.7
21:09:29,28.9,39.7
21:09:40,28.9,39.8
21:09:49,28.9,39.8
21:09:59,28.9,39.8
21:10:09,28.9,39.8
21:10:19,28.9,39.7
21:10:29,28.9,39.8
21:10:39,28.9,39.8
21:10:49,28.9,39.8
21:10:59,28.9,39.7
21:11:09,28.9,39.7
21:11:19,28.9,39.9
21:11:29,28.9,39.9
21:11:39,28.9,39.9
21:11:49,29.0,39.7
21:11:59,29.0,39.7
21:12:09,29.0,39.7
21:12:19,28.9,39.8
21:12:29,28.9,39.8
21:12:39,28.9,39.8
21:12:49,29.0,39.8
21:12:59,28.9,39.8
21:13:09,28.9,39.8
21:13:19,28.9,39.9
21:13:29,28.9,39.8
21:13:39,28.9,39.8
21:13:49,28.9,39.8
21:13:59,28.9,39.8
21:14:09,29.0,39.8
21:14:19,29.0,39.8
21:14:29,29.0,39.8
21:14:39,28.9,39.7
21:14:49,28.9,39.8
21:14:59,28.9,39.8
21:15:09,28.9,39.8
21:15:19,28.9,40.0
21:15:29,29.0,39.8
21:15:39,28.9,39.8
21:15:49,28.9,39.8
21:15:59,28.9,39.9
21:16:09,29.0,39.9
21:16:19,29.0,39.9
21:16:29,28.9,40.0
21:16:39,28.9,40.0
21:16:49,28.9,40.1
21:16:59,28.9,40.1
21:17:09,28.9,40.0
21:17:19,28.9,40.3
21:17:29,28.9,40.2
21:17:39,28.9,40.1
21:17:49,28.9,40.3
21:17:59,28.9,40.1
21:18:09,28.9,40.0
21:18:19,28.9,40.3
21:18:29,28.9,40.1
21:18:39,28.9,40.1
21:18:49,28.9,40.0
21:18:59,28.9,40.0
21:19:09,28.9,40.0
21:19:19,28.9,40.0
21:19:29,28.9,40.2
21:19:39,28.9,40.1
21:19:49,28.9,40.2
21:19:59,28.9,40.0
21:20:09,28.9,40.1
21:20:19,28.9,40.1
21:20:29,28.9,40.1
21:20:39,28.9,40.1
21:20:49,28.9,40.1
21:20:59,28.9,40.1
21:21:09,28.9,40.1
21:21:19,28.9,40.1
21:21:29,28.9,40.0
21:21:39,28.9,40.2
21:21:49,28.9,40.3
21:21:59,28.9,40.5
21:22:09,28.9,40.4
21:22:19,28.9,40.4
21:22:29,28.9,40.3
21:22:39,28.9,40.2
21:22:49,28.9,40.2
21:22:59,28.9,40.2
21:23:09,28.9,40.2
21:23:19,28.9,40.2
21:23:29,28.9,40.1
21:23:39,28.9,40.1
21:23:49,28.9,40.1
21:23:59,28.9,40.1
21:24:09,28.9,40.2
21:24:19,28.9,40.2
21:24:29,28.9,40.1
21:24:39,28.9,40.1
21:24:49,28.9,40.1
21:24:59,28.9,40.1
21:25:09,28.9,40.8
21:25:19,28.9,40.3
21:25:29,28.9,40.1
21:25:39,28.9,40.2
21:25:49,28.9,40.4
21:25:59,28.9,40.1
21:26:09,28.9,40.1
21:26:19,28.9,40.2
21:26:29,28.9,40.3
21:26:39,28.9,40.2
21:26:49,28.9,40.2
21:26:59,28.9,40.1
21:27:09,28.9,40.1
21:27:19,28.9,40.2
21:27:29,28.9,40.2
21:27:39,28.9,40.4
21:27:49,28.9,40.4
21:27:59,28.9,40.3
21:28:10,28.9,40.2
21:28:19,28.9,40.4
21:28:29,28.9,40.4
21:28:39,28.9,40.5
21:28:49,28.9,40.5
21:28:59,28.9,40.5
21:29:09,28.9,40.4
21:29:19,28.9,40.7
21:29:29,28.9,40.4
21:29:39,28.9,40.3
21:29:49,28.9,40.4
21:29:59,28.9,40.4
21:30:09,28.9,40.4
21:30:19,28.9,40.4
21:30:29,28.9,40.4
21:30:39,28.9,40.4
21:30:49,28.9,40.4
21:30:59,28.9,40.3
21:31:09,28.9,40.4
21:31:19,28.9,40.4
21:31:29,28.9,40.4
21:31:39,28.9,40.4
21:31:49,28.9,40.4
21:31:59,28.9,40.4
21:32:09,28.9,40.4
21:32:19,28.9,40.5
21:32:29,28.9,40.4
21:32:39,28.9,40.5
21:32:50,28.9,40.5
21:32:59,28.9,40.6
21:33:09,28.9,40.5
21:33:19,28.9,40.5
21:33:29,28.9,40.5
21:33:39,28.9,40.5
21:33:49,28.9,40.4
21:33:59,28.9,40.3
21:34:09,28.9,40.4
21:34:19,28.9,40.4
21:34:29,28.9,40.5
21:34:39,28.9,40.5
21:34:49,28.9,40.5
21:34:59,28.9,40.4
21:35:09,28.9,40.3
21:35:19,28.9,40.3
21:35:29,28.9,40.3
21:35:39,28.9,40.3
21:35:49,28.9,40.4
21:35:59,28.9,40.5
21:36:09,28.9,40.4
21:36:19,28.8,40.4
21:36:29,28.9,40.4
21:36:39,28.9,40.4
21:36:49,28.8,40.4
21:36:59,28.8,40.4
21:37:09,28.8,40.3
21:37:19,28.8,40.5
21:37:29,28.8,40.5
21:37:39,28.9,40.4
21:37:49,28.8,40.4
21:37:59,28.9,40.4
21:38:09,28.8,40.4
21:38:19,28.8,40.4
21:38:29,28.9,40.4
21:38:39,28.9,40.4
21:38:50,28.9,40.3
21:38:59,28.8,40.3
21:39:09,28.8,40.4
21:39:19,28.8,40.3
21:39:29,28.8,40.4
21:39:39,28.8,40.5
21:39:49,28.8,40.4
21:39:59,28.8,40.4
21:40:10,28.8,40.3
21:40:19,28.8,40.2
21:40:30,28.8,40.3
21:40:39,28.8,40.2
21:40:49,28.8,40.2
21:40:59,28.8,40.3
21:41:10,28.8,40.2
21:41:19,28.8,40.3
21:41:29,28.8,40.3
21:41:40,28.8,40.3
21:41:49,28.8,40.3
21:41:59,28.8,40.3
21:42:09,28.8,40.3
21:42:19,28.8,40.4
21:42:29,28.8,40.4
21:42:39,28.8,40.4
21:42:49,28.8,40.3
21:42:59,28.8,40.4
21:43:10,28.8,40.4
21:43:19,28.8,40.3
21:43:29,28.8,40.3
21:43:39,28.8,40.3
21:43:49,28.8,40.4
21:43:59,28.8,40.3
21:44:09,28.8,40.5
21:44:19,28.8,40.5
21:44:30,28.8,40.4
21:44:39,28.8,40.4
21:44:49,28.8,40.4
21:44:59,28.8,40.3
21:45:09,28.8,40.3
21:45:19,28.8,40.5
21:45:29,28.8,40.4
21:45:39,28.8,40.6
21:45:49,28.8,40.4
21:45:59,28.8,40.4
21:46:10,28.8,40.4
21:46:19,28.8,40.5
21:46:29,28.8,40.5
21:46:39,28.8,40.3
21:46:49,28.8,40.4
21:46:59,28.8,40.3
21:47:09,28.8,40.3
21:47:19,28.8,40.4
21:47:29,28.8,40.5
21:47:39,28.8,40.5
21:47:50,28.8,40.4
21:47:59,28.8,40.4
21:48:09,28.8,40.5
21:48:19,28.8,40.6
21:48:29,28.8,40.4
21:48:39,28.8,40.4
21:48:49,28.8,40.4
21:48:59,28.8,40.6
21:49:09,28.8,40.5
21:49:19,28.8,40.5
21:49:29,28.8,40.4
21:49:39,28.8,40.4
21:49:49,28.8,40.4
21:49:59,28.8,40.4
21:50:09,28.8,40.5
21:50:19,28.8,40.4
21:50:29,28.8,40.4
21:50:39,28.8,40.4
21:50:49,28.8,40.4
21:50:59,28.8,40.3
21:51:09,28.8,40.3
21:51:19,28.8,40.3
21:51:29,28.8,40.4
21:51:39,28.8,40.6
21:51:49,28.8,40.5
21:51:59,28.8,40.5
21:52:09,28.8,40.5
21:52:19,28.8,40.5
21:52:29,28.8,40.5
21:52:39,28.8,40.3
21:52:49,28.8,40.3
21:52:59,28.8,40.3
21:53:09,28.8,40.3
21:53:19,28.8,40.3
21:53:29,28.8,40.3
21:53:39,28.8,40.3
21:53:49,28.8,40.3
21:53:59,28.8,40.3
21:54:10,28.8,40.3
21:54:19,28.8,40.3
21:54:29,28.8,40.3
21:54:39,28.8,40.3
21:54:49,28.8,40.3
21:54:59,28.8,40.4
21:55:09,28.8,40.4
21:55:19,28.8,40.4
21:55:29,28.8,40.5
21:55:39,28.8,40.5
21:55:49,28.8,40.5
21:55:59,28.8,40.5
21:56:09,28.8,40.5
21:56:19,28.8,40.5
21:56:29,28.8,40.4
21:56:39,28.8,40.4
21:56:49,28.8,40.5
21:56:59,28.8,40.5
21:57:09,28.8,40.4
21:57:19,28.8,40.5
21:57:29,28.8,40.4
21:57:39,28.8,40.6
21:57:49,28.8,40.6
21:57:59,28.8,40.6
21:58:09,28.8,40.6
21:58:19,28.8,40.6
21:58:29,28.8,40.7
21:58:39,28.8,40.7
21:58:49,28.8,40.6
21:58:59,28.8,40.7
21:59:09,28.8,40.7
21:59:19,28.8,40.7
21:59:29,28.8,40.8
21:59:39,28.8,40.8
21:59:49,28.8,40.7
21:59:59,28.8,40.7
22:00:09,28.8,40.8
22:00:19,28.8,40.8
22:00:29,28.8,40.8
22:00:39,28.8,40.7
22:00:49,28.8,40.7
22:00:59,28.8,40.6
22:01:09,28.8,40.6
22:01:19,28.8,40.7
22:01:29,28.8,40.8
22:01:39,28.8,40.7
22:01:49,28.8,40.6
22:02:00,28.8,40.6
22:02:09,28.8,40.7
22:02:19,28.7,40.6
22:02:29,28.8,40.7
22:02:40,28.8,40.6
22:02:49,28.8,40.6
22:02:59,28.8,40.6
22:03:09,28.8,40.6
22:03:19,28.8,40.6
22:03:29,28.8,40.6
22:03:39,28.8,40.6
22:03:49,28.7,40.5
22:03:59,28.8,40.6
22:04:09,28.8,40.6
22:04:19,28.7,40.7
22:04:29,28.8,40.8
22:04:39,28.8,40.8
22:04:49,28.8,40.7
22:04:59,28.8,40.7
22:05:09,28.8,40.7
22:05:19,28.8,40.6
22:05:29,28.8,40.7
22:05:39,28.8,40.6
22:05:49,28.8,40.6
22:05:59,28.7,40.6
22:06:09,28.8,40.6
22:06:19,28.7,40.6
22:06:29,28.8,40.6
22:06:39,28.8,40.7
22:06:49,28.8,40.7
22:06:59,28.7,40.7
22:07:09,28.8,40.7
22:07:19,28.7,40.7
22:07:29,28.8,40.7
22:07:39,28.8,40.7
22:07:49,28.7,40.9
22:07:59,28.8,41.0
22:08:10,28.7,41.1
22:08:19,28.8,41.2
22:08:29,28.8,41.4
22:08:39,28.8,41.3
22:08:49,28.8,41.3
22:08:59,28.7,41.4
22:09:09,28.8,41.4
22:09:19,28.7,41.3
22:09:29,28.8,41.2
22:09:39,28.7,41.1
22:09:49,28.7,41.1
22:09:59,28.7,41.1
22:10:09,28.7,41.1
22:10:19,28.7,41.1
22:10:29,28.7,41.1
22:10:39,28.7,41.1
22:10:49,28.7,41.0
22:10:59,28.7,41.1
22:11:10,28.7,41.0
22:11:19,28.8,41.0
22:11:29,28.7,41.0
22:11:39,28.7,41.0
22:11:49,28.7,41.0
22:11:59,28.7,41.0
22:12:09,28.7,41.0
22:12:19,28.7,41.1
22:12:29,28.7,41.1
22:12:39,28.7,41.1
22:12:49,28.7,41.1
22:12:59,28.7,41.3
22:13:10,28.7,41.2
22:13:19,28.7,41.3
22:13:29,28.7,41.3
22:13:39,28.7,41.3
22:13:49,28.7,41.2
22:13:59,28.7,41.1
22:14:09,28.7,41.0
22:14:19,28.7,41.0
22:14:29,28.7,40.9
22:14:39,28.7,40.8
22:14:49,28.7,40.9
22:14:59,28.7,41.0
22:15:09,28.7,41.0
22:15:19,28.7,41.0
22:15:29,28.7,40.9
22:15:39,28.7,40.9
22:15:49,28.6,40.9
22:15:59,28.6,40.9
22:16:09,28.6,40.9
22:16:19,28.6,40.8
22:16:29,28.6,40.9
22:16:39,28.6,40.9
22:16:49,28.6,40.9
22:16:59,28.6,40.8
22:17:09,28.6,40.9
22:17:19,28.6,40.8
22:17:29,28.6,40.8
22:19:00,28.6,40.9
22:19:10,28.6,40.9
22:19:20,28.6,40.9
22:19:29,28.6,40.9
22:19:40,28.6,40.9
22:19:50,28.6,40.9
22:19:59,28.6,40.9
22:20:09,28.6,40.9
22:20:19,28.6,40.8
22:20:29,28.6,40.9
22:20:39,28.6,40.9
22:20:49,28.6,40.9
22:20:59,28.6,40.9
22:21:10,28.6,40.9
22:21:19,28.6,40.9
22:21:30,28.6,40.9
22:21:39,28.6,40.9
22:21:49,28.6,40.9
22:21:59,28.5,40.9
22:22:09,28.6,40.9
22:22:20,28.5,40.9
22:22:29,28.5,41.0
22:22:39,28.5,41.0
22:22:49,28.5,41.0
22:23:00,28.5,41.1
22:23:09,28.5,41.0
22:23:19,28.5,41.0
22:23:29,28.5,40.9
22:23:39,28.5,40.9
22:23:49,28.5,40.9
22:23:59,28.5,40.9
22:24:09,28.5,40.9
22:24:19,28.5,40.9
22:24:29,28.5,41.0
22:24:39,28.5,41.0
22:24:49,28.5,41.0
22:24:59,28.5,40.9
22:25:10,28.5,40.9
22:25:19,28.5,40.9
22:25:29,28.5,40.9
22:25:39,28.5,40.9
22:25:49,28.5,40.9
22:25:59,28.5,40.8
22:26:09,28.5,40.8
22:26:19,28.5,40.8
22:26:29,28.5,40.8
22:26:39,28.5,40.8
22:26:49,28.5,40.8
22:26:59,28.5,40.8
22:27:10,28.5,40.8
22:27:19,28.5,40.9
22:27:29,28.5,40.8
22:27:40,28.5,40.8
22:27:49,28.5,40.8
22:27:59,28.5,40.8
22:28:09,28.5,40.8
22:28:19,28.5,40.9
22:28:29,28.5,40.9
22:28:39,28.5,41.0
22:28:49,28.5,40.9
22:28:59,28.5,40.9
22:29:09,28.5,40.9
22:29:19,28.5,41.1
22:29:29,28.5,41.1
22:29:39,28.5,41.0
22:29:49,28.5,40.9
22:30:00,28.5,41.0
22:30:09,28.5,40.9
22:30:19,28.5,40.9
22:30:29,28.5,40.9
22:30:39,28.5,40.9
22:30:49,28.5,41.1
22:30:59,28.5,41.2
22:31:09,28.5,41.0
22:31:19,28.5,40.9
22:31:29,28.5,40.9
22:31:39,28.5,41.0
22:31:49,28.5,40.9
22:31:59,28.5,41.0
22:32:09,28.5,41.0
22:32:19,28.5,40.9
22:32:29,28.5,40.9
22:32:39,28.5,40.8
22:32:49,28.5,40.8
22:32:59,28.4,40.9
22:33:09,28.5,41.1
22:33:19,28.5,41.0
22:33:29,28.5,41.0
22:33:39,28.4,40.9
22:33:49,28.4,41.0
22:33:59,28.4,40.9
22:34:09,28.4,40.9
22:34:19,28.4,40.9
22:34:30,28.4,41.1
22:34:39,28.4,41.0
22:34:49,28.4,41.0
22:34:59,28.5,41.0
22:35:09,28.4,40.9
22:35:19,28.4,40.9
22:35:30,28.4,40.9
22:35:39,28.4,40.9
22:35:49,28.5,40.8
22:35:59,28.4,40.8
22:36:09,28.4,40.9
22:36:19,28.4,40.9
22:36:29,28.4,40.8
22:36:39,28.4,40.8
22:36:49,28.4,40.9
22:36:59,28.4,40.8
22:37:09,28.4,40.8
22:37:19,28.4,40.8
22:37:29,28.4,40.8
22:37:39,28.4,40.9
22:37:49,28.4,41.0
22:38:00,28.4,40.9
22:38:09,28.4,40.9
22:38:19,28.4,40.9
22:38:29,28.4,40.8
22:38:39,28.4,40.9
22:38:49,28.4,40.9
22:38:59,28.4,40.8
22:39:09,28.4,40.9
22:39:19,28.4,40.8
22:39:29,28.4,40.9
22:39:39,28.4,41.1
22:39:49,28.4,41.0
22:39:59,28.4,41.0
22:40:09,28.4,40.9
22:40:19,28.4,40.9
22:40:29,28.4,40.9
22:40:39,28.4,40.9
22:40:49,28.4,40.9
22:40:59,28.4,40.9
22:41:09,28.4,40.9
22:41:19,28.4,40.9
22:41:29,28.4,40.9
22:41:39,28.4,40.9
22:41:49,28.4,40.9
22:41:59,28.4,41.0
22:42:09,28.4,40.9
22:42:19,28.4,40.9
22:42:29,28.4,40.9
