time,temperature,humidity
00:00:03,0.00,0.00
00:00:13,0.00,0.00
00:00:23,0.00,0.00
00:00:33,0.00,0.00
00:00:43,0.00,0.00
00:00:53,0.00,0.00
00:01:03,0.00,0.00
00:01:13,0.00,0.00
00:01:23,0.00,0.00
00:01:33,0.00,0.00
00:01:43,0.00,0.00
00:01:53,0.00,0.00
00:02:03,0.00,0.00
00:02:13,0.00,0.00
00:02:23,0.00,0.00
00:02:33,0.00,0.00
00:02:43,0.00,0.00
00:02:53,0.00,0.00
00:03:03,0.00,0.00
00:03:13,0.00,0.00
00:03:23,0.00,0.00
00:03:33,0.00,0.00
00:03:43,0.00,0.00
00:03:53,0.00,0.00
00:04:03,0.00,0.00
00:04:13,0.00,0.00
00:04:23,0.00,0.00
00:04:33,0.00,0.00
00:04:43,0.00,0.00
00:04:53,0.00,0.00
00:05:03,0.00,0.00
00:05:13,0.00,0.00
00:05:23,0.00,0.00
00:05:33,0.00,0.00
00:05:43,0.00,0.00
00:05:53,0.00,0.00
00:06:03,0.00,0.00
00:06:13,0.00,0.00
00:06:23,0.00,0.00
00:06:33,0.00,0.00
00:06:43,0.00,0.00
00:06:53,0.00,0.00
00:07:03,0.00,0.00
00:07:13,0.00,0.00
00:07:23,0.00,0.00
00:07:33,0.00,0.00
00:07:43,0.00,0.00
00:07:53,0.00,0.00
00:08:03,0.00,0.00
00:08:13,0.00,0.00
00:08:23,0.00,0.00
00:08:33,0.00,0.00
00:08:43,0.00,0.00
00:08:53,0.00,0.00
00:09:03,0.00,0.00
00:09:13,0.00,0.00
00:09:23,0.00,0.00
00:09:33,0.00,0.00
00:09:43,0.00,0.00
00:09:53,0.00,0.00
00:10:03,0.00,0.00
00:10:13,0.00,0.00
00:10:23,0.00,0.00
00:10:33,0.00,0.00
00:10:43,0.00,0.00
00:10:53,0.00,0.00
00:11:03,0.00,0.00
00:11:13,0.00,0.00
00:11:23,0.00,0.00
00:11:33,0.00,0.00
00:11:43,0.00,0.00
00:11:53,0.00,0.00
00:12:03,0.00,0.00
00:12:13,0.00,0.00
00:12:23,0.00,0.00
00:12:33,0.00,0.00
00:12:43,0.00,0.00
00:12:53,0.00,0.00
00:13:03,0.00,0.00
00:13:13,0.00,0.00
00:13:23,0.00,0.00
00:13:33,0.00,0.00
00:13:43,0.00,0.00
00:13:53,0.00,0.00
00:14:05,0.00,0.00
00:14:15,0.00,0.00
00:14:24,0.00,0.00
00:14:33,0.00,0.00
00:14:45,0.00,0.00
00:14:53,0.00,0.00
00:15:03,0.00,0.00
00:15:13,0.00,0.00
00:15:25,0.00,0.00
00:15:36,0.00,0.00
00:15:44,0.00,0.00
00:15:53,0.00,0.00
00:16:03,0.00,0.00
00:16:13,0.00,0.00
00:16:23,0.00,0.00
00:16:34,0.00,0.00
00:16:43,0.00,0.00
00:16:53,0.00,0.00
00:17:03,0.00,0.00
00:17:13,0.00,0.00
00:17:23,0.00,0.00
00:17:33,0.00,0.00
00:17:43,0.00,0.00
00:17:53,0.00,0.00
00:18:03,0.00,0.00
00:18:13,0.00,0.00
00:18:23,0.00,0.00
00:18:33,0.00,0.00
00:18:43,0.00,0.00
00:18:53,0.00,0.00
00:19:03,0.00,0.00
00:19:13,0.00,0.00
00:19:23,0.00,0.00
00:19:33,0.00,0.00
00:19:43,0.00,0.00
00:19:53,0.00,0.00
00:20:03,0.00,0.00
00:20:13,0.00,0.00
00:20:23,0.00,0.00
00:20:33,0.00,0.00
00:20:43,0.00,0.00
00:20:53,0.00,0.00
00:21:03,0.00,0.00
00:21:13,0.00,0.00
00:21:23,0.00,0.00
00:21:33,0.00,0.00
00:21:43,0.00,0.00
00:21:53,0.00,0.00
00:22:03,0.00,0.00
00:22:13,0.00,0.00
00:22:23,0.00,0.00
00:22:33,0.00,0.00
00:22:43,0.00,0.00
00:22:53,0.00,0.00
00:23:03,0.00,0.00
00:23:13,0.00,0.00
00:23:23,0.00,0.00
00:23:33,0.00,0.00
00:23:43,0.00,0.00
00:23:53,0.00,0.00
00:24:03,0.00,0.00
00:24:13,0.00,0.00
00:24:23,0.00,0.00
00:24:33,0.00,0.00
00:24:43,0.00,0.00
00:24:53,0.00,0.00
00:25:03,0.00,0.00
00:25:13,0.00,0.00
00:25:23,0.00,0.00
00:25:33,0.00,0.00
00:25:43,0.00,0.00
00:25:53,0.00,0.00
00:26:03,0.00,0.00
00:26:13,0.00,0.00
00:26:23,0.00,0.00
00:26:33,0.00,0.00
00:26:43,0.00,0.00
00:26:53,0.00,0.00
00:27:03,0.00,0.00
00:27:13,0.00,0.00
00:27:23,0.00,0.00
00:27:33,0.00,0.00
00:27:43,0.00,0.00
00:27:53,0.00,0.00
00:28:03,0.00,0.00
00:28:13,0.00,0.00
00:28:23,0.00,0.00
00:28:33,0.00,0.00
00:28:43,0.00,0.00
00:28:53,0.00,0.00
00:29:03,0.00,0.00
00:29:13,0.00,0.00
00:29:23,0.00,0.00
00:29:33,0.00,0.00
00:29:43,0.00,0.00
00:29:53,0.00,0.00
00:30:03,0.00,0.00
00:30:13,0.00,0.00
00:30:23,0.00,0.00
00:30:33,0.00,0.00
00:30:43,0.00,0.00
00:30:53,0.00,0.00
00:31:03,0.00,0.00
00:31:13,0.00,0.00
00:31:23,0.00,0.00
00:31:33,0.00,0.00
00:31:43,0.00,0.00
00:31:53,0.00,0.00
00:32:03,0.00,0.00
00:32:13,0.00,0.00
00:32:23,0.00,0.00
00:32:33,0.00,0.00
00:32:43,0.00,0.00
00:32:53,0.00,0.00
00:33:03,0.00,0.00
00:33:13,0.00,0.00
00:33:23,0.00,0.00
00:33:33,0.00,0.00
00:33:43,0.00,0.00
00:33:53,0.00,0.00
00:34:03,0.00,0.00
00:34:13,0.00,0.00
00:34:23,0.00,0.00
00:34:33,0.00,0.00
00:34:43,0.00,0.00
00:34:53,0.00,0.00
00:35:03,0.00,0.00
00:35:13,0.00,0.00
00:35:23,0.00,0.00
00:35:33,0.00,0.00
00:35:43,0.00,0.00
00:35:53,0.00,0.00
00:36:03,0.00,0.00
00:36:13,0.00,0.00
00:36:23,0.00,0.00
00:36:33,0.00,0.00
00:36:43,0.00,0.00
00:36:53,0.00,0.00
00:37:03,0.00,0.00
00:37:13,0.00,0.00
00:37:23,0.00,0.00
00:37:33,0.00,0.00
00:37:43,0.00,0.00
00:37:53,0.00,0.00
00:38:03,0.00,0.00
00:38:13,0.00,0.00
00:38:23,0.00,0.00
00:38:33,0.00,0.00
00:38:43,0.00,0.00
00:38:53,0.00,0.00
00:39:03,0.00,0.00
00:39:13,0.00,0.00
00:39:23,0.00,0.00
00:39:33,0.00,0.00
00:39:43,0.00,0.00
00:39:53,0.00,0.00
00:40:03,0.00,0.00
00:40:13,0.00,0.00
00:40:23,0.00,0.00
00:40:33,0.00,0.00
00:40:43,0.00,0.00
00:40:53,0.00,0.00
00:41:03,0.00,0.00
00:41:13,0.00,0.00
00:41:23,0.00,0.00
00:41:33,0.00,0.00
00:41:43,0.00,0.00
00:41:53,0.00,0.00
00:42:03,0.00,0.00
00:42:13,0.00,0.00
00:42:23,0.00,0.00
00:42:33,0.00,0.00
00:42:43,0.00,0.00
00:42:53,0.00,0.00
00:43:03,0.00,0.00
00:43:13,0.00,0.00
00:43:23,0.00,0.00
00:43:33,0.00,0.00
00:43:43,0.00,0.00
00:43:53,0.00,0.00
00:44:03,0.00,0.00
00:44:13,0.00,0.00
00:44:23,0.00,0.00
00:44:34,0.00,0.00
00:44:44,0.00,0.00
00:44:54,0.00,0.00
00:45:04,0.00,0.00
00:45:14,0.00,0.00
00:45:24,0.00,0.00
00:45:34,0.00,0.00
00:45:44,0.00,0.00
00:45:54,0.00,0.00
00:46:04,0.00,0.00
00:46:14,0.00,0.00
00:46:24,0.00,0.00
00:46:34,0.00,0.00
00:46:44,0.00,0.00
00:46:54,0.00,0.00
00:47:04,0.00,0.00
00:47:14,0.00,0.00
00:47:24,0.00,0.00
00:47:34,0.00,0.00
00:47:44,0.00,0.00
00:47:54,0.00,0.00
00:48:04,0.00,0.00
00:48:14,0.00,0.00
00:48:24,0.00,0.00
00:48:34,0.00,0.00
00:48:44,0.00,0.00
00:48:54,0.00,0.00
00:49:04,0.00,0.00
00:49:14,0.00,0.00
00:49:24,0.00,0.00
00:49:41,0.00,0.00
00:49:51,0.00,0.00
00:50:01,0.00,0.00
00:50:11,0.00,0.00
00:50:21,0.00,0.00
00:50:31,0.00,0.00
00:50:41,0.00,0.00
00:50:51,0.00,0.00
00:51:01,0.00,0.00
00:51:11,0.00,0.00
00:51:21,0.00,0.00
00:51:31,0.00,0.00
00:51:41,0.00,0.00
00:51:51,0.00,0.00
00:52:01,0.00,0.00
00:52:11,0.00,0.00
00:52:21,0.00,0.00
00:52:31,0.00,0.00
00:52:41,0.00,0.00
00:52:51,0.00,0.00
00:53:01,0.00,0.00
00:53:11,0.00,0.00
00:53:21,0.00,0.00
00:53:31,0.00,0.00
00:53:41,0.00,0.00
00:53:51,0.00,0.00
00:54:01,0.00,0.00
00:54:11,0.00,0.00
00:54:21,0.00,0.00
00:54:31,0.00,0.00
00:54:41,0.00,0.00
00:54:51,0.00,0.00
00:55:01,0.00,0.00
00:55:11,0.00,0.00
00:55:21,0.00,0.00
00:55:31,0.00,0.00
00:55:41,0.00,0.00
00:55:51,0.00,0.00
00:56:01,0.00,0.00
00:56:11,0.00,0.00
00:56:21,0.00,0.00
00:56:31,0.00,0.00
00:56:41,0.00,0.00
00:56:51,0.00,0.00
00:57:01,0.00,0.00
00:57:11,0.00,0.00
00:57:21,0.00,0.00
00:57:31,0.00,0.00
00:57:41,0.00,0.00
00:57:51,0.00,0.00
00:58:01,0.00,0.00
00:58:11,0.00,0.00
00:58:21,0.00,0.00
00:58:31,0.00,0.00
00:58:41,0.00,0.00
00:58:51,0.00,0.00
00:59:01,0.00,0.00
00:59:11,0.00,0.00
00:59:21,0.00,0.00
00:59:31,0.00,0.00
00:59:42,0.00,0.00
00:59:52,0.00,0.00
01:00:02,0.00,0.00
01:00:12,0.00,0.00
01:00:22,0.00,0.00
01:00:32,0.00,0.00
01:00:42,0.00,0.00
01:00:52,0.00,0.00
01:01:02,0.00,0.00
01:01:12,0.00,0.00
01:01:22,0.00,0.00
01:01:32,0.00,0.00
01:01:42,0.00,0.00
01:01:52,0.00,0.00
01:02:02,0.00,0.00
01:02:12,0.00,0.00
01:02:22,0.00,0.00
01:02:32,0.00,0.00
01:02:42,0.00,0.00
01:02:52,0.00,0.00
01:03:02,0.00,0.00
01:03:12,0.00,0.00
01:03:22,0.00,0.00
01:03:32,0.00,0.00
01:03:42,0.00,0.00
01:03:52,0.00,0.00
01:04:02,0.00,0.00
01:04:12,0.00,0.00
01:04:22,0.00,0.00
01:04:32,0.00,0.00
01:04:42,0.00,0.00
01:04:52,0.00,0.00
01:05:02,0.00,0.00
01:05:12,0.00,0.00
01:05:22,0.00,0.00
01:05:32,0.00,0.00
01:05:42,0.00,0.00
01:05:52,0.00,0.00
01:06:02,0.00,0.00
01:06:12,0.00,0.00
01:06:22,0.00,0.00
01:06:32,0.00,0.00
01:06:42,0.00,0.00
01:06:52,0.00,0.00
01:07:02,0.00,0.00
01:07:12,0.00,0.00
01:07:22,0.00,0.00
01:07:32,0.00,0.00
01:07:42,0.00,0.00
01:07:52,0.00,0.00
01:08:02,0.00,0.00
01:08:12,0.00,0.00
01:08:22,0.00,0.00
01:08:32,0.00,0.00
01:08:42,0.00,0.00
01:08:52,0.00,0.00
01:09:02,0.00,0.00
01:09:12,0.00,0.00
01:09:22,0.00,0.00
01:09:32,0.00,0.00
01:09:42,0.00,0.00
01:09:52,0.00,0.00
01:10:02,0.00,0.00
01:10:12,0.00,0.00
01:10:22,0.00,0.00
01:10:32,0.00,0.00
01:10:42,0.00,0.00
01:10:52,0.00,0.00
01:11:02,0.00,0.00
01:11:12,0.00,0.00
01:11:22,0.00,0.00
01:11:32,0.00,0.00
01:11:42,0.00,0.00
01:11:52,0.00,0.00
01:12:02,0.00,0.00
01:12:12,0.00,0.00
01:12:22,0.00,0.00
01:12:32,0.00,0.00
01:12:42,0.00,0.00
01:12:52,0.00,0.00
01:13:02,0.00,0.00
01:13:12,0.00,0.00
01:13:22,0.00,0.00
01:13:32,0.00,0.00
01:13:42,0.00,0.00
01:13:52,0.00,0.00
01:14:02,0.00,0.00
01:14:12,0.00,0.00
01:14:22,0.00,0.00
01:14:32,0.00,0.00
01:14:42,0.00,0.00
01:14:52,0.00,0.00
01:15:02,0.00,0.00
01:15:12,0.00,0.00
01:15:22,0.00,0.00
01:15:32,0.00,0.00
01:15:42,0.00,0.00
01:15:52,0.00,0.00
01:16:02,0.00,0.00
01:16:12,0.00,0.00
01:16:22,0.00,0.00
01:16:32,0.00,0.00
01:16:42,0.00,0.00
01:16:52,0.00,0.00
01:17:02,0.00,0.00
01:17:12,0.00,0.00
01:17:22,0.00,0.00
01:17:32,0.00,0.00
01:17:42,0.00,0.00
01:17:52,0.00,0.00
01:18:02,0.00,0.00
01:18:12,0.00,0.00
01:18:22,0.00,0.00
01:18:32,0.00,0.00
01:18:42,0.00,0.00
01:18:52,0.00,0.00
01:19:02,0.00,0.00
01:19:12,0.00,0.00
01:19:22,0.00,0.00
01:19:32,0.00,0.00
01:19:42,0.00,0.00
01:19:52,0.00,0.00
01:20:02,0.00,0.00
01:20:12,0.00,0.00
01:20:22,0.00,0.00
01:20:32,0.00,0.00
01:20:42,0.00,0.00
01:20:52,0.00,0.00
01:21:02,0.00,0.00
01:21:12,0.00,0.00
01:21:22,0.00,0.00
01:21:32,0.00,0.00
01:21:42,0.00,0.00
01:21:52,0.00,0.00
01:22:02,0.00,0.00
01:22:12,0.00,0.00
01:22:22,0.00,0.00
01:22:32,0.00,0.00
01:22:42,0.00,0.00
01:22:52,0.00,0.00
01:23:02,0.00,0.00
01:23:12,0.00,0.00
01:23:22,0.00,0.00
01:23:32,0.00,0.00
01:23:42,0.00,0.00
01:23:52,0.00,0.00
01:24:02,0.00,0.00
01:24:12,0.00,0.00
01:24:22,0.00,0.00
01:24:32,0.00,0.00
01:24:42,0.00,0.00
01:24:52,0.00,0.00
01:25:02,0.00,0.00
01:25:12,0.00,0.00
01:25:22,0.00,0.00
01:25:32,0.00,0.00
01:25:42,0.00,0.00
01:25:52,0.00,0.00
01:26:02,0.00,0.00
01:26:12,0.00,0.00
01:26:22,0.00,0.00
01:26:32,0.00,0.00
01:26:42,0.00,0.00
01:26:52,0.00,0.00
01:27:02,0.00,0.00
01:27:12,0.00,0.00
01:27:22,0.00,0.00
01:27:32,0.00,0.00
01:27:42,0.00,0.00
01:27:52,0.00,0.00
01:28:02,0.00,0.00
01:28:12,0.00,0.00
01:28:22,0.00,0.00
01:28:32,0.00,0.00
01:28:42,0.00,0.00
01:28:52,0.00,0.00
01:29:02,0.00,0.00
01:29:12,0.00,0.00
01:29:22,0.00,0.00
01:29:32,0.00,0.00
01:29:42,0.00,0.00
01:29:52,0.00,0.00
01:30:02,0.00,0.00
01:30:12,0.00,0.00
01:30:22,0.00,0.00
01:30:32,0.00,0.00
01:30:42,0.00,0.00
01:30:52,0.00,0.00
01:31:02,0.00,0.00
01:31:12,0.00,0.00
01:31:22,0.00,0.00
01:31:32,0.00,0.00
01:31:42,0.00,0.00
01:31:52,0.00,0.00
01:32:02,0.00,0.00
01:32:12,0.00,0.00
01:32:22,0.00,0.00
01:32:32,0.00,0.00
01:32:42,0.00,0.00
01:32:52,0.00,0.00
01:33:02,0.00,0.00
01:33:12,0.00,0.00
01:33:22,0.00,0.00
01:33:32,0.00,0.00
01:33:42,0.00,0.00
01:33:52,0.00,0.00
01:34:02,0.00,0.00
01:34:12,0.00,0.00
01:34:22,0.00,0.00
01:34:32,0.00,0.00
01:34:42,0.00,0.00
01:34:52,0.00,0.00
01:35:02,0.00,0.00
01:35:12,0.00,0.00
01:35:22,0.00,0.00
01:35:32,0.00,0.00
01:35:42,0.00,0.00
01:35:52,0.00,0.00
01:36:02,0.00,0.00
01:36:12,0.00,0.00
01:36:22,0.00,0.00
01:36:32,0.00,0.00
01:36:42,0.00,0.00
01:36:52,0.00,0.00
01:37:02,0.00,0.00
01:37:12,0.00,0.00
01:37:22,0.00,0.00
01:37:32,0.00,0.00
01:37:42,0.00,0.00
01:37:52,0.00,0.00
01:38:02,0.00,0.00
01:38:12,0.00,0.00
01:38:22,0.00,0.00
01:38:32,0.00,0.00
01:38:42,0.00,0.00
01:38:52,0.00,0.00
01:39:02,0.00,0.00
01:39:12,0.00,0.00
01:39:22,0.00,0.00
01:39:32,0.00,0.00
01:39:42,0.00,0.00
01:39:52,0.00,0.00
01:40:02,0.00,0.00
01:40:12,0.00,0.00
01:40:22,0.00,0.00
01:40:32,0.00,0.00
01:40:42,0.00,0.00
01:40:52,0.00,0.00
01:41:02,0.00,0.00
01:41:12,0.00,0.00
01:41:22,0.00,0.00
01:41:32,0.00,0.00
01:41:42,0.00,0.00
01:41:52,0.00,0.00
01:42:02,0.00,0.00
01:42:12,0.00,0.00
01:42:22,0.00,0.00
01:42:32,0.00,0.00
01:42:42,0.00,0.00
01:42:52,0.00,0.00
01:43:02,0.00,0.00
01:43:12,0.00,0.00
01:43:22,0.00,0.00
01:43:32,0.00,0.00
01:43:42,0.00,0.00
01:43:52,0.00,0.00
01:44:02,0.00,0.00
01:44:12,0.00,0.00
01:44:22,0.00,0.00
01:44:32,0.00,0.00
01:44:42,0.00,0.00
01:44:52,0.00,0.00
01:45:02,0.00,0.00
01:45:12,0.00,0.00
01:45:22,0.00,0.00
01:45:32,0.00,0.00
01:45:42,0.00,0.00
01:45:52,0.00,0.00
01:46:02,0.00,0.00
01:46:12,0.00,0.00
01:46:22,0.00,0.00
01:46:32,0.00,0.00
01:46:42,0.00,0.00
01:46:52,0.00,0.00
01:47:02,0.00,0.00
01:47:12,0.00,0.00
01:47:22,0.00,0.00
01:47:32,0.00,0.00
01:47:42,0.00,0.00
01:47:52,0.00,0.00
01:48:02,0.00,0.00
01:48:12,0.00,0.00
01:48:22,0.00,0.00
01:48:32,0.00,0.00
01:48:42,0.00,0.00
01:48:52,0.00,0.00
01:49:02,0.00,0.00
01:49:12,0.00,0.00
01:49:22,0.00,0.00
01:49:32,0.00,0.00
01:49:44,0.00,0.00
01:49:54,0.00,0.00
01:50:04,0.00,0.00
01:50:14,0.00,0.00
01:50:24,0.00,0.00
01:50:34,0.00,0.00
01:50:44,0.00,0.00
01:50:54,0.00,0.00
01:51:04,0.00,0.00
01:51:14,0.00,0.00
01:51:24,0.00,0.00
01:51:34,0.00,0.00
01:51:44,0.00,0.00
01:51:54,0.00,0.00
01:52:04,0.00,0.00
01:52:14,0.00,0.00
01:52:24,0.00,0.00
01:52:34,0.00,0.00
01:52:44,0.00,0.00
01:52:54,0.00,0.00
01:53:04,0.00,0.00
01:53:14,0.00,0.00
01:53:24,0.00,0.00
01:53:34,0.00,0.00
01:53:44,0.00,0.00
01:53:54,0.00,0.00
01:54:04,0.00,0.00
01:54:14,0.00,0.00
01:54:24,0.00,0.00
01:54:34,0.00,0.00
01:54:44,0.00,0.00
01:54:54,0.00,0.00
01:55:04,0.00,0.00
01:55:14,0.00,0.00
01:55:24,0.00,0.00
01:55:34,0.00,0.00
01:55:44,0.00,0.00
01:55:54,0.00,0.00
01:56:04,0.00,0.00
01:56:14,0.00,0.00
01:56:24,0.00,0.00
01:56:34,0.00,0.00
01:56:44,0.00,0.00
01:56:54,0.00,0.00
01:57:04,0.00,0.00
01:57:14,0.00,0.00
01:57:24,0.00,0.00
01:57:34,0.00,0.00
01:57:44,0.00,0.00
01:57:54,0.00,0.00
01:58:04,0.00,0.00
01:58:14,0.00,0.00
01:58:24,0.00,0.00
01:58:34,0.00,0.00
01:58:44,0.00,0.00
01:58:54,0.00,0.00
01:59:04,0.00,0.00
01:59:14,0.00,0.00
01:59:24,0.00,0.00
01:59:34,0.00,0.00
01:59:44,0.00,0.00
01:59:54,0.00,0.00
02:00:04,0.00,0.00
02:00:14,0.00,0.00
02:00:24,0.00,0.00
02:00:34,0.00,0.00
02:00:44,0.00,0.00
02:00:54,0.00,0.00
02:01:04,0.00,0.00
02:01:14,0.00,0.00
02:01:24,0.00,0.00
02:01:34,0.00,0.00
02:01:44,0.00,0.00
02:01:54,0.00,0.00
02:02:04,0.00,0.00
02:02:14,0.00,0.00
02:02:24,0.00,0.00
02:02:34,0.00,0.00
02:02:44,0.00,0.00
02:02:54,0.00,0.00
02:03:04,0.00,0.00
02:03:14,0.00,0.00
02:03:24,0.00,0.00
02:03:34,0.00,0.00
02:03:44,0.00,0.00
02:03:54,0.00,0.00
02:04:04,0.00,0.00
02:04:14,0.00,0.00
02:04:24,0.00,0.00
02:04:34,0.00,0.00
02:04:44,0.00,0.00
02:04:54,0.00,0.00
02:05:04,0.00,0.00
02:05:14,0.00,0.00
02:05:24,0.00,0.00
02:05:34,0.00,0.00
02:05:44,0.00,0.00
02:05:54,0.00,0.00
02:06:04,0.00,0.00
02:06:14,0.00,0.00
02:06:24,0.00,0.00
02:06:34,0.00,0.00
02:06:44,0.00,0.00
02:06:54,0.00,0.00
02:07:04,0.00,0.00
02:07:14,0.00,0.00
02:07:24,0.00,0.00
02:07:34,0.00,0.00
02:07:44,0.00,0.00
02:07:54,0.00,0.00
02:08:04,0.00,0.00
02:08:14,0.00,0.00
02:08:24,0.00,0.00
02:08:34,0.00,0.00
02:08:44,0.00,0.00
02:08:54,0.00,0.00
02:09:04,0.00,0.00
02:09:14,0.00,0.00
02:09:24,0.00,0.00
02:09:34,0.00,0.00
02:09:44,0.00,0.00
02:09:54,0.00,0.00
02:10:04,0.00,0.00
02:10:14,0.00,0.00
02:10:24,0.00,0.00
02:10:34,0.00,0.00
02:10:44,0.00,0.00
02:10:54,0.00,0.00
02:11:04,0.00,0.00
02:11:14,0.00,0.00
02:11:24,0.00,0.00
02:11:34,0.00,0.00
02:11:44,0.00,0.00
02:11:54,0.00,0.00
02:12:04,0.00,0.00
02:12:14,0.00,0.00
02:12:24,0.00,0.00
02:12:34,0.00,0.00
02:12:44,0.00,0.00
02:12:54,0.00,0.00
02:13:04,0.00,0.00
02:13:14,0.00,0.00
02:13:24,0.00,0.00
02:13:34,0.00,0.00
02:13:44,0.00,0.00
02:13:54,0.00,0.00
02:14:04,0.00,0.00
02:14:14,0.00,0.00
02:14:24,0.00,0.00
02:14:34,0.00,0.00
02:14:44,0.00,0.00
02:14:54,0.00,0.00
02:15:04,0.00,0.00
02:15:14,0.00,0.00
02:15:24,0.00,0.00
02:15:34,0.00,0.00
02:15:44,0.00,0.00
02:15:54,0.00,0.00
02:16:04,0.00,0.00
02:16:14,0.00,0.00
02:16:24,0.00,0.00
02:16:34,0.00,0.00
02:16:44,0.00,0.00
02:16:54,0.00,0.00
02:17:04,0.00,0.00
02:17:14,0.00,0.00
02:17:24,0.00,0.00
02:17:34,0.00,0.00
02:17:44,0.00,0.00
02:17:54,0.00,0.00
02:18:04,0.00,0.00
02:18:14,0.00,0.00
02:18:24,0.00,0.00
02:18:34,0.00,0.00
02:18:44,0.00,0.00
02:18:54,0.00,0.00
02:19:04,0.00,0.00
02:19:14,0.00,0.00
02:19:24,0.00,0.00
02:19:34,0.00,0.00
02:19:44,0.00,0.00
02:19:54,0.00,0.00
02:20:04,0.00,0.00
02:20:14,0.00,0.00
02:20:24,0.00,0.00
02:20:34,0.00,0.00
02:20:44,0.00,0.00
02:20:54,0.00,0.00
02:21:04,0.00,0.00
02:21:14,0.00,0.00
02:21:24,0.00,0.00
02:21:34,0.00,0.00
02:21:44,0.00,0.00
02:21:54,0.00,0.00
02:22:04,0.00,0.00
02:22:14,0.00,0.00
02:22:24,0.00,0.00
02:22:34,0.00,0.00
02:22:44,0.00,0.00
02:22:54,0.00,0.00
02:23:04,0.00,0.00
02:23:14,0.00,0.00
02:23:24,0.00,0.00
02:23:34,0.00,0.00
02:23:44,0.00,0.00
02:23:54,0.00,0.00
02:24:04,0.00,0.00
02:24:14,0.00,0.00
02:24:24,0.00,0.00
02:24:34,0.00,0.00
02:24:45,0.00,0.00
02:24:55,0.00,0.00
02:25:05,0.00,0.00
02:25:15,0.00,0.00
02:25:25,0.00,0.00
02:25:35,0.00,0.00
02:25:45,0.00,0.00
02:25:55,0.00,0.00
02:26:05,0.00,0.00
02:26:15,0.00,0.00
02:26:25,0.00,0.00
02:26:35,0.00,0.00
02:26:45,0.00,0.00
02:26:55,0.00,0.00
02:27:05,0.00,0.00
02:27:15,0.00,0.00
02:27:25,0.00,0.00
02:27:35,0.00,0.00
02:27:45,0.00,0.00
02:27:55,0.00,0.00
02:28:05,0.00,0.00
02:28:15,0.00,0.00
02:28:25,0.00,0.00
02:28:35,0.00,0.00
02:28:45,0.00,0.00
02:28:55,0.00,0.00
02:29:05,0.00,0.00
02:29:15,0.00,0.00
02:29:25,0.00,0.00
02:29:35,0.00,0.00
02:29:45,0.00,0.00
02:29:55,0.00,0.00
02:30:05,0.00,0.00
02:30:15,0.00,0.00
02:30:25,0.00,0.00
02:30:35,0.00,0.00
02:30:45,0.00,0.00
02:30:55,0.00,0.00
02:31:05,0.00,0.00
02:31:15,0.00,0.00
02:31:25,0.00,0.00
02:31:35,0.00,0.00
02:31:45,0.00,0.00
02:31:55,0.00,0.00
02:32:05,0.00,0.00
02:32:15,0.00,0.00
02:32:25,0.00,0.00
02:32:35,0.00,0.00
02:32:45,0.00,0.00
02:32:55,0.00,0.00
02:33:05,0.00,0.00
02:33:15,0.00,0.00
02:33:25,0.00,0.00
02:33:35,0.00,0.00
02:33:45,0.00,0.00
02:33:55,0.00,0.00
02:34:05,0.00,0.00
02:34:15,0.00,0.00
02:34:25,0.00,0.00
02:34:35,0.00,0.00
02:34:45,0.00,0.00
02:34:55,0.00,0.00
02:35:05,0.00,0.00
02:35:15,0.00,0.00
02:35:25,0.00,0.00
02:35:35,0.00,0.00
02:35:45,0.00,0.00
02:35:55,0.00,0.00
02:36:05,0.00,0.00
02:36:15,0.00,0.00
02:36:25,0.00,0.00
02:36:35,0.00,0.00
02:36:45,0.00,0.00
02:36:55,0.00,0.00
02:37:05,0.00,0.00
02:37:15,0.00,0.00
02:37:25,0.00,0.00
02:37:35,0.00,0.00
02:37:45,0.00,0.00
02:37:55,0.00,0.00
02:38:05,0.00,0.00
02:38:15,0.00,0.00
02:38:25,0.00,0.00
02:38:35,0.00,0.00
02:38:45,0.00,0.00
02:38:55,0.00,0.00
02:39:05,0.00,0.00
02:39:15,0.00,0.00
02:39:25,0.00,0.00
02:39:35,0.00,0.00
02:39:45,0.00,0.00
02:39:55,0.00,0.00
02:40:05,0.00,0.00
02:40:15,0.00,0.00
02:40:25,0.00,0.00
02:40:35,0.00,0.00
02:40:45,0.00,0.00
02:40:55,0.00,0.00
02:41:05,0.00,0.00
02:41:15,0.00,0.00
02:41:25,0.00,0.00
02:41:35,0.00,0.00
02:41:45,0.00,0.00
02:41:55,0.00,0.00
02:42:05,0.00,0.00
02:42:15,0.00,0.00
02:42:25,0.00,0.00
02:42:35,0.00,0.00
02:42:45,0.00,0.00
02:42:55,0.00,0.00
02:43:05,0.00,0.00
02:43:15,0.00,0.00
02:43:25,0.00,0.00
02:43:35,0.00,0.00
02:43:45,0.00,0.00
02:43:55,0.00,0.00
02:44:05,0.00,0.00
02:44:15,0.00,0.00
02:44:25,0.00,0.00
02:44:35,0.00,0.00
02:44:45,0.00,0.00
02:44:55,0.00,0.00
02:45:05,0.00,0.00
02:45:15,0.00,0.00
02:45:25,0.00,0.00
02:45:35,0.00,0.00
02:45:45,0.00,0.00
02:45:55,0.00,0.00
02:46:05,0.00,0.00
02:46:15,0.00,0.00
02:46:25,0.00,0.00
02:46:35,0.00,0.00
02:46:45,0.00,0.00
02:46:55,0.00,0.00
02:47:05,0.00,0.00
02:47:15,0.00,0.00
02:47:25,0.00,0.00
02:47:35,0.00,0.00
02:47:45,0.00,0.00
02:47:55,0.00,0.00
02:48:05,0.00,0.00
02:48:15,0.00,0.00
02:48:25,0.00,0.00
02:48:35,0.00,0.00
02:48:45,0.00,0.00
02:48:55,0.00,0.00
02:49:05,0.00,0.00
02:49:15,0.00,0.00
02:49:25,0.00,0.00
02:49:35,0.00,0.00
02:49:51,0.00,0.00
02:50:01,0.00,0.00
02:50:11,0.00,0.00
02:50:21,0.00,0.00
02:50:31,0.00,0.00
02:50:41,0.00,0.00
02:50:51,0.00,0.00
02:51:01,0.00,0.00
02:51:11,0.00,0.00
02:51:21,0.00,0.00
02:51:31,0.00,0.00
02:51:41,0.00,0.00
02:51:51,0.00,0.00
02:52:01,0.00,0.00
02:52:11,0.00,0.00
02:52:21,0.00,0.00
02:52:31,0.00,0.00
02:52:41,0.00,0.00
02:52:51,0.00,0.00
02:53:01,0.00,0.00
02:53:11,0.00,0.00
02:53:21,0.00,0.00
02:53:31,0.00,0.00
02:53:41,0.00,0.00
02:53:51,0.00,0.00
02:54:01,0.00,0.00
02:54:11,0.00,0.00
02:54:21,0.00,0.00
02:54:31,0.00,0.00
02:54:41,0.00,0.00
02:54:51,0.00,0.00
02:55:01,0.00,0.00
02:55:11,0.00,0.00
02:55:21,0.00,0.00
02:55:31,0.00,0.00
02:55:41,0.00,0.00
02:55:51,0.00,0.00
02:56:01,0.00,0.00
02:56:11,0.00,0.00
02:56:21,0.00,0.00
02:56:31,0.00,0.00
02:56:41,0.00,0.00
02:56:51,0.00,0.00
02:57:01,0.00,0.00
02:57:11,0.00,0.00
02:57:21,0.00,0.00
02:57:31,0.00,0.00
02:57:41,0.00,0.00
02:57:51,0.00,0.00
02:58:01,0.00,0.00
02:58:11,0.00,0.00
02:58:21,0.00,0.00
02:58:31,0.00,0.00
02:58:41,0.00,0.00
02:58:51,0.00,0.00
02:59:01,0.00,0.00
02:59:11,0.00,0.00
02:59:21,0.00,0.00
02:59:31,0.00,0.00
02:59:41,0.00,0.00
02:59:51,0.00,0.00
03:00:01,0.00,0.00
03:00:11,0.00,0.00
03:00:21,0.00,0.00
03:00:31,0.00,0.00
03:00:41,0.00,0.00
03:00:51,0.00,0.00
03:01:01,0.00,0.00
03:01:11,0.00,0.00
03:01:21,0.00,0.00
03:01:31,0.00,0.00
03:01:41,0.00,0.00
03:01:51,0.00,0.00
03:02:01,0.00,0.00
03:02:11,0.00,0.00
03:02:21,0.00,0.00
03:02:31,0.00,0.00
03:02:41,0.00,0.00
03:02:51,0.00,0.00
03:03:01,0.00,0.00
03:03:11,0.00,0.00
03:03:21,0.00,0.00
03:03:31,0.00,0.00
03:03:41,0.00,0.00
03:03:51,0.00,0.00
03:04:01,0.00,0.00
03:04:11,0.00,0.00
03:04:21,0.00,0.00
03:04:31,0.00,0.00
03:04:41,0.00,0.00
03:04:51,0.00,0.00
03:05:01,0.00,0.00
03:05:11,0.00,0.00
03:05:21,0.00,0.00
03:05:31,0.00,0.00
03:05:41,0.00,0.00
03:05:51,0.00,0.00
03:06:01,0.00,0.00
03:06:11,0.00,0.00
03:06:21,0.00,0.00
03:06:31,0.00,0.00
03:06:41,0.00,0.00
03:06:51,0.00,0.00
03:07:01,0.00,0.00
03:07:11,0.00,0.00
03:07:21,0.00,0.00
03:07:31,0.00,0.00
03:07:41,0.00,0.00
03:07:51,0.00,0.00
03:08:01,0.00,0.00
03:08:11,0.00,0.00
03:08:21,0.00,0.00
03:08:31,0.00,0.00
03:08:41,0.00,0.00
03:08:51,0.00,0.00
03:09:01,0.00,0.00
03:09:11,0.00,0.00
03:09:21,0.00,0.00
03:09:31,0.00,0.00
03:09:41,0.00,0.00
03:09:51,0.00,0.00
03:10:01,0.00,0.00
03:10:11,0.00,0.00
03:10:21,0.00,0.00
03:10:31,0.00,0.00
03:10:41,0.00,0.00
03:10:51,0.00,0.00
03:11:01,0.00,0.00
03:11:11,0.00,0.00
03:11:21,0.00,0.00
03:11:31,0.00,0.00
03:11:41,0.00,0.00
03:11:51,0.00,0.00
03:12:01,0.00,0.00
03:12:11,0.00,0.00
03:12:21,0.00,0.00
03:12:31,0.00,0.00
03:12:41,0.00,0.00
03:12:51,0.00,0.00
03:13:01,0.00,0.00
03:13:11,0.00,0.00
03:13:21,0.00,0.00
03:13:31,0.00,0.00
03:13:41,0.00,0.00
03:13:51,0.00,0.00
03:14:01,0.00,0.00
03:14:11,0.00,0.00
03:14:21,0.00,0.00
03:14:31,0.00,0.00
03:14:41,0.00,0.00
03:14:51,0.00,0.00
03:15:01,0.00,0.00
03:15:11,0.00,0.00
03:15:21,0.00,0.00
03:15:31,0.00,0.00
03:15:41,0.00,0.00
03:15:51,0.00,0.00
03:16:01,0.00,0.00
03:16:11,0.00,0.00
03:16:21,0.00,0.00
03:16:31,0.00,0.00
03:16:41,0.00,0.00
03:16:51,0.00,0.00
03:17:01,0.00,0.00
03:17:11,0.00,0.00
03:17:21,0.00,0.00
03:17:31,0.00,0.00
03:17:41,0.00,0.00
03:17:51,0.00,0.00
03:18:01,0.00,0.00
03:18:11,0.00,0.00
03:18:21,0.00,0.00
03:18:31,0.00,0.00
03:18:41,0.00,0.00
03:18:51,0.00,0.00
03:19:01,0.00,0.00
03:19:11,0.00,0.00
03:19:21,0.00,0.00
03:19:31,0.00,0.00
03:19:41,0.00,0.00
03:19:51,0.00,0.00
03:20:01,0.00,0.00
03:20:11,0.00,0.00
03:20:21,0.00,0.00
03:20:31,0.00,0.00
03:20:41,0.00,0.00
03:20:51,0.00,0.00
03:21:01,0.00,0.00
03:21:11,0.00,0.00
03:21:21,0.00,0.00
03:21:31,0.00,0.00
03:21:41,0.00,0.00
03:21:51,0.00,0.00
03:22:01,0.00,0.00
03:22:11,0.00,0.00
03:22:21,0.00,0.00
03:22:31,0.00,0.00
03:22:41,0.00,0.00
03:22:51,0.00,0.00
03:23:01,0.00,0.00
03:23:11,0.00,0.00
03:23:21,0.00,0.00
03:23:31,0.00,0.00
03:23:41,0.00,0.00
03:23:51,0.00,0.00
03:24:01,0.00,0.00
03:24:11,0.00,0.00
03:24:21,0.00,0.00
03:24:31,0.00,0.00
03:24:41,0.00,0.00
03:24:51,0.00,0.00
03:25:01,0.00,0.00
03:25:11,0.00,0.00
03:25:21,0.00,0.00
03:25:31,0.00,0.00
03:25:41,0.00,0.00
03:25:51,0.00,0.00
03:26:01,0.00,0.00
03:26:11,0.00,0.00
03:26:21,0.00,0.00
03:26:31,0.00,0.00
03:26:41,0.00,0.00
03:26:51,0.00,0.00
03:27:01,0.00,0.00
03:27:11,0.00,0.00
03:27:21,0.00,0.00
03:27:31,0.00,0.00
03:27:41,0.00,0.00
03:27:51,0.00,0.00
03:28:01,0.00,0.00
03:28:11,0.00,0.00
03:28:21,0.00,0.00
03:28:31,0.00,0.00
03:28:41,0.00,0.00
03:28:51,0.00,0.00
03:29:01,0.00,0.00
03:29:11,0.00,0.00
03:29:21,0.00,0.00
03:29:31,0.00,0.00
03:29:41,0.00,0.00
03:29:51,0.00,0.00
03:30:01,0.00,0.00
03:30:11,0.00,0.00
03:30:21,0.00,0.00
03:30:31,0.00,0.00
03:30:41,0.00,0.00
03:30:51,0.00,0.00
03:31:01,0.00,0.00
03:31:11,0.00,0.00
03:31:21,0.00,0.00
03:31:31,0.00,0.00
03:31:41,0.00,0.00
03:31:51,0.00,0.00
03:32:01,0.00,0.00
03:32:11,0.00,0.00
03:32:21,0.00,0.00
03:32:31,0.00,0.00
03:32:41,0.00,0.00
03:32:51,0.00,0.00
03:33:01,0.00,0.00
03:33:11,0.00,0.00
03:33:21,0.00,0.00
03:33:31,0.00,0.00
03:33:41,0.00,0.00
03:33:51,0.00,0.00
03:34:01,0.00,0.00
03:34:11,0.00,0.00
03:34:21,0.00,0.00
03:34:31,0.00,0.00
03:34:41,0.00,0.00
03:34:51,0.00,0.00
03:35:01,0.00,0.00
03:35:11,0.00,0.00
03:35:21,0.00,0.00
03:35:31,0.00,0.00
03:35:41,0.00,0.00
03:35:51,0.00,0.00
03:36:01,0.00,0.00
03:36:11,0.00,0.00
03:36:21,0.00,0.00
03:36:31,0.00,0.00
03:36:41,0.00,0.00
03:36:51,0.00,0.00
03:37:01,0.00,0.00
03:37:11,0.00,0.00
03:37:21,0.00,0.00
03:37:31,0.00,0.00
03:37:41,0.00,0.00
03:37:51,0.00,0.00
03:38:01,0.00,0.00
03:38:11,0.00,0.00
03:38:21,0.00,0.00
03:38:31,0.00,0.00
03:38:41,0.00,0.00
03:38:51,0.00,0.00
03:39:01,0.00,0.00
03:39:11,0.00,0.00
03:39:21,0.00,0.00
03:39:31,0.00,0.00
03:39:41,0.00,0.00
03:39:51,0.00,0.00
03:40:01,0.00,0.00
03:40:11,0.00,0.00
03:40:21,0.00,0.00
03:40:31,0.00,0.00
03:40:41,0.00,0.00
03:40:51,0.00,0.00
03:41:01,0.00,0.00
03:41:11,0.00,0.00
03:41:21,0.00,0.00
03:41:31,0.00,0.00
03:41:41,0.00,0.00
03:41:51,0.00,0.00
03:42:01,0.00,0.00
03:42:11,0.00,0.00
03:42:21,0.00,0.00
03:42:31,0.00,0.00
03:42:41,0.00,0.00
03:42:51,0.00,0.00
03:43:01,0.00,0.00
03:43:11,0.00,0.00
03:43:21,0.00,0.00
03:43:31,0.00,0.00
03:43:41,0.00,0.00
03:43:51,0.00,0.00
03:44:01,0.00,0.00
03:44:11,0.00,0.00
03:44:21,0.00,0.00
03:44:31,0.00,0.00
03:44:41,0.00,0.00
03:44:51,0.00,0.00
03:45:01,0.00,0.00
03:45:11,0.00,0.00
03:45:21,0.00,0.00
03:45:31,0.00,0.00
03:45:41,0.00,0.00
03:45:51,0.00,0.00
03:46:01,0.00,0.00
03:46:11,0.00,0.00
03:46:21,0.00,0.00
03:46:31,0.00,0.00
03:46:41,0.00,0.00
03:46:51,0.00,0.00
03:47:01,0.00,0.00
03:47:11,0.00,0.00
03:47:21,0.00,0.00
03:47:31,0.00,0.00
03:47:41,0.00,0.00
03:47:51,0.00,0.00
03:48:01,0.00,0.00
03:48:11,0.00,0.00
03:48:21,0.00,0.00
03:48:31,0.00,0.00
03:48:41,0.00,0.00
03:48:51,0.00,0.00
03:49:01,0.00,0.00
03:49:11,0.00,0.00
03:49:21,0.00,0.00
03:49:31,0.00,0.00
03:49:41,0.00,0.00
03:49:55,0.00,0.00
03:50:05,0.00,0.00
03:50:15,0.00,0.00
03:50:25,0.00,0.00
03:50:35,0.00,0.00
03:50:45,0.00,0.00
03:50:55,0.00,0.00
03:51:05,0.00,0.00
03:51:15,0.00,0.00
03:51:25,0.00,0.00
03:51:35,0.00,0.00
03:51:45,0.00,0.00
03:51:55,0.00,0.00
03:52:05,0.00,0.00
03:52:15,0.00,0.00
03:52:25,0.00,0.00
03:52:35,0.00,0.00
03:52:45,0.00,0.00
03:52:55,0.00,0.00
03:53:05,0.00,0.00
03:53:15,0.00,0.00
03:53:25,0.00,0.00
03:53:35,0.00,0.00
03:53:45,0.00,0.00
03:53:55,0.00,0.00
03:54:05,0.00,0.00
03:54:15,0.00,0.00
03:54:25,0.00,0.00
03:54:35,0.00,0.00
03:54:45,0.00,0.00
03:55:00,0.00,0.00
03:55:10,0.00,0.00
03:55:20,0.00,0.00
03:55:30,0.00,0.00
03:55:40,0.00,0.00
03:55:50,0.00,0.00
03:56:00,0.00,0.00
03:56:10,0.00,0.00
03:56:20,0.00,0.00
03:56:30,0.00,0.00
03:56:40,0.00,0.00
03:56:50,0.00,0.00
03:57:00,0.00,0.00
03:57:10,0.00,0.00
03:57:20,0.00,0.00
03:57:30,0.00,0.00
03:57:40,0.00,0.00
03:57:50,0.00,0.00
03:58:00,0.00,0.00
03:58:10,0.00,0.00
03:58:20,0.00,0.00
03:58:30,0.00,0.00
03:58:40,0.00,0.00
03:58:50,0.00,0.00
03:59:00,0.00,0.00
03:59:10,0.00,0.00
03:59:20,0.00,0.00
03:59:30,0.00,0.00
03:59:40,0.00,0.00
03:59:50,0.00,0.00
04:00:02,0.00,0.00
04:00:12,0.00,0.00
04:00:22,0.00,0.00
04:00:32,0.00,0.00
04:00:42,0.00,0.00
04:00:52,0.00,0.00
04:01:02,0.00,0.00
04:01:12,0.00,0.00
04:01:22,0.00,0.00
04:01:32,0.00,0.00
04:01:42,0.00,0.00
04:01:52,0.00,0.00
04:02:02,0.00,0.00
04:02:12,0.00,0.00
04:02:22,0.00,0.00
04:02:32,0.00,0.00
04:02:42,0.00,0.00
04:02:52,0.00,0.00
04:03:02,0.00,0.00
04:03:12,0.00,0.00
04:03:22,0.00,0.00
04:03:32,0.00,0.00
04:03:42,0.00,0.00
04:03:52,0.00,0.00
04:04:02,0.00,0.00
04:04:12,0.00,0.00
04:04:22,0.00,0.00
04:04:32,0.00,0.00
04:04:42,0.00,0.00
04:04:52,0.00,0.00
04:05:02,0.00,0.00
04:05:12,0.00,0.00
04:05:22,0.00,0.00
04:05:32,0.00,0.00
04:05:42,0.00,0.00
04:05:52,0.00,0.00
04:06:02,0.00,0.00
04:06:12,0.00,0.00
04:06:22,0.00,0.00
04:06:32,0.00,0.00
04:06:42,0.00,0.00
04:06:52,0.00,0.00
04:07:02,0.00,0.00
04:07:12,0.00,0.00
04:07:22,0.00,0.00
04:07:32,0.00,0.00
04:07:42,0.00,0.00
04:07:52,0.00,0.00
04:08:02,0.00,0.00
04:08:12,0.00,0.00
04:08:22,0.00,0.00
04:08:32,0.00,0.00
04:08:42,0.00,0.00
04:08:52,0.00,0.00
04:09:02,0.00,0.00
04:09:12,0.00,0.00
04:09:22,0.00,0.00
04:09:32,0.00,0.00
04:09:42,0.00,0.00
04:09:52,0.00,0.00
04:10:02,0.00,0.00
04:10:12,0.00,0.00
04:10:22,0.00,0.00
04:10:32,0.00,0.00
04:10:42,0.00,0.00
04:10:52,0.00,0.00
04:11:02,0.00,0.00
04:11:12,0.00,0.00
04:11:22,0.00,0.00
04:11:32,0.00,0.00
04:11:42,0.00,0.00
04:11:52,0.00,0.00
04:12:02,0.00,0.00
04:12:12,0.00,0.00
04:12:22,0.00,0.00
04:12:32,0.00,0.00
04:12:42,0.00,0.00
04:12:52,0.00,0.00
04:13:02,0.00,0.00
04:13:12,0.00,0.00
04:13:22,0.00,0.00
04:13:32,0.00,0.00
04:13:42,0.00,0.00
04:13:52,0.00,0.00
04:14:02,0.00,0.00
04:14:12,0.00,0.00
04:14:22,0.00,0.00
04:14:32,0.00,0.00
04:14:42,0.00,0.00
04:14:52,0.00,0.00
04:15:02,0.00,0.00
04:15:12,0.00,0.00
04:15:22,0.00,0.00
04:15:32,0.00,0.00
04:15:42,0.00,0.00
04:15:52,0.00,0.00
04:16:02,0.00,0.00
04:16:12,0.00,0.00
04:16:22,0.00,0.00
04:16:32,0.00,0.00
04:16:42,0.00,0.00
04:16:52,0.00,0.00
04:17:02,0.00,0.00
04:17:12,0.00,0.00
04:17:22,0.00,0.00
04:17:32,0.00,0.00
04:17:42,0.00,0.00
04:17:52,0.00,0.00
04:18:02,0.00,0.00
04:18:12,0.00,0.00
04:18:22,0.00,0.00
04:18:32,0.00,0.00
04:18:42,0.00,0.00
04:18:52,0.00,0.00
04:19:02,0.00,0.00
04:19:12,0.00,0.00
04:19:22,0.00,0.00
04:19:32,0.00,0.00
04:19:42,0.00,0.00
04:19:52,0.00,0.00
04:20:02,0.00,0.00
04:20:12,0.00,0.00
04:20:22,0.00,0.00
04:20:32,0.00,0.00
04:20:42,0.00,0.00
04:20:52,0.00,0.00
04:21:02,0.00,0.00
04:21:12,0.00,0.00
04:21:22,0.00,0.00
04:21:32,0.00,0.00
04:21:42,0.00,0.00
04:21:52,0.00,0.00
04:22:02,0.00,0.00
04:22:12,0.00,0.00
04:22:22,0.00,0.00
04:22:32,0.00,0.00
04:22:42,0.00,0.00
04:22:52,0.00,0.00
04:23:02,0.00,0.00
04:23:12,0.00,0.00
04:23:22,0.00,0.00
04:23:32,0.00,0.00
04:23:42,0.00,0.00
04:23:52,0.00,0.00
04:24:02,0.00,0.00
04:24:12,0.00,0.00
04:24:22,0.00,0.00
04:24:32,0.00,0.00
04:24:42,0.00,0.00
04:24:52,0.00,0.00
04:25:02,0.00,0.00
04:25:12,0.00,0.00
04:25:22,0.00,0.00
04:25:32,0.00,0.00
04:25:42,0.00,0.00
04:25:52,0.00,0.00
04:26:02,0.00,0.00
04:26:12,0.00,0.00
04:26:22,0.00,0.00
04:26:32,0.00,0.00
04:26:42,0.00,0.00
04:26:52,0.00,0.00
04:27:02,0.00,0.00
04:27:12,0.00,0.00
04:27:22,0.00,0.00
04:27:32,0.00,0.00
04:27:42,0.00,0.00
04:27:52,0.00,0.00
04:28:02,0.00,0.00
04:28:12,0.00,0.00
04:28:22,0.00,0.00
04:28:32,0.00,0.00
04:28:42,0.00,0.00
04:28:52,0.00,0.00
04:29:02,0.00,0.00
04:29:12,0.00,0.00
04:29:22,0.00,0.00
04:29:32,0.00,0.00
04:29:42,0.00,0.00
04:29:52,0.00,0.00
04:30:03,0.00,0.00
04:30:13,0.00,0.00
04:30:23,0.00,0.00
04:30:33,0.00,0.00
04:30:43,0.00,0.00
04:30:53,0.00,0.00
04:31:03,0.00,0.00
04:31:13,0.00,0.00
04:31:23,0.00,0.00
04:31:33,0.00,0.00
04:31:43,0.00,0.00
04:31:53,0.00,0.00
04:32:03,0.00,0.00
04:32:13,0.00,0.00
04:32:23,0.00,0.00
04:32:33,0.00,0.00
04:32:43,0.00,0.00
04:32:53,0.00,0.00
04:33:03,0.00,0.00
04:33:13,0.00,0.00
04:33:23,0.00,0.00
04:33:33,0.00,0.00
04:33:43,0.00,0.00
04:33:53,0.00,0.00
04:34:03,0.00,0.00
04:34:13,0.00,0.00
04:34:23,0.00,0.00
04:34:33,0.00,0.00
04:34:43,0.00,0.00
04:34:53,0.00,0.00
04:35:03,0.00,0.00
04:35:13,0.00,0.00
04:35:23,0.00,0.00
04:35:33,0.00,0.00
04:35:43,0.00,0.00
04:35:53,0.00,0.00
04:36:03,0.00,0.00
04:36:13,0.00,0.00
04:36:23,0.00,0.00
04:36:33,0.00,0.00
04:36:43,0.00,0.00
04:36:53,0.00,0.00
04:37:03,0.00,0.00
04:37:13,0.00,0.00
04:37:23,0.00,0.00
04:37:33,0.00,0.00
04:37:43,0.00,0.00
04:37:53,0.00,0.00
04:38:03,0.00,0.00
04:38:13,0.00,0.00
04:38:23,0.00,0.00
04:38:33,0.00,0.00
04:38:43,0.00,0.00
04:38:53,0.00,0.00
04:39:03,0.00,0.00
04:39:13,0.00,0.00
04:39:23,0.00,0.00
04:39:33,0.00,0.00
04:39:43,0.00,0.00
04:39:53,0.00,0.00
04:40:04,0.00,0.00
04:40:14,0.00,0.00
04:40:24,0.00,0.00
04:40:34,0.00,0.00
04:40:44,0.00,0.00
04:40:54,0.00,0.00
04:41:04,0.00,0.00
04:41:14,0.00,0.00
04:41:24,0.00,0.00
04:41:34,0.00,0.00
04:41:44,0.00,0.00
04:41:54,0.00,0.00
04:42:04,0.00,0.00
04:42:14,0.00,0.00
04:42:24,0.00,0.00
04:42:34,0.00,0.00
04:42:44,0.00,0.00
04:42:54,0.00,0.00
04:43:04,0.00,0.00
04:43:14,0.00,0.00
04:43:24,0.00,0.00
04:43:34,0.00,0.00
04:43:44,0.00,0.00
04:43:54,0.00,0.00
04:44:04,0.00,0.00
04:44:14,0.00,0.00
04:44:24,0.00,0.00
04:44:34,0.00,0.00
04:44:44,0.00,0.00
04:44:54,0.00,0.00
04:45:05,0.00,0.00
04:45:16,0.00,0.00
04:45:25,0.00,0.00
04:45:35,0.00,0.00
04:45:46,0.00,0.00
04:45:55,0.00,0.00
04:46:05,0.00,0.00
04:46:16,0.00,0.00
04:46:25,0.00,0.00
04:46:35,0.00,0.00
04:46:46,0.00,0.00
04:46:55,0.00,0.00
04:47:05,0.00,0.00
04:47:16,0.00,0.00
04:47:25,0.00,0.00
04:47:35,0.00,0.00
04:47:46,0.00,0.00
04:47:55,0.00,0.00
04:48:05,0.00,0.00
04:48:16,0.00,0.00
04:48:25,0.00,0.00
04:48:35,0.00,0.00
04:48:46,0.00,0.00
04:48:55,0.00,0.00
04:49:05,0.00,0.00
04:49:16,0.00,0.00
04:49:25,0.00,0.00
04:49:36,0.00,0.00
04:49:46,0.00,0.00
04:49:55,0.00,0.00
04:50:06,0.00,0.00
04:50:16,0.00,0.00
04:50:25,0.00,0.00
04:50:36,0.00,0.00
04:50:46,0.00,0.00
04:50:55,0.00,0.00
04:51:06,0.00,0.00
04:51:16,0.00,0.00
04:51:25,0.00,0.00
04:51:36,0.00,0.00
04:51:45,0.00,0.00
04:51:55,0.00,0.00
04:52:05,0.00,0.00
04:52:15,0.00,0.00
04:52:25,0.00,0.00
04:52:36,0.00,0.00
04:52:45,0.00,0.00
04:52:55,0.00,0.00
04:53:06,0.00,0.00
04:53:15,0.00,0.00
04:53:25,0.00,0.00
04:53:36,0.00,0.00
04:53:45,0.00,0.00
04:53:55,0.00,0.00
04:54:06,0.00,0.00
04:54:15,0.00,0.00
04:54:26,0.00,0.00
04:54:36,0.00,0.00
04:54:45,0.00,0.00
04:54:56,0.00,0.00
04:55:06,0.00,0.00
04:55:15,0.00,0.00
04:55:26,0.00,0.00
04:55:36,0.00,0.00
04:55:45,0.00,0.00
04:55:56,0.00,0.00
04:56:06,0.00,0.00
04:56:15,0.00,0.00
04:56:26,0.00,0.00
04:56:36,0.00,0.00
04:56:45,0.00,0.00
04:56:56,0.00,0.00
04:57:06,0.00,0.00
04:57:15,0.00,0.00
04:57:26,0.00,0.00
04:57:36,0.00,0.00
04:57:46,0.00,0.00
04:57:56,0.00,0.00
04:58:05,0.00,0.00
04:58:16,0.00,0.00
04:58:26,0.00,0.00
04:58:35,0.00,0.00
04:58:45,0.00,0.00
04:58:56,0.00,0.00
04:59:05,0.00,0.00
04:59:15,0.00,0.00
04:59:26,0.00,0.00
04:59:35,0.00,0.00
04:59:45,0.00,0.00
04:59:56,0.00,0.00
05:00:14,0.00,0.00
05:00:25,0.00,0.00
05:00:35,0.00,0.00
05:00:44,0.00,0.00
05:00:55,0.00,0.00
05:01:05,0.00,0.00
05:01:14,0.00,0.00
05:01:26,0.00,0.00
05:01:35,0.00,0.00
05:01:44,0.00,0.00
05:01:55,0.00,0.00
05:02:05,0.00,0.00
05:02:14,0.00,0.00
05:02:25,0.00,0.00
05:02:35,0.00,0.00
05:02:46,0.00,0.00
05:02:55,0.00,0.00
05:03:05,0.00,0.00
05:03:14,0.00,0.00
05:03:25,0.00,0.00
05:03:34,0.00,0.00
05:03:46,0.00,0.00
05:03:55,0.00,0.00
05:04:04,0.00,0.00
05:04:15,0.00,0.00
05:04:25,0.00,0.00
05:04:34,0.00,0.00
05:04:45,0.00,0.00
05:04:55,0.00,0.00
05:05:04,0.00,0.00
05:05:17,0.00,0.00
05:05:27,0.00,0.00
05:05:37,0.00,0.00
05:05:47,0.00,0.00
05:05:57,0.00,0.00
05:06:07,0.00,0.00
05:06:17,0.00,0.00
05:06:27,0.00,0.00
05:06:37,0.00,0.00
05:06:47,0.00,0.00
05:06:57,0.00,0.00
05:07:07,0.00,0.00
05:07:17,0.00,0.00
05:07:27,0.00,0.00
05:07:37,0.00,0.00
05:07:47,0.00,0.00
05:07:57,0.00,0.00
05:08:07,0.00,0.00
05:08:17,0.00,0.00
05:08:27,0.00,0.00
05:08:37,0.00,0.00
05:08:47,0.00,0.00
05:08:57,0.00,0.00
05:09:07,0.00,0.00
05:09:17,0.00,0.00
05:09:27,0.00,0.00
05:09:37,0.00,0.00
05:09:47,0.00,0.00
05:09:57,0.00,0.00
05:10:07,0.00,0.00
05:10:17,0.00,0.00
05:10:27,0.00,0.00
05:10:37,0.00,0.00
05:10:47,0.00,0.00
05:10:57,0.00,0.00
05:11:07,0.00,0.00
05:11:17,0.00,0.00
05:11:27,0.00,0.00
05:11:37,0.00,0.00
05:11:47,0.00,0.00
05:11:57,0.00,0.00
05:12:07,0.00,0.00
05:12:17,0.00,0.00
05:12:27,0.00,0.00
05:12:37,0.00,0.00
05:12:47,0.00,0.00
05:12:57,0.00,0.00
05:13:08,0.00,0.00
05:13:17,0.00,0.00
05:13:27,0.00,0.00
05:13:37,0.00,0.00
05:13:47,0.00,0.00
05:13:57,0.00,0.00
05:14:07,0.00,0.00
05:14:17,0.00,0.00
05:14:27,0.00,0.00
05:14:37,0.00,0.00
05:14:47,0.00,0.00
05:14:57,0.00,0.00
05:15:07,0.00,0.00
05:15:17,0.00,0.00
05:15:27,0.00,0.00
05:15:37,0.00,0.00
05:15:47,0.00,0.00
05:15:57,0.00,0.00
05:16:07,0.00,0.00
05:16:17,0.00,0.00
05:16:27,0.00,0.00
05:16:37,0.00,0.00
05:16:47,0.00,0.00
05:16:57,0.00,0.00
05:17:07,0.00,0.00
05:17:17,0.00,0.00
05:17:27,0.00,0.00
05:17:37,0.00,0.00
05:17:47,0.00,0.00
05:17:57,0.00,0.00
05:18:07,0.00,0.00
05:18:17,0.00,0.00
05:18:27,0.00,0.00
05:18:37,0.00,0.00
05:18:47,0.00,0.00
05:18:57,0.00,0.00
05:19:07,0.00,0.00
05:19:17,0.00,0.00
05:19:27,0.00,0.00
05:19:37,0.00,0.00
05:19:47,0.00,0.00
05:19:57,0.00,0.00
05:20:07,0.00,0.00
05:20:17,0.00,0.00
05:20:27,0.00,0.00
05:20:37,0.00,0.00
05:20:47,0.00,0.00
05:20:57,0.00,0.00
05:21:07,0.00,0.00
05:21:17,0.00,0.00
05:21:27,0.00,0.00
05:21:37,0.00,0.00
05:21:47,0.00,0.00
05:21:57,0.00,0.00
05:22:07,0.00,0.00
05:22:17,0.00,0.00
05:22:27,0.00,0.00
05:22:37,0.00,0.00
05:22:47,0.00,0.00
05:22:57,0.00,0.00
05:23:07,0.00,0.00
05:23:17,0.00,0.00
05:23:27,0.00,0.00
05:23:37,0.00,0.00
05:23:47,0.00,0.00
05:23:57,0.00,0.00
05:24:07,0.00,0.00
05:24:17,0.00,0.00
05:24:27,0.00,0.00
05:24:37,0.00,0.00
05:24:47,0.00,0.00
05:24:57,0.00,0.00
05:25:07,0.00,0.00
05:25:17,0.00,0.00
05:25:27,0.00,0.00
05:25:37,0.00,0.00
05:25:47,0.00,0.00
05:25:57,0.00,0.00
05:26:07,0.00,0.00
05:26:17,0.00,0.00
05:26:27,0.00,0.00
05:26:37,0.00,0.00
05:26:47,0.00,0.00
05:26:57,0.00,0.00
05:27:07,0.00,0.00
05:27:17,0.00,0.00
05:27:27,0.00,0.00
05:27:37,0.00,0.00
05:27:47,0.00,0.00
05:27:57,0.00,0.00
05:28:07,0.00,0.00
05:28:17,0.00,0.00
05:28:27,0.00,0.00
05:28:37,0.00,0.00
05:28:47,0.00,0.00
05:28:57,0.00,0.00
05:29:07,0.00,0.00
05:29:17,0.00,0.00
05:29:27,0.00,0.00
05:29:37,0.00,0.00
05:29:47,0.00,0.00
05:29:57,0.00,0.00
05:30:07,0.00,0.00
05:30:17,0.00,0.00
05:30:27,0.00,0.00
05:30:37,0.00,0.00
05:30:47,0.00,0.00
05:30:57,0.00,0.00
05:31:07,0.00,0.00
05:31:17,0.00,0.00
05:31:27,0.00,0.00
05:31:38,0.00,0.00
05:31:47,0.00,0.00
05:31:57,0.00,0.00
05:32:07,0.00,0.00
05:32:17,0.00,0.00
05:32:27,0.00,0.00
05:32:37,0.00,0.00
05:32:47,0.00,0.00
05:32:57,0.00,0.00
05:33:07,0.00,0.00
05:33:17,0.00,0.00
05:33:27,0.00,0.00
05:33:37,0.00,0.00
05:33:47,0.00,0.00
05:33:57,0.00,0.00
05:34:07,0.00,0.00
05:34:17,0.00,0.00
05:34:27,0.00,0.00
05:34:37,0.00,0.00
05:34:47,0.00,0.00
05:34:57,0.00,0.00
05:35:07,0.00,0.00
05:35:33,0.00,0.00
05:35:43,0.00,0.00
05:35:53,0.00,0.00
05:36:03,0.00,0.00
05:36:13,0.00,0.00
05:36:23,0.00,0.00
05:36:33,0.00,0.00
05:36:43,0.00,0.00
05:36:53,0.00,0.00
05:37:03,0.00,0.00
05:37:13,0.00,0.00
05:37:23,0.00,0.00
05:37:33,0.00,0.00
05:37:43,0.00,0.00
05:37:53,0.00,0.00
05:38:03,0.00,0.00
05:38:13,0.00,0.00
05:38:23,0.00,0.00
05:38:33,0.00,0.00
05:38:43,0.00,0.00
05:38:53,0.00,0.00
05:39:03,0.00,0.00
05:39:13,0.00,0.00
05:39:23,0.00,0.00
05:39:33,0.00,0.00
05:39:43,0.00,0.00
05:39:53,0.00,0.00
05:40:03,0.00,0.00
05:40:13,0.00,0.00
05:40:23,0.00,0.00
05:40:33,0.00,0.00
05:40:43,0.00,0.00
05:40:53,0.00,0.00
05:41:03,0.00,0.00
05:41:13,0.00,0.00
05:41:23,0.00,0.00
05:41:33,0.00,0.00
05:41:43,0.00,0.00
05:41:54,0.00,0.00
05:42:03,0.00,0.00
05:42:13,0.00,0.00
05:42:23,0.00,0.00
05:42:33,0.00,0.00
05:42:43,0.00,0.00
05:42:53,0.00,0.00
05:43:03,0.00,0.00
05:43:13,0.00,0.00
05:43:23,0.00,0.00
05:43:33,0.00,0.00
05:43:43,0.00,0.00
05:43:53,0.00,0.00
05:44:03,0.00,0.00
05:44:13,0.00,0.00
05:44:23,0.00,0.00
05:44:33,0.00,0.00
05:44:44,0.00,0.00
05:44:53,0.00,0.00
05:45:03,0.00,0.00
05:45:13,0.00,0.00
05:45:23,0.00,0.00
05:45:33,0.00,0.00
05:45:43,0.00,0.00
05:45:53,0.00,0.00
05:46:03,0.00,0.00
05:46:13,0.00,0.00
05:46:23,0.00,0.00
05:46:33,0.00,0.00
05:46:43,0.00,0.00
05:46:53,0.00,0.00
05:47:03,0.00,0.00
05:47:13,0.00,0.00
05:47:23,0.00,0.00
05:47:33,0.00,0.00
05:47:43,0.00,0.00
05:47:53,0.00,0.00
05:48:03,0.00,0.00
05:48:13,0.00,0.00
05:48:23,0.00,0.00
05:48:33,0.00,0.00
05:48:43,0.00,0.00
05:48:53,0.00,0.00
05:49:03,0.00,0.00
05:49:13,0.00,0.00
05:49:23,0.00,0.00
05:49:33,0.00,0.00
05:49:43,0.00,0.00
05:49:53,0.00,0.00
05:50:03,0.00,0.00
05:50:13,0.00,0.00
05:50:32,0.00,0.00
05:50:42,0.00,0.00
05:50:53,0.00,0.00
05:51:02,0.00,0.00
05:51:12,0.00,0.00
05:51:23,0.00,0.00
05:51:32,0.00,0.00
05:51:42,0.00,0.00
05:51:53,0.00,0.00
05:52:02,0.00,0.00
05:52:12,0.00,0.00
05:52:22,0.00,0.00
05:52:32,0.00,0.00
05:52:42,0.00,0.00
05:52:53,0.00,0.00
05:53:03,0.00,0.00
05:53:12,0.00,0.00
05:53:22,0.00,0.00
05:53:33,0.00,0.00
05:53:42,0.00,0.00
05:53:54,0.00,0.00
05:54:02,0.00,0.00
05:54:13,0.00,0.00
05:54:23,0.00,0.00
05:54:33,0.00,0.00
05:54:43,0.00,0.00
05:54:53,0.00,0.00
05:55:02,0.00,0.00
05:55:12,0.00,0.00
05:55:22,0.00,0.00
05:55:32,0.00,0.00
05:55:43,0.00,0.00
05:55:52,0.00,0.00
05:56:02,0.00,0.00
05:56:12,0.00,0.00
05:56:22,0.00,0.00
05:56:33,0.00,0.00
05:56:42,0.00,0.00
05:56:53,0.00,0.00
05:57:02,0.00,0.00
05:57:12,0.00,0.00
05:57:22,0.00,0.00
05:57:32,0.00,0.00
05:57:42,0.00,0.00
05:57:52,0.00,0.00
05:58:02,0.00,0.00
05:58:12,0.00,0.00
05:58:22,0.00,0.00
05:58:33,0.00,0.00
05:58:42,0.00,0.00
05:58:52,0.00,0.00
05:59:02,0.00,0.00
05:59:12,0.00,0.00
05:59:22,0.00,0.00
05:59:32,0.00,0.00
05:59:42,0.00,0.00
05:59:52,0.00,0.00
06:00:03,0.00,0.00
06:00:12,0.00,0.00
06:00:22,0.00,0.00
06:00:33,0.00,0.00
06:00:42,0.00,0.00
06:00:52,0.00,0.00
06:01:02,0.00,0.00
06:01:12,0.00,0.00
06:01:22,0.00,0.00
06:01:32,0.00,0.00
06:01:42,0.00,0.00
06:02:52,0.00,0.00
06:03:02,0.00,0.00
06:03:12,0.00,0.00
06:03:23,0.00,0.00
06:03:32,0.00,0.00
06:03:42,0.00,0.00
06:03:52,0.00,0.00
06:04:02,0.00,0.00
06:04:12,0.00,0.00
06:04:23,0.00,0.00
06:04:33,0.00,0.00
06:04:42,0.00,0.00
06:04:52,0.00,0.00
06:05:02,0.00,0.00
06:05:12,0.00,0.00
06:05:22,0.00,0.00
06:05:34,0.00,0.00
06:05:45,0.00,0.00
06:05:54,0.00,0.00
06:06:04,0.00,0.00
06:06:14,0.00,0.00
06:06:24,0.00,0.00
06:06:34,0.00,0.00
06:06:44,0.00,0.00
06:06:54,0.00,0.00
06:07:04,0.00,0.00
06:07:14,0.00,0.00
06:07:24,0.00,0.00
06:07:34,0.00,0.00
06:07:44,0.00,0.00
06:07:54,0.00,0.00
06:08:04,0.00,0.00
06:08:14,0.00,0.00
06:08:24,0.00,0.00
06:08:34,0.00,0.00
06:08:44,0.00,0.00
06:08:54,0.00,0.00
06:09:04,0.00,0.00
06:09:14,0.00,0.00
06:09:24,0.00,0.00
06:09:35,0.00,0.00
06:09:45,0.00,0.00
06:09:54,0.00,0.00
06:10:04,0.00,0.00
06:10:14,0.00,0.00
06:10:24,0.00,0.00
06:10:44,0.00,0.00
06:10:54,0.00,0.00
06:11:04,0.00,0.00
06:11:14,0.00,0.00
06:11:24,0.00,0.00
06:11:34,0.00,0.00
06:11:44,0.00,0.00
06:11:54,0.00,0.00
06:12:04,0.00,0.00
06:12:14,0.00,0.00
06:12:24,0.00,0.00
06:12:34,0.00,0.00
06:12:44,0.00,0.00
06:12:54,0.00,0.00
06:13:04,0.00,0.00
06:13:14,0.00,0.00
06:13:24,0.00,0.00
06:13:34,0.00,0.00
06:13:44,0.00,0.00
06:13:54,0.00,0.00
06:14:04,0.00,0.00
06:14:14,0.00,0.00
06:14:24,0.00,0.00
06:14:34,0.00,0.00
06:14:44,0.00,0.00
06:14:54,0.00,0.00
06:15:04,0.00,0.00
06:15:14,0.00,0.00
06:15:24,0.00,0.00
06:15:34,0.00,0.00
06:15:55,0.00,0.00
06:16:05,0.00,0.00
06:16:15,0.00,0.00
06:16:25,0.00,0.00
06:16:35,0.00,0.00
06:16:45,0.00,0.00
06:16:55,0.00,0.00
06:17:05,0.00,0.00
06:17:15,0.00,0.00
06:17:25,0.00,0.00
06:17:35,0.00,0.00
06:17:45,0.00,0.00
06:17:55,0.00,0.00
06:18:05,0.00,0.00
06:18:15,0.00,0.00
06:18:25,0.00,0.00
06:18:35,0.00,0.00
06:18:45,0.00,0.00
06:18:55,0.00,0.00
06:19:05,0.00,0.00
06:19:15,0.00,0.00
06:19:25,0.00,0.00
06:19:35,0.00,0.00
06:19:45,0.00,0.00
06:19:55,0.00,0.00
06:20:05,0.00,0.00
06:20:15,0.00,0.00
06:20:25,0.00,0.00
06:20:35,0.00,0.00
06:20:49,0.00,0.00
06:20:58,0.00,0.00
06:21:08,0.00,0.00
06:21:18,0.00,0.00
06:21:28,0.00,0.00
06:21:38,0.00,0.00
06:21:48,0.00,0.00
06:21:58,0.00,0.00
06:22:08,0.00,0.00
06:22:18,0.00,0.00
06:22:28,0.00,0.00
06:22:39,0.00,0.00
06:22:49,0.00,0.00
06:22:58,0.00,0.00
06:23:08,0.00,0.00
06:23:18,0.00,0.00
06:23:28,0.00,0.00
06:23:39,0.00,0.00
06:23:49,0.00,0.00
06:23:58,0.00,0.00
06:24:08,0.00,0.00
06:24:19,0.00,0.00
06:24:28,0.00,0.00
06:24:38,0.00,0.00
06:24:49,0.00,0.00
06:24:58,0.00,0.00
06:25:08,0.00,0.00
06:25:18,0.00,0.00
06:25:28,0.00,0.00
06:25:38,0.00,0.00
06:25:50,0.00,0.00
06:26:00,0.00,0.00
06:26:11,0.00,0.00
06:26:20,0.00,0.00
06:26:30,0.00,0.00
06:26:40,0.00,0.00
06:26:50,0.00,0.00
06:27:00,0.00,0.00
06:27:10,0.00,0.00
06:27:20,0.00,0.00
06:27:30,0.00,0.00
06:27:40,0.00,0.00
06:27:50,0.00,0.00
06:28:00,0.00,0.00
06:28:10,0.00,0.00
06:28:20,0.00,0.00
06:28:30,0.00,0.00
06:28:40,0.00,0.00
06:28:50,0.00,0.00
06:29:00,0.00,0.00
06:29:10,0.00,0.00
06:29:20,0.00,0.00
06:29:30,0.00,0.00
06:29:40,0.00,0.00
06:29:50,0.00,0.00
06:30:01,0.00,0.00
06:30:11,0.00,0.00
06:30:20,0.00,0.00
06:30:30,0.00,0.00
06:30:40,0.00,0.00
06:30:52,0.00,0.00
06:31:02,0.00,0.00
06:31:12,0.00,0.00
06:31:22,0.00,0.00
06:31:32,0.00,0.00
06:31:42,0.00,0.00
06:31:52,0.00,0.00
06:32:02,0.00,0.00
06:32:12,0.00,0.00
06:32:23,0.00,0.00
06:32:32,0.00,0.00
06:32:42,0.00,0.00
06:32:52,0.00,0.00
06:33:02,0.00,0.00
06:33:12,0.00,0.00
06:33:22,0.00,0.00
06:33:32,0.00,0.00
06:33:42,0.00,0.00
06:33:52,0.00,0.00
06:34:02,0.00,0.00
06:34:12,0.00,0.00
06:34:22,0.00,0.00
06:34:32,0.00,0.00
06:34:42,0.00,0.00
06:34:52,0.00,0.00
06:35:02,0.00,0.00
06:35:12,0.00,0.00
06:35:22,0.00,0.00
06:35:32,0.00,0.00
06:35:42,0.00,0.00
06:35:58,0.00,0.00
06:36:08,0.00,0.00
06:36:18,0.00,0.00
06:36:28,0.00,0.00
06:36:38,0.00,0.00
06:36:48,0.00,0.00
06:36:58,0.00,0.00
06:37:08,0.00,0.00
06:37:18,0.00,0.00
06:37:28,0.00,0.00
06:37:38,0.00,0.00
06:37:48,0.00,0.00
06:37:58,0.00,0.00
06:38:08,0.00,0.00
06:38:18,0.00,0.00
06:38:28,0.00,0.00
06:38:38,0.00,0.00
06:38:48,0.00,0.00
06:38:58,0.00,0.00
06:39:08,0.00,0.00
06:39:18,0.00,0.00
06:39:28,0.00,0.00
06:39:38,0.00,0.00
06:39:48,0.00,0.00
06:39:58,0.00,0.00
06:40:08,0.00,0.00
06:40:18,0.00,0.00
06:40:28,0.00,0.00
06:40:38,0.00,0.00
06:40:48,0.00,0.00
06:40:59,0.00,0.00
06:41:09,0.00,0.00
06:41:19,0.00,0.00
06:41:29,0.00,0.00
06:41:39,0.00,0.00
06:41:49,0.00,0.00
06:41:59,0.00,0.00
06:42:09,0.00,0.00
06:42:19,0.00,0.00
06:42:29,0.00,0.00
06:42:39,0.00,0.00
06:42:49,0.00,0.00
06:42:59,0.00,0.00
06:43:09,0.00,0.00
06:43:19,0.00,0.00
06:43:29,0.00,0.00
06:43:39,0.00,0.00
06:43:49,0.00,0.00
06:43:59,0.00,0.00
06:44:09,0.00,0.00
06:44:19,0.00,0.00
06:44:29,0.00,0.00
06:44:39,0.00,0.00
06:44:49,0.00,0.00
06:44:59,0.00,0.00
06:45:09,0.00,0.00
06:45:19,0.00,0.00
06:45:29,0.00,0.00
06:45:39,0.00,0.00
06:45:49,0.00,0.00
06:46:10,0.00,0.00
06:46:20,0.00,0.00
06:46:30,0.00,0.00
06:46:40,0.00,0.00
06:46:50,0.00,0.00
06:47:00,0.00,0.00
06:47:10,0.00,0.00
06:47:20,0.00,0.00
06:47:30,0.00,0.00
06:47:40,0.00,0.00
06:47:50,0.00,0.00
06:48:00,0.00,0.00
06:48:10,0.00,0.00
06:48:20,0.00,0.00
06:48:30,0.00,0.00
06:48:40,0.00,0.00
06:48:50,0.00,0.00
06:49:00,0.00,0.00
06:49:10,0.00,0.00
06:49:20,0.00,0.00
06:49:30,0.00,0.00
06:49:40,0.00,0.00
06:49:50,0.00,0.00
06:50:00,0.00,0.00
06:50:10,0.00,0.00
06:50:20,0.00,0.00
06:50:30,0.00,0.00
06:50:40,0.00,0.00
06:50:50,0.00,0.00
06:51:02,0.00,0.00
06:51:12,0.00,0.00
06:51:22,0.00,0.00
06:51:32,0.00,0.00
06:51:42,0.00,0.00
06:51:52,0.00,0.00
06:52:02,0.00,0.00
06:52:12,0.00,0.00
06:52:22,0.00,0.00
06:52:32,0.00,0.00
06:52:42,0.00,0.00
06:52:52,0.00,0.00
06:53:02,0.00,0.00
06:53:12,0.00,0.00
06:53:22,0.00,0.00
06:53:32,0.00,0.00
06:53:42,0.00,0.00
06:53:52,0.00,0.00
06:54:02,0.00,0.00
06:54:12,0.00,0.00
06:54:22,0.00,0.00
06:54:32,0.00,0.00
06:54:42,0.00,0.00
06:54:52,0.00,0.00
06:55:02,0.00,0.00
06:55:12,0.00,0.00
06:55:22,0.00,0.00
06:55:32,0.00,0.00
06:55:42,0.00,0.00
06:55:52,0.00,0.00
06:56:13,0.00,0.00
06:56:23,0.00,0.00
06:56:33,0.00,0.00
06:56:43,0.00,0.00
06:56:53,0.00,0.00
06:57:03,0.00,0.00
06:57:13,0.00,0.00
06:57:23,0.00,0.00
06:57:33,0.00,0.00
06:57:43,0.00,0.00
06:57:53,0.00,0.00
06:58:03,0.00,0.00
06:58:13,0.00,0.00
06:58:23,0.00,0.00
06:58:33,0.00,0.00
06:58:43,0.00,0.00
06:58:53,0.00,0.00
06:59:03,0.00,0.00
06:59:13,0.00,0.00
06:59:23,0.00,0.00
06:59:33,0.00,0.00
06:59:43,0.00,0.00
06:59:53,0.00,0.00
07:00:03,0.00,0.00
07:00:13,0.00,0.00
07:00:23,0.00,0.00
07:00:33,0.00,0.00
07:00:43,0.00,0.00
07:00:53,0.00,0.00
07:01:06,0.00,0.00
07:01:16,0.00,0.00
07:01:26,0.00,0.00
07:01:36,0.00,0.00
07:01:46,0.00,0.00
07:01:56,0.00,0.00
07:02:06,0.00,0.00
07:02:16,0.00,0.00
07:02:26,0.00,0.00
07:02:36,0.00,0.00
07:02:46,0.00,0.00
07:02:56,0.00,0.00
07:03:06,0.00,0.00
07:03:16,0.00,0.00
07:03:26,0.00,0.00
07:03:36,0.00,0.00
07:03:46,0.00,0.00
07:03:56,0.00,0.00
07:04:06,0.00,0.00
07:04:16,0.00,0.00
07:04:26,0.00,0.00
07:04:36,0.00,0.00
07:04:46,0.00,0.00
07:04:56,0.00,0.00
07:05:06,0.00,0.00
07:05:16,0.00,0.00
07:05:26,0.00,0.00
07:05:36,0.00,0.00
07:05:46,0.00,0.00
07:05:56,0.00,0.00
07:06:28,0.00,0.00
07:06:38,0.00,0.00
07:06:48,0.00,0.00
07:06:58,0.00,0.00
07:07:08,0.00,0.00
07:07:18,0.00,0.00
07:07:28,0.00,0.00
07:07:38,0.00,0.00
07:07:48,0.00,0.00
07:07:58,0.00,0.00
07:08:08,0.00,0.00
07:08:18,0.00,0.00
07:08:28,0.00,0.00
07:08:38,0.00,0.00
07:08:48,0.00,0.00
07:08:58,0.00,0.00
07:09:08,0.00,0.00
07:09:18,0.00,0.00
07:09:28,0.00,0.00
07:09:38,0.00,0.00
07:09:48,0.00,0.00
07:09:58,0.00,0.00
07:10:08,0.00,0.00
07:10:18,0.00,0.00
07:10:28,0.00,0.00
07:10:38,0.00,0.00
07:10:48,0.00,0.00
07:10:58,0.00,0.00
07:11:33,0.00,0.00
07:11:43,0.00,0.00
07:11:53,0.00,0.00
07:12:03,0.00,0.00
07:12:13,0.00,0.00
07:12:23,0.00,0.00
07:12:33,0.00,0.00
07:12:43,0.00,0.00
07:12:53,0.00,0.00
07:13:03,0.00,0.00
07:13:13,0.00,0.00
07:13:23,0.00,0.00
07:13:33,0.00,0.00
07:13:43,0.00,0.00
07:13:53,0.00,0.00
07:14:03,0.00,0.00
07:14:13,0.00,0.00
07:14:23,0.00,0.00
07:14:33,0.00,0.00
07:14:43,0.00,0.00
07:14:53,0.00,0.00
07:15:03,0.00,0.00
07:15:13,0.00,0.00
07:15:23,0.00,0.00
07:15:33,0.00,0.00
07:15:43,0.00,0.00
07:15:53,0.00,0.00
07:16:03,0.00,0.00
07:16:15,0.00,0.00
07:16:24,0.00,0.00
07:16:34,0.00,0.00
07:16:44,0.00,0.00
07:16:54,0.00,0.00
07:17:05,0.00,0.00
07:17:14,0.00,0.00
07:17:24,0.00,0.00
07:17:34,0.00,0.00
07:17:44,0.00,0.00
07:17:54,0.00,0.00
07:18:04,0.00,0.00
07:18:14,0.00,0.00
07:18:24,0.00,0.00
07:18:34,0.00,0.00
07:18:44,0.00,0.00
07:18:54,0.00,0.00
07:19:04,0.00,0.00
07:19:14,0.00,0.00
07:19:24,0.00,0.00
07:19:34,0.00,0.00
07:19:44,0.00,0.00
07:19:54,0.00,0.00
07:20:04,0.00,0.00
07:20:14,0.00,0.00
07:20:24,0.00,0.00
07:20:34,0.00,0.00
07:20:44,0.00,0.00
07:20:54,0.00,0.00
07:21:04,0.00,0.00
07:22:22,0.00,0.00
07:22:32,0.00,0.00
07:22:42,0.00,0.00
07:22:52,0.00,0.00
07:23:02,0.00,0.00
07:23:12,0.00,0.00
07:23:22,0.00,0.00
07:23:32,0.00,0.00
07:23:42,0.00,0.00
07:23:52,0.00,0.00
07:24:02,0.00,0.00
07:24:12,0.00,0.00
07:24:22,0.00,0.00
07:24:32,0.00,0.00
07:24:42,0.00,0.00
07:24:52,0.00,0.00
07:25:02,0.00,0.00
07:25:12,0.00,0.00
07:25:22,0.00,0.00
07:25:32,0.00,0.00
07:25:42,0.00,0.00
07:25:52,0.00,0.00
07:26:02,0.00,0.00
07:26:12,0.00,0.00
07:27:25,0.00,0.00
07:27:35,0.00,0.00
07:27:45,0.00,0.00
07:27:55,0.00,0.00
07:28:05,0.00,0.00
07:28:15,0.00,0.00
07:28:25,0.00,0.00
07:28:35,0.00,0.00
07:28:45,0.00,0.00
07:28:55,0.00,0.00
07:29:05,0.00,0.00
07:29:15,0.00,0.00
07:29:25,0.00,0.00
07:29:35,0.00,0.00
07:29:45,0.00,0.00
07:29:55,0.00,0.00
07:30:05,0.00,0.00
07:30:15,0.00,0.00
07:30:25,0.00,0.00
07:30:35,0.00,0.00
07:30:45,0.00,0.00
07:30:55,0.00,0.00
07:31:05,0.00,0.00
07:31:15,0.00,0.00
07:31:26,0.00,0.00
07:31:36,0.00,0.00
07:31:46,0.00,0.00
07:31:56,0.00,0.00
07:32:06,0.00,0.00
07:32:16,0.00,0.00
07:32:26,0.00,0.00
07:32:36,0.00,0.00
07:32:46,0.00,0.00
07:32:56,0.00,0.00
07:33:06,0.00,0.00
07:33:16,0.00,0.00
07:33:26,0.00,0.00
07:33:36,0.00,0.00
07:33:46,0.00,0.00
07:33:56,0.00,0.00
07:34:06,0.00,0.00
07:34:16,0.00,0.00
07:34:26,0.00,0.00
07:34:36,0.00,0.00
07:34:46,0.00,0.00
07:34:56,0.00,0.00
07:35:06,0.00,0.00
07:35:16,0.00,0.00
07:35:26,0.00,0.00
07:35:36,0.00,0.00
07:35:46,0.00,0.00
07:35:56,0.00,0.00
07:36:06,0.00,0.00
07:36:16,0.00,0.00
07:36:27,0.00,0.00
07:36:37,0.00,0.00
07:36:47,0.00,0.00
07:36:57,0.00,0.00
07:37:07,0.00,0.00
07:37:17,0.00,0.00
07:37:27,0.00,0.00
07:37:37,0.00,0.00
07:37:47,0.00,0.00
07:37:57,0.00,0.00
07:38:07,0.00,0.00
07:38:17,0.00,0.00
07:38:27,0.00,0.00
07:38:37,0.00,0.00
07:38:47,0.00,0.00
07:38:57,0.00,0.00
07:39:07,0.00,0.00
07:39:17,0.00,0.00
07:39:27,0.00,0.00
07:39:37,0.00,0.00
07:39:47,0.00,0.00
07:39:57,0.00,0.00
07:40:07,0.00,0.00
07:40:17,0.00,0.00
07:40:27,0.00,0.00
07:40:37,0.00,0.00
07:40:47,0.00,0.00
07:40:57,0.00,0.00
07:41:07,0.00,0.00
07:41:17,0.00,0.00
07:41:44,0.00,0.00
07:41:54,0.00,0.00
07:42:04,0.00,0.00
07:42:14,0.00,0.00
07:42:24,0.00,0.00
07:42:34,0.00,0.00
07:42:44,0.00,0.00
07:42:54,0.00,0.00
07:43:04,0.00,0.00
07:43:14,0.00,0.00
07:43:24,0.00,0.00
07:43:34,0.00,0.00
07:43:44,0.00,0.00
07:43:54,0.00,0.00
07:44:04,0.00,0.00
07:44:14,0.00,0.00
07:44:24,0.00,0.00
07:44:34,0.00,0.00
07:44:44,0.00,0.00
07:44:54,0.00,0.00
07:45:04,0.00,0.00
07:45:14,0.00,0.00
07:45:24,0.00,0.00
07:45:34,0.00,0.00
07:45:44,0.00,0.00
07:45:54,0.00,0.00
07:46:04,0.00,0.00
07:46:14,0.00,0.00
07:46:24,0.00,0.00
07:46:42,0.00,0.00
07:46:52,0.00,0.00
07:47:02,0.00,0.00
07:47:12,0.00,0.00
07:47:22,0.00,0.00
07:47:32,0.00,0.00
07:47:42,0.00,0.00
07:47:52,0.00,0.00
07:48:02,0.00,0.00
07:48:12,0.00,0.00
07:48:22,0.00,0.00
07:48:32,0.00,0.00
07:48:42,0.00,0.00
07:48:52,0.00,0.00
07:49:02,0.00,0.00
07:49:12,0.00,0.00
07:49:22,0.00,0.00
07:49:32,0.00,0.00
07:49:42,0.00,0.00
07:49:52,0.00,0.00
07:50:02,0.00,0.00
07:50:12,0.00,0.00
07:50:22,0.00,0.00
07:50:32,0.00,0.00
07:50:42,0.00,0.00
07:50:52,0.00,0.00
07:51:02,0.00,0.00
07:51:12,0.00,0.00
07:51:22,0.00,0.00
07:51:32,0.00,0.00
07:51:47,0.00,0.00
07:51:57,0.00,0.00
07:52:07,0.00,0.00
07:52:17,0.00,0.00
07:52:27,0.00,0.00
07:52:37,0.00,0.00
07:52:47,0.00,0.00
07:52:57,0.00,0.00
07:53:07,0.00,0.00
07:53:17,0.00,0.00
07:53:27,0.00,0.00
07:53:37,0.00,0.00
07:53:47,0.00,0.00
07:53:57,0.00,0.00
07:54:07,0.00,0.00
07:54:17,0.00,0.00
07:54:27,0.00,0.00
07:54:37,0.00,0.00
07:54:47,0.00,0.00
07:54:57,0.00,0.00
07:55:07,0.00,0.00
07:55:17,0.00,0.00
07:55:27,0.00,0.00
07:55:37,0.00,0.00
07:55:47,0.00,0.00
07:55:57,0.00,0.00
07:56:07,0.00,0.00
07:56:17,0.00,0.00
07:56:27,0.00,0.00
07:56:37,0.00,0.00
07:56:50,0.00,0.00
07:57:00,0.00,0.00
07:57:10,0.00,0.00
07:57:20,0.00,0.00
07:57:30,0.00,0.00
07:57:40,0.00,0.00
07:57:50,0.00,0.00
07:58:00,0.00,0.00
07:58:10,0.00,0.00
07:58:20,0.00,0.00
07:58:30,0.00,0.00
07:58:40,0.00,0.00
07:58:50,0.00,0.00
07:59:00,0.00,0.00
07:59:10,0.00,0.00
07:59:20,0.00,0.00
07:59:30,0.00,0.00
07:59:40,0.00,0.00
07:59:50,0.00,0.00
08:00:00,0.00,0.00
08:00:10,0.00,0.00
08:00:20,0.00,0.00
08:00:30,0.00,0.00
08:00:40,0.00,0.00
08:00:50,0.00,0.00
08:01:00,0.00,0.00
08:01:10,0.00,0.00
08:01:20,0.00,0.00
08:01:30,0.00,0.00
08:01:40,0.00,0.00
08:01:59,0.00,0.00
08:02:09,0.00,0.00
08:02:19,0.00,0.00
08:02:29,0.00,0.00
08:02:39,0.00,0.00
08:02:49,0.00,0.00
08:02:59,0.00,0.00
08:03:09,0.00,0.00
08:03:19,0.00,0.00
08:03:29,0.00,0.00
08:03:39,0.00,0.00
08:03:49,0.00,0.00
08:03:59,0.00,0.00
08:04:09,0.00,0.00
08:04:19,0.00,0.00
08:04:29,0.00,0.00
08:04:39,0.00,0.00
08:04:49,0.00,0.00
08:04:59,0.00,0.00
08:05:09,0.00,0.00
08:05:19,0.00,0.00
08:05:29,0.00,0.00
08:05:39,0.00,0.00
08:05:49,0.00,0.00
08:05:59,0.00,0.00
08:06:09,0.00,0.00
08:06:19,0.00,0.00
08:06:29,0.00,0.00
08:06:39,0.00,0.00
08:06:49,0.00,0.00
08:07:00,0.00,0.00
08:07:10,0.00,0.00
08:07:20,0.00,0.00
08:07:30,0.00,0.00
08:07:40,0.00,0.00
08:07:50,0.00,0.00
08:08:00,0.00,0.00
08:08:10,0.00,0.00
08:08:20,0.00,0.00
08:08:30,0.00,0.00
08:08:40,0.00,0.00
08:08:50,0.00,0.00
08:09:00,0.00,0.00
08:09:10,0.00,0.00
08:09:20,0.00,0.00
08:09:30,0.00,0.00
08:09:40,0.00,0.00
08:09:50,0.00,0.00
08:10:00,0.00,0.00
08:10:10,0.00,0.00
08:10:20,0.00,0.00
08:10:30,0.00,0.00
08:10:40,0.00,0.00
08:10:50,0.00,0.00
08:11:00,0.00,0.00
08:11:10,0.00,0.00
08:11:20,0.00,0.00
08:11:30,0.00,0.00
08:11:40,0.00,0.00
08:11:50,0.00,0.00
08:12:02,0.00,0.00
08:12:11,0.00,0.00
08:12:21,0.00,0.00
08:12:32,0.00,0.00
08:12:42,0.00,0.00
08:12:51,0.00,0.00
08:13:02,0.00,0.00
08:13:12,0.00,0.00
08:13:21,0.00,0.00
08:13:32,0.00,0.00
08:13:42,0.00,0.00
08:13:51,0.00,0.00
08:14:02,0.00,0.00
08:14:12,0.00,0.00
08:14:21,0.00,0.00
08:14:32,0.00,0.00
08:14:42,0.00,0.00
08:14:52,0.00,0.00
08:15:02,0.00,0.00
08:15:12,0.00,0.00
08:15:22,0.00,0.00
08:15:32,0.00,0.00
08:15:42,0.00,0.00
08:15:52,0.00,0.00
08:16:02,0.00,0.00
08:16:11,0.00,0.00
08:16:22,0.00,0.00
08:16:31,0.00,0.00
08:16:41,0.00,0.00
08:16:52,0.00,0.00
08:17:03,0.00,0.00
08:17:13,0.00,0.00
08:17:23,0.00,0.00
08:17:33,0.00,0.00
08:17:43,0.00,0.00
08:17:53,0.00,0.00
08:18:03,0.00,0.00
08:18:13,0.00,0.00
08:18:23,0.00,0.00
08:18:33,0.00,0.00
08:18:43,0.00,0.00
08:18:53,0.00,0.00
08:19:03,0.00,0.00
08:19:13,0.00,0.00
08:19:23,0.00,0.00
08:19:33,0.00,0.00
08:19:43,0.00,0.00
08:19:53,0.00,0.00
08:20:03,0.00,0.00
08:20:13,0.00,0.00
08:20:23,0.00,0.00
08:20:33,0.00,0.00
08:20:43,0.00,0.00
08:20:53,0.00,0.00
08:21:03,0.00,0.00
08:21:13,0.00,0.00
08:21:23,0.00,0.00
08:21:33,0.00,0.00
08:21:43,0.00,0.00
08:21:53,0.00,0.00
08:22:05,0.00,0.00
08:22:15,0.00,0.00
08:22:25,0.00,0.00
08:22:35,0.00,0.00
08:22:45,0.00,0.00
08:22:55,0.00,0.00
08:23:05,0.00,0.00
08:23:15,0.00,0.00
08:23:25,0.00,0.00
08:23:35,0.00,0.00
08:23:45,0.00,0.00
08:23:55,0.00,0.00
08:24:05,0.00,0.00
08:24:15,0.00,0.00
08:24:25,0.00,0.00
08:24:35,0.00,0.00
08:24:45,0.00,0.00
08:24:55,0.00,0.00
08:25:05,0.00,0.00
08:25:15,0.00,0.00
08:25:25,0.00,0.00
08:25:35,0.00,0.00
08:25:45,0.00,0.00
08:25:55,0.00,0.00
08:26:05,0.00,0.00
08:26:15,0.00,0.00
08:26:25,0.00,0.00
08:26:35,0.00,0.00
08:26:45,0.00,0.00
08:26:55,0.00,0.00
08:27:07,0.00,0.00
08:27:17,0.00,0.00
08:27:27,0.00,0.00
08:27:37,0.00,0.00
08:27:47,0.00,0.00
08:27:57,0.00,0.00
08:28:07,0.00,0.00
08:28:17,0.00,0.00
08:28:27,0.00,0.00
08:28:37,0.00,0.00
08:28:47,0.00,0.00
08:28:57,0.00,0.00
08:29:07,0.00,0.00
08:29:17,0.00,0.00
08:29:27,0.00,0.00
08:29:37,0.00,0.00
08:29:47,0.00,0.00
08:29:57,0.00,0.00
08:30:07,0.00,0.00
08:30:17,0.00,0.00
08:30:27,0.00,0.00
08:30:37,0.00,0.00
08:30:47,0.00,0.00
08:30:57,0.00,0.00
08:31:07,0.00,0.00
08:31:17,0.00,0.00
08:31:27,0.00,0.00
08:31:37,0.00,0.00
08:31:47,0.00,0.00
08:31:57,0.00,0.00
08:32:12,0.00,0.00
08:32:22,0.00,0.00
08:32:32,0.00,0.00
08:32:42,0.00,0.00
08:32:52,0.00,0.00
08:33:02,0.00,0.00
08:33:12,0.00,0.00
08:33:22,0.00,0.00
08:33:32,0.00,0.00
08:33:42,0.00,0.00
08:33:52,0.00,0.00
08:34:02,0.00,0.00
08:34:12,0.00,0.00
08:34:22,0.00,0.00
08:34:32,0.00,0.00
08:34:42,0.00,0.00
08:34:52,0.00,0.00
08:35:02,0.00,0.00
08:35:12,0.00,0.00
08:35:22,0.00,0.00
08:35:32,0.00,0.00
08:35:42,0.00,0.00
08:35:52,0.00,0.00
08:36:02,0.00,0.00
08:36:12,0.00,0.00
08:36:22,0.00,0.00
08:36:32,0.00,0.00
08:36:42,0.00,0.00
08:36:52,0.00,0.00
08:37:02,0.00,0.00
08:37:26,0.00,0.00
08:37:36,0.00,0.00
08:37:46,0.00,0.00
08:37:56,0.00,0.00
08:38:06,0.00,0.00
08:38:16,0.00,0.00
08:38:26,0.00,0.00
08:38:36,0.00,0.00
08:38:46,0.00,0.00
08:38:56,0.00,0.00
08:39:06,0.00,0.00
08:39:16,0.00,0.00
08:39:26,0.00,0.00
08:39:36,0.00,0.00
08:39:46,0.00,0.00
08:39:56,0.00,0.00
08:40:06,0.00,0.00
08:40:16,0.00,0.00
08:40:26,0.00,0.00
08:40:36,0.00,0.00
08:40:46,0.00,0.00
08:40:56,0.00,0.00
08:41:06,0.00,0.00
08:41:16,0.00,0.00
08:41:26,0.00,0.00
08:41:36,0.00,0.00
08:41:46,0.00,0.00
08:41:56,0.00,0.00
08:42:06,0.00,0.00
08:42:25,0.00,0.00
08:42:34,0.00,0.00
08:42:45,0.00,0.00
08:42:55,0.00,0.00
08:43:04,0.00,0.00
08:43:15,0.00,0.00
08:43:25,0.00,0.00
08:43:34,0.00,0.00
08:43:45,0.00,0.00
08:43:55,0.00,0.00
08:44:04,0.00,0.00
08:44:15,0.00,0.00
08:44:24,0.00,0.00
08:44:35,0.00,0.00
08:44:45,0.00,0.00
08:44:54,0.00,0.00
08:45:04,0.00,0.00
08:45:15,0.00,0.00
08:45:24,0.00,0.00
08:45:35,0.00,0.00
08:45:45,0.00,0.00
08:45:54,0.00,0.00
08:46:05,0.00,0.00
08:46:15,0.00,0.00
08:46:24,0.00,0.00
08:46:35,0.00,0.00
08:46:45,0.00,0.00
08:46:54,0.00,0.00
08:47:05,0.00,0.00
08:47:15,0.00,0.00
08:47:26,0.00,0.00
08:47:36,0.00,0.00
08:47:46,0.00,0.00
08:47:56,0.00,0.00
08:48:06,0.00,0.00
08:48:16,0.00,0.00
08:48:26,0.00,0.00
08:48:36,0.00,0.00
08:48:46,0.00,0.00
08:48:56,0.00,0.00
08:49:06,0.00,0.00
08:49:16,0.00,0.00
08:49:26,0.00,0.00
08:49:36,0.00,0.00
08:49:46,0.00,0.00
08:49:56,0.00,0.00
08:50:06,0.00,0.00
08:50:16,0.00,0.00
08:50:26,0.00,0.00
08:50:36,0.00,0.00
08:50:46,0.00,0.00
08:50:56,0.00,0.00
08:51:06,0.00,0.00
08:51:16,0.00,0.00
08:51:26,0.00,0.00
08:51:36,0.00,0.00
08:51:46,0.00,0.00
08:51:56,0.00,0.00
08:52:06,0.00,0.00
08:52:16,0.00,0.00
08:52:28,0.00,0.00
08:52:38,0.00,0.00
08:52:48,0.00,0.00
08:52:58,0.00,0.00
08:53:08,0.00,0.00
08:53:18,0.00,0.00
08:53:28,0.00,0.00
08:53:38,0.00,0.00
08:53:48,0.00,0.00
08:53:58,0.00,0.00
08:54:08,0.00,0.00
08:54:18,0.00,0.00
08:54:28,0.00,0.00
08:54:38,0.00,0.00
08:54:48,0.00,0.00
08:54:58,0.00,0.00
08:55:08,0.00,0.00
08:55:18,0.00,0.00
08:55:28,0.00,0.00
08:55:38,0.00,0.00
08:55:48,0.00,0.00
08:55:58,0.00,0.00
08:56:08,0.00,0.00
08:56:18,0.00,0.00
08:56:28,0.00,0.00
08:56:38,0.00,0.00
08:56:48,0.00,0.00
08:56:58,0.00,0.00
08:57:08,0.00,0.00
08:57:18,0.00,0.00
08:57:30,0.00,0.00
08:57:40,0.00,0.00
08:57:50,0.00,0.00
08:58:00,0.00,0.00
08:58:10,0.00,0.00
08:58:20,0.00,0.00
08:58:30,0.00,0.00
08:58:40,0.00,0.00
08:58:50,0.00,0.00
08:59:00,0.00,0.00
08:59:10,0.00,0.00
08:59:20,0.00,0.00
08:59:30,0.00,0.00
08:59:40,0.00,0.00
08:59:50,0.00,0.00
09:00:00,0.00,0.00
09:00:10,0.00,0.00
09:00:20,0.00,0.00
09:00:30,0.00,0.00
09:00:40,0.00,0.00
09:00:50,0.00,0.00
09:01:00,0.00,0.00
09:01:10,0.00,0.00
09:01:20,0.00,0.00
09:01:30,0.00,0.00
09:01:40,0.00,0.00
09:01:50,0.00,0.00
09:02:00,0.00,0.00
09:02:10,0.00,0.00
09:02:20,0.00,0.00
09:02:32,0.00,0.00
09:02:42,0.00,0.00
09:02:52,0.00,0.00
09:03:02,0.00,0.00
09:03:12,0.00,0.00
09:03:22,0.00,0.00
09:03:32,0.00,0.00
09:03:42,0.00,0.00
09:03:52,0.00,0.00
09:04:02,0.00,0.00
09:04:12,0.00,0.00
09:04:22,0.00,0.00
09:04:32,0.00,0.00
09:04:42,0.00,0.00
09:04:52,0.00,0.00
09:05:02,0.00,0.00
09:05:12,0.00,0.00
09:05:22,0.00,0.00
09:05:32,0.00,0.00
09:05:42,0.00,0.00
09:05:52,0.00,0.00
09:06:02,0.00,0.00
09:06:12,0.00,0.00
09:06:22,0.00,0.00
09:06:32,0.00,0.00
09:06:42,0.00,0.00
09:06:52,0.00,0.00
09:07:02,0.00,0.00
09:07:12,0.00,0.00
09:07:22,0.00,0.00
09:07:34,0.00,0.00
09:07:44,0.00,0.00
09:07:54,0.00,0.00
09:08:04,0.00,0.00
09:08:14,0.00,0.00
09:08:24,0.00,0.00
09:08:34,0.00,0.00
09:08:44,0.00,0.00
09:08:54,0.00,0.00
09:09:04,0.00,0.00
09:09:14,0.00,0.00
09:09:24,0.00,0.00
09:09:34,0.00,0.00
09:09:44,0.00,0.00
09:09:54,0.00,0.00
09:10:04,0.00,0.00
09:10:14,0.00,0.00
09:10:24,0.00,0.00
09:10:34,0.00,0.00
09:10:44,0.00,0.00
09:10:54,0.00,0.00
09:11:04,0.00,0.00
09:11:14,0.00,0.00
09:11:24,0.00,0.00
09:11:34,0.00,0.00
09:11:44,0.00,0.00
09:11:54,0.00,0.00
09:12:04,0.00,0.00
09:12:14,0.00,0.00
09:12:24,0.00,0.00
09:12:36,0.00,0.00
09:12:46,0.00,0.00
09:12:56,0.00,0.00
09:13:06,0.00,0.00
09:13:16,0.00,0.00
09:13:26,0.00,0.00
09:13:36,0.00,0.00
09:13:46,0.00,0.00
09:13:56,0.00,0.00
09:14:06,0.00,0.00
09:14:16,0.00,0.00
09:14:26,0.00,0.00
09:14:36,0.00,0.00
09:14:46,0.00,0.00
09:14:56,0.00,0.00
09:15:06,0.00,0.00
09:15:16,0.00,0.00
09:15:26,0.00,0.00
09:15:36,0.00,0.00
09:15:46,0.00,0.00
09:15:56,0.00,0.00
09:16:06,0.00,0.00
09:16:16,0.00,0.00
09:16:26,0.00,0.00
09:16:36,0.00,0.00
09:16:46,0.00,0.00
09:16:56,0.00,0.00
09:17:06,0.00,0.00
09:17:16,0.00,0.00
09:17:26,0.00,0.00
09:17:46,0.00,0.00
09:17:56,0.00,0.00
09:18:06,0.00,0.00
09:18:16,0.00,0.00
09:18:26,0.00,0.00
09:18:36,0.00,0.00
09:18:46,0.00,0.00
09:18:56,0.00,0.00
09:19:06,0.00,0.00
09:19:16,0.00,0.00
09:19:26,0.00,0.00
09:19:36,0.00,0.00
09:19:46,0.00,0.00
09:19:56,0.00,0.00
09:20:06,0.00,0.00
09:20:16,0.00,0.00
09:20:26,0.00,0.00
09:20:36,0.00,0.00
09:20:46,0.00,0.00
09:20:56,0.00,0.00
09:21:06,0.00,0.00
09:21:16,0.00,0.00
09:21:26,0.00,0.00
09:21:36,0.00,0.00
09:21:46,0.00,0.00
09:21:56,0.00,0.00
09:22:06,0.00,0.00
09:22:16,0.00,0.00
09:22:26,0.00,0.00
09:22:38,0.00,0.00
09:22:48,0.00,0.00
09:22:58,0.00,0.00
09:23:08,0.00,0.00
09:23:18,0.00,0.00
09:23:28,0.00,0.00
09:23:38,0.00,0.00
09:23:48,0.00,0.00
09:23:58,0.00,0.00
09:24:08,0.00,0.00
09:24:18,0.00,0.00
09:24:28,0.00,0.00
09:24:38,0.00,0.00
09:24:48,0.00,0.00
09:24:58,0.00,0.00
09:25:08,0.00,0.00
09:25:18,0.00,0.00
09:25:28,0.00,0.00
09:25:38,0.00,0.00
09:25:48,0.00,0.00
09:25:58,0.00,0.00
09:26:08,0.00,0.00
09:26:18,0.00,0.00
09:26:28,0.00,0.00
09:26:38,0.00,0.00
09:26:48,0.00,0.00
09:26:58,0.00,0.00
09:27:08,0.00,0.00
09:27:18,0.00,0.00
09:27:28,0.00,0.00
09:27:40,0.00,0.00
09:27:50,0.00,0.00
09:28:00,0.00,0.00
09:28:10,0.00,0.00
09:28:20,0.00,0.00
09:28:30,0.00,0.00
09:28:40,0.00,0.00
09:28:50,0.00,0.00
09:29:00,0.00,0.00
09:29:10,0.00,0.00
09:29:20,0.00,0.00
09:29:30,0.00,0.00
09:29:40,0.00,0.00
09:29:50,0.00,0.00
09:30:00,0.00,0.00
09:30:10,0.00,0.00
09:30:20,0.00,0.00
09:30:30,0.00,0.00
09:30:40,0.00,0.00
09:30:50,0.00,0.00
09:31:00,0.00,0.00
09:31:10,0.00,0.00
09:31:20,0.00,0.00
09:31:30,0.00,0.00
09:31:40,0.00,0.00
09:31:50,0.00,0.00
09:32:00,0.00,0.00
09:32:10,0.00,0.00
09:32:20,0.00,0.00
09:32:30,0.00,0.00
09:32:42,0.00,0.00
09:32:52,0.00,0.00
09:33:02,0.00,0.00
09:33:12,0.00,0.00
09:33:22,0.00,0.00
09:33:32,0.00,0.00
09:33:42,0.00,0.00
09:33:52,0.00,0.00
09:34:02,0.00,0.00
09:34:12,0.00,0.00
09:34:22,0.00,0.00
09:34:32,0.00,0.00
09:34:42,0.00,0.00
09:34:52,0.00,0.00
09:35:02,0.00,0.00
09:35:12,0.00,0.00
09:35:22,0.00,0.00
09:35:32,0.00,0.00
09:35:42,0.00,0.00
09:35:52,0.00,0.00
09:36:02,0.00,0.00
09:36:12,0.00,0.00
09:36:22,0.00,0.00
09:36:32,0.00,0.00
09:36:42,0.00,0.00
09:36:52,0.00,0.00
09:37:02,0.00,0.00
09:37:12,0.00,0.00
09:37:22,0.00,0.00
09:37:32,0.00,0.00
09:37:53,0.00,0.00
09:38:03,0.00,0.00
09:38:13,0.00,0.00
09:38:23,0.00,0.00
09:38:33,0.00,0.00
09:38:43,0.00,0.00
09:38:53,0.00,0.00
09:39:03,0.00,0.00
09:39:13,0.00,0.00
09:39:23,0.00,0.00
09:39:33,0.00,0.00
09:39:43,0.00,0.00
09:39:53,0.00,0.00
09:40:03,0.00,0.00
09:40:13,0.00,0.00
09:40:23,0.00,0.00
09:40:33,0.00,0.00
09:40:43,0.00,0.00
09:40:53,0.00,0.00
09:41:03,0.00,0.00
09:41:13,0.00,0.00
09:41:23,0.00,0.00
09:41:33,0.00,0.00
09:41:43,0.00,0.00
09:41:53,0.00,0.00
09:42:03,0.00,0.00
09:42:13,0.00,0.00
09:42:23,0.00,0.00
09:42:33,0.00,0.00
09:42:46,0.00,0.00
09:42:56,0.00,0.00
09:43:06,0.00,0.00
09:43:16,0.00,0.00
09:43:26,0.00,0.00
09:43:36,0.00,0.00
09:43:46,0.00,0.00
09:43:56,0.00,0.00
09:44:06,0.00,0.00
09:44:16,0.00,0.00
09:44:26,0.00,0.00
09:44:36,0.00,0.00
09:44:46,0.00,0.00
09:44:56,0.00,0.00
09:45:06,0.00,0.00
09:45:16,0.00,0.00
09:45:26,0.00,0.00
09:45:36,0.00,0.00
09:45:46,0.00,0.00
09:45:56,0.00,0.00
09:46:06,0.00,0.00
09:46:16,0.00,0.00
09:46:26,0.00,0.00
09:46:36,0.00,0.00
09:46:46,0.00,0.00
09:46:56,0.00,0.00
09:47:06,0.00,0.00
09:47:16,0.00,0.00
09:47:26,0.00,0.00
09:47:36,0.00,0.00
09:47:48,0.00,0.00
09:47:58,0.00,0.00
09:48:08,0.00,0.00
09:48:18,0.00,0.00
09:48:28,0.00,0.00
09:48:38,0.00,0.00
09:48:48,0.00,0.00
09:48:58,0.00,0.00
09:49:08,0.00,0.00
09:49:18,0.00,0.00
09:49:28,0.00,0.00
09:49:38,0.00,0.00
09:49:48,0.00,0.00
09:49:58,0.00,0.00
09:50:08,0.00,0.00
09:50:18,0.00,0.00
09:50:28,0.00,0.00
09:50:38,0.00,0.00
09:50:48,0.00,0.00
09:50:58,0.00,0.00
09:51:08,0.00,0.00
09:51:18,0.00,0.00
09:51:28,0.00,0.00
09:51:38,0.00,0.00
09:51:48,0.00,0.00
09:51:58,0.00,0.00
09:52:08,0.00,0.00
09:52:18,0.00,0.00
09:52:28,0.00,0.00
09:52:38,0.00,0.00
09:52:51,0.00,0.00
09:53:01,0.00,0.00
09:53:11,0.00,0.00
09:53:21,0.00,0.00
09:53:31,0.00,0.00
09:53:41,0.00,0.00
09:53:51,0.00,0.00
09:54:01,0.00,0.00
09:54:11,0.00,0.00
09:54:21,0.00,0.00
09:54:31,0.00,0.00
09:54:41,0.00,0.00
09:54:51,0.00,0.00
09:55:01,0.00,0.00
09:55:11,0.00,0.00
09:55:21,0.00,0.00
09:55:31,0.00,0.00
09:55:41,0.00,0.00
09:55:51,0.00,0.00
09:56:01,0.00,0.00
09:56:11,0.00,0.00
09:56:21,0.00,0.00
09:56:31,0.00,0.00
09:56:41,0.00,0.00
09:56:51,0.00,0.00
09:57:01,0.00,0.00
09:57:11,0.00,0.00
09:57:21,0.00,0.00
09:57:31,0.00,0.00
09:57:41,0.00,0.00
09:57:54,0.00,0.00
09:58:04,0.00,0.00
09:58:14,0.00,0.00
09:58:24,0.00,0.00
09:58:34,0.00,0.00
09:58:44,0.00,0.00
09:58:54,0.00,0.00
09:59:04,0.00,0.00
09:59:14,0.00,0.00
09:59:24,0.00,0.00
09:59:34,0.00,0.00
09:59:44,0.00,0.00
09:59:54,0.00,0.00
10:00:04,0.00,0.00
10:00:14,0.00,0.00
10:00:24,0.00,0.00
10:00:34,0.00,0.00
10:00:44,0.00,0.00
10:00:54,0.00,0.00
10:01:04,0.00,0.00
10:01:14,0.00,0.00
10:01:24,0.00,0.00
10:01:34,0.00,0.00
10:01:44,0.00,0.00
10:01:54,0.00,0.00
10:02:04,0.00,0.00
10:02:14,0.00,0.00
10:02:24,0.00,0.00
10:02:34,0.00,0.00
10:02:44,0.00,0.00
10:02:57,0.00,0.00
10:03:07,0.00,0.00
10:03:17,0.00,0.00
10:03:27,0.00,0.00
10:03:37,0.00,0.00
10:03:47,0.00,0.00
10:03:57,0.00,0.00
10:04:07,0.00,0.00
10:04:17,0.00,0.00
10:04:27,0.00,0.00
10:04:37,0.00,0.00
10:04:47,0.00,0.00
10:04:57,0.00,0.00
10:05:07,0.00,0.00
10:05:17,0.00,0.00
10:05:27,0.00,0.00
10:05:37,0.00,0.00
10:05:47,0.00,0.00
10:05:57,0.00,0.00
10:06:07,0.00,0.00
10:06:17,0.00,0.00
10:06:27,0.00,0.00
10:06:37,0.00,0.00
10:06:47,0.00,0.00
10:06:57,0.00,0.00
10:07:07,0.00,0.00
10:07:17,0.00,0.00
10:07:27,0.00,0.00
10:07:37,0.00,0.00
10:07:47,0.00,0.00
10:07:59,0.00,0.00
10:08:09,0.00,0.00
10:08:19,0.00,0.00
10:08:29,0.00,0.00
10:08:39,0.00,0.00
10:08:49,0.00,0.00
10:08:59,0.00,0.00
10:09:09,0.00,0.00
10:09:19,0.00,0.00
10:09:29,0.00,0.00
10:09:39,0.00,0.00
10:09:49,0.00,0.00
10:09:59,0.00,0.00
10:10:09,0.00,0.00
10:10:19,0.00,0.00
10:10:29,0.00,0.00
10:10:39,0.00,0.00
10:10:49,0.00,0.00
10:10:59,0.00,0.00
10:11:09,0.00,0.00
10:11:19,0.00,0.00
10:11:29,0.00,0.00
10:11:39,0.00,0.00
10:11:49,0.00,0.00
10:11:59,0.00,0.00
10:12:09,0.00,0.00
10:12:19,0.00,0.00
10:12:29,0.00,0.00
10:12:39,0.00,0.00
10:12:49,0.00,0.00
10:13:02,0.00,0.00
10:13:12,0.00,0.00
10:13:22,0.00,0.00
10:13:32,0.00,0.00
10:13:42,0.00,0.00
10:13:52,0.00,0.00
10:14:02,0.00,0.00
10:14:12,0.00,0.00
10:14:22,0.00,0.00
10:14:32,0.00,0.00
10:14:42,0.00,0.00
10:14:52,0.00,0.00
10:15:02,0.00,0.00
10:15:12,0.00,0.00
10:15:22,0.00,0.00
10:15:32,0.00,0.00
10:15:42,0.00,0.00
10:15:52,0.00,0.00
10:16:02,0.00,0.00
10:16:12,0.00,0.00
10:16:22,0.00,0.00
10:16:32,0.00,0.00
10:16:42,0.00,0.00
10:16:52,0.00,0.00
10:17:02,0.00,0.00
10:17:12,0.00,0.00
10:17:22,0.00,0.00
10:17:32,0.00,0.00
10:17:42,0.00,0.00
10:17:52,0.00,0.00
10:18:05,0.00,0.00
10:18:15,0.00,0.00
10:18:25,0.00,0.00
10:18:35,0.00,0.00
10:18:45,0.00,0.00
10:18:55,0.00,0.00
10:19:05,0.00,0.00
10:19:15,0.00,0.00
10:19:25,0.00,0.00
10:19:35,0.00,0.00
10:19:45,0.00,0.00
10:19:55,0.00,0.00
10:20:05,0.00,0.00
10:20:15,0.00,0.00
10:20:25,0.00,0.00
10:20:35,0.00,0.00
10:20:45,0.00,0.00
10:20:55,0.00,0.00
10:21:05,0.00,0.00
10:21:15,0.00,0.00
10:21:25,0.00,0.00
10:21:35,0.00,0.00
10:21:45,0.00,0.00
10:21:55,0.00,0.00
10:22:05,0.00,0.00
10:22:15,0.00,0.00
10:22:25,0.00,0.00
10:22:35,0.00,0.00
10:22:45,0.00,0.00
10:22:55,0.00,0.00
10:23:08,0.00,0.00
10:23:18,0.00,0.00
10:23:28,0.00,0.00
10:23:38,0.00,0.00
10:23:48,0.00,0.00
10:23:58,0.00,0.00
10:24:08,0.00,0.00
10:24:18,0.00,0.00
10:24:28,0.00,0.00
10:24:38,0.00,0.00
10:24:48,0.00,0.00
10:24:58,0.00,0.00
10:25:08,0.00,0.00
10:25:18,0.00,0.00
10:25:28,0.00,0.00
10:25:38,0.00,0.00
10:25:48,0.00,0.00
10:25:58,0.00,0.00
10:26:08,0.00,0.00
10:26:18,0.00,0.00
10:26:28,0.00,0.00
10:26:38,0.00,0.00
10:26:48,0.00,0.00
10:26:58,0.00,0.00
10:27:08,0.00,0.00
10:27:18,0.00,0.00
10:27:28,0.00,0.00
10:27:38,0.00,0.00
10:27:48,0.00,0.00
10:27:58,0.00,0.00
10:28:11,0.00,0.00
10:28:21,0.00,0.00
10:28:31,0.00,0.00
10:28:41,0.00,0.00
10:28:51,0.00,0.00
10:29:01,0.00,0.00
10:29:11,0.00,0.00
10:29:21,0.00,0.00
10:29:31,0.00,0.00
10:29:41,0.00,0.00
10:29:51,0.00,0.00
10:30:01,0.00,0.00
10:30:11,0.00,0.00
10:30:21,0.00,0.00
10:30:31,0.00,0.00
10:30:41,0.00,0.00
10:30:51,0.00,0.00
10:31:01,0.00,0.00
10:31:11,0.00,0.00
10:31:21,0.00,0.00
10:31:31,0.00,0.00
10:31:41,0.00,0.00
10:31:51,0.00,0.00
10:32:01,0.00,0.00
10:32:11,0.00,0.00
10:32:21,0.00,0.00
10:32:31,0.00,0.00
10:32:41,0.00,0.00
10:32:51,0.00,0.00
10:33:01,0.00,0.00
10:33:17,0.00,0.00
10:33:27,0.00,0.00
10:33:37,0.00,0.00
10:33:47,0.00,0.00
10:33:57,0.00,0.00
10:34:07,0.00,0.00
10:34:17,0.00,0.00
10:34:27,0.00,0.00
10:34:37,0.00,0.00
10:34:47,0.00,0.00
10:34:57,0.00,0.00
10:35:07,0.00,0.00
10:35:17,0.00,0.00
10:35:27,0.00,0.00
10:35:37,0.00,0.00
10:35:47,0.00,0.00
10:35:57,0.00,0.00
10:36:07,0.00,0.00
10:36:17,0.00,0.00
10:36:27,0.00,0.00
10:36:37,0.00,0.00
10:36:47,0.00,0.00
10:36:57,0.00,0.00
10:37:07,0.00,0.00
10:37:17,0.00,0.00
10:37:27,0.00,0.00
10:37:37,0.00,0.00
10:37:47,0.00,0.00
10:37:57,0.00,0.00
10:38:07,0.00,0.00
10:38:27,0.00,0.00
10:38:37,0.00,0.00
10:38:47,0.00,0.00
10:38:57,0.00,0.00
10:39:08,0.00,0.00
10:39:17,0.00,0.00
10:39:27,0.00,0.00
10:39:38,0.00,0.00
10:39:47,0.00,0.00
10:39:57,0.00,0.00
10:40:08,0.00,0.00
10:40:17,0.00,0.00
10:40:27,0.00,0.00
10:40:38,0.00,0.00
10:40:47,0.00,0.00
10:40:57,0.00,0.00
10:41:08,0.00,0.00
10:41:17,0.00,0.00
10:41:27,0.00,0.00
10:41:38,0.00,0.00
10:41:47,0.00,0.00
10:41:57,0.00,0.00
10:42:08,0.00,0.00
10:42:17,0.00,0.00
10:42:27,0.00,0.00
10:42:38,0.00,0.00
10:42:47,0.00,0.00
10:42:57,0.00,0.00
10:43:07,0.00,0.00
10:43:17,0.00,0.00
10:43:27,0.00,0.00
10:43:38,0.00,0.00
10:43:47,0.00,0.00
10:43:58,0.00,0.00
10:44:08,0.00,0.00
10:44:17,0.00,0.00
10:44:28,0.00,0.00
10:44:38,0.00,0.00
10:44:47,0.00,0.00
10:44:58,0.00,0.00
10:45:07,0.00,0.00
10:45:17,0.00,0.00
10:45:28,0.00,0.00
10:45:37,0.00,0.00
10:45:47,0.00,0.00
10:45:58,0.00,0.00
10:46:07,0.00,0.00
10:46:17,0.00,0.00
10:46:28,0.00,0.00
10:46:37,0.00,0.00
10:46:47,0.00,0.00
10:46:58,0.00,0.00
10:47:07,0.00,0.00
10:47:17,0.00,0.00
10:47:28,0.00,0.00
10:47:37,0.00,0.00
10:47:48,0.00,0.00
10:47:58,0.00,0.00
10:48:07,0.00,0.00
10:48:21,0.00,0.00
10:48:31,0.00,0.00
10:48:41,0.00,0.00
10:48:51,0.00,0.00
10:49:01,0.00,0.00
10:49:11,0.00,0.00
10:49:21,0.00,0.00
10:49:31,0.00,0.00
10:49:41,0.00,0.00
10:49:51,0.00,0.00
10:50:01,0.00,0.00
10:50:11,0.00,0.00
10:50:21,0.00,0.00
10:50:31,0.00,0.00
10:50:41,0.00,0.00
10:50:51,0.00,0.00
10:51:01,0.00,0.00
10:51:11,0.00,0.00
10:51:21,0.00,0.00
10:51:31,0.00,0.00
10:51:41,0.00,0.00
10:51:51,0.00,0.00
10:52:01,0.00,0.00
10:52:11,0.00,0.00
10:52:21,0.00,0.00
10:52:31,0.00,0.00
10:52:41,0.00,0.00
10:52:51,0.00,0.00
10:53:01,0.00,0.00
10:53:11,0.00,0.00
10:53:21,0.00,0.00
10:53:31,0.00,0.00
10:53:41,0.00,0.00
10:53:51,0.00,0.00
10:54:01,0.00,0.00
10:54:11,0.00,0.00
10:54:21,0.00,0.00
10:54:31,0.00,0.00
10:54:41,0.00,0.00
10:54:51,0.00,0.00
10:55:01,0.00,0.00
10:55:11,0.00,0.00
10:55:21,0.00,0.00
10:55:31,0.00,0.00
10:55:41,0.00,0.00
10:55:51,0.00,0.00
10:56:01,0.00,0.00
10:56:11,0.00,0.00
10:56:21,0.00,0.00
10:56:31,0.00,0.00
10:56:41,0.00,0.00
10:56:51,0.00,0.00
10:57:01,0.00,0.00
10:57:11,0.00,0.00
10:57:21,0.00,0.00
10:57:31,0.00,0.00
10:57:41,0.00,0.00
10:57:51,0.00,0.00
10:58:01,0.00,0.00
10:58:11,0.00,0.00
10:58:21,0.00,0.00
10:58:31,0.00,0.00
10:58:41,0.00,0.00
10:58:51,0.00,0.00
10:59:01,0.00,0.00
10:59:11,0.00,0.00
10:59:21,0.00,0.00
10:59:31,0.00,0.00
10:59:41,0.00,0.00
10:59:51,0.00,0.00
11:00:01,0.00,0.00
11:00:11,0.00,0.00
11:00:21,0.00,0.00
11:00:31,0.00,0.00
11:00:41,0.00,0.00
11:00:51,0.00,0.00
11:01:01,0.00,0.00
11:01:11,0.00,0.00
11:01:21,0.00,0.00
11:01:31,0.00,0.00
11:01:41,0.00,0.00
11:01:51,0.00,0.00
11:02:01,0.00,0.00
11:02:11,0.00,0.00
11:02:21,0.00,0.00
11:02:31,0.00,0.00
11:02:41,0.00,0.00
11:02:51,0.00,0.00
11:03:01,0.00,0.00
11:03:11,0.00,0.00
11:03:21,0.00,0.00
11:03:31,0.00,0.00
11:03:41,0.00,0.00
11:03:51,0.00,0.00
11:04:01,0.00,0.00
11:04:11,0.00,0.00
11:04:21,0.00,0.00
11:04:31,0.00,0.00
11:04:41,0.00,0.00
11:04:51,0.00,0.00
11:05:01,0.00,0.00
11:05:11,0.00,0.00
11:05:21,0.00,0.00
11:05:31,0.00,0.00
11:05:41,0.00,0.00
11:05:51,0.00,0.00
11:06:01,0.00,0.00
11:06:11,0.00,0.00
11:06:21,0.00,0.00
11:06:31,0.00,0.00
11:06:41,0.00,0.00
11:06:51,0.00,0.00
11:07:01,0.00,0.00
11:07:11,0.00,0.00
11:07:21,0.00,0.00
11:07:31,0.00,0.00
11:07:41,0.00,0.00
11:07:51,0.00,0.00
11:08:01,0.00,0.00
11:08:11,0.00,0.00
11:08:21,0.00,0.00
11:08:31,0.00,0.00
11:08:41,0.00,0.00
11:08:51,0.00,0.00
11:09:01,0.00,0.00
11:09:11,0.00,0.00
11:09:21,0.00,0.00
11:09:31,0.00,0.00
11:09:41,0.00,0.00
11:09:51,0.00,0.00
11:10:01,0.00,0.00
11:10:11,0.00,0.00
11:10:21,0.00,0.00
11:10:31,0.00,0.00
11:10:41,0.00,0.00
11:10:51,0.00,0.00
11:11:01,0.00,0.00
11:11:11,0.00,0.00
11:11:21,0.00,0.00
11:11:31,0.00,0.00
11:11:41,0.00,0.00
11:11:51,0.00,0.00
11:12:01,0.00,0.00
11:12:11,0.00,0.00
11:12:21,0.00,0.00
11:12:31,0.00,0.00
11:12:41,0.00,0.00
11:12:51,0.00,0.00
11:13:01,0.00,0.00
11:13:11,0.00,0.00
11:13:21,0.00,0.00
11:13:31,0.00,0.00
11:13:41,0.00,0.00
11:13:51,0.00,0.00
11:14:01,0.00,0.00
11:14:11,0.00,0.00
11:14:21,0.00,0.00
11:14:31,0.00,0.00
11:14:41,0.00,0.00
11:14:51,0.00,0.00
11:15:01,0.00,0.00
11:15:11,0.00,0.00
11:15:21,0.00,0.00
11:15:31,0.00,0.00
11:15:41,0.00,0.00
11:15:51,0.00,0.00
11:16:01,0.00,0.00
11:16:11,0.00,0.00
11:16:21,0.00,0.00
11:16:31,0.00,0.00
11:16:41,0.00,0.00
11:16:51,0.00,0.00
11:17:01,0.00,0.00
11:17:11,0.00,0.00
11:17:21,0.00,0.00
11:17:31,0.00,0.00
11:17:41,0.00,0.00
11:17:51,0.00,0.00
11:18:01,0.00,0.00
11:18:11,0.00,0.00
11:18:21,0.00,0.00
11:18:31,0.00,0.00
11:18:41,0.00,0.00
11:18:51,0.00,0.00
11:19:01,0.00,0.00
11:19:11,0.00,0.00
11:19:21,0.00,0.00
11:19:31,0.00,0.00
11:19:41,0.00,0.00
11:19:51,0.00,0.00
11:20:01,0.00,0.00
11:20:11,0.00,0.00
11:20:21,0.00,0.00
11:20:31,0.00,0.00
11:20:41,0.00,0.00
11:20:51,0.00,0.00
11:21:01,0.00,0.00
11:21:11,0.00,0.00
11:21:21,0.00,0.00
11:21:31,0.00,0.00
11:21:41,0.00,0.00
11:21:51,0.00,0.00
11:22:01,0.00,0.00
11:22:11,0.00,0.00
11:22:21,0.00,0.00
11:22:31,0.00,0.00
11:22:41,0.00,0.00
11:22:51,0.00,0.00
11:23:01,0.00,0.00
11:23:11,0.00,0.00
11:23:26,0.00,0.00
11:23:36,0.00,0.00
11:23:46,0.00,0.00
11:23:56,0.00,0.00
11:24:06,0.00,0.00
11:24:16,0.00,0.00
11:24:26,0.00,0.00
11:24:36,0.00,0.00
11:24:46,0.00,0.00
11:24:56,0.00,0.00
11:25:06,0.00,0.00
11:25:16,0.00,0.00
11:25:26,0.00,0.00
11:25:36,0.00,0.00
11:25:46,0.00,0.00
11:25:56,0.00,0.00
11:26:06,0.00,0.00
11:26:16,0.00,0.00
11:26:26,0.00,0.00
11:26:36,0.00,0.00
11:26:46,0.00,0.00
11:26:56,0.00,0.00
11:27:06,0.00,0.00
11:27:16,0.00,0.00
11:27:26,0.00,0.00
11:27:36,0.00,0.00
11:27:46,0.00,0.00
11:27:56,0.00,0.00
11:28:06,0.00,0.00
11:28:16,0.00,0.00
11:28:26,0.00,0.00
11:28:36,0.00,0.00
11:28:46,0.00,0.00
11:28:56,0.00,0.00
11:29:06,0.00,0.00
11:29:16,0.00,0.00
11:29:26,0.00,0.00
11:29:36,0.00,0.00
11:29:46,0.00,0.00
11:29:56,0.00,0.00
11:30:06,0.00,0.00
11:30:16,0.00,0.00
11:30:26,0.00,0.00
11:30:36,0.00,0.00
11:30:46,0.00,0.00
11:30:56,0.00,0.00
11:31:06,0.00,0.00
11:31:16,0.00,0.00
11:31:26,0.00,0.00
11:31:36,0.00,0.00
11:31:46,0.00,0.00
11:31:56,0.00,0.00
11:32:06,0.00,0.00
11:32:16,0.00,0.00
11:32:26,0.00,0.00
11:32:36,0.00,0.00
11:32:46,0.00,0.00
11:32:56,0.00,0.00
11:33:06,0.00,0.00
11:33:16,0.00,0.00
11:33:26,0.00,0.00
11:33:36,0.00,0.00
11:33:46,0.00,0.00
11:33:56,0.00,0.00
11:34:06,0.00,0.00
11:34:16,0.00,0.00
11:34:26,0.00,0.00
11:34:36,0.00,0.00
11:34:46,0.00,0.00
11:34:56,0.00,0.00
11:35:06,0.00,0.00
11:35:16,0.00,0.00
11:35:26,0.00,0.00
11:35:36,0.00,0.00
11:35:46,0.00,0.00
11:35:56,0.00,0.00
11:36:06,0.00,0.00
11:36:16,0.00,0.00
11:36:26,0.00,0.00
11:36:36,0.00,0.00
11:36:46,0.00,0.00
11:36:56,0.00,0.00
11:37:06,0.00,0.00
11:37:16,0.00,0.00
11:37:26,0.00,0.00
11:37:36,0.00,0.00
11:37:46,0.00,0.00
11:37:56,0.00,0.00
11:38:06,0.00,0.00
11:38:16,0.00,0.00
11:38:26,0.00,0.00
11:38:36,0.00,0.00
11:38:46,0.00,0.00
11:38:56,0.00,0.00
11:39:06,0.00,0.00
11:39:16,0.00,0.00
11:39:26,0.00,0.00
11:39:36,0.00,0.00
11:39:46,0.00,0.00
11:39:56,0.00,0.00
11:40:06,0.00,0.00
11:40:16,0.00,0.00
11:40:26,0.00,0.00
11:40:36,0.00,0.00
11:40:46,0.00,0.00
11:40:56,0.00,0.00
11:41:06,0.00,0.00
11:41:16,0.00,0.00
11:41:26,0.00,0.00
11:41:36,0.00,0.00
11:41:46,0.00,0.00
11:41:56,0.00,0.00
11:42:06,0.00,0.00
11:42:16,0.00,0.00
11:42:26,0.00,0.00
11:42:36,0.00,0.00
11:42:46,0.00,0.00
11:42:56,0.00,0.00
11:43:06,0.00,0.00
11:43:16,0.00,0.00
11:43:26,0.00,0.00
11:43:36,0.00,0.00
11:43:46,0.00,0.00
11:43:56,0.00,0.00
11:44:06,0.00,0.00
11:44:16,0.00,0.00
11:44:26,0.00,0.00
11:44:36,0.00,0.00
11:44:46,0.00,0.00
11:44:56,0.00,0.00
11:45:06,0.00,0.00
11:45:16,0.00,0.00
11:45:26,0.00,0.00
11:45:36,0.00,0.00
11:45:46,0.00,0.00
11:45:56,0.00,0.00
11:46:06,0.00,0.00
11:46:16,0.00,0.00
11:46:26,0.00,0.00
11:46:36,0.00,0.00
11:46:46,0.00,0.00
11:46:56,0.00,0.00
11:47:06,0.00,0.00
11:47:16,0.00,0.00
11:47:26,0.00,0.00
11:47:36,0.00,0.00
11:47:46,0.00,0.00
11:47:56,0.00,0.00
11:48:06,0.00,0.00
11:48:16,0.00,0.00
11:48:26,0.00,0.00
11:48:36,0.00,0.00
11:48:46,0.00,0.00
11:48:56,0.00,0.00
11:49:06,0.00,0.00
11:49:16,0.00,0.00
11:49:26,0.00,0.00
11:49:36,0.00,0.00
11:49:46,0.00,0.00
11:49:56,0.00,0.00
11:50:06,0.00,0.00
11:50:16,0.00,0.00
11:50:26,0.00,0.00
11:50:36,0.00,0.00
11:50:46,0.00,0.00
11:50:56,0.00,0.00
11:51:06,0.00,0.00
11:51:16,0.00,0.00
11:51:26,0.00,0.00
11:51:36,0.00,0.00
11:51:46,0.00,0.00
11:51:56,0.00,0.00
11:52:06,0.00,0.00
11:52:16,0.00,0.00
11:52:26,0.00,0.00
11:52:36,0.00,0.00
11:52:46,0.00,0.00
11:52:56,0.00,0.00
11:53:06,0.00,0.00
11:53:16,0.00,0.00
11:53:29,0.00,0.00
11:53:39,0.00,0.00
11:53:49,0.00,0.00
11:53:59,0.00,0.00
11:54:09,0.00,0.00
11:54:19,0.00,0.00
11:54:29,0.00,0.00
11:54:39,0.00,0.00
11:54:49,0.00,0.00
11:54:59,0.00,0.00
11:55:09,0.00,0.00
11:55:19,0.00,0.00
11:55:29,0.00,0.00
11:55:39,0.00,0.00
11:55:49,0.00,0.00
11:55:59,0.00,0.00
11:56:09,0.00,0.00
11:56:19,0.00,0.00
11:56:29,0.00,0.00
11:56:39,0.00,0.00
11:56:49,0.00,0.00
11:56:59,0.00,0.00
11:57:09,0.00,0.00
11:57:19,0.00,0.00
11:57:29,0.00,0.00
11:57:39,0.00,0.00
11:57:49,0.00,0.00
11:57:59,0.00,0.00
11:58:09,0.00,0.00
11:58:19,0.00,0.00
11:58:32,0.00,0.00
11:58:42,0.00,0.00
11:58:52,0.00,0.00
11:59:02,0.00,0.00
11:59:12,0.00,0.00
11:59:22,0.00,0.00
11:59:32,0.00,0.00
11:59:42,0.00,0.00
11:59:52,0.00,0.00
12:00:02,0.00,0.00
12:00:12,0.00,0.00
12:00:22,0.00,0.00
12:00:32,0.00,0.00
12:00:42,0.00,0.00
12:00:52,0.00,0.00
12:01:02,0.00,0.00
12:01:12,0.00,0.00
12:01:22,0.00,0.00
12:01:32,0.00,0.00
12:01:42,0.00,0.00
12:01:52,0.00,0.00
12:02:02,0.00,0.00
12:02:12,0.00,0.00
12:02:22,0.00,0.00
12:02:32,0.00,0.00
12:02:42,0.00,0.00
12:02:52,0.00,0.00
12:03:02,0.00,0.00
12:03:12,0.00,0.00
12:03:22,0.00,0.00
12:03:32,0.00,0.00
12:03:42,0.00,0.00
12:03:52,0.00,0.00
12:04:02,0.00,0.00
12:04:12,0.00,0.00
12:04:22,0.00,0.00
12:04:32,0.00,0.00
12:04:42,0.00,0.00
12:04:52,0.00,0.00
12:05:02,0.00,0.00
12:05:12,0.00,0.00
12:05:22,0.00,0.00
12:05:32,0.00,0.00
12:05:42,0.00,0.00
12:05:52,0.00,0.00
12:06:02,0.00,0.00
12:06:12,0.00,0.00
12:06:22,0.00,0.00
12:06:32,0.00,0.00
12:06:42,0.00,0.00
12:06:52,0.00,0.00
12:07:02,0.00,0.00
12:07:12,0.00,0.00
12:07:22,0.00,0.00
12:07:32,0.00,0.00
12:07:42,0.00,0.00
12:07:52,0.00,0.00
12:08:02,0.00,0.00
12:08:12,0.00,0.00
12:08:22,0.00,0.00
12:08:32,0.00,0.00
12:08:42,0.00,0.00
12:08:52,0.00,0.00
12:09:02,0.00,0.00
12:09:12,0.00,0.00
12:09:22,0.00,0.00
12:09:32,0.00,0.00
12:09:42,0.00,0.00
12:09:52,0.00,0.00
12:10:02,0.00,0.00
12:10:12,0.00,0.00
12:10:22,0.00,0.00
12:10:32,0.00,0.00
12:10:42,0.00,0.00
12:10:52,0.00,0.00
12:11:02,0.00,0.00
12:11:12,0.00,0.00
12:11:22,0.00,0.00
12:11:32,0.00,0.00
12:11:42,0.00,0.00
12:11:52,0.00,0.00
12:12:02,0.00,0.00
12:12:12,0.00,0.00
12:12:22,0.00,0.00
12:12:32,0.00,0.00
12:12:42,0.00,0.00
12:12:52,0.00,0.00
12:13:02,0.00,0.00
12:13:12,0.00,0.00
12:13:22,0.00,0.00
12:13:32,0.00,0.00
12:13:42,0.00,0.00
12:13:52,0.00,0.00
12:14:02,0.00,0.00
12:14:12,0.00,0.00
12:14:22,0.00,0.00
12:14:32,0.00,0.00
12:14:42,0.00,0.00
12:14:52,0.00,0.00
12:15:02,0.00,0.00
12:15:12,0.00,0.00
12:15:22,0.00,0.00
12:15:32,0.00,0.00
12:15:42,0.00,0.00
12:15:52,0.00,0.00
12:16:02,0.00,0.00
12:16:12,0.00,0.00
12:16:22,0.00,0.00
12:16:32,0.00,0.00
12:16:42,0.00,0.00
12:16:52,0.00,0.00
12:17:02,0.00,0.00
12:17:12,0.00,0.00
12:17:22,0.00,0.00
12:17:32,0.00,0.00
12:17:42,0.00,0.00
12:17:52,0.00,0.00
12:18:02,0.00,0.00
12:18:12,0.00,0.00
12:18:22,0.00,0.00
12:18:38,0.00,0.00
12:18:48,0.00,0.00
12:18:58,0.00,0.00
12:19:08,0.00,0.00
12:19:18,0.00,0.00
12:19:28,0.00,0.00
12:19:38,0.00,0.00
12:19:48,0.00,0.00
12:19:58,0.00,0.00
12:20:08,0.00,0.00
12:20:18,0.00,0.00
12:20:28,0.00,0.00
12:20:38,0.00,0.00
12:20:48,0.00,0.00
12:20:58,0.00,0.00
12:21:08,0.00,0.00
12:21:18,0.00,0.00
12:21:28,0.00,0.00
12:21:38,0.00,0.00
12:21:48,0.00,0.00
12:21:58,0.00,0.00
12:22:08,0.00,0.00
12:22:18,0.00,0.00
12:22:28,0.00,0.00
12:22:38,0.00,0.00
12:22:48,0.00,0.00
12:22:58,0.00,0.00
12:23:08,0.00,0.00
12:23:18,0.00,0.00
12:23:28,0.00,0.00
12:23:39,0.00,0.00
12:23:49,0.00,0.00
12:23:59,0.00,0.00
12:24:09,0.00,0.00
12:24:19,0.00,0.00
12:24:29,0.00,0.00
12:24:39,0.00,0.00
12:24:49,0.00,0.00
12:24:59,0.00,0.00
12:25:09,0.00,0.00
12:25:19,0.00,0.00
12:25:29,0.00,0.00
12:25:39,0.00,0.00
12:25:49,0.00,0.00
12:25:59,0.00,0.00
12:26:09,0.00,0.00
12:26:19,0.00,0.00
12:26:29,0.00,0.00
12:26:39,0.00,0.00
12:26:49,0.00,0.00
12:26:59,0.00,0.00
12:27:09,0.00,0.00
12:27:19,0.00,0.00
12:27:29,0.00,0.00
12:27:39,0.00,0.00
12:27:49,0.00,0.00
12:27:59,0.00,0.00
12:28:09,0.00,0.00
12:28:19,0.00,0.00
12:28:29,0.00,0.00
12:28:39,0.00,0.00
12:28:49,0.00,0.00
12:28:59,0.00,0.00
12:29:09,0.00,0.00
12:29:19,0.00,0.00
12:29:29,0.00,0.00
12:29:39,0.00,0.00
12:29:49,0.00,0.00
12:29:59,0.00,0.00
12:30:09,0.00,0.00
12:30:19,0.00,0.00
12:30:29,0.00,0.00
12:30:39,0.00,0.00
12:30:49,0.00,0.00
12:30:59,0.00,0.00
12:31:09,0.00,0.00
12:31:19,0.00,0.00
12:31:29,0.00,0.00
12:31:39,0.00,0.00
12:31:49,0.00,0.00
12:31:59,0.00,0.00
12:32:09,0.00,0.00
12:32:19,0.00,0.00
12:32:29,0.00,0.00
12:32:39,0.00,0.00
12:32:49,0.00,0.00
12:32:59,0.00,0.00
12:33:09,0.00,0.00
12:33:19,0.00,0.00
12:33:29,0.00,0.00
12:33:39,0.00,0.00
12:33:49,0.00,0.00
12:33:59,0.00,0.00
12:34:09,0.00,0.00
12:34:19,0.00,0.00
12:34:29,0.00,0.00
12:34:39,0.00,0.00
12:34:49,0.00,0.00
12:34:59,0.00,0.00
12:35:09,0.00,0.00
12:35:19,0.00,0.00
12:35:29,0.00,0.00
12:35:39,0.00,0.00
12:35:49,0.00,0.00
12:35:59,0.00,0.00
12:36:09,0.00,0.00
12:36:19,0.00,0.00
12:36:29,0.00,0.00
12:36:39,0.00,0.00
12:36:49,0.00,0.00
12:36:59,0.00,0.00
12:37:09,0.00,0.00
12:37:19,0.00,0.00
12:37:29,0.00,0.00
12:37:39,0.00,0.00
12:37:49,0.00,0.00
12:37:59,0.00,0.00
12:38:09,0.00,0.00
12:38:19,0.00,0.00
12:38:29,0.00,0.00
12:38:40,0.00,0.00
12:38:50,0.00,0.00
12:39:01,0.00,0.00
12:39:10,0.00,0.00
12:39:20,0.00,0.00
12:39:31,0.00,0.00
12:39:40,0.00,0.00
12:39:50,0.00,0.00
12:40:01,0.00,0.00
12:40:10,0.00,0.00
12:40:20,0.00,0.00
12:40:31,0.00,0.00
12:40:40,0.00,0.00
12:40:50,0.00,0.00
12:41:01,0.00,0.00
12:41:10,0.00,0.00
12:41:20,0.00,0.00
12:41:31,0.00,0.00
12:41:40,0.00,0.00
12:41:51,0.00,0.00
12:42:01,0.00,0.00
12:42:10,0.00,0.00
12:42:20,0.00,0.00
12:42:31,0.00,0.00
12:42:40,0.00,0.00
12:42:50,0.00,0.00
12:43:01,0.00,0.00
12:43:10,0.00,0.00
12:43:21,0.00,0.00
12:43:31,0.00,0.00
12:43:41,0.00,0.00
12:43:51,0.00,0.00
12:44:01,0.00,0.00
12:44:11,0.00,0.00
12:44:21,0.00,0.00
12:44:31,0.00,0.00
12:44:41,0.00,0.00
12:44:51,0.00,0.00
12:45:01,0.00,0.00
12:45:11,0.00,0.00
12:45:21,0.00,0.00
12:45:31,0.00,0.00
12:45:41,0.00,0.00
12:45:51,0.00,0.00
12:46:01,0.00,0.00
12:46:11,0.00,0.00
12:46:21,0.00,0.00
12:46:31,0.00,0.00
12:46:41,0.00,0.00
12:46:51,0.00,0.00
12:47:01,0.00,0.00
12:47:11,0.00,0.00
12:47:21,0.00,0.00
12:47:31,0.00,0.00
12:47:41,0.00,0.00
12:47:51,0.00,0.00
12:48:01,0.00,0.00
12:48:11,0.00,0.00
12:48:21,0.00,0.00
12:48:31,0.00,0.00
12:48:41,0.00,0.00
12:48:51,0.00,0.00
12:49:01,0.00,0.00
12:49:11,0.00,0.00
12:49:21,0.00,0.00
12:49:31,0.00,0.00
12:49:41,0.00,0.00
12:49:51,0.00,0.00
12:50:01,0.00,0.00
12:50:11,0.00,0.00
12:50:21,0.00,0.00
12:50:31,0.00,0.00
12:50:41,0.00,0.00
12:50:51,0.00,0.00
12:51:01,0.00,0.00
12:51:11,0.00,0.00
12:51:21,0.00,0.00
12:51:31,0.00,0.00
12:51:41,0.00,0.00
12:51:51,0.00,0.00
12:52:01,0.00,0.00
12:52:11,0.00,0.00
12:52:21,0.00,0.00
12:52:31,0.00,0.00
12:52:41,0.00,0.00
12:52:51,0.00,0.00
12:53:01,0.00,0.00
12:53:11,0.00,0.00
12:53:21,0.00,0.00
12:53:31,0.00,0.00
12:53:41,0.00,0.00
12:53:51,0.00,0.00
12:54:01,0.00,0.00
12:54:11,0.00,0.00
12:54:21,0.00,0.00
12:54:31,0.00,0.00
12:54:41,0.00,0.00
12:54:51,0.00,0.00
12:55:01,0.00,0.00
12:55:11,0.00,0.00
12:55:21,0.00,0.00
12:55:31,0.00,0.00
12:55:41,0.00,0.00
12:55:51,0.00,0.00
12:56:01,0.00,0.00
12:56:11,0.00,0.00
12:56:21,0.00,0.00
12:56:31,0.00,0.00
12:56:41,0.00,0.00
12:56:51,0.00,0.00
12:57:01,0.00,0.00
12:57:11,0.00,0.00
12:57:21,0.00,0.00
12:57:31,0.00,0.00
12:57:41,0.00,0.00
12:57:51,0.00,0.00
12:58:01,0.00,0.00
12:58:11,0.00,0.00
12:58:21,0.00,0.00
12:58:31,0.00,0.00
12:58:41,0.00,0.00
12:58:51,0.00,0.00
12:59:01,0.00,0.00
12:59:11,0.00,0.00
12:59:21,0.00,0.00
12:59:31,0.00,0.00
12:59:41,0.00,0.00
12:59:51,0.00,0.00
13:00:01,0.00,0.00
13:00:11,0.00,0.00
13:55:02,0.00,0.00
13:55:13,0.00,0.00
13:55:25,0.00,0.00
13:55:32,0.00,0.00
13:55:42,0.00,0.00
13:57:02,0.00,0.00
13:57:12,0.00,0.00
13:57:22,0.00,0.00
13:57:32,0.00,0.00
13:57:42,0.00,0.00
13:57:52,0.00,0.00
13:58:02,0.00,0.00
13:58:12,0.00,0.00
13:58:22,0.00,0.00
13:58:32,0.00,0.00
13:58:42,0.00,0.00
13:58:52,0.00,0.00
13:59:02,0.00,0.00
13:59:13,0.00,0.00
13:59:23,0.00,0.00
13:59:33,0.00,0.00
13:59:43,0.00,0.00
13:59:53,0.00,0.00
14:00:03,0.00,0.00
14:00:13,0.00,0.00
14:00:23,0.00,0.00
14:00:33,0.00,0.00
14:00:43,0.00,0.00
14:00:53,0.00,0.00
14:01:03,0.00,0.00
14:01:13,0.00,0.00
14:01:23,0.00,0.00
14:01:33,0.00,0.00
14:01:43,0.00,0.00
14:01:53,0.00,0.00
14:02:03,0.00,0.00
14:02:13,0.00,0.00
14:02:23,0.00,0.00
14:02:33,0.00,0.00
14:02:43,0.00,0.00
14:02:53,0.00,0.00
14:03:03,0.00,0.00
14:03:13,0.00,0.00
14:03:23,0.00,0.00
14:03:33,0.00,0.00
14:03:43,0.00,0.00
14:03:53,0.00,0.00
14:04:03,0.00,0.00
14:04:17,0.00,0.00
14:04:27,0.00,0.00
14:04:38,0.00,0.00
14:04:47,0.00,0.00
14:04:58,0.00,0.00
14:05:08,0.00,0.00
14:05:17,0.00,0.00
14:05:28,0.00,0.00
14:05:38,0.00,0.00
14:05:48,0.00,0.00
14:05:58,0.00,0.00
14:06:08,0.00,0.00
14:06:17,0.00,0.00
14:06:28,0.00,0.00
14:06:38,0.00,0.00
14:06:47,0.00,0.00
14:06:58,0.00,0.00
14:07:08,0.00,0.00
14:07:18,0.00,0.00
14:07:28,0.00,0.00
14:07:38,0.00,0.00
14:07:48,0.00,0.00
14:07:58,0.00,0.00
14:08:08,0.00,0.00
14:08:18,0.00,0.00
14:08:28,0.00,0.00
14:08:38,0.00,0.00
14:08:48,0.00,0.00
14:08:58,0.00,0.00
14:09:08,0.00,0.00
14:09:18,0.00,0.00
14:09:28,0.00,0.00
14:09:38,0.00,0.00
14:09:48,0.00,0.00
14:09:58,0.00,0.00
14:10:08,0.00,0.00
14:10:18,0.00,0.00
14:10:28,0.00,0.00
14:10:38,0.00,0.00
14:10:48,0.00,0.00
14:10:58,0.00,0.00
14:11:08,0.00,0.00
14:11:18,0.00,0.00
14:11:28,0.00,0.00
14:11:38,0.00,0.00
14:11:48,0.00,0.00
14:11:58,0.00,0.00
14:12:08,0.00,0.00
14:12:18,0.00,0.00
14:12:28,0.00,0.00
14:12:38,0.00,0.00
14:12:48,0.00,0.00
14:12:58,0.00,0.00
14:13:08,0.00,0.00
14:13:18,0.00,0.00
14:13:28,0.00,0.00
14:13:38,0.00,0.00
14:13:48,0.00,0.00
14:13:58,0.00,0.00
14:14:08,0.00,0.00
14:14:19,0.00,0.00
14:14:29,0.00,0.00
14:14:39,0.00,0.00
14:14:49,0.00,0.00
14:14:59,0.00,0.00
14:15:09,0.00,0.00
14:15:19,0.00,0.00
14:15:29,0.00,0.00
14:15:39,0.00,0.00
14:15:49,0.00,0.00
14:15:59,0.00,0.00
14:16:09,0.00,0.00
14:16:19,0.00,0.00
14:16:29,0.00,0.00
14:16:39,0.00,0.00
14:16:49,0.00,0.00
14:16:59,0.00,0.00
14:17:09,0.00,0.00
14:17:19,0.00,0.00
14:17:29,0.00,0.00
14:17:39,0.00,0.00
14:17:49,0.00,0.00
14:17:59,0.00,0.00
14:18:09,0.00,0.00
14:18:19,0.00,0.00
14:18:29,0.00,0.00
14:18:39,0.00,0.00
14:18:49,0.00,0.00
14:18:59,0.00,0.00
14:19:09,0.00,0.00
14:19:19,0.00,0.00
14:19:29,0.00,0.00
14:19:39,0.00,0.00
14:19:49,0.00,0.00
14:19:59,0.00,0.00
14:20:09,0.00,0.00
14:20:19,0.00,0.00
14:20:29,0.00,0.00
14:20:39,0.00,0.00
14:20:49,0.00,0.00
14:20:59,0.00,0.00
14:21:09,0.00,0.00
14:21:19,0.00,0.00
14:21:29,0.00,0.00
14:21:39,0.00,0.00
14:21:49,0.00,0.00
14:21:59,0.00,0.00
14:22:09,0.00,0.00
14:22:19,0.00,0.00
14:22:29,0.00,0.00
14:22:39,0.00,0.00
14:22:49,0.00,0.00
14:22:59,0.00,0.00
14:23:09,0.00,0.00
14:23:19,0.00,0.00
14:23:29,0.00,0.00
14:23:39,0.00,0.00
14:23:49,0.00,0.00
14:23:59,0.00,0.00
14:24:09,0.00,0.00
14:24:19,0.00,0.00
14:24:29,0.00,0.00
14:24:39,0.00,0.00
14:24:49,0.00,0.00
14:24:59,0.00,0.00
14:25:09,0.00,0.00
14:25:19,0.00,0.00
14:25:29,0.00,0.00
14:25:39,0.00,0.00
14:25:49,0.00,0.00
14:25:59,0.00,0.00
14:26:09,0.00,0.00
14:26:19,0.00,0.00
14:26:29,0.00,0.00
14:26:39,0.00,0.00
14:26:49,0.00,0.00
14:26:59,0.00,0.00
14:27:09,0.00,0.00
14:27:19,0.00,0.00
14:27:29,0.00,0.00
14:27:39,0.00,0.00
14:27:49,0.00,0.00
14:27:59,0.00,0.00
14:28:09,0.00,0.00
14:28:19,0.00,0.00
14:28:29,0.00,0.00
14:28:39,0.00,0.00
14:28:49,0.00,0.00
14:28:59,0.00,0.00
14:29:09,0.00,0.00
14:29:20,0.00,0.00
14:29:30,0.00,0.00
14:29:40,0.00,0.00
14:29:50,0.00,0.00
14:30:00,0.00,0.00
14:30:10,0.00,0.00
14:30:20,0.00,0.00
14:30:30,0.00,0.00
14:30:40,0.00,0.00
14:30:50,0.00,0.00
14:31:00,0.00,0.00
14:31:10,0.00,0.00
14:31:20,0.00,0.00
14:31:30,0.00,0.00
14:31:40,0.00,0.00
14:31:50,0.00,0.00
14:32:00,0.00,0.00
14:32:10,0.00,0.00
14:32:20,0.00,0.00
14:32:30,0.00,0.00
14:32:40,0.00,0.00
14:32:50,0.00,0.00
14:33:00,0.00,0.00
14:33:10,0.00,0.00
14:33:20,0.00,0.00
14:33:30,0.00,0.00
14:33:40,0.00,0.00
14:33:50,0.00,0.00
14:34:00,0.00,0.00
14:34:10,0.00,0.00
14:34:20,0.00,0.00
14:34:30,0.00,0.00
14:34:40,0.00,0.00
14:34:50,0.00,0.00
14:35:00,0.00,0.00
14:35:10,0.00,0.00
14:35:20,0.00,0.00
14:35:30,0.00,0.00
14:35:40,0.00,0.00
14:35:50,0.00,0.00
14:36:00,0.00,0.00
14:36:10,0.00,0.00
14:36:20,0.00,0.00
14:36:30,0.00,0.00
14:36:40,0.00,0.00
14:36:50,0.00,0.00
14:37:00,0.00,0.00
14:37:10,0.00,0.00
14:37:20,0.00,0.00
14:37:30,0.00,0.00
14:37:40,0.00,0.00
14:37:50,0.00,0.00
14:38:00,0.00,0.00
14:38:10,0.00,0.00
14:38:20,0.00,0.00
14:38:30,0.00,0.00
14:38:40,0.00,0.00
14:38:50,0.00,0.00
14:39:00,0.00,0.00
14:39:10,0.00,0.00
14:39:21,0.00,0.00
14:39:31,0.00,0.00
14:39:41,0.00,0.00
14:39:51,0.00,0.00
14:40:01,0.00,0.00
14:40:11,0.00,0.00
14:40:21,0.00,0.00
14:40:31,0.00,0.00
14:40:41,0.00,0.00
14:40:51,0.00,0.00
14:41:01,0.00,0.00
14:41:11,0.00,0.00
14:41:21,0.00,0.00
14:41:31,0.00,0.00
14:41:41,0.00,0.00
14:41:51,0.00,0.00
14:42:01,0.00,0.00
14:42:11,0.00,0.00
14:42:22,0.00,0.00
14:42:31,0.00,0.00
14:42:41,0.00,0.00
14:42:51,0.00,0.00
14:43:01,0.00,0.00
14:43:11,0.00,0.00
14:43:21,0.00,0.00
14:43:31,0.00,0.00
14:43:41,0.00,0.00
14:43:51,0.00,0.00
14:44:01,0.00,0.00
14:44:11,0.00,0.00
14:44:22,0.00,0.00
14:44:32,0.00,0.00
14:44:42,0.00,0.00
14:44:52,0.00,0.00
14:45:02,0.00,0.00
14:45:12,0.00,0.00
14:45:22,0.00,0.00
14:45:32,0.00,0.00
14:45:42,0.00,0.00
14:45:52,0.00,0.00
14:46:02,0.00,0.00
14:46:12,0.00,0.00
14:46:22,0.00,0.00
14:46:32,0.00,0.00
14:46:42,0.00,0.00
14:46:52,0.00,0.00
14:47:02,0.00,0.00
14:47:12,0.00,0.00
14:47:22,0.00,0.00
14:47:32,0.00,0.00
14:47:42,0.00,0.00
14:47:52,0.00,0.00
14:48:02,0.00,0.00
14:48:12,0.00,0.00
14:48:22,0.00,0.00
14:48:32,0.00,0.00
14:48:42,0.00,0.00
14:48:52,0.00,0.00
14:49:02,0.00,0.00
14:49:12,0.00,0.00
14:49:23,0.00,0.00
14:49:33,0.00,0.00
14:49:43,0.00,0.00
14:49:53,0.00,0.00
14:50:03,0.00,0.00
14:50:13,0.00,0.00
14:50:23,0.00,0.00
14:50:33,0.00,0.00
14:50:43,0.00,0.00
14:50:53,0.00,0.00
14:51:03,0.00,0.00
14:51:13,0.00,0.00
14:51:23,0.00,0.00
14:51:33,0.00,0.00
14:51:43,0.00,0.00
14:51:53,0.00,0.00
14:52:03,0.00,0.00
14:52:13,0.00,0.00
14:52:23,0.00,0.00
14:52:33,0.00,0.00
14:52:43,0.00,0.00
14:52:53,0.00,0.00
14:53:03,0.00,0.00
14:53:13,0.00,0.00
14:53:23,0.00,0.00
14:53:33,0.00,0.00
14:53:43,0.00,0.00
14:53:53,0.00,0.00
14:54:03,0.00,0.00
14:54:13,0.00,0.00
14:54:23,0.00,0.00
14:54:33,0.00,0.00
14:54:43,0.00,0.00
14:54:53,0.00,0.00
14:55:03,0.00,0.00
14:55:13,0.00,0.00
14:55:23,0.00,0.00
14:55:33,0.00,0.00
14:55:43,0.00,0.00
14:55:53,0.00,0.00
14:56:03,0.00,0.00
14:56:13,0.00,0.00
14:56:23,0.00,0.00
14:56:33,0.00,0.00
14:56:43,0.00,0.00
14:56:53,0.00,0.00
14:57:03,0.00,0.00
14:57:13,0.00,0.00
14:57:23,0.00,0.00
14:57:33,0.00,0.00
14:57:43,0.00,0.00
14:57:53,0.00,0.00
14:58:03,0.00,0.00
14:58:13,0.00,0.00
14:58:23,0.00,0.00
14:58:33,0.00,0.00
14:58:43,0.00,0.00
14:58:53,0.00,0.00
14:59:03,0.00,0.00
14:59:13,0.00,0.00
14:59:24,0.00,0.00
14:59:34,0.00,0.00
14:59:44,0.00,0.00
14:59:54,0.00,0.00
15:00:04,0.00,0.00
15:00:14,0.00,0.00
15:00:24,0.00,0.00
15:00:34,0.00,0.00
15:00:44,0.00,0.00
15:00:54,0.00,0.00
15:01:04,0.00,0.00
15:01:14,0.00,0.00
15:01:24,0.00,0.00
15:01:34,0.00,0.00
15:01:44,0.00,0.00
15:01:54,0.00,0.00
15:02:04,0.00,0.00
15:02:14,0.00,0.00
15:02:24,0.00,0.00
15:02:34,0.00,0.00
15:02:44,0.00,0.00
15:02:54,0.00,0.00
15:03:04,0.00,0.00
15:03:14,0.00,0.00
15:03:24,0.00,0.00
15:03:34,0.00,0.00
15:03:44,0.00,0.00
15:03:54,0.00,0.00
15:04:04,0.00,0.00
15:04:14,0.00,0.00
15:04:24,0.00,0.00
15:04:34,0.00,0.00
15:04:44,0.00,0.00
15:04:54,0.00,0.00
15:05:04,0.00,0.00
15:05:14,0.00,0.00
15:05:24,0.00,0.00
15:05:34,0.00,0.00
15:05:44,0.00,0.00
15:05:54,0.00,0.00
15:06:04,0.00,0.00
15:06:14,0.00,0.00
15:06:24,0.00,0.00
15:06:34,0.00,0.00
15:06:44,0.00,0.00
15:06:54,0.00,0.00
15:07:04,0.00,0.00
15:07:14,0.00,0.00
15:07:24,0.00,0.00
15:07:34,0.00,0.00
15:07:44,0.00,0.00
15:07:54,0.00,0.00
15:08:04,0.00,0.00
15:08:14,0.00,0.00
15:08:24,0.00,0.00
15:08:34,0.00,0.00
15:08:44,0.00,0.00
15:08:54,0.00,0.00
15:09:04,0.00,0.00
15:09:14,0.00,0.00
15:09:32,0.00,0.00
15:09:42,0.00,0.00
15:09:52,0.00,0.00
15:10:02,0.00,0.00
15:10:12,0.00,0.00
15:10:22,0.00,0.00
15:10:32,0.00,0.00
15:10:42,0.00,0.00
15:10:52,0.00,0.00
15:11:02,0.00,0.00
15:11:12,0.00,0.00
15:11:22,0.00,0.00
15:11:32,0.00,0.00
15:11:42,0.00,0.00
15:11:52,0.00,0.00
15:12:02,0.00,0.00
15:12:12,0.00,0.00
15:12:22,0.00,0.00
15:12:32,0.00,0.00
15:12:42,0.00,0.00
15:12:52,0.00,0.00
15:13:02,0.00,0.00
15:13:12,0.00,0.00
15:13:22,0.00,0.00
15:13:32,0.00,0.00
15:13:42,0.00,0.00
15:13:52,0.00,0.00
15:14:02,0.00,0.00
15:14:12,0.00,0.00
15:14:22,0.00,0.00
15:14:38,0.00,0.00
15:14:48,0.00,0.00
15:14:58,0.00,0.00
15:15:08,0.00,0.00
15:15:18,0.00,0.00
15:15:28,0.00,0.00
15:15:38,0.00,0.00
15:15:48,0.00,0.00
15:15:58,0.00,0.00
15:16:08,0.00,0.00
15:16:18,0.00,0.00
15:16:28,0.00,0.00
15:16:38,0.00,0.00
15:16:48,0.00,0.00
15:16:58,0.00,0.00
15:17:08,0.00,0.00
15:17:18,0.00,0.00
15:17:28,0.00,0.00
15:17:38,0.00,0.00
15:17:48,0.00,0.00
15:17:58,0.00,0.00
15:18:08,0.00,0.00
15:18:18,0.00,0.00
15:18:28,0.00,0.00
15:18:38,0.00,0.00
15:18:48,0.00,0.00
15:18:58,0.00,0.00
15:19:08,0.00,0.00
15:19:18,0.00,0.00
15:19:28,0.00,0.00
15:19:39,0.00,0.00
15:19:49,0.00,0.00
15:19:59,0.00,0.00
15:20:09,0.00,0.00
15:20:19,0.00,0.00
15:20:29,0.00,0.00
15:20:39,0.00,0.00
15:20:59,29.10,27.30
15:21:09,29.30,25.80
15:21:19,29.40,25.00
15:21:29,29.40,24.60
15:21:39,29.40,24.20
15:21:49,29.40,19.80
15:21:59,29.40,19.80
15:22:09,29.30,24.00
15:22:19,29.30,19.90
15:22:29,29.30,19.70
15:22:39,29.30,19.10
15:22:49,29.20,19.80
15:22:59,29.20,19.80
15:23:09,29.20,19.30
15:23:19,29.10,19.50
15:23:29,29.10,19.50
15:23:39,29.10,18.50
15:23:49,29.10,19.20
15:23:59,29.10,18.30
15:24:09,29.00,18.90
15:24:19,29.00,18.90
15:24:29,29.00,19.00
15:24:48,29.00,18.10
15:24:58,29.00,18.80
15:25:08,29.00,18.60
15:25:18,29.00,18.50
15:25:28,29.00,18.80
15:25:38,29.00,18.80
15:25:48,29.00,19.10
15:25:58,29.00,19.40
15:26:08,29.00,19.30
15:26:18,28.90,19.00
15:26:28,29.00,19.50
15:26:38,28.90,19.20
15:26:48,28.90,19.70
15:26:58,28.90,19.70
15:27:08,28.90,19.70
15:27:18,28.90,19.70
15:27:28,28.90,19.70
15:27:38,28.90,19.20
15:27:48,28.90,19.60
15:27:58,28.90,19.60
15:28:08,28.90,19.50
15:28:18,28.90,19.40
15:28:28,28.90,19.90
15:28:38,28.90,19.60
15:28:48,28.90,19.80
15:28:58,28.90,24.20
15:29:08,28.90,19.70
15:29:18,28.90,19.90
15:29:28,28.90,19.90
15:29:38,28.90,19.50
15:29:49,28.90,19.60
15:29:59,28.90,19.50
15:30:09,28.90,19.50
15:30:19,28.90,19.50
15:30:29,28.90,19.70
15:30:39,28.90,19.20
15:30:49,28.90,19.60
15:30:59,28.90,19.90
15:31:09,28.90,19.70
15:31:19,28.90,19.10
15:31:29,28.90,19.50
15:31:39,28.90,24.00
15:31:49,28.90,19.80
15:31:59,28.90,24.10
15:32:09,28.90,24.40
15:32:19,28.90,24.30
15:32:29,28.90,24.70
15:32:39,28.90,19.90
15:32:49,28.90,19.90
15:32:59,28.90,24.10
15:33:09,28.90,24.40
15:33:19,28.90,24.20
15:33:29,28.90,19.90
15:33:39,28.90,24.00
15:33:49,28.90,24.20
15:33:59,28.80,24.20
15:34:09,28.90,19.70
15:34:19,28.90,19.90
15:34:29,28.90,24.30
15:34:39,28.90,24.50
15:34:54,28.90,24.60
15:35:04,28.90,19.60
15:35:14,28.90,24.00
15:35:24,28.90,19.30
15:35:34,28.90,19.40
15:35:44,28.90,18.70
15:35:54,28.90,19.20
15:36:04,28.90,19.10
15:36:14,28.90,19.00
15:36:24,28.90,18.70
15:36:34,28.90,19.30
15:36:44,28.90,19.50
15:36:54,28.80,19.70
15:37:04,28.80,19.90
15:37:14,28.80,19.80
15:37:24,28.80,19.90
15:37:34,28.90,19.80
15:37:44,28.80,19.90
15:37:54,28.80,19.90
15:38:04,28.80,19.90
15:38:14,28.80,24.30
15:38:24,28.90,19.80
15:38:34,28.90,19.80
15:38:44,28.80,19.90
15:38:54,28.80,24.40
15:39:04,28.80,18.80
15:39:14,28.80,18.70
15:39:24,28.80,18.60
15:39:34,28.80,18.80
15:39:44,28.90,19.20
15:39:55,28.80,19.20
15:40:05,28.80,18.90
15:40:15,28.80,19.00
15:40:25,28.80,19.40
15:40:35,28.80,18.70
15:40:45,28.80,18.90
15:40:55,28.80,19.10
15:41:05,28.80,19.10
15:41:15,28.80,19.70
15:41:25,28.80,19.30
15:41:35,28.80,19.20
15:41:45,28.80,19.00
15:41:55,28.80,18.90
15:42:05,28.80,18.80
15:42:15,28.80,18.70
15:42:25,28.80,18.80
15:42:35,28.80,19.00
15:42:45,28.80,19.10
15:42:55,28.80,18.70
15:43:05,28.80,18.60
15:43:15,28.80,19.10
15:43:25,28.80,19.10
15:43:35,28.80,19.10
15:43:45,28.80,19.50
15:43:55,28.80,19.40
15:44:05,28.80,19.30
15:44:15,28.80,19.10
15:44:25,28.80,18.90
15:44:35,28.80,19.10
15:44:45,28.80,19.60
15:45:03,28.80,18.90
15:45:13,28.80,18.70
15:45:23,28.80,19.00
15:45:33,28.80,19.20
15:45:43,28.80,18.80
15:45:53,28.80,19.10
15:46:03,28.80,19.00
15:46:13,28.80,18.60
15:46:23,28.80,18.70
15:46:33,28.80,18.80
15:46:43,28.80,18.60
15:46:53,28.80,19.10
15:47:03,28.80,18.60
15:47:13,28.80,18.80
15:47:23,28.90,18.80
15:47:33,28.90,18.60
15:47:43,28.80,18.40
15:47:53,28.80,18.70
15:48:03,28.80,19.10
15:48:13,28.80,18.80
15:48:23,28.80,18.90
15:48:33,28.80,18.80
15:48:43,28.80,18.40
15:48:53,28.80,18.70
15:49:03,28.80,19.00
15:49:13,28.90,18.70
15:49:23,28.90,19.00
15:49:33,28.80,19.00
15:49:43,28.80,18.70
15:49:53,28.80,19.20
15:50:04,28.90,18.70
15:50:14,28.80,18.80
15:50:24,28.80,18.70
15:50:34,28.90,18.50
15:50:44,28.90,18.80
15:50:54,28.80,18.60
15:51:04,28.90,18.50
15:51:14,28.90,18.50
15:51:24,28.80,18.60
15:51:34,28.80,18.60
15:51:44,28.80,18.50
15:51:54,28.90,18.60
15:52:04,28.90,19.00
15:52:14,28.90,18.60
15:52:24,28.90,18.80
15:52:34,28.80,18.50
15:52:44,28.80,18.40
15:52:54,28.90,18.40
15:53:04,28.90,18.30
15:53:14,28.80,18.10
15:53:24,28.90,18.50
15:53:34,28.80,18.30
15:53:44,28.90,18.40
15:53:54,28.80,18.50
15:54:04,28.90,18.60
15:54:14,28.80,18.30
15:54:24,28.80,18.20
15:54:34,28.90,18.20
15:54:44,28.90,18.60
15:54:54,28.90,18.30
15:55:06,28.90,18.40
15:55:16,28.90,19.00
15:55:27,28.80,18.60
15:55:36,28.90,18.40
15:55:46,28.80,18.20
15:55:57,28.80,18.30
15:56:06,28.80,18.70
15:56:16,28.90,18.70
15:56:27,28.80,18.20
15:56:36,28.80,18.20
15:56:46,28.80,18.20
15:56:57,28.80,18.10
15:57:06,28.90,18.20
15:57:16,28.80,17.90
15:57:27,28.80,18.30
15:57:36,28.80,18.40
15:57:47,28.90,18.10
15:57:57,28.90,18.20
15:58:06,28.90,18.10
15:58:17,28.90,18.40
15:58:27,28.80,17.80
15:58:36,28.90,18.40
15:58:46,28.90,18.00
15:58:56,28.90,18.30
15:59:06,28.80,18.10
15:59:17,28.90,18.00
15:59:26,28.80,18.00
15:59:36,28.80,18.10
15:59:47,28.80,18.30
15:59:56,28.90,18.30
16:00:09,28.90,18.10
16:00:19,28.90,18.70
16:00:29,28.90,18.50
16:00:39,28.80,18.40
16:00:49,28.90,18.10
16:00:59,28.80,18.30
16:01:09,28.80,18.20
16:01:19,28.90,18.20
16:01:29,28.90,17.90
16:01:39,28.90,18.20
16:01:49,28.80,18.50
16:01:59,28.90,18.10
16:02:09,28.90,17.80
16:02:19,28.90,18.60
16:02:29,28.90,18.20
16:02:39,28.80,18.10
16:02:49,28.90,18.20
16:02:59,28.90,17.90
16:03:09,28.80,17.90
16:03:19,28.90,18.00
16:03:29,28.90,17.90
16:03:39,28.80,17.80
16:03:49,28.90,18.00
16:03:59,28.80,17.80
16:04:09,28.80,17.90
16:04:19,28.90,17.70
16:04:29,28.90,18.00
16:04:39,28.80,17.90
16:04:49,28.80,18.10
16:04:59,28.90,18.30
16:05:10,28.80,17.80
16:05:20,28.80,17.70
16:05:30,28.80,17.80
16:05:40,28.80,17.70
16:05:50,28.80,17.90
16:06:00,28.90,17.60
16:06:10,28.80,17.70
16:06:20,28.80,17.80
16:06:30,28.80,17.90
16:06:40,28.80,18.00
16:06:50,28.80,18.00
16:07:00,28.80,17.90
16:07:10,28.80,18.00
16:07:20,28.80,18.10
16:07:30,28.80,18.00
16:07:40,28.90,18.10
16:07:50,28.80,18.00
16:08:00,28.90,18.20
16:08:10,28.90,17.90
16:08:20,28.80,18.10
16:08:30,28.90,18.20
16:08:40,28.90,18.00
16:08:50,28.80,18.00
16:09:00,28.80,18.40
16:09:10,28.80,18.10
16:09:20,28.80,18.10
16:09:30,28.80,18.00
16:09:40,28.80,17.90
16:09:50,28.80,18.00
16:10:00,28.80,18.10
16:10:11,28.80,18.60
16:10:21,28.80,18.10
16:10:31,28.80,18.50
16:10:41,28.80,17.90
16:10:51,28.80,18.00
16:11:01,28.80,18.10
16:11:11,28.80,18.20
16:11:21,28.80,18.00
16:11:31,28.80,18.10
16:11:41,28.80,17.80
16:11:51,28.80,17.80
16:12:01,28.80,17.70
16:12:11,28.80,17.90
16:12:21,28.80,17.80
16:12:31,28.80,17.90
16:12:41,28.80,18.20
16:12:51,28.80,18.10
16:13:01,28.80,17.90
16:13:11,28.80,17.90
16:13:21,28.90,17.70
16:13:31,28.80,17.70
16:13:41,28.80,17.70
16:13:51,28.80,17.60
16:14:01,28.80,17.60
16:14:11,28.90,17.80
16:14:21,28.80,18.00
16:14:31,28.80,18.20
16:14:41,28.80,17.70
16:14:51,28.80,17.80
16:15:01,28.90,18.00
16:15:12,28.80,17.80
16:15:21,28.80,18.00
16:15:31,28.80,17.90
16:15:41,28.80,17.80
16:15:51,28.80,18.00
16:16:01,28.80,18.10
16:16:11,28.80,18.00
16:16:21,28.80,17.70
16:16:31,28.80,17.80
16:16:42,28.80,17.90
16:16:51,28.80,17.80
16:17:01,28.80,17.60
16:17:12,28.80,17.90
16:17:21,28.80,17.80
16:17:32,28.80,17.70
16:17:41,28.80,18.00
16:17:51,28.80,18.00
16:18:01,28.80,18.00
16:18:12,28.80,17.90
16:18:21,28.80,17.80
16:18:31,28.80,17.80
16:18:41,28.80,17.90
16:18:51,28.80,17.90
16:19:01,28.80,17.90
16:19:11,28.80,17.90
16:19:21,28.80,17.80
16:19:31,28.80,18.00
16:19:41,28.80,17.80
16:19:51,28.80,18.30
16:20:02,28.80,17.80
16:20:13,28.80,18.60
16:20:23,28.80,17.90
16:20:33,28.80,17.90
16:20:43,28.80,18.20
16:20:53,28.80,17.90
16:21:03,28.80,17.90
16:21:13,28.80,18.00
16:21:23,28.80,18.20
16:21:33,28.80,17.80
16:21:43,28.80,18.10
16:21:53,28.80,17.90
16:22:03,28.80,18.30
16:22:13,28.80,18.00
16:22:23,28.80,17.90
16:22:33,28.80,17.90
16:22:43,28.80,18.20
16:22:53,28.80,18.10
16:23:03,28.80,18.40
16:23:13,28.90,18.20
16:23:23,28.80,18.10
16:23:33,28.80,18.10
16:23:43,28.80,18.40
16:23:53,28.80,17.80
16:24:03,28.80,18.10
16:24:13,28.80,17.80
16:24:23,28.80,18.40
16:24:33,28.80,18.00
16:24:43,28.80,18.40
16:24:53,28.80,17.80
16:25:03,28.80,18.00
16:25:16,28.80,18.00
16:25:26,28.80,18.10
16:25:36,28.80,18.10
16:25:46,28.80,18.10
16:25:56,28.80,18.00
16:26:06,28.80,18.00
16:26:16,28.80,18.00
16:26:26,28.80,18.10
16:26:36,28.80,17.80
16:26:46,28.80,17.80
16:26:56,28.80,17.90
16:27:06,28.80,18.10
16:27:16,28.80,18.10
16:27:26,28.80,18.20
16:27:36,28.80,18.00
16:27:46,28.80,17.80
16:27:56,28.80,17.90
16:28:06,28.80,18.10
16:28:16,28.80,17.90
16:28:26,28.80,17.80
16:28:36,28.80,18.10
16:28:46,28.80,18.00
16:28:56,28.80,17.80
16:29:06,28.80,18.00
16:29:16,28.80,17.90
16:29:26,28.80,18.00
16:29:36,28.80,17.90
16:29:46,28.80,18.00
16:29:56,28.80,18.00
16:30:06,28.80,18.20
16:30:17,28.80,18.20
16:30:27,28.80,18.40
16:30:37,28.80,18.10
16:30:47,28.80,18.00
16:30:57,28.80,18.20
16:31:07,28.80,18.60
16:31:17,28.80,18.90
16:31:27,28.80,18.10
16:31:37,28.80,18.00
16:31:47,28.80,18.10
16:31:57,28.80,18.10
16:32:07,28.80,18.30
16:32:17,28.80,18.20
16:32:27,28.80,18.10
16:32:37,28.80,18.20
16:32:47,28.80,18.00
16:32:57,28.80,17.90
16:33:07,28.80,18.00
16:33:17,28.80,18.60
16:33:27,28.80,18.10
16:33:37,28.80,18.00
16:33:47,28.80,18.20
16:33:57,28.80,18.50
16:34:07,28.80,18.30
16:34:17,28.80,18.10
16:34:27,28.80,18.10
16:34:37,28.80,18.10
16:34:47,28.80,18.40
16:34:57,28.80,18.20
16:35:07,28.80,18.30
16:35:19,28.80,18.30
16:35:29,28.80,18.20
16:35:39,28.80,18.80
16:35:49,28.80,18.50
16:35:59,28.80,18.50
16:36:09,28.80,18.30
16:36:19,28.80,18.60
16:36:29,28.80,18.80
16:36:39,28.80,18.20
16:36:49,28.80,18.30
16:36:59,28.80,18.50
16:37:09,28.80,18.30
16:37:19,28.80,18.30
16:37:29,28.80,18.40
16:37:39,28.80,18.20
16:37:49,28.80,18.30
16:37:59,28.80,18.20
16:38:09,28.80,18.60
16:38:19,28.80,18.50
16:38:29,28.80,18.90
16:38:39,28.80,18.30
16:38:49,28.80,18.30
16:38:59,28.80,19.00
16:39:09,28.80,19.00
16:39:19,28.80,18.90
16:39:29,28.80,18.90
16:39:39,28.80,18.80
16:39:49,28.80,18.60
16:39:59,28.80,18.80
16:40:09,28.80,18.70
16:40:21,28.80,18.40
16:40:31,28.80,18.80
16:40:41,28.80,18.90
16:40:51,28.80,18.60
16:41:01,28.80,18.70
16:41:11,28.80,18.70
16:41:21,28.80,18.80
16:41:31,28.80,18.60
16:41:41,28.80,19.10
16:41:51,28.80,19.10
16:42:01,28.80,19.10
16:42:11,28.80,19.10
16:42:21,28.80,19.30
16:42:31,28.80,19.10
16:42:41,28.80,19.20
16:42:51,28.80,19.30
16:43:01,28.80,19.20
16:43:11,28.80,18.80
16:43:21,28.80,18.90
16:43:31,28.80,18.60
16:43:41,28.80,18.50
16:43:51,28.80,18.40
16:44:01,28.80,18.70
16:44:11,28.80,18.60
16:44:21,28.80,18.60
16:44:31,28.80,18.40
16:44:41,28.80,18.40
16:44:51,28.80,18.40
16:45:01,28.80,18.40
16:45:11,28.80,18.70
16:45:23,28.80,18.70
16:45:33,28.80,18.70
16:45:43,28.80,18.70
16:45:53,28.80,18.50
16:46:03,28.80,18.80
16:46:13,28.80,18.70
16:46:23,28.80,19.40
16:46:33,28.80,19.20
16:46:43,28.80,19.50
16:46:53,28.80,19.30
16:47:03,28.80,19.40
16:47:13,28.80,19.00
16:47:23,28.80,19.40
16:47:33,28.80,19.00
16:47:43,28.80,18.60
16:47:53,28.80,19.40
16:48:03,28.80,19.20
16:48:13,28.80,19.10
16:48:23,28.80,18.60
16:48:33,28.80,18.60
16:48:43,28.80,18.70
16:48:53,28.80,18.60
16:49:03,28.80,18.70
16:49:13,28.80,18.80
16:49:23,28.80,18.50
16:49:33,28.80,18.90
16:49:43,28.80,18.70
16:49:53,28.80,18.90
16:50:03,28.80,18.50
16:50:13,28.80,18.60
16:50:25,28.80,18.50
16:50:35,28.80,18.80
16:50:45,28.80,19.00
16:50:55,28.80,18.60
16:51:05,28.80,18.80
16:51:15,28.80,18.60
16:51:25,28.80,18.50
16:51:35,28.80,19.00
16:51:45,28.80,18.70
16:51:55,28.80,18.90
16:52:05,28.80,18.60
16:52:15,28.80,18.50
16:52:25,28.80,18.50
16:52:35,28.80,18.60
16:52:45,28.80,18.60
16:52:55,28.80,18.80
16:53:05,28.80,19.00
16:53:15,28.80,19.10
16:53:25,28.80,19.40
16:53:35,28.80,18.90
16:53:45,28.80,18.80
16:53:55,28.80,19.10
16:54:05,28.80,19.40
16:54:15,28.80,19.50
16:54:25,28.80,18.90
16:54:35,28.80,18.80
16:54:45,28.80,18.70
16:54:55,28.80,18.90
16:55:05,28.80,18.70
16:55:15,28.80,18.90
16:55:29,28.80,18.90
16:55:39,28.80,18.80
16:55:49,28.80,18.70
16:55:59,28.80,19.00
16:56:09,28.80,19.00
16:56:19,28.80,18.80
16:56:29,28.80,18.80
16:56:39,28.80,18.80
16:56:49,28.80,18.80
16:56:59,28.80,18.70
16:57:09,28.80,18.90
16:57:19,28.80,19.10
16:57:29,28.80,19.20
16:57:39,28.80,19.40
16:57:49,28.80,19.40
16:57:59,28.80,19.00
16:58:09,28.80,19.30
16:58:19,28.80,19.50
16:58:29,28.80,19.10
16:58:39,28.80,19.40
16:58:49,28.80,19.40
16:58:59,28.80,19.60
16:59:09,28.80,19.70
16:59:19,28.80,19.30
16:59:29,28.80,19.60
16:59:39,28.80,24.00
16:59:49,28.80,19.10
16:59:59,28.80,18.90
17:00:09,28.80,19.00
17:00:19,28.80,18.90
17:00:30,28.80,18.90
17:00:40,28.80,19.20
17:00:50,28.80,19.00
17:01:00,28.80,19.30
17:01:10,28.80,19.30
17:01:20,28.80,19.40
17:01:30,28.80,18.90
17:01:40,28.80,19.00
17:01:50,28.80,18.90
17:02:00,28.80,18.80
17:02:10,28.80,18.90
17:02:20,28.80,19.30
17:02:30,28.80,19.50
17:02:40,28.80,19.40
17:02:50,28.80,19.00
17:03:00,28.80,18.90
17:03:10,28.80,19.00
17:03:20,28.80,18.80
17:03:30,28.80,18.90
17:03:40,28.80,19.00
17:03:50,28.80,19.00
17:04:00,28.80,18.80
17:04:10,28.80,19.00
17:04:20,28.80,19.20
17:04:30,28.80,19.00
17:04:40,28.80,18.90
17:04:50,28.80,19.20
17:05:00,28.80,18.90
17:05:10,28.80,19.10
17:05:20,28.80,19.20
17:05:32,28.80,19.10
17:05:42,28.80,19.50
17:05:52,28.80,19.20
17:06:02,28.80,19.20
17:06:12,28.80,19.00
17:06:22,28.80,18.90
17:06:32,28.80,19.00
17:06:42,28.80,18.90
17:06:52,28.80,19.20
17:07:02,28.80,19.20
17:07:12,28.80,19.20
17:07:22,28.80,18.90
17:07:32,28.80,18.80
17:07:42,28.80,19.00
17:07:52,28.80,19.20
17:08:02,28.80,19.00
17:08:12,28.80,19.00
17:08:22,28.80,19.10
17:08:32,28.80,18.90
17:08:42,28.80,19.00
17:08:52,28.80,19.00
17:09:02,28.80,19.10
17:09:12,28.80,19.00
17:09:22,28.80,19.60
17:09:32,28.80,19.70
17:09:42,28.80,19.80
17:09:52,28.80,19.60
17:10:02,28.80,19.10
17:10:12,28.80,19.30
17:10:22,28.80,19.40
17:10:36,28.80,19.40
17:10:46,28.80,19.30
17:10:56,28.80,19.40
17:11:06,28.80,19.20
17:11:16,28.80,19.20
17:11:26,28.80,19.20
17:11:37,28.80,19.00
17:11:46,28.80,19.00
17:11:56,28.80,19.10
17:12:06,28.80,19.10
17:12:16,28.80,19.10
17:12:26,28.80,19.30
17:12:36,28.80,19.20
17:12:46,28.80,19.00
17:12:56,28.80,19.10
17:13:06,28.80,19.10
17:13:16,28.80,19.50
17:13:26,28.80,19.20
17:13:36,28.80,19.50
17:13:46,28.80,19.90
17:13:56,28.80,19.30
17:14:06,28.80,19.30
17:14:16,28.80,19.20
17:14:27,28.80,19.30
17:14:36,28.80,19.30
17:14:46,28.80,19.20
17:14:56,28.80,19.30
17:15:06,28.80,19.30
17:15:16,28.80,19.40
17:15:26,28.80,19.30
17:15:43,28.80,19.40
17:15:53,28.80,19.50
17:16:03,28.80,19.50
17:16:13,28.80,19.40
17:16:23,28.80,19.70
17:16:33,28.80,19.50
17:16:43,28.80,19.50
17:16:53,28.80,19.40
17:17:03,28.80,19.50
17:17:13,28.80,19.90
17:17:23,28.80,19.70
17:17:33,28.80,19.70
17:17:43,28.80,19.70
17:17:53,28.80,19.80
17:18:03,28.80,19.90
17:18:13,28.80,19.60
17:18:23,28.80,19.50
17:18:33,28.80,19.50
17:18:43,28.80,19.50
17:18:53,28.80,19.50
17:19:03,28.80,19.50
17:19:13,28.80,19.60
17:19:23,28.80,19.90
17:19:33,28.80,19.60
17:19:43,28.80,19.60
17:19:53,28.80,19.50
17:20:03,28.80,19.70
17:20:13,28.80,19.70
17:20:23,28.80,19.80
17:20:33,28.80,19.80
17:21:01,28.80,24.00
17:21:10,28.80,24.00
17:21:21,28.80,24.40
17:21:31,28.80,24.60
17:21:41,28.80,24.30
17:21:51,28.80,24.20
17:22:01,28.80,24.10
17:22:11,28.80,24.20
17:22:21,28.80,24.10
17:22:31,28.80,24.20
17:22:41,28.80,24.30
17:22:51,28.80,24.30
17:23:01,28.80,24.20
17:23:11,28.80,24.30
17:23:21,28.80,24.40
17:23:31,28.80,24.40
17:23:41,28.80,24.40
17:23:51,28.80,24.50
17:24:01,28.80,24.70
17:24:11,28.80,24.80
17:24:21,28.80,24.70
17:24:31,28.80,24.90
17:24:41,28.90,24.90
17:24:51,28.80,25.20
17:25:01,28.80,25.30
17:25:11,28.80,25.30
17:25:21,28.80,25.40
17:25:31,28.80,25.40
17:25:41,28.80,25.50
17:26:33,28.80,26.00
17:26:43,28.80,26.10
17:26:53,28.80,26.10
17:27:03,28.80,26.30
17:27:13,28.80,26.60
17:27:23,28.80,26.60
17:27:33,28.80,26.60
17:27:43,28.80,26.60
17:27:53,28.80,26.60
17:28:03,28.80,26.80
17:28:13,28.80,26.80
17:28:23,28.80,26.90
17:28:33,28.80,26.90
17:28:43,28.80,27.10
17:28:53,28.80,27.10
17:29:03,28.80,27.20
17:29:13,28.80,27.20
17:29:23,28.80,27.30
17:29:33,28.80,27.40
17:29:43,28.80,27.50
17:29:53,28.80,27.50
17:30:03,28.80,27.60
17:30:13,28.80,27.70
17:30:23,28.80,27.70
17:30:33,28.80,27.70
17:30:43,28.80,27.80
17:31:07,28.80,28.00
17:31:17,28.80,28.00
17:31:27,28.80,28.20
17:31:37,28.80,28.30
17:31:47,28.80,28.30
17:31:57,28.80,28.50
17:32:07,28.80,28.40
17:32:17,28.80,28.50
17:32:27,28.80,28.60
17:32:37,28.80,28.60
17:32:47,28.80,28.60
17:32:57,28.80,28.70
17:33:07,28.80,28.70
17:33:17,28.80,28.80
17:33:27,28.80,28.90
17:33:37,28.80,29.20
17:33:47,28.80,29.00
17:33:57,28.80,29.00
17:34:07,28.80,28.90
17:34:17,28.80,29.00
17:34:27,28.80,29.10
17:34:37,28.80,29.10
17:34:47,28.80,29.10
17:34:57,28.80,29.20
17:35:07,28.80,29.10
17:35:17,28.80,29.30
17:35:27,28.80,29.20
17:35:37,28.80,29.20
17:35:47,28.80,29.30
17:36:09,28.80,29.20
17:36:19,28.80,29.20
17:36:29,28.80,29.30
17:36:39,28.80,29.40
17:36:49,28.80,29.30
17:36:59,28.80,29.40
17:37:09,28.80,29.40
17:37:19,28.80,29.40
17:37:29,28.80,29.50
17:37:39,28.70,29.40
17:37:49,28.80,29.40
17:37:59,28.80,29.50
17:38:09,28.80,29.50
17:38:19,28.80,29.50
17:38:29,28.80,29.50
17:38:39,28.80,29.50
17:38:49,28.80,29.50
17:38:59,28.70,29.50
17:39:09,28.80,29.80
17:39:19,28.80,29.70
17:39:29,28.80,29.80
17:39:39,28.80,29.90
17:39:49,28.80,29.80
17:39:59,28.80,29.80
17:40:09,28.80,30.00
17:40:19,28.80,30.00
17:40:29,28.80,29.90
17:40:39,28.70,29.90
17:40:49,28.80,30.00
17:41:50,28.80,30.20
17:42:00,28.70,30.10
17:42:10,28.70,30.30
17:42:20,28.80,30.30
17:42:30,28.70,30.20
17:42:40,28.70,30.20
17:42:50,28.80,30.30
17:43:00,28.70,30.30
17:43:10,28.70,30.20
17:43:20,28.70,30.30
17:43:30,28.70,30.40
17:43:40,28.70,30.50
17:43:50,28.70,30.30
17:44:00,28.70,30.30
17:44:10,28.70,30.30
17:44:20,28.70,30.40
17:44:30,28.70,30.30
17:44:40,28.70,30.60
17:44:50,28.80,30.50
17:45:00,28.70,30.60
17:45:10,28.70,30.50
17:45:20,28.70,30.30
17:45:30,28.70,30.50
17:45:40,28.70,30.50
17:45:50,28.80,30.50
17:46:04,28.70,30.40
17:46:14,28.70,30.40
17:46:24,28.70,30.40
17:46:34,28.70,30.40
17:46:44,28.70,30.40
17:46:54,28.70,30.50
17:47:04,28.70,30.50
17:47:14,28.70,30.40
17:47:24,28.70,30.40
17:47:34,28.70,30.50
17:47:44,28.70,30.40
17:47:54,28.70,30.50
17:48:04,28.70,30.50
17:48:14,28.70,30.50
17:48:24,28.70,30.40
17:48:34,28.70,30.40
17:48:44,28.70,30.40
17:48:54,28.70,30.40
17:49:04,28.70,30.40
17:49:14,28.70,30.30
17:49:24,28.70,30.40
17:49:34,28.70,30.40
17:49:44,28.70,30.40
17:49:54,28.70,30.40
17:50:04,28.70,30.30
17:50:14,28.70,30.30
17:50:24,28.70,30.50
17:50:34,28.70,30.40
17:50:44,28.70,30.30
17:50:54,28.70,30.20
17:51:46,28.70,30.20
17:51:56,28.70,30.40
17:52:06,28.70,30.30
17:52:16,28.70,30.20
17:52:26,28.70,30.50
17:52:36,28.70,30.20
17:52:46,28.70,30.20
17:52:56,28.70,30.20
17:53:06,28.70,30.10
17:53:16,28.70,30.10
17:53:26,28.70,30.20
17:53:36,28.70,30.10
17:53:46,28.70,30.20
17:53:56,28.70,30.20
17:54:06,28.70,30.20
17:54:16,28.70,30.10
17:54:26,28.70,30.10
17:54:36,28.70,30.10
17:54:46,28.70,30.10
17:54:56,28.70,30.10
17:55:06,28.70,30.10
17:55:16,28.70,30.10
17:55:26,28.70,30.20
17:55:36,28.70,30.20
17:55:46,28.70,30.20
17:55:56,28.70,30.20
17:56:20,28.70,30.20
17:56:30,28.70,30.20
17:56:40,28.60,30.10
17:56:50,28.60,30.20
17:57:00,28.70,30.20
17:57:10,28.60,30.10
17:57:20,28.70,30.10
17:57:30,28.60,30.20
17:57:40,28.60,30.10
17:57:50,28.70,30.10
17:58:00,28.60,30.10
17:58:10,28.70,30.10
17:58:20,28.60,30.10
17:58:30,28.60,30.10
17:58:40,28.60,30.20
17:58:50,28.60,30.20
17:59:00,28.60,30.20
17:59:10,28.60,30.20
17:59:20,28.60,30.10
17:59:30,28.60,30.20
17:59:40,28.60,30.20
17:59:50,28.60,30.30
18:00:00,28.60,30.30
18:00:10,28.60,30.30
18:00:20,28.60,30.20
18:00:30,28.60,30.30
18:00:40,28.60,30.30
18:00:50,28.60,30.30
18:01:00,28.60,30.30
18:01:33,28.60,30.30
18:01:43,28.60,30.40
18:01:53,28.60,30.30
18:02:03,28.60,30.40
18:02:13,28.60,30.30
18:02:23,28.60,30.40
18:02:33,28.60,30.40
18:02:43,28.60,30.40
18:02:53,28.60,30.40
18:03:03,28.60,30.40
18:03:13,28.60,30.40
18:03:23,28.60,30.50
18:03:33,28.60,30.40
18:03:43,28.60,30.40
18:03:53,28.60,30.40
18:04:03,28.60,30.40
18:04:13,28.60,30.40
18:04:23,28.60,30.40
18:04:33,28.60,30.50
18:04:43,28.60,30.50
18:04:53,28.60,30.50
18:05:03,28.60,30.50
18:05:13,28.60,30.40
18:05:23,28.60,30.60
18:05:33,28.60,30.50
18:05:43,28.60,30.50
18:05:53,28.60,30.50
18:06:03,28.60,30.50
18:06:32,28.60,30.60
18:06:42,28.60,30.50
18:06:52,28.50,30.50
18:07:02,28.60,30.60
18:07:12,28.60,30.60
18:07:22,28.60,30.70
18:07:32,28.60,30.60
18:07:42,28.60,30.50
18:07:52,28.60,30.60
18:08:02,28.60,30.60
18:08:12,28.60,30.60
18:08:22,28.60,30.60
18:08:32,28.60,30.70
18:08:42,28.60,30.60
18:08:52,28.60,30.60
18:09:02,28.60,30.60
18:09:12,28.60,30.60
18:09:22,28.60,30.60
18:09:32,28.60,30.60
18:09:42,28.60,30.60
18:09:52,28.60,30.70
18:10:02,28.60,30.60
18:10:12,28.60,30.60
18:10:22,28.60,30.60
18:10:32,28.60,30.60
18:10:42,28.50,30.60
18:10:52,28.60,30.60
18:11:02,28.50,30.70
18:11:12,28.50,30.70
18:11:50,28.60,30.60
18:12:00,28.60,30.60
18:12:10,28.60,30.60
18:12:20,28.50,30.60
18:12:30,28.50,30.60
18:12:40,28.50,30.60
18:12:50,28.50,30.70
18:13:00,28.50,30.70
18:13:10,28.50,30.70
18:13:20,28.50,30.70
18:13:30,28.50,30.70
18:13:40,28.50,30.70
18:13:50,28.50,30.70
18:14:00,28.50,30.80
18:14:10,28.50,30.70
18:14:20,28.50,30.70
18:14:30,28.50,30.70
18:14:40,28.50,30.70
18:14:50,28.50,30.70
18:15:00,28.50,30.70
18:15:10,28.50,30.70
18:15:20,28.50,30.70
18:15:30,28.50,30.70
18:15:40,28.50,30.70
18:15:50,28.50,30.70
18:16:00,28.50,30.80
18:16:10,28.50,30.90
18:16:20,28.50,30.80
18:16:56,28.50,30.80
18:17:06,28.50,30.80
18:17:16,28.50,30.80
18:17:26,28.50,30.80
18:17:36,28.50,30.80
18:17:46,28.50,30.80
18:17:56,28.50,30.80
18:18:06,28.50,30.90
18:18:16,28.50,30.80
18:18:26,28.50,30.80
18:18:36,28.50,30.80
18:18:46,28.50,30.90
18:18:56,28.50,30.90
18:19:06,28.50,30.90
18:19:16,28.50,30.90
18:19:26,28.50,30.90
18:19:36,28.50,30.90
18:19:46,28.50,30.90
18:19:56,28.50,30.90
18:20:06,28.50,30.90
18:20:16,28.50,31.00
18:20:26,28.50,30.90
18:20:36,28.50,31.00
18:20:46,28.50,31.00
18:20:56,28.50,31.00
18:21:06,28.50,31.00
18:21:16,28.50,31.00
18:21:26,28.40,30.90
18:22:06,28.40,31.00
18:22:16,28.40,30.90
18:22:26,28.40,31.00
18:22:36,28.40,31.00
18:22:46,28.40,31.00
18:22:56,28.50,31.00
18:23:06,28.40,31.00
18:23:16,28.40,31.10
18:23:26,28.40,31.00
18:23:36,28.50,31.10
18:23:46,28.40,31.00
18:23:56,28.40,31.00
18:24:06,28.40,31.10
18:24:16,28.40,31.10
18:24:26,28.40,31.00
18:24:36,28.40,31.10
18:24:46,28.40,31.10
18:24:56,28.40,31.00
18:25:06,28.40,31.10
18:25:16,28.40,31.10
18:25:26,28.40,31.10
18:25:36,28.40,31.10
18:25:46,28.40,31.10
18:25:56,28.40,31.20
18:26:06,28.40,31.10
18:26:16,28.40,31.10
18:26:26,28.40,31.10
18:27:13,28.40,31.10
18:27:23,28.40,31.10
18:27:33,28.40,31.10
18:27:43,28.40,31.10
18:27:53,28.40,31.20
18:28:03,28.40,31.20
18:28:13,28.40,31.10
18:28:23,28.40,31.20
18:28:33,28.40,31.20
18:28:43,28.40,31.20
18:28:53,28.40,31.10
18:29:03,28.40,31.20
18:29:13,28.40,31.20
18:29:23,28.40,31.20
18:29:33,28.40,31.20
18:29:43,28.40,31.20
18:29:53,28.40,31.20
18:30:03,28.40,31.20
18:30:13,28.40,31.20
18:30:23,28.40,31.20
18:30:33,28.40,31.30
18:30:43,28.40,31.30
18:30:53,28.40,31.20
18:31:03,28.40,31.20
18:31:13,28.40,31.20
18:31:23,28.40,31.20
18:31:33,28.40,31.20
18:32:11,28.40,31.20
18:32:21,28.40,31.20
18:32:31,28.40,31.20
18:32:41,28.40,31.30
18:32:51,28.40,31.20
18:33:01,28.40,31.20
18:33:11,28.40,31.20
18:33:21,28.40,31.20
18:33:31,28.40,31.20
18:33:41,28.40,31.20
18:33:51,28.40,31.20
18:34:01,28.40,31.20
18:34:11,28.40,31.20
18:34:21,28.40,31.20
18:34:31,28.40,31.20
18:34:41,28.30,31.20
18:34:51,28.30,31.20
18:35:01,28.40,31.20
18:35:11,28.30,31.20
18:35:21,28.30,31.20
18:35:31,28.40,31.20
18:35:41,28.40,31.20
18:35:51,28.30,31.20
18:36:01,28.40,31.20
18:36:11,28.30,31.30
18:36:21,28.30,31.20
18:36:31,28.40,31.20
18:36:41,28.30,31.30
18:37:08,28.30,31.20
18:37:18,28.40,31.30
18:37:28,28.30,31.30
18:37:38,28.30,31.30
18:37:48,28.40,31.20
18:37:58,28.30,31.30
18:38:08,28.40,31.30
18:38:18,28.30,31.20
18:38:28,28.30,31.20
18:38:38,28.30,31.20
18:38:48,28.40,31.20
18:38:58,28.30,31.20
18:39:08,28.30,31.20
18:39:18,28.30,31.20
18:39:28,28.30,31.20
18:39:38,28.30,31.20
18:39:48,28.30,31.30
18:39:58,28.30,31.20
18:40:08,28.30,31.20
18:40:18,28.30,31.30
18:40:28,28.30,31.20
18:40:38,28.40,31.20
18:40:48,28.30,31.20
18:40:58,28.30,31.20
18:41:08,28.30,31.20
18:41:18,28.30,31.30
18:41:28,28.30,31.20
18:41:38,28.30,31.20
18:41:48,28.30,31.30
18:42:30,28.30,31.30
18:42:40,28.30,31.30
18:42:50,28.30,31.20
18:43:00,28.30,31.30
18:43:10,28.30,31.20
18:43:20,28.30,31.30
18:43:30,28.30,31.30
18:43:40,28.30,31.30
18:43:50,28.30,31.20
18:44:00,28.30,31.20
18:44:10,28.30,31.30
18:44:20,28.30,31.30
18:44:30,28.30,31.30
18:44:40,28.30,31.30
18:44:50,28.30,31.30
18:45:00,28.30,31.40
18:45:10,28.30,31.30
18:45:20,28.30,31.30
18:45:30,28.30,31.40
18:45:40,28.30,31.40
18:45:50,28.30,31.40
18:46:00,28.30,31.30
18:46:10,28.30,31.40
18:46:20,28.30,31.30
18:46:30,28.30,31.40
18:46:40,28.30,31.40
18:46:50,28.30,31.40
18:47:20,28.30,31.40
18:47:30,28.30,31.40
18:47:40,28.30,31.40
18:47:50,28.30,31.40
18:48:00,28.30,31.40
18:48:10,28.30,31.50
18:48:20,28.30,31.50
18:48:30,28.30,31.50
18:48:40,28.30,31.60
18:48:50,28.30,31.50
18:49:00,28.30,31.60
18:49:10,28.20,31.50
18:49:20,28.30,31.50
18:49:30,28.30,31.50
18:49:40,28.20,31.50
18:49:50,28.30,31.50
18:50:00,28.30,31.50
18:50:10,28.30,31.50
18:50:20,28.30,31.50
18:50:30,28.30,31.50
18:50:40,28.30,31.60
18:50:50,28.30,31.50
18:51:00,28.30,31.50
18:51:10,28.30,31.50
18:51:20,28.20,31.50
18:51:30,28.20,31.50
18:51:40,28.30,31.60
18:51:50,28.20,31.60
18:52:00,28.20,31.60
18:52:35,28.20,31.60
18:52:46,28.20,31.60
18:52:56,28.30,31.60
18:53:06,28.20,31.60
18:53:16,28.30,31.50
18:53:26,28.20,31.60
18:53:36,28.20,31.60
18:53:46,28.20,31.60
18:53:56,28.20,31.70
18:54:06,28.20,31.70
18:54:16,28.20,31.70
18:54:25,28.20,31.70
18:54:36,28.20,31.60
18:54:46,28.20,31.60
18:54:55,28.20,31.50
18:55:06,28.30,31.50
18:55:15,28.20,31.50
18:55:26,28.30,31.40
18:55:36,28.30,31.40
18:55:46,28.30,31.40
18:55:56,28.30,31.40
18:56:06,28.30,31.40
18:56:16,28.30,31.40
18:56:25,28.30,31.40
18:56:35,28.30,31.50
18:56:46,28.30,31.60
18:56:56,28.30,31.50
18:57:05,28.20,31.40
18:57:55,28.30,31.40
18:58:05,28.30,31.50
18:58:15,28.20,31.50
18:58:25,28.30,31.50
18:58:35,28.30,31.40
18:58:45,28.30,31.50
18:58:55,28.30,31.50
18:59:05,28.30,31.40
18:59:15,28.20,31.50
18:59:25,28.20,31.50
18:59:35,28.20,31.50
18:59:45,28.20,31.50
18:59:55,28.30,31.50
19:00:05,28.20,31.50
19:00:15,28.20,31.50
19:00:25,28.20,31.50
19:00:35,28.30,31.50
19:00:45,28.20,31.50
19:00:55,28.20,31.50
19:01:05,28.30,31.50
19:01:15,28.20,31.60
19:01:25,28.20,31.50
19:01:35,28.30,31.50
19:01:45,28.20,31.50
19:01:55,28.20,31.50
19:02:05,28.30,31.50
19:02:15,28.20,31.50
19:03:08,28.30,31.50
19:03:18,28.30,31.40
19:03:29,28.30,31.40
19:03:38,28.30,31.40
19:03:48,28.30,31.40
19:03:59,28.30,31.40
19:04:08,28.30,31.40
19:04:18,28.30,31.50
19:04:29,28.30,31.40
19:04:38,28.30,31.40
19:04:49,28.30,31.30
19:04:59,28.30,31.40
19:05:08,28.30,31.40
19:05:18,28.30,31.40
19:05:28,28.30,31.40
19:05:38,28.30,31.40
19:05:49,28.30,31.30
19:05:58,28.30,31.40
19:06:08,28.30,31.40
19:06:19,28.30,31.40
19:06:28,28.30,31.40
19:06:38,28.30,31.50
19:06:48,28.30,31.30
19:06:58,28.30,31.40
19:07:08,28.30,31.40
19:07:19,28.30,31.40
19:07:28,28.30,31.40
19:07:38,28.30,31.50
19:07:49,28.30,31.30
19:07:58,28.30,31.40
19:08:08,28.30,31.30
19:08:19,28.30,31.40
19:08:28,28.30,31.30
19:08:38,28.30,31.30
19:08:49,28.30,31.40
19:08:58,28.30,31.40
19:09:08,28.30,31.50
19:09:19,28.30,31.40
19:09:28,28.30,31.40
19:09:38,28.30,31.40
19:09:49,28.30,31.30
19:09:58,28.30,31.30
19:10:09,28.30,31.30
19:10:19,28.30,31.30
19:10:28,28.30,31.40
19:10:38,28.30,31.30
19:10:49,28.30,31.30
19:10:58,28.30,31.30
19:11:08,28.30,31.20
19:11:19,28.30,31.30
19:11:28,28.30,31.30
19:11:38,28.30,31.30
19:11:48,28.30,31.30
19:11:58,28.30,31.40
19:12:09,28.30,31.30
19:12:18,28.30,31.30
19:12:45,28.30,31.30
19:12:55,28.30,31.20
19:13:05,28.30,31.20
19:13:15,28.30,31.30
19:13:25,28.30,31.30
19:13:35,28.30,31.20
19:13:45,28.30,31.30
19:13:55,28.30,31.30
19:14:05,28.30,31.20
19:14:15,28.30,31.20
19:14:25,28.30,31.50
19:14:35,28.30,31.20
19:14:45,28.30,31.20
19:14:55,28.30,31.20
19:15:05,28.30,31.20
19:15:15,28.30,31.20
19:15:25,28.30,31.20
19:15:35,28.30,31.20
19:15:45,28.30,31.20
19:15:55,28.30,31.20
19:16:05,28.30,31.20
19:16:15,28.30,31.20
19:16:25,28.30,31.20
19:16:35,28.30,31.20
19:16:45,28.30,31.20
19:16:55,28.30,31.30
19:17:05,28.30,31.20
19:17:15,28.40,31.10
19:17:25,28.30,31.10
19:17:37,28.30,31.10
19:17:47,28.30,31.10
19:17:58,28.30,31.10
19:18:07,28.30,31.40
19:18:17,28.30,31.10
19:18:28,28.40,31.10
19:18:37,28.40,31.20
19:18:47,28.30,31.10
19:18:58,28.30,31.10
19:19:07,28.30,31.10
19:19:17,28.40,31.10
19:19:27,28.40,31.00
19:19:37,28.40,31.00
19:19:47,28.30,31.10
19:19:58,28.40,31.00
19:20:07,28.40,31.00
19:20:17,28.40,31.10
19:20:27,28.40,31.10
19:20:37,28.40,31.10
19:20:47,28.40,31.20
19:20:58,28.40,31.10
19:21:07,28.30,31.00
19:21:17,28.30,31.00
19:21:27,28.40,31.00
19:21:37,28.30,31.10
19:21:47,28.40,31.00
19:21:57,28.40,31.10
19:22:07,28.40,31.00
19:22:17,28.40,31.00
19:22:27,28.40,31.00
19:22:42,28.40,31.00
19:22:51,28.40,31.00
19:23:02,28.40,31.00
19:23:12,28.40,31.10
19:23:22,28.40,31.10
19:23:32,28.40,31.00
19:23:42,28.40,30.90
19:23:52,28.40,31.00
19:24:02,28.40,31.10
19:24:12,28.40,31.10
19:24:22,28.40,31.00
19:24:32,28.40,31.00
19:24:42,28.40,31.10
19:24:52,28.40,31.00
19:25:02,28.40,30.90
19:25:12,28.40,31.00
19:25:22,28.40,31.00
19:25:32,28.40,31.00
19:25:42,28.40,31.00
19:25:52,28.40,31.00
19:26:02,28.40,30.90
19:26:12,28.40,30.90
19:26:22,28.40,30.90
19:26:32,28.40,30.80
19:26:42,28.40,30.80
19:26:52,28.40,30.90
19:27:02,28.40,31.00
19:27:12,28.40,30.80
19:27:22,28.40,30.80
19:27:32,28.40,30.80
19:27:44,28.40,31.00
19:27:54,28.40,30.90
19:28:04,28.40,30.80
19:28:14,28.40,30.80
19:28:24,28.40,31.00
19:28:34,28.40,30.90
19:28:44,28.40,31.20
19:28:54,28.40,30.90
19:29:04,28.40,30.80
19:29:14,28.40,30.80
19:29:24,28.40,30.80
19:29:34,28.40,30.80
19:29:44,28.40,31.00
19:29:54,28.40,30.90
19:30:04,28.40,30.80
19:30:14,28.40,30.80
19:30:24,28.40,30.90
19:30:34,28.40,30.80
19:30:44,28.40,30.90
19:30:54,28.40,30.80
19:31:04,28.40,30.80
19:31:14,28.40,30.90
19:31:24,28.40,30.80
19:31:34,28.40,30.90
19:31:44,28.40,30.80
19:31:54,28.40,30.80
19:32:04,28.40,30.80
19:32:14,28.40,30.70
19:32:24,28.40,30.70
19:32:34,28.40,30.80
19:32:51,28.40,30.80
19:33:01,28.40,30.80
19:33:11,28.40,30.70
19:33:21,28.40,30.70
19:33:31,28.40,30.80
19:33:41,28.40,30.70
19:33:51,28.40,30.80
19:34:01,28.40,30.80
19:34:11,28.40,30.80
19:34:21,28.40,30.80
19:34:31,28.40,30.70
19:34:41,28.40,30.70
19:34:51,28.40,30.80
19:35:01,28.40,30.80
19:35:11,28.40,30.70
19:35:21,28.40,30.70
19:35:31,28.40,30.70
19:35:41,28.40,30.80
19:35:51,28.40,30.70
19:36:01,28.40,30.80
19:36:11,28.40,30.90
19:36:21,28.40,30.70
19:36:31,28.40,30.70
19:36:41,28.40,30.60
19:36:51,28.40,30.70
19:37:01,28.40,30.70
19:37:11,28.40,31.10
19:37:21,28.40,30.90
19:37:31,28.40,30.70
19:37:41,28.40,30.70
19:37:53,28.40,30.60
19:38:03,28.40,30.60
19:38:13,28.40,30.70
19:38:23,28.40,30.60
19:38:33,28.40,30.60
19:38:43,28.40,30.60
19:38:53,28.40,30.60
19:39:03,28.40,30.60
19:39:13,28.40,30.60
19:39:23,28.40,30.70
19:39:33,28.40,30.60
19:39:43,28.40,30.60
19:39:53,28.40,30.60
19:40:03,28.40,30.60
19:40:13,28.40,30.70
19:40:23,28.40,31.00
19:40:33,28.40,30.70
19:40:43,28.40,30.60
19:40:53,28.40,30.60
19:41:03,28.40,30.70
19:41:13,28.40,30.50
19:41:23,28.40,30.50
19:41:33,28.40,30.50
19:41:43,28.40,30.60
19:41:53,28.40,30.50
19:42:03,28.40,30.40
19:42:13,28.40,30.70
19:42:23,28.40,30.50
19:42:33,28.40,30.40
19:42:43,28.40,30.50
19:42:53,28.40,30.50
19:43:03,28.40,30.40
19:43:13,28.40,30.60
19:43:23,28.40,30.40
19:43:33,28.40,30.50
19:43:43,28.40,30.50
19:43:53,28.40,30.50
19:44:03,28.40,30.50
19:44:13,28.40,30.40
19:44:23,28.40,30.40
19:44:33,28.40,30.40
19:44:43,28.40,30.40
19:44:53,28.40,30.40
19:45:03,28.40,30.40
19:45:13,28.40,30.30
19:45:23,28.40,30.50
19:45:33,28.40,30.30
19:45:43,28.40,30.30
19:45:53,28.40,30.30
19:46:03,28.40,30.30
19:46:13,28.40,30.40
19:46:23,28.40,30.30
19:46:33,28.40,30.30
19:46:43,28.40,30.50
19:46:53,28.40,30.40
19:47:03,28.40,30.30
19:47:13,28.40,30.30
19:47:23,28.40,30.40
19:47:33,28.40,30.30
19:47:43,28.40,30.20
19:47:55,28.40,30.20
19:48:05,28.40,30.30
19:48:15,28.40,30.20
19:48:25,28.40,30.20
19:48:35,28.40,30.40
19:48:45,28.40,30.20
19:48:55,28.40,30.20
19:49:05,28.40,30.10
19:49:15,28.40,30.20
19:49:25,28.40,30.10
19:49:35,28.40,30.20
19:49:45,28.40,30.10
19:49:55,28.40,30.20
19:50:05,28.40,30.30
19:50:15,28.40,30.10
19:50:25,28.40,30.10
19:50:35,28.40,30.10
19:50:45,28.40,30.10
19:50:55,28.40,30.10
19:51:05,28.40,30.00
19:51:15,28.40,30.00
19:51:25,28.40,30.10
19:51:35,28.40,30.10
19:51:45,28.40,30.00
19:51:55,28.40,29.80
19:52:05,28.40,29.90
19:52:15,28.40,29.80
19:52:25,28.40,29.50
19:52:35,28.40,29.50
19:52:45,28.40,29.40
19:52:56,28.40,29.70
19:53:07,28.40,29.40
19:53:17,28.40,29.50
19:53:27,28.40,29.30
19:53:37,28.40,29.30
19:53:47,28.40,29.20
19:53:56,28.40,29.30
19:54:07,28.40,29.20
19:54:17,28.40,29.10
19:54:27,28.40,29.30
19:54:37,28.40,29.20
19:54:47,28.40,29.20
19:54:57,28.40,29.40
19:55:07,28.40,29.10
19:55:17,28.40,29.10
19:55:27,28.40,29.10
19:55:37,28.40,29.20
19:55:47,28.40,29.40
19:55:57,28.40,29.10
19:56:07,28.40,29.20
19:56:17,28.40,29.10
19:56:27,28.40,29.20
19:56:37,28.40,29.10
19:56:47,28.40,29.10
19:56:57,28.40,29.10
19:57:07,28.40,29.10
19:57:17,28.40,29.00
19:57:27,28.40,29.00
19:57:37,28.40,29.00
19:57:47,28.40,28.90
19:57:59,28.40,29.00
19:58:09,28.40,29.20
19:58:19,28.40,29.30
19:58:29,28.40,29.10
19:58:39,28.40,29.00
19:58:49,28.40,28.90
19:58:59,28.40,29.00
19:59:09,28.40,28.90
19:59:19,28.40,29.10
19:59:29,28.40,29.10
19:59:39,28.40,29.20
19:59:49,28.40,29.00
19:59:59,28.40,28.90
20:00:09,28.40,28.90
20:00:19,28.40,28.80
20:00:29,28.40,28.80
20:00:39,28.40,28.80
20:00:49,28.40,28.80
20:00:59,28.40,28.80
20:01:09,28.40,28.70
20:01:19,28.40,28.80
20:01:29,28.40,28.70
20:01:39,28.40,28.70
20:01:49,28.40,28.50
20:01:59,28.40,28.50
20:02:09,28.40,28.50
20:02:19,28.40,28.50
20:02:29,28.40,28.60
20:02:39,28.40,28.60
20:02:49,28.40,28.50
20:03:01,28.40,28.60
20:03:11,28.40,28.70
20:03:21,28.40,28.40
20:03:31,28.40,28.70
20:03:41,28.40,28.50
20:03:51,28.40,28.40
20:04:01,28.40,28.40
20:04:11,28.40,28.40
20:04:21,28.40,28.40
20:04:31,28.40,28.60
20:04:41,28.40,28.40
20:04:51,28.40,28.40
20:05:01,28.40,28.40
20:05:11,28.40,28.40
20:05:21,28.50,28.40
20:05:31,28.40,28.40
20:05:41,28.40,28.30
20:05:51,28.40,28.40
20:06:01,28.40,28.20
20:06:11,28.40,28.10
20:06:21,28.40,28.10
20:06:31,28.40,28.00
20:06:41,28.40,28.20
20:06:51,28.40,27.80
20:07:01,28.40,27.80
20:07:11,28.40,28.00
20:07:21,28.40,27.70
20:07:31,28.40,27.70
20:07:41,28.40,27.40
20:07:51,28.40,27.40
20:08:07,28.40,27.30
20:08:17,28.40,27.40
20:08:27,28.40,27.30
20:08:37,28.40,26.90
20:08:47,28.50,26.90
20:08:56,28.40,26.90
20:09:07,28.40,26.80
20:09:16,28.40,26.70
20:09:27,28.40,26.60
20:09:37,28.40,26.60
20:09:46,28.40,26.70
20:09:57,28.40,26.70
20:10:07,28.40,26.80
20:10:16,28.40,26.80
20:10:26,28.40,26.50
20:10:37,28.40,26.50
20:10:46,28.40,26.40
20:10:57,28.40,26.50
20:11:07,28.40,26.40
20:11:16,28.40,26.40
20:11:27,28.40,26.10
20:11:37,28.40,26.10
20:11:46,28.40,26.10
20:11:57,28.40,26.00
20:12:07,28.40,26.00
20:12:16,28.40,25.90
20:12:27,28.40,25.90
20:12:37,28.40,26.00
20:12:47,28.40,26.00
20:12:57,28.40,26.00
20:13:09,28.40,26.10
20:13:19,28.40,26.00
20:13:29,28.40,26.10
20:13:39,28.40,26.20
20:13:49,28.40,26.10
20:13:59,28.40,26.20
20:14:09,28.40,26.20
20:14:19,28.40,26.40
20:14:29,28.40,26.30
20:14:39,28.40,26.40
20:14:49,28.40,26.30
20:14:59,28.40,26.60
20:15:09,28.40,26.40
20:15:19,28.40,26.60
20:15:29,28.40,26.30
20:15:39,28.40,26.30
20:15:49,28.40,26.30
20:15:59,28.40,26.40
20:16:09,28.40,26.40
20:16:19,28.40,26.60
20:16:29,28.40,26.50
20:16:39,28.40,26.50
20:16:49,28.40,26.40
20:16:59,28.40,26.40
20:17:09,28.40,26.50
20:17:19,28.40,26.40
20:17:29,28.40,26.50
20:17:39,28.40,26.40
20:17:49,28.40,26.40
20:17:59,28.40,26.40
20:18:13,28.40,26.40
20:18:23,28.40,26.50
20:18:33,28.40,26.40
20:18:43,28.40,26.40
20:18:53,28.40,26.60
20:19:03,28.40,26.60
20:19:13,28.40,26.60
20:19:23,28.40,26.80
20:19:33,28.40,26.70
20:19:43,28.40,26.50
20:19:53,28.40,26.60
20:20:03,28.40,26.60
20:20:13,28.40,26.60
20:20:23,28.40,26.60
20:20:33,28.40,26.70
20:20:43,28.40,26.70
20:20:53,28.40,27.00
20:21:03,28.40,26.90
20:21:13,28.40,26.80
20:21:23,28.40,27.00
20:21:33,28.40,26.80
20:21:43,28.40,26.80
20:21:53,28.40,26.90
20:22:03,28.40,26.80
20:22:13,28.40,26.90
20:22:23,28.40,26.90
20:22:33,28.40,26.90
20:22:43,28.40,27.00
20:22:53,28.40,27.10
20:23:03,28.40,27.10
20:23:15,28.40,27.10
20:23:25,28.40,27.20
20:23:35,28.40,27.20
20:23:45,28.40,27.30
20:23:55,28.40,27.40
20:24:05,28.40,27.60
20:24:15,28.40,27.50
20:24:25,28.40,27.60
20:24:35,28.40,27.70
20:24:45,28.40,27.70
20:24:55,28.40,27.80
20:25:05,28.40,27.90
20:25:15,28.40,28.00
20:25:25,28.40,28.00
20:25:35,28.40,28.10
20:25:45,28.40,28.10
20:25:55,28.40,28.30
20:26:05,28.40,28.30
20:26:15,28.40,28.40
20:26:25,28.40,28.40
20:26:35,28.40,28.50
20:26:45,28.40,28.50
20:26:55,28.40,28.60
20:27:05,28.40,28.70
20:27:15,28.40,28.80
20:27:25,28.40,28.90
20:27:35,28.40,28.90
20:27:45,28.40,29.10
20:27:55,28.40,29.10
20:28:05,28.40,29.10
20:28:19,28.40,29.20
20:28:29,28.30,29.40
20:28:39,28.40,29.30
20:28:49,28.40,29.30
20:28:59,28.40,29.50
20:29:09,28.40,29.40
20:29:19,28.30,29.50
20:29:29,28.30,29.70
20:29:39,28.30,29.70
20:29:49,28.30,29.70
20:29:59,28.30,29.70
20:30:09,28.30,29.80
20:30:19,28.30,29.80
20:30:29,28.30,29.90
20:30:39,28.30,29.90
20:30:49,28.30,30.00
20:30:59,28.30,30.00
20:31:09,28.30,30.00
20:31:19,28.30,30.20
20:31:29,28.30,30.20
20:31:39,28.30,30.20
20:31:49,28.30,30.30
20:31:59,28.30,30.30
20:32:09,28.30,30.30
20:32:19,28.30,30.30
20:32:29,28.30,30.50
20:32:39,28.30,30.50
20:32:49,28.30,30.50
20:32:59,28.30,30.60
20:33:09,28.30,30.60
20:33:22,28.30,30.50
20:33:32,28.30,30.50
20:33:42,28.30,30.70
20:33:52,28.30,30.70
20:34:02,28.30,30.80
20:34:12,28.30,30.80
20:34:22,28.30,30.80
20:34:32,28.30,30.80
20:34:42,28.30,30.90
20:34:52,28.30,30.90
20:35:02,28.30,31.00
20:35:12,28.30,30.90
20:35:22,28.30,31.00
20:35:32,28.20,31.10
20:35:42,28.30,31.00
20:35:52,28.30,31.10
20:36:02,28.30,31.10
20:36:12,28.30,31.10
20:36:22,28.30,31.20
20:36:32,28.30,31.20
20:36:42,28.30,31.20
20:36:52,28.30,31.20
20:37:02,28.30,31.30
20:37:12,28.30,31.30
20:37:22,28.30,31.30
20:37:32,28.30,31.30
20:37:42,28.30,31.40
20:37:53,28.30,31.30
20:38:02,28.30,31.30
20:38:12,28.20,31.30
20:38:24,28.20,31.40
20:38:34,28.20,31.40
20:38:44,28.20,31.40
20:38:54,28.20,31.50
20:39:04,28.20,31.40
20:39:14,28.20,31.40
20:39:24,28.20,31.60
20:39:34,28.20,31.50
20:39:44,28.20,31.50
20:39:54,28.20,31.60
20:40:04,28.20,31.50
20:40:14,28.20,31.60
20:40:24,28.20,31.60
20:40:34,28.20,31.70
20:40:44,28.20,31.60
20:40:54,28.20,31.60
20:41:04,28.20,31.70
20:41:14,28.20,31.80
20:41:24,28.20,31.70
20:41:34,28.20,31.60
20:41:44,28.20,31.70
20:41:54,28.20,31.70
20:42:04,28.20,31.80
20:42:14,28.20,31.80
20:42:24,28.20,31.80
20:42:34,28.20,31.80
20:42:45,28.20,31.80
20:42:54,28.20,31.80
20:43:04,28.20,31.90
20:43:14,28.20,32.00
20:43:35,28.20,31.90
20:43:43,28.20,32.00
20:43:53,28.20,31.90
20:44:03,28.20,32.00
20:44:13,28.20,32.10
20:44:23,28.20,32.10
20:44:33,28.20,32.00
20:44:43,28.20,32.00
20:44:53,28.20,32.00
20:45:03,28.20,32.10
20:45:13,28.20,32.10
20:45:23,28.20,32.10
20:45:33,28.20,32.10
20:45:43,28.20,32.10
20:45:53,28.10,32.10
20:46:03,28.20,32.10
20:46:13,28.10,32.10
20:46:23,28.10,32.20
20:46:33,28.10,32.20
20:46:43,28.10,32.20
20:46:53,28.10,32.20
20:47:03,28.10,32.20
20:47:13,28.10,32.30
20:47:23,28.10,32.20
20:47:33,28.10,32.20
20:47:43,28.10,32.20
20:47:55,28.10,32.20
20:48:05,28.10,32.30
20:48:13,28.10,32.30
20:48:23,28.10,32.30
20:48:33,28.10,32.20
20:48:43,28.10,32.30
20:48:53,28.10,32.30
20:49:03,28.10,32.40
20:49:14,28.10,32.40
20:49:23,28.10,32.40
20:49:33,28.10,32.40
20:49:43,28.10,32.30
20:49:53,28.10,32.30
20:50:03,28.10,32.30
20:50:13,28.10,32.30
20:50:23,28.10,32.40
20:50:33,28.10,32.40
20:50:43,28.10,32.40
20:50:54,28.10,32.40
20:51:03,28.10,32.40
20:51:13,28.10,32.40
20:51:23,28.10,32.50
20:51:33,28.10,32.40
20:51:43,28.10,32.40
20:51:53,28.10,32.40
20:52:03,28.10,32.40
20:52:13,28.10,32.40
20:52:23,28.10,32.40
20:52:33,28.10,32.50
20:52:43,28.10,32.40
20:52:53,28.10,32.50
20:53:03,28.10,32.50
20:53:13,28.10,32.50
20:53:23,28.10,32.50
20:53:35,28.10,32.50
20:53:45,28.10,32.50
20:53:55,28.10,32.50
20:54:05,28.10,32.50
20:54:15,28.10,32.50
20:54:25,28.10,32.50
20:54:35,28.10,32.50
20:54:45,28.10,32.50
20:54:55,28.10,32.50
20:55:05,28.10,32.50
20:55:15,28.10,32.60
20:55:25,28.10,32.60
20:55:35,28.00,32.50
20:55:45,28.10,32.50
20:55:55,28.10,32.50
20:56:05,28.10,32.60
20:56:15,28.10,32.60
20:56:25,28.00,32.60
20:56:35,28.00,32.60
20:56:45,28.10,32.60
20:56:55,28.10,32.60
20:57:05,28.10,32.60
20:57:16,28.10,32.50
20:57:25,28.00,32.60
20:57:35,28.00,32.60
20:57:45,28.00,32.60
20:57:55,28.10,32.60
20:58:05,28.00,32.60
20:58:15,28.10,32.60
20:58:25,28.00,32.70
20:58:38,28.00,32.60
20:58:48,28.00,32.70
20:58:58,28.00,32.60
20:59:08,28.00,32.70
20:59:18,28.00,32.70
20:59:28,28.00,32.80
20:59:37,28.00,32.70
20:59:48,28.00,32.70
20:59:58,28.00,32.70
21:00:08,28.00,32.70
21:00:18,28.00,32.70
21:00:28,28.00,32.70
21:00:39,28.00,32.80
21:00:48,28.00,32.80
21:00:58,28.00,32.80
21:01:08,28.00,32.80
21:01:18,28.00,32.70
21:01:28,28.00,32.70
21:01:38,28.00,32.80
21:01:48,28.00,32.70
21:01:58,28.00,32.70
21:02:07,28.00,32.80
21:02:18,28.00,32.70
21:02:27,28.00,32.70
21:02:38,28.00,32.80
21:02:51,28.00,32.80
21:02:58,28.00,32.80
21:03:18,28.00,32.80
21:03:27,28.00,32.70
21:03:41,28.00,32.80
21:03:51,28.00,32.80
21:04:01,28.00,32.80
21:04:11,28.00,32.80
21:04:21,28.00,32.80
21:04:31,28.00,32.80
21:04:41,28.00,32.90
21:04:51,28.00,32.80
21:05:01,28.00,32.80
21:05:11,28.00,32.80
21:05:21,28.00,32.70
21:05:31,28.00,32.80
21:05:41,28.00,32.80
21:05:51,28.00,32.90
21:06:01,28.00,32.80
21:06:11,28.00,32.80
21:06:21,28.00,32.80
21:06:31,27.90,32.80
21:06:41,27.90,32.90
21:06:51,28.00,32.80
21:07:01,27.90,32.80
21:07:11,27.90,32.80
21:07:21,27.90,32.90
21:07:31,28.00,32.80
21:07:41,28.00,32.80
21:07:51,27.90,32.90
21:08:01,27.90,32.90
21:08:11,27.90,32.90
21:08:21,27.90,32.90
21:08:31,28.00,32.80
21:08:47,28.00,32.90
21:08:56,27.90,32.90
21:09:06,28.00,32.90
21:09:16,27.90,32.90
21:09:26,27.90,32.90
21:09:36,27.90,32.90
21:09:46,28.00,32.90
21:09:57,27.90,32.90
21:10:07,27.90,32.90
21:10:16,27.90,32.90
21:10:26,27.90,32.90
21:10:37,27.90,32.90
21:10:47,27.90,32.90
21:10:57,27.90,32.90
21:11:06,27.90,32.90
21:11:16,27.90,33.00
21:11:26,27.90,32.90
21:11:36,27.90,32.90
21:11:46,27.90,32.90
21:11:56,27.90,33.00
21:12:06,27.90,32.90
21:12:16,27.90,33.00
21:12:26,27.90,33.00
21:12:36,27.90,33.00
21:12:46,27.90,33.00
21:12:56,27.90,33.00
21:13:06,27.90,32.90
21:13:16,27.90,33.00
21:13:27,27.90,33.00
21:13:36,27.80,32.90
21:13:53,27.80,33.00
21:14:03,27.90,33.00
21:14:13,27.90,33.00
21:14:23,27.90,33.00
21:14:33,27.90,33.00
21:14:43,27.90,33.00
21:14:53,27.90,33.00
21:15:03,27.90,33.00
21:15:13,27.90,33.00
21:15:23,27.90,33.00
21:15:33,27.90,33.00
21:15:43,27.90,32.90
21:15:53,27.90,33.00
21:16:03,27.90,33.00
21:16:13,27.80,33.00
21:16:23,27.80,33.00
21:16:33,27.90,33.00
21:16:43,27.90,33.00
21:16:53,27.80,33.00
21:17:03,27.80,33.00
21:17:13,27.80,33.00
21:17:23,27.80,33.00
21:17:33,27.80,33.00
21:17:43,27.80,33.00
21:17:53,27.80,33.00
21:18:03,27.90,33.00
21:18:13,27.90,33.00
21:18:23,27.80,32.90
21:18:33,27.80,33.00
21:18:43,27.80,33.00
21:18:57,27.90,33.00
21:19:07,27.90,33.00
21:19:17,27.80,33.00
21:19:28,27.80,33.00
21:19:37,27.90,33.00
21:19:47,27.80,33.00
21:19:57,27.90,33.00
21:20:07,27.90,33.00
21:20:17,27.90,33.10
21:20:28,27.80,33.00
21:20:37,27.80,33.00
21:20:47,27.80,33.00
21:20:57,27.90,33.10
21:21:07,27.80,33.00
21:21:17,27.80,33.00
21:21:27,27.90,33.00
21:21:37,27.90,33.00
21:21:47,27.80,33.00
21:21:57,27.80,33.00
21:22:07,27.90,33.00
21:22:17,27.90,33.00
21:22:27,27.90,33.00
21:22:37,27.80,32.90
21:22:47,27.80,33.00
21:22:57,27.90,33.10
21:23:07,27.80,33.00
21:23:17,27.80,33.00
21:23:27,27.80,33.00
21:23:37,27.80,33.00
21:23:47,27.80,33.00
21:23:59,27.80,33.00
21:24:09,27.80,33.00
21:24:19,27.90,33.00
21:24:29,27.80,33.00
21:24:39,27.80,33.00
21:24:49,27.80,33.00
21:24:59,27.80,33.00
21:25:09,27.80,33.00
21:25:19,27.90,33.10
21:25:29,27.90,33.00
21:25:39,27.90,33.00
21:25:49,27.80,33.00
21:25:59,27.90,33.00
21:26:09,27.90,33.00
21:26:19,27.90,33.00
21:26:29,27.80,32.90
21:26:39,27.90,32.90
21:26:49,27.90,33.00
21:26:59,27.90,33.00
21:27:09,27.90,32.90
21:27:19,27.90,32.90
21:27:29,27.80,32.90
21:27:39,27.90,32.90
21:27:49,27.90,33.00
21:27:59,27.90,32.90
21:28:09,27.90,32.90
21:28:19,27.90,32.90
21:28:29,27.90,32.90
21:28:39,27.90,32.90
21:28:51,27.90,32.90
21:29:07,27.90,32.90
21:29:17,27.90,32.90
21:29:27,27.90,32.90
21:29:37,27.90,32.90
21:29:47,27.90,32.90
21:29:57,27.90,32.90
21:30:07,27.90,32.90
21:30:17,27.90,32.90
21:30:27,27.90,32.80
21:30:37,27.90,33.00
21:30:47,27.90,32.90
21:30:57,27.90,32.90
21:31:07,27.90,32.80
21:31:17,27.90,32.90
21:31:27,27.90,32.90
21:31:37,28.00,32.80
21:31:47,27.90,32.80
21:31:57,28.00,32.90
21:32:07,28.00,32.90
21:32:17,28.00,32.90
21:32:27,28.00,32.80
21:32:37,28.00,32.80
21:32:47,28.00,32.80
21:32:57,28.00,32.80
21:33:07,28.00,32.80
21:33:17,28.00,32.80
21:33:27,28.00,32.80
21:33:37,28.00,32.80
21:33:47,28.00,32.80
21:33:57,28.00,32.80
21:34:14,28.00,32.70
21:34:24,28.00,32.80
21:34:34,28.00,32.80
21:34:44,28.00,32.70
21:34:54,28.00,32.70
21:35:04,28.00,32.70
21:35:14,28.00,32.80
21:35:24,28.00,32.70
21:35:34,28.00,32.80
21:35:44,28.00,32.80
21:35:54,28.00,32.80
21:36:04,28.00,32.90
21:36:14,28.00,32.70
21:36:24,28.00,32.70
21:36:34,28.00,32.70
21:36:44,28.00,32.70
21:36:54,28.00,32.70
21:37:04,28.00,32.70
21:37:14,28.00,32.70
21:37:24,28.00,32.70
21:37:34,28.00,32.70
21:37:44,28.00,32.70
21:37:54,28.00,32.70
21:38:04,28.00,32.70
21:38:14,28.00,32.60
21:38:24,28.00,32.70
21:38:34,28.00,32.60
21:38:44,28.00,32.70
21:38:54,28.00,32.60
21:39:04,28.00,32.60
21:39:19,28.10,32.60
21:39:29,28.00,32.60
21:39:39,28.00,32.70
21:39:49,28.00,32.70
21:39:59,28.00,32.60
21:40:09,28.10,32.60
21:40:19,28.10,32.60
21:40:29,28.00,32.60
21:40:39,28.00,32.60
21:40:49,28.00,32.60
21:40:59,28.10,32.70
21:41:09,28.00,32.60
21:41:19,28.00,32.60
21:41:29,28.00,32.60
21:41:39,28.10,32.60
21:41:49,28.10,32.60
21:41:59,28.10,32.60
21:42:09,28.10,32.60
21:42:19,28.10,32.60
21:42:29,28.00,32.70
21:42:39,28.10,32.60
21:42:49,28.10,32.60
21:42:59,28.10,32.50
21:43:09,28.10,32.50
21:43:19,28.00,32.60
21:43:29,28.10,32.50
21:43:39,28.10,32.60
21:43:49,28.10,32.70
21:43:59,28.10,32.50
21:44:09,28.10,32.70
21:44:22,28.10,32.50
21:44:32,28.10,32.50
21:44:42,28.10,32.50
21:44:52,28.10,32.50
21:45:02,28.10,32.50
21:45:12,28.10,32.50
21:45:22,28.10,32.50
21:45:32,28.10,32.50
21:45:42,28.10,32.50
21:45:52,28.10,32.50
21:46:02,28.10,32.50
21:46:12,28.10,32.50
21:46:22,28.10,32.50
21:46:33,28.10,32.50
21:46:42,28.10,32.40
21:46:52,28.10,32.40
21:47:02,28.10,32.50
21:47:12,28.10,32.40
21:47:22,28.10,32.40
21:47:32,28.10,32.40
21:47:42,28.10,32.40
21:47:52,28.10,32.40
21:48:02,28.10,32.40
21:48:12,28.10,32.50
21:48:22,28.10,32.40
21:48:32,28.10,32.30
21:48:42,28.10,32.40
21:48:52,28.10,32.30
21:49:02,28.10,32.30
21:49:12,28.10,32.30
21:49:24,28.10,32.30
21:49:34,28.10,32.30
21:49:44,28.10,32.20
21:49:54,28.10,32.30
21:50:04,28.10,32.30
21:50:14,28.10,32.20
21:50:24,28.10,32.20
21:50:34,28.10,32.20
21:50:44,28.10,32.20
21:50:54,28.10,32.40
21:51:04,28.10,32.20
21:51:14,28.10,32.20
21:51:24,28.10,32.10
21:51:34,28.10,32.20
21:51:44,28.10,32.10
21:51:54,28.10,32.10
21:52:04,28.10,32.10
21:52:14,28.10,32.10
21:52:24,28.10,32.10
21:52:34,28.10,32.10
21:52:44,28.10,32.10
21:52:54,28.10,32.10
21:53:04,28.10,32.10
21:53:14,28.10,32.00
21:53:24,28.10,32.00
21:53:34,28.10,32.10
21:53:44,28.10,32.10
21:53:54,28.10,32.00
21:54:04,28.10,31.90
21:54:14,28.10,31.90
21:54:27,28.10,32.00
21:54:37,28.10,31.90
21:54:47,28.10,31.90
21:54:57,28.10,31.90
21:55:07,28.10,31.80
21:55:17,28.10,31.80
21:55:27,28.10,31.80
21:55:37,28.10,32.00
21:55:47,28.10,31.80
21:55:57,28.10,31.70
21:56:07,28.10,31.80
21:56:17,28.10,31.70
21:56:27,28.10,31.60
21:56:37,28.10,31.60
21:56:47,28.10,31.70
21:56:57,28.10,31.70
21:57:07,28.10,31.60
21:57:17,28.10,31.60
21:57:27,28.10,31.60
21:57:37,28.10,31.60
21:57:47,28.10,31.50
21:57:57,28.10,31.50
21:58:07,28.10,31.50
21:58:17,28.10,31.40
21:58:27,28.10,31.40
21:58:37,28.10,31.40
21:58:47,28.10,31.40
21:58:57,28.10,31.50
21:59:07,28.10,31.40
21:59:17,28.10,31.30
21:59:36,28.10,31.30
21:59:46,28.10,31.30
21:59:56,28.10,31.20
22:00:06,28.10,31.20
22:00:16,28.10,31.20
22:00:26,28.10,31.20
22:00:36,28.10,31.20
22:00:46,28.10,31.20
22:00:56,28.10,31.10
22:01:06,28.10,31.10
22:01:16,28.10,31.10
22:01:26,28.10,31.10
22:01:36,28.10,31.00
22:01:46,28.10,31.00
22:01:56,28.10,31.00
22:02:06,28.10,30.90
22:02:16,28.10,31.00
22:02:26,28.10,31.00
22:02:36,28.10,31.00
22:02:46,28.10,30.90
22:02:56,28.10,30.90
22:03:06,28.10,30.80
22:03:16,28.10,30.80
22:03:26,28.10,30.90
22:03:36,28.10,30.80
22:03:46,28.10,30.90
22:03:56,28.10,30.80
22:04:06,28.10,30.70
22:04:16,28.10,30.70
22:04:26,28.10,30.70
22:04:41,28.10,31.00
22:04:51,28.10,30.70
22:05:01,28.10,30.70
22:05:11,28.10,30.60
22:05:21,28.10,30.60
22:05:31,28.10,30.60
22:05:41,28.10,30.60
22:05:51,28.10,30.60
22:06:01,28.10,30.60
22:06:11,28.10,30.40
22:06:21,28.10,30.70
22:06:31,28.10,30.50
22:06:41,28.10,30.50
22:06:51,28.10,30.50
22:07:01,28.10,30.40
22:07:11,28.10,30.40
22:07:21,28.10,30.40
22:07:31,28.10,30.30
22:07:41,28.10,30.30
22:07:51,28.10,30.40
22:08:01,28.10,30.50
22:08:11,28.10,30.40
22:08:21,28.10,30.30
22:08:31,28.10,30.20
22:08:41,28.10,30.30
22:08:51,28.10,30.20
22:09:01,28.10,30.20
22:09:11,28.10,30.20
22:09:21,28.10,30.30
22:09:31,28.10,30.20
22:09:43,28.10,30.20
22:09:53,28.10,30.20
22:10:03,28.10,30.10
22:10:13,28.10,30.10
22:10:23,28.10,30.10
22:10:33,28.10,30.10
22:10:43,28.10,30.10
22:10:53,28.10,30.00
22:11:03,28.10,30.20
22:11:13,28.10,30.10
22:11:23,28.10,30.10
22:11:33,28.10,29.90
22:11:43,28.10,30.10
22:11:53,28.10,29.80
22:12:03,28.10,29.80
22:12:13,28.10,29.80
22:12:23,28.10,29.90
22:12:33,28.10,29.90
22:12:43,28.10,29.90
22:12:55,28.10,29.90
22:13:03,28.10,29.80
22:13:13,28.10,29.80
22:13:23,28.10,29.80
22:13:33,28.10,29.80
22:13:43,28.10,29.90
22:13:53,28.10,29.90
22:14:03,28.10,29.90
22:14:13,28.10,29.80
22:14:23,28.10,29.70
22:14:33,28.10,29.70
22:14:46,28.10,29.70
22:14:56,28.10,29.70
22:15:06,28.10,29.80
22:15:16,28.10,29.70
22:15:26,28.10,29.80
22:15:36,28.10,29.80
22:15:46,28.10,29.70
22:15:56,28.10,29.60
22:16:06,28.10,29.60
22:16:16,28.10,29.70
22:16:26,28.10,29.60
22:16:36,28.10,29.60
22:16:46,28.10,29.60
22:16:56,28.10,29.60
22:17:06,28.10,29.60
22:17:16,28.10,29.60
22:17:26,28.10,29.60
22:17:36,28.10,29.70
22:17:46,28.10,29.70
22:17:56,28.10,29.60
22:18:06,28.10,29.80
22:18:16,28.10,29.60
22:18:26,28.10,29.60
22:18:36,28.10,29.60
22:18:46,28.10,29.70
22:18:56,28.10,29.60
22:19:06,28.10,29.60
22:19:16,28.10,29.60
22:19:26,28.10,29.50
22:19:36,28.10,29.50
22:19:49,28.10,29.50
22:19:59,28.10,29.40
22:20:09,28.10,29.50
22:20:19,28.10,29.60
22:20:29,28.10,29.50
22:20:39,28.10,29.50
22:20:49,28.10,29.40
22:20:59,28.10,29.30
22:21:09,28.10,29.50
22:21:19,28.10,29.40
22:21:29,28.10,29.50
22:21:39,28.10,29.40
22:21:49,28.10,29.50
22:21:59,28.10,29.60
22:22:09,28.10,29.50
22:22:19,28.10,29.50
22:22:29,28.10,29.60
22:22:39,28.10,29.60
22:22:49,28.10,29.40
22:22:59,28.10,29.40
22:23:09,28.10,29.30
22:23:19,28.10,29.20
22:23:29,28.10,29.60
22:23:39,28.10,29.20
22:23:49,28.10,29.20
22:23:59,28.10,29.20
22:24:09,28.10,29.10
22:24:19,28.10,29.10
22:24:29,28.10,29.10
22:24:39,28.10,29.10
22:24:52,28.10,29.10
22:25:03,28.10,29.10
22:25:13,28.10,28.90
22:25:23,28.10,28.90
22:25:33,28.10,28.90
22:25:43,28.10,28.90
22:25:52,28.10,29.00
22:26:03,28.10,28.90
22:26:13,28.10,28.90
22:26:23,28.10,28.90
22:26:33,28.10,28.90
22:26:43,28.10,28.80
22:26:53,28.10,28.80
22:27:03,28.10,28.80
22:27:13,28.10,28.70
22:27:22,28.10,28.70
22:27:33,28.10,28.70
22:27:43,28.10,28.90
22:27:53,28.10,28.80
22:28:03,28.10,28.60
22:28:13,28.10,28.60
22:28:23,28.10,28.70
22:28:33,28.10,28.60
22:28:43,28.10,28.60
22:28:53,28.10,28.70
22:29:03,28.10,28.70
22:29:13,28.10,28.60
22:29:23,28.10,28.60
22:29:33,28.10,28.50
22:29:43,28.10,28.60
22:29:55,28.10,28.60
22:30:05,28.10,28.50
22:30:15,28.10,28.50
22:30:25,28.10,28.40
22:30:35,28.10,28.40
22:30:45,28.10,28.30
22:30:55,28.10,28.20
22:31:05,28.10,28.20
22:31:15,28.10,28.40
22:31:25,28.10,28.30
22:31:35,28.10,28.30
22:31:45,28.10,28.30
22:31:55,28.10,28.20
22:32:05,28.10,28.20
22:32:15,28.10,28.20
22:32:25,28.10,28.30
22:32:35,28.10,28.30
22:32:45,28.10,28.30
22:32:55,28.10,28.30
22:33:05,28.10,28.30
22:33:15,28.10,28.20
22:33:25,28.10,28.30
22:33:35,28.10,28.20
22:33:45,28.10,28.40
22:33:55,28.10,28.30
22:34:05,28.10,28.30
22:34:15,28.10,28.20
22:34:25,28.10,28.30
22:34:35,28.10,28.30
22:34:45,28.10,28.30
22:34:58,28.10,28.20
22:35:08,28.10,28.10
22:35:18,28.10,28.00
22:35:28,28.10,28.00
22:35:38,28.10,27.90
22:35:48,28.10,28.00
22:35:58,28.10,28.10
22:36:08,28.10,28.00
22:36:18,28.10,27.90
22:36:29,28.10,27.80
22:36:38,28.10,27.90
22:36:48,28.10,27.90
22:36:58,28.10,27.80
22:37:08,28.10,27.80
22:37:18,28.10,27.60
22:37:28,28.10,27.80
22:37:38,28.10,27.70
22:37:48,28.10,27.50
22:37:58,28.10,27.40
22:38:08,28.10,27.50
22:38:18,28.10,27.40
22:38:28,28.10,27.60
22:38:38,28.10,27.30
22:38:48,28.10,27.50
22:38:58,28.10,27.40
22:39:08,28.10,27.30
22:39:18,28.10,27.50
22:39:28,28.10,27.30
22:39:38,28.10,27.40
22:39:48,28.10,27.30
22:40:00,28.10,27.40
22:40:10,28.10,27.50
22:40:20,28.10,27.30
22:40:30,28.10,27.40
22:40:40,28.10,27.30
22:40:50,28.10,27.30
22:41:00,28.10,27.50
22:41:10,28.10,27.40
22:41:20,28.10,27.30
22:41:30,28.10,27.20
22:41:40,28.10,27.30
22:41:50,28.10,27.20
22:42:00,28.10,27.20
22:42:10,28.10,27.30
22:42:20,28.10,27.10
22:42:30,28.10,27.00
22:42:40,28.10,27.00
22:42:52,28.10,27.00
22:43:13,28.10,27.00
22:43:30,28.10,26.80
22:43:42,28.10,26.80
22:43:52,28.10,26.70
22:44:00,28.10,26.70
22:44:14,28.10,26.90
22:44:20,28.10,26.70
22:44:30,28.10,26.60
22:44:40,28.10,26.70
22:44:52,28.10,26.80
22:45:27,28.10,26.70
22:45:37,28.10,26.60
22:45:47,28.10,26.70
22:46:24,28.10,26.80
22:46:34,28.10,26.70
22:46:45,28.10,26.50
22:46:55,28.10,26.40
22:47:04,28.20,26.30
22:47:14,28.10,26.30
22:47:24,28.10,26.30
22:47:34,28.10,26.30
22:47:44,28.10,26.20
22:47:54,28.10,26.20
22:48:14,28.10,26.00
22:48:24,28.10,26.10
22:48:34,28.10,26.00
22:48:47,28.10,25.90
22:48:54,28.10,26.00
22:49:27,28.10,25.70
22:49:37,28.10,25.70
22:49:44,28.10,25.50
22:49:57,28.10,25.20
22:50:13,28.10,25.10
22:51:09,28.10,24.80
22:51:19,28.10,25.00
22:51:51,28.10,24.70
22:51:59,28.10,24.80
22:52:12,28.10,24.70
22:52:22,28.10,24.70
22:52:29,28.10,24.60
22:53:15,28.10,24.50
22:53:21,28.10,24.50
22:56:18,28.10,24.70
22:57:49,28.10,24.70
22:58:47,28.10,24.50
22:59:10,28.10,24.90
22:59:17,28.10,24.90
22:59:29,28.10,24.70
22:59:47,28.10,24.70
22:59:56,28.10,24.70
23:00:06,28.10,24.70
23:00:18,28.10,24.50
23:00:28,28.10,24.80
23:00:38,28.10,24.60
23:00:48,28.10,24.60
23:00:58,28.10,24.50
23:01:10,28.10,24.70
23:01:21,28.10,24.50
23:01:28,28.10,24.50
23:01:40,28.10,24.70
23:01:48,28.10,24.50
23:02:00,28.10,24.50
23:02:08,28.10,24.60
23:02:20,28.10,24.60
23:02:29,28.10,24.50
23:02:48,28.10,24.60
23:03:00,28.10,24.90
23:03:08,28.10,24.80
23:03:18,28.10,24.50
23:03:58,28.10,24.40
23:04:38,28.10,24.50
23:04:52,28.10,24.50
23:05:53,28.10,24.40
23:06:07,28.10,24.40
23:06:27,28.10,24.50
23:06:57,28.10,24.40
23:08:03,28.10,24.60
23:10:27,28.10,24.30
23:16:36,28.10,24.30
23:16:46,28.10,24.30
23:16:54,28.10,24.30
23:17:16,28.10,24.20
23:17:23,28.10,24.20
23:17:33,28.10,24.20
23:17:44,28.10,24.30
23:17:54,28.10,24.20
23:18:03,28.10,24.20
23:18:13,28.10,24.20
23:18:24,28.10,24.10
23:18:36,28.10,24.10
23:18:44,28.10,24.10
23:18:54,28.10,24.10
23:19:04,28.10,24.20
23:19:13,28.10,24.10
23:19:23,28.10,24.20
23:19:33,28.10,24.20
23:19:44,28.10,24.20
23:19:53,28.10,24.20
23:20:04,28.10,24.20
23:20:14,28.10,24.30
23:20:23,28.10,24.30
23:20:39,28.10,24.50
23:20:48,28.10,24.30
23:20:59,28.10,24.40
23:21:09,28.10,24.30
23:21:18,28.10,24.30
23:21:28,28.10,24.40
23:21:39,28.10,24.30
23:21:48,28.10,24.30
23:21:58,28.10,24.30
23:22:09,28.10,24.20
23:22:19,28.10,24.10
23:22:29,28.10,24.30
23:22:38,28.10,24.30
23:22:49,28.10,24.40
23:22:59,28.10,24.40
23:23:08,28.10,24.50
23:23:18,28.10,24.20
23:23:28,28.10,24.10
23:23:39,28.10,24.20
23:23:49,28.10,24.20
23:24:09,28.10,24.30
23:24:19,28.10,24.20
23:24:31,28.10,24.10
23:24:38,28.10,24.20
23:24:48,28.10,24.30
23:25:08,28.10,24.30
23:25:21,28.10,24.40
23:25:28,28.10,24.30
23:25:46,28.10,24.20
23:25:56,28.10,24.20
23:26:06,28.10,24.40
23:26:17,28.10,24.30
23:26:26,28.10,24.20
23:26:36,28.10,24.30
23:26:47,28.10,24.30
23:26:56,28.10,24.40
23:27:16,28.10,24.30
23:27:27,28.10,24.10
23:27:36,28.10,24.10
23:27:56,28.10,24.20
23:28:06,28.10,24.20
23:28:17,28.10,24.40
23:28:26,28.10,24.20
23:28:37,28.10,24.00
23:28:46,28.10,24.10
23:28:56,28.10,24.00
23:29:07,28.10,19.90
23:29:19,28.10,24.10
23:29:26,28.10,24.20
23:29:36,28.10,24.20
23:29:56,28.10,24.00
23:30:06,28.10,24.20
23:30:27,28.10,24.20
23:30:36,28.10,24.30
23:30:53,28.10,24.30
23:31:12,28.10,24.30
23:31:23,28.10,19.80
23:31:35,28.10,19.90
23:31:52,28.10,24.00
23:32:02,28.10,24.10
23:32:12,28.10,19.90
23:32:32,28.10,24.00
23:32:42,28.10,19.90
23:32:52,28.10,24.10
23:33:02,28.10,24.00
23:33:13,28.10,24.40
23:33:22,28.10,24.20
23:33:35,28.10,24.20
23:33:43,28.10,24.30
23:33:55,28.10,24.20
23:34:02,28.10,19.90
23:34:13,28.10,24.10
23:34:25,28.10,24.00
23:34:43,28.10,19.90
23:35:02,28.10,24.00
23:35:12,28.10,24.20
23:35:33,28.10,19.90
23:35:42,28.10,19.90
23:35:59,28.10,19.90
23:36:09,28.10,24.00
23:36:18,28.10,24.00
23:36:28,28.10,24.00
23:36:39,28.10,19.90
23:36:49,28.10,24.00
23:36:59,28.10,19.90
23:37:08,28.10,19.90
23:37:19,28.10,19.90
23:37:28,28.10,19.90
23:37:38,28.10,24.10
23:37:49,28.10,19.80
23:37:58,28.10,19.80
23:38:09,28.10,24.20
23:38:18,28.10,24.00
23:38:29,28.10,19.90
23:38:38,28.10,24.00
23:38:49,28.10,24.00
23:38:58,28.10,24.00
23:39:09,28.10,19.90
23:39:18,28.10,19.90
23:39:28,28.10,19.90
23:39:38,28.10,19.90
23:39:58,28.10,24.00
23:40:08,28.10,24.00
23:40:21,28.10,24.00
23:40:39,28.10,24.00
23:40:49,28.10,24.00
