time,temperature,humidity
00:00:05,28.8,35.0
00:00:15,28.8,35.0
00:00:25,28.8,35.0
00:00:35,28.8,34.9
00:00:45,28.8,35.0
00:00:55,28.8,34.9
00:01:05,28.8,34.9
00:01:15,28.8,34.9
00:01:25,28.8,35.0
00:01:35,28.8,34.9
00:01:45,28.8,34.9
00:01:55,28.8,35.0
00:02:05,28.8,35.0
00:02:15,28.8,35.0
00:02:25,28.8,34.9
00:02:35,28.8,35.0
00:02:45,28.8,35.0
00:02:55,28.8,34.9
00:03:05,28.8,35.0
00:03:15,28.8,34.9
00:03:25,28.8,35.1
00:03:35,28.8,35.1
00:03:45,28.8,35.0
00:03:55,28.8,35.0
00:04:05,28.8,34.9
00:04:15,28.8,34.9
00:04:25,28.8,35.0
00:04:35,28.8,35.0
00:04:45,28.8,35.0
00:04:55,28.8,35.1
00:05:05,28.8,35.0
00:05:15,28.8,35.0
00:05:25,28.8,35.0
00:05:35,28.8,35.0
00:05:45,28.8,35.0
00:05:55,28.8,35.0
00:06:05,28.8,35.0
00:06:15,28.8,35.0
00:06:25,28.8,35.0
00:06:35,28.8,34.9
00:06:45,28.8,35.0
00:06:55,28.8,35.0
00:07:05,28.8,35.0
00:07:15,28.8,34.9
00:07:25,28.8,35.0
00:07:35,28.8,34.9
00:07:45,28.8,34.8
00:07:55,28.8,34.8
00:08:05,28.8,34.8
00:08:15,28.8,34.8
00:08:25,28.8,34.7
00:08:35,28.8,34.7
00:08:45,28.8,34.7
00:08:55,28.8,34.6
00:09:05,28.8,34.7
00:09:15,28.8,34.6
00:09:25,28.8,34.6
00:09:35,28.8,34.7
00:09:45,28.8,34.7
00:09:55,28.8,34.7
00:10:05,28.8,34.7
00:10:15,28.8,34.7
00:10:25,28.8,34.7
00:10:35,28.8,34.6
00:10:45,28.8,34.6
00:10:55,28.8,34.7
00:11:05,28.8,34.7
00:11:15,28.8,34.6
00:11:25,28.8,34.7
00:11:35,28.8,34.7
00:11:45,28.8,34.7
00:11:55,28.8,34.7
00:12:05,28.8,34.7
00:12:15,28.8,34.7
00:12:25,28.8,34.6
00:12:35,28.8,34.7
00:12:45,28.8,34.7
00:12:55,28.8,34.7
00:13:05,28.8,34.7
00:13:15,28.8,34.7
00:13:25,28.8,34.7
00:13:35,28.8,34.7
00:13:45,28.8,34.7
00:13:55,28.8,34.7
00:14:05,28.8,34.6
00:14:15,28.8,34.7
00:14:25,28.8,34.6
00:14:35,28.8,34.7
00:14:45,28.8,34.5
00:14:55,28.8,34.6
00:15:05,28.8,34.5
00:15:15,28.8,34.6
00:15:25,28.8,34.6
00:15:35,28.8,34.6
00:15:45,28.8,34.6
00:15:55,28.8,34.6
00:16:05,28.8,34.6
00:16:15,28.8,34.6
00:16:25,28.8,34.7
00:16:35,28.8,34.7
00:16:45,28.8,34.7
00:16:55,28.8,34.7
00:17:05,28.8,34.7
00:17:15,28.8,34.8
00:17:25,28.8,34.7
00:17:35,28.8,34.8
00:17:45,28.8,34.7
00:17:55,28.8,34.7
00:18:05,28.8,34.8
00:18:15,28.8,34.8
00:18:25,28.8,34.7
00:18:35,28.8,34.7
00:18:45,28.8,34.7
00:18:55,28.8,34.7
00:19:05,28.8,34.8
00:19:15,28.8,34.7
00:19:25,28.8,34.7
00:19:35,28.8,34.7
00:19:45,28.8,34.7
00:19:55,28.8,34.6
00:20:05,28.8,34.7
00:20:15,28.8,34.6
00:20:25,28.8,34.6
00:20:35,28.8,34.6
00:20:45,28.8,34.7
00:20:55,28.8,34.7
00:21:05,28.8,34.6
00:21:15,28.8,34.6
00:21:25,28.8,34.7
00:21:35,28.8,34.7
00:21:45,28.8,34.7
00:21:55,28.8,34.7
00:22:05,28.8,34.6
00:22:15,28.8,34.7
00:22:25,28.8,34.7
00:22:35,28.8,34.7
00:22:45,28.8,34.7
00:22:55,28.8,34.7
00:23:05,28.8,34.7
00:23:15,28.8,34.7
00:23:25,28.8,34.8
00:23:35,28.8,34.6
00:23:45,28.8,34.7
00:23:55,28.8,34.7
00:24:05,28.8,34.7
00:24:15,28.8,34.6
00:24:25,28.8,34.7
00:24:35,28.8,34.8
00:24:45,28.8,34.7
00:24:55,28.8,34.7
00:25:05,28.8,34.7
00:25:15,28.8,34.6
00:25:25,28.8,34.7
00:25:35,28.8,34.8
00:25:45,28.8,34.8
00:25:55,28.8,34.7
00:26:05,28.8,34.7
00:26:15,28.8,34.7
00:26:25,28.8,34.7
00:26:35,28.8,34.8
00:26:45,28.8,34.7
00:26:55,28.8,34.8
00:27:05,28.8,34.7
00:27:15,28.8,34.7
00:27:25,28.8,34.7
00:27:35,28.8,34.8
00:27:45,28.8,34.7
00:27:55,28.8,34.8
00:28:05,28.8,34.7
00:28:15,28.8,34.7
00:28:25,28.8,34.7
00:28:35,28.8,34.6
00:28:45,28.8,34.7
00:28:55,28.8,34.7
00:29:05,28.8,34.7
00:29:15,28.8,34.7
00:29:25,28.8,34.7
00:29:35,28.8,34.7
00:29:45,28.8,34.7
00:29:55,28.8,34.7
00:30:05,28.8,34.7
00:30:15,28.8,34.7
00:30:25,28.8,34.7
00:30:35,28.8,34.7
00:30:45,28.8,34.6
00:30:55,28.8,34.7
00:31:05,28.8,34.7
00:31:15,28.8,34.7
00:31:25,28.8,34.7
00:31:35,28.8,34.7
00:31:45,28.8,34.7
00:31:55,28.8,34.7
00:32:05,28.8,34.7
00:32:15,28.8,34.8
00:32:25,28.8,34.7
00:32:35,28.8,34.6
00:32:45,28.8,34.6
00:32:55,28.8,34.6
00:33:05,28.8,34.7
00:33:15,28.8,34.7
00:33:25,28.8,34.7
00:33:35,28.8,34.6
00:33:45,28.8,34.7
00:33:55,28.8,34.7
00:34:05,28.8,34.6
00:34:15,28.8,34.6
00:34:25,28.8,34.7
00:34:35,28.8,34.7
00:34:45,28.8,34.6
00:34:55,28.8,34.7
00:35:05,28.8,34.7
00:35:15,28.8,34.6
00:35:25,28.8,34.6
00:35:35,28.8,34.6
00:35:45,28.8,34.5
00:35:55,28.8,34.6
00:36:05,28.8,34.6
00:36:15,28.8,34.6
00:36:25,28.8,34.7
00:36:35,28.8,34.6
00:36:45,28.8,34.6
00:36:55,28.8,34.6
00:37:05,28.8,34.5
00:37:15,28.8,34.5
00:37:25,28.8,34.5
00:37:35,28.8,34.6
00:37:45,28.8,34.6
00:37:55,28.8,34.6
00:38:05,28.8,34.6
00:38:15,28.8,34.6
00:38:25,28.8,34.7
00:38:35,28.8,34.6
00:38:45,28.8,34.6
00:38:55,28.8,34.6
00:39:05,28.8,34.6
00:39:15,28.8,34.6
00:39:25,28.8,34.6
00:39:35,28.8,34.6
00:39:45,28.8,34.7
00:39:55,28.8,34.6
00:40:05,28.8,34.6
00:40:15,28.8,34.6
00:40:25,28.8,34.6
00:40:35,28.8,34.5
00:40:45,28.8,34.6
00:40:55,28.8,34.6
00:41:05,28.8,34.6
00:41:15,28.8,34.6
00:41:25,28.8,34.5
00:41:35,28.9,34.5
00:41:45,28.8,34.6
00:41:55,28.8,34.6
00:42:05,28.9,34.6
00:42:15,28.8,34.6
00:42:25,28.8,34.6
00:42:35,28.8,34.6
00:42:45,28.8,34.6
00:42:55,28.8,34.5
00:43:05,28.8,34.5
00:43:15,28.8,34.6
00:43:25,28.8,34.5
00:43:35,28.8,34.6
00:43:45,28.8,34.5
00:43:55,28.8,34.5
00:44:05,28.8,34.5
00:44:15,28.8,34.5
00:44:25,28.8,34.6
00:44:35,28.8,34.6
00:44:45,28.8,34.6
00:44:55,28.8,34.7
00:45:05,28.8,34.6
00:45:15,28.8,34.6
00:45:25,28.8,34.5
00:45:35,28.8,34.6
00:45:45,28.8,34.7
00:45:55,28.8,34.6
00:46:05,28.8,34.6
00:46:15,28.8,34.6
00:46:25,28.8,34.6
00:46:35,28.8,34.6
00:46:45,28.8,34.6
00:46:55,28.8,34.6
00:47:05,28.8,34.6
00:47:15,28.8,34.5
00:47:25,28.8,34.5
00:47:35,28.8,34.6
00:47:45,28.8,34.5
00:47:55,28.8,34.5
00:48:05,28.8,34.5
00:48:15,28.8,34.5
00:48:25,28.8,34.6
00:48:35,28.8,34.5
00:48:45,28.8,34.5
00:48:55,28.8,34.5
00:49:05,28.8,34.5
00:49:15,28.8,34.5
00:49:25,28.8,34.6
00:49:35,28.8,34.5
00:49:45,28.8,34.5
00:49:55,28.8,34.4
00:50:05,28.8,34.5
00:50:15,28.8,34.5
00:50:25,28.8,34.5
00:50:35,28.8,34.4
00:50:45,28.8,34.3
00:50:55,28.8,34.3
00:51:05,28.8,34.3
00:51:15,28.8,34.4
00:51:25,28.8,34.4
00:51:35,28.8,34.5
00:51:45,28.8,34.5
00:51:55,28.8,34.5
00:52:05,28.8,34.4
00:52:15,28.8,34.4
00:52:25,28.8,34.5
00:52:35,28.8,34.5
00:52:45,28.8,34.5
00:52:55,28.8,34.4
00:53:05,28.8,34.5
00:53:15,28.8,34.4
00:53:25,28.8,34.5
00:53:35,28.8,34.5
00:53:45,28.8,34.5
00:53:55,28.8,34.4
00:54:05,28.8,34.5
00:54:15,28.8,34.5
00:54:25,28.8,34.5
00:54:35,28.8,34.4
00:54:45,28.8,34.5
00:54:55,28.8,34.5
00:55:05,28.8,34.5
00:55:15,28.8,34.5
00:55:25,28.8,34.6
00:55:35,28.8,34.6
00:55:45,28.8,34.6
00:55:55,28.8,34.5
00:56:05,28.8,34.5
00:56:15,28.8,34.5
00:56:25,28.8,34.6
00:56:35,28.8,34.5
00:56:45,28.8,34.5
00:56:55,28.8,34.6
00:57:05,28.8,34.5
00:57:15,28.8,34.5
00:57:25,28.8,34.5
00:57:35,28.8,34.5
00:57:45,28.8,34.5
00:57:55,28.8,34.5
00:58:05,28.8,34.4
00:58:15,28.8,34.4
00:58:25,28.8,34.5
00:58:35,28.8,34.5
00:58:45,28.8,34.5
00:58:55,28.8,34.5
00:59:05,28.8,34.4
00:59:15,28.8,34.4
00:59:25,28.8,34.4
00:59:35,28.8,34.5
00:59:45,28.8,34.5
00:59:55,28.8,34.4
01:00:05,28.8,34.5
01:00:15,28.8,34.4
01:00:25,28.8,34.3
01:00:35,28.8,34.4
01:00:45,28.8,34.5
01:00:55,28.8,34.4
01:01:05,28.8,34.4
01:01:15,28.8,34.5
01:01:25,28.8,34.5
01:01:35,28.8,34.5
01:01:45,28.8,34.5
01:01:55,28.8,34.5
01:02:05,28.8,34.4
01:02:15,28.8,34.4
01:02:25,28.8,34.4
01:02:35,28.8,34.5
01:02:45,28.8,34.4
01:02:55,28.8,34.5
01:03:05,28.8,34.5
01:03:15,28.8,34.4
01:03:25,28.8,34.5
01:03:35,28.8,34.5
01:03:45,28.8,34.5
01:03:55,28.8,34.5
01:04:05,28.8,34.4
01:04:15,28.8,34.4
01:04:25,28.8,34.4
01:04:35,28.8,34.4
01:04:45,28.8,34.5
01:04:55,28.8,34.4
01:05:05,28.8,34.5
01:05:15,28.8,34.4
01:05:25,28.8,34.4
01:05:35,28.8,34.4
01:05:45,28.8,34.3
01:05:55,28.8,34.3
01:06:05,28.8,34.3
01:06:15,28.8,34.3
01:06:25,28.8,34.3
01:06:35,28.8,34.3
01:06:45,28.8,34.4
01:06:55,28.8,34.4
01:07:05,28.8,34.3
01:07:15,28.8,34.4
01:07:25,28.8,34.4
01:07:35,28.8,34.4
01:07:45,28.8,34.4
01:07:55,28.8,34.4
01:08:05,28.8,34.4
01:08:15,28.8,34.4
01:08:25,28.8,34.4
01:08:35,28.8,34.4
01:08:45,28.8,34.4
01:08:55,28.8,34.4
01:09:05,28.8,34.3
01:09:15,28.8,34.4
01:09:25,28.8,34.4
01:09:35,28.8,34.5
01:09:45,28.8,34.4
01:09:55,28.8,34.4
01:10:05,28.8,34.4
01:10:15,28.8,34.4
01:10:25,28.8,34.4
01:10:35,28.8,34.4
01:10:45,28.8,34.4
01:10:55,28.8,34.4
01:11:05,28.8,34.3
01:11:15,28.8,34.3
01:11:25,28.8,34.3
01:11:35,28.8,34.4
01:11:45,28.8,34.4
01:11:55,28.8,34.4
01:12:05,28.8,34.4
01:12:15,28.8,34.5
01:12:25,28.8,34.5
01:12:35,28.8,34.5
01:12:45,28.8,34.4
01:12:55,28.8,34.5
01:13:05,28.8,34.4
01:13:15,28.8,34.4
01:13:25,28.8,34.4
01:13:35,28.8,34.4
01:13:45,28.8,34.4
01:13:55,28.8,34.4
01:14:05,28.8,34.4
01:14:15,28.8,34.3
01:14:25,28.8,34.4
01:14:35,28.8,34.4
01:14:45,28.8,34.4
01:14:55,28.8,34.4
01:15:05,28.8,34.4
01:15:15,28.8,34.4
01:15:25,28.8,34.4
01:15:35,28.8,34.4
01:15:45,28.8,34.4
01:15:55,28.8,34.4
01:16:05,28.8,34.4
01:16:15,28.8,34.4
01:16:25,28.8,34.5
01:16:35,28.8,34.5
01:16:45,28.8,34.5
01:16:55,28.8,34.5
01:17:05,28.8,34.5
01:17:15,28.8,34.5
01:17:25,28.8,34.5
01:17:35,28.8,34.5
01:17:45,28.8,34.5
01:17:55,28.8,34.6
01:18:05,28.8,34.5
01:18:15,28.8,34.5
01:18:25,28.8,34.5
01:18:35,28.8,34.5
01:18:45,28.8,34.5
01:18:55,28.8,34.5
01:19:05,28.8,34.5
01:19:15,28.8,34.6
01:19:25,28.8,34.6
01:19:35,28.8,34.5
01:19:45,28.8,34.5
01:19:55,28.8,34.6
01:20:05,28.8,34.6
01:20:15,28.8,34.6
01:20:25,28.8,34.6
01:20:35,28.8,34.6
01:20:45,28.8,34.7
01:20:55,28.8,34.7
01:21:05,28.8,34.6
01:21:15,28.8,34.7
01:21:25,28.8,34.7
01:21:35,28.8,34.7
01:21:45,28.8,34.7
01:21:55,28.8,34.7
01:22:05,28.8,34.8
01:22:15,28.8,34.8
01:22:25,28.8,34.7
01:22:35,28.8,34.7
01:22:45,28.8,34.7
01:22:55,28.8,34.8
01:23:05,28.8,34.8
01:23:15,28.8,34.7
01:23:25,28.8,34.8
01:23:35,28.8,34.7
01:23:45,28.8,34.7
01:23:55,28.8,34.7
01:24:05,28.8,34.7
01:24:15,28.8,34.7
01:24:25,28.8,34.8
01:24:35,28.8,34.6
01:24:45,28.8,34.6
01:24:55,28.8,34.7
01:25:05,28.8,34.6
01:25:15,28.8,34.6
01:25:25,28.8,34.6
01:25:35,28.8,34.6
01:25:45,28.8,34.5
01:25:55,28.8,34.5
01:26:05,28.8,34.6
01:26:15,28.8,34.6
01:26:25,28.8,34.5
01:26:35,28.8,34.6
01:26:45,28.8,34.6
01:26:55,28.8,34.6
01:27:05,28.8,34.5
01:27:15,28.8,34.5
01:27:25,28.8,34.6
01:27:35,28.8,34.5
01:27:45,28.8,34.6
01:27:55,28.8,34.6
01:28:05,28.8,34.6
01:28:15,28.8,34.5
01:28:25,28.8,34.6
01:28:35,28.8,34.6
01:28:45,28.8,34.7
01:28:55,28.8,34.6
01:29:05,28.8,34.7
01:29:15,28.8,34.6
01:29:25,28.8,34.7
01:29:35,28.8,34.8
01:29:45,28.8,34.7
01:29:55,28.8,34.6
01:30:05,28.8,34.7
01:30:15,28.8,34.6
01:30:25,28.8,34.6
01:30:35,28.8,34.7
01:30:45,28.8,34.7
01:30:55,28.8,34.8
01:31:05,28.8,34.9
01:31:15,28.8,34.9
01:31:25,28.8,34.9
01:31:35,28.8,35.0
01:31:45,28.8,34.9
01:31:55,28.8,34.7
01:32:05,28.8,34.7
01:32:15,28.8,34.7
01:32:25,28.8,34.8
01:32:35,28.8,34.8
01:32:45,28.8,34.8
01:32:55,28.8,34.7
01:33:05,28.8,34.6
01:33:15,28.8,34.7
01:33:25,28.8,34.6
01:33:35,28.8,34.7
01:33:45,28.8,34.7
01:33:55,28.8,34.7
01:34:05,28.8,34.7
01:34:15,28.8,34.6
01:34:25,28.8,34.7
01:34:35,28.8,34.6
01:34:45,28.8,34.6
01:34:55,28.8,34.7
01:35:05,28.8,34.7
01:35:15,28.8,34.7
01:35:25,28.8,34.6
01:35:35,28.8,34.7
01:35:45,28.8,34.6
01:35:55,28.8,34.7
01:36:05,28.8,34.7
01:36:15,28.8,34.7
01:36:25,28.8,34.7
01:36:35,28.8,34.7
01:36:45,28.8,34.7
01:36:55,28.8,34.7
01:37:05,28.8,34.7
01:37:15,28.8,34.6
01:37:25,28.8,34.7
01:37:35,28.8,34.5
01:37:45,28.8,34.6
01:37:55,28.8,34.6
01:38:05,28.8,34.7
01:38:15,28.8,34.7
01:38:25,28.8,34.7
01:38:35,28.8,34.7
01:38:45,28.8,34.7
01:38:55,28.8,34.6
01:39:05,28.8,34.7
01:39:15,28.8,34.7
01:39:25,28.8,34.6
01:39:35,28.8,34.7
01:39:45,28.8,34.7
01:39:55,28.8,34.7
01:40:05,28.8,34.7
01:40:15,28.8,34.7
01:40:25,28.8,34.7
01:40:35,28.8,34.6
01:40:45,28.8,34.7
01:40:55,28.8,34.7
01:41:05,28.8,34.7
01:41:15,28.8,34.8
01:41:25,28.8,34.7
01:41:35,28.8,34.7
01:41:45,28.8,34.8
01:41:55,28.8,34.8
01:42:05,28.8,34.9
01:42:15,28.8,34.8
01:42:25,28.8,34.8
01:42:35,28.8,34.8
01:42:45,28.8,34.8
01:42:55,28.8,34.7
01:43:05,28.8,34.7
01:43:15,28.8,34.8
01:43:25,28.8,34.7
01:43:35,28.8,34.7
01:43:45,28.8,34.7
01:43:55,28.8,34.7
01:44:05,28.8,34.8
01:44:15,28.8,34.8
01:44:25,28.8,34.7
01:44:35,28.8,34.6
01:44:45,28.8,34.6
01:44:55,28.8,34.7
01:45:05,28.8,34.8
01:45:15,28.8,34.8
01:45:25,28.8,34.7
01:45:35,28.8,34.7
01:45:45,28.8,34.7
01:45:55,28.8,34.7
01:46:05,28.8,34.8
01:46:15,28.8,34.8
01:46:25,28.8,34.8
01:46:35,28.8,34.9
01:46:45,28.8,34.8
01:46:55,28.8,34.9
01:47:05,28.8,34.8
01:47:15,28.8,34.9
01:47:25,28.8,34.8
01:47:35,28.8,34.9
01:47:45,28.8,34.9
01:47:55,28.8,34.9
01:48:05,28.8,34.9
01:48:15,28.8,34.9
01:48:25,28.8,34.8
01:48:35,28.8,34.9
01:48:45,28.8,34.9
01:48:55,28.8,34.9
01:49:05,28.8,34.9
01:49:15,28.8,34.9
01:49:25,28.8,34.8
01:49:35,28.8,34.8
01:49:45,28.8,34.9
01:49:55,28.8,34.8
01:50:05,28.8,34.9
01:50:15,28.8,34.8
01:50:25,28.8,34.8
01:50:35,28.8,34.9
01:50:45,28.8,34.8
01:50:55,28.8,34.9
01:51:05,28.8,34.8
01:51:15,28.8,34.9
01:51:25,28.8,34.9
01:51:35,28.8,34.9
01:51:45,28.8,34.8
01:51:55,28.8,34.8
01:52:05,28.8,34.8
01:52:15,28.8,34.8
01:52:25,28.8,34.8
01:52:35,28.8,34.8
01:52:45,28.8,34.9
01:52:55,28.8,34.9
01:53:05,28.8,34.9
01:53:15,28.8,34.9
01:53:25,28.8,34.9
01:53:35,28.8,34.9
01:53:45,28.8,34.8
01:53:55,28.8,34.8
01:54:05,28.8,34.8
01:54:15,28.8,34.8
01:54:25,28.8,34.8
01:54:35,28.8,34.8
01:54:45,28.8,34.9
01:54:55,28.8,34.8
01:55:05,28.8,34.9
01:55:15,28.8,34.9
01:55:25,28.8,34.8
01:55:35,28.8,34.7
01:55:45,28.8,34.7
01:55:55,28.8,34.8
01:56:05,28.8,34.8
01:56:15,28.8,34.8
01:56:25,28.8,34.8
01:56:35,28.8,34.8
01:56:45,28.8,34.8
01:56:55,28.8,34.8
01:57:05,28.8,34.8
01:57:15,28.8,34.8
01:57:25,28.8,34.7
01:57:35,28.8,34.8
01:57:45,28.8,34.8
01:57:55,28.8,34.8
01:58:05,28.8,34.8
01:58:15,28.8,34.8
01:58:25,28.8,34.9
01:58:35,28.8,35.0
01:58:45,28.8,34.9
01:58:55,28.8,34.9
01:59:05,28.8,34.9
01:59:15,28.8,34.9
01:59:25,28.8,34.9
01:59:35,28.8,34.9
01:59:45,28.8,34.9
01:59:55,28.8,34.8
02:00:05,28.8,34.9
02:00:15,28.8,34.9
02:00:25,28.8,34.9
02:00:35,28.8,35.0
02:00:45,28.8,34.9
02:00:55,28.8,34.8
02:01:05,28.8,34.9
02:01:15,28.8,34.8
02:01:25,28.8,34.9
02:01:35,28.8,34.9
02:01:45,28.8,34.9
02:01:55,28.8,34.9
02:02:05,28.8,35.0
02:02:15,28.8,34.9
02:02:25,28.8,34.9
02:02:35,28.8,34.8
02:02:45,28.8,34.7
02:02:55,28.8,34.8
02:03:05,28.8,34.8
02:03:15,28.8,34.8
02:03:25,28.8,34.9
02:03:35,28.8,34.9
02:03:45,28.8,34.8
02:03:55,28.8,34.9
02:04:05,28.8,34.8
02:04:15,28.8,34.8
02:04:25,28.8,34.8
02:04:35,28.8,34.8
02:04:45,28.8,34.8
02:04:55,28.8,34.8
02:05:05,28.8,34.7
02:05:15,28.8,34.8
02:05:25,28.8,34.8
02:05:35,28.8,34.8
02:05:45,28.8,34.8
02:05:55,28.8,34.8
02:06:05,28.8,34.8
02:06:15,28.8,34.8
02:06:25,28.8,34.8
02:06:35,28.8,34.8
02:06:45,28.8,34.8
02:06:55,28.8,34.9
02:07:05,28.8,34.8
02:07:15,28.8,34.8
02:07:25,28.8,34.8
02:07:35,28.8,34.8
02:07:45,28.8,34.9
02:07:55,28.8,34.9
02:08:05,28.8,34.9
02:08:15,28.8,34.9
02:08:25,28.8,34.9
02:08:35,28.8,34.8
02:08:45,28.8,34.7
02:08:55,28.8,34.7
02:09:05,28.8,34.8
02:09:15,28.8,34.8
02:09:25,28.8,34.8
02:09:35,28.8,34.9
02:09:45,28.8,34.9
02:09:55,28.8,34.9
02:10:05,28.8,34.9
02:10:15,28.8,34.8
02:10:25,28.8,34.8
02:10:35,28.8,34.7
02:10:45,28.8,34.7
02:10:55,28.8,34.8
02:11:05,28.8,34.8
02:11:15,28.8,34.7
02:11:25,28.8,34.8
02:11:35,28.8,34.8
02:11:45,28.8,34.8
02:11:55,28.8,34.8
02:12:05,28.8,34.9
02:12:15,28.8,34.9
02:12:25,28.8,34.9
02:12:35,28.8,34.8
02:12:45,28.8,34.8
02:12:55,28.8,34.8
02:13:05,28.8,34.8
02:13:15,28.8,34.8
02:13:25,28.8,34.7
02:13:35,28.8,34.8
02:13:45,28.8,34.8
02:13:55,28.8,34.8
02:14:05,28.8,34.7
02:14:15,28.8,34.6
02:14:25,28.8,34.6
02:14:35,28.8,34.7
02:14:45,28.8,34.8
02:14:55,28.8,34.8
02:15:05,28.8,34.7
02:15:15,28.8,34.7
02:15:25,28.8,34.7
02:15:35,28.8,34.7
02:15:45,28.8,34.8
02:15:55,28.8,34.7
02:16:05,28.8,34.7
02:16:15,28.8,34.6
02:16:25,28.8,34.7
02:16:35,28.8,34.8
02:16:45,28.8,34.7
02:16:55,28.8,34.8
02:17:05,28.8,34.7
02:17:15,28.8,34.6
02:17:25,28.8,34.6
02:17:35,28.8,34.7
02:17:45,28.8,34.7
02:17:55,28.8,34.7
02:18:05,28.8,34.8
02:18:15,28.8,34.7
02:18:25,28.8,34.7
02:18:35,28.8,34.6
02:18:45,28.8,34.6
02:18:55,28.8,34.6
02:19:05,28.8,34.7
02:19:15,28.8,34.6
02:19:25,28.8,34.7
02:19:35,28.8,34.7
02:19:45,28.8,34.8
02:19:55,28.8,34.7
02:20:05,28.8,34.6
02:20:15,28.8,34.5
02:20:25,28.8,34.5
02:20:35,28.8,34.5
02:20:45,28.8,34.5
02:20:55,28.8,34.7
02:21:05,28.8,34.7
02:21:15,28.8,34.8
02:21:25,28.8,34.7
02:21:35,28.8,34.6
02:21:45,28.8,34.5
02:21:55,28.8,34.5
02:22:05,28.8,34.6
02:22:15,28.8,34.5
02:22:25,28.8,34.6
02:22:35,28.8,34.5
02:22:45,28.8,34.5
02:22:55,28.8,34.5
02:23:05,28.8,34.4
02:23:15,28.8,34.4
02:23:25,28.8,34.4
02:23:35,28.8,34.4
02:23:45,28.8,34.4
02:23:55,28.8,34.4
02:24:05,28.8,34.4
02:24:15,28.8,34.5
02:24:25,28.8,34.6
02:24:35,28.8,34.6
02:24:45,28.8,34.6
02:24:55,28.8,34.5
02:25:05,28.8,34.5
02:25:15,28.8,34.5
02:25:25,28.8,34.4
02:25:35,28.8,34.5
02:25:45,28.8,34.5
02:25:55,28.8,34.6
02:26:05,28.8,34.6
02:26:15,28.8,34.6
02:26:25,28.8,34.6
02:26:35,28.8,34.5
02:26:45,28.8,34.5
02:26:55,28.8,34.5
02:27:05,28.8,34.6
02:27:15,28.8,34.6
02:27:25,28.8,34.5
02:27:35,28.8,34.6
02:27:45,28.8,34.6
02:27:55,28.8,34.6
02:28:05,28.8,34.6
02:28:15,28.8,34.6
02:28:25,28.8,34.6
02:28:35,28.8,34.5
02:28:45,28.8,34.5
02:28:55,28.8,34.5
02:29:05,28.8,34.6
02:29:15,28.8,34.5
02:29:25,28.8,34.5
02:29:35,28.8,34.5
02:29:45,28.8,34.5
02:29:55,28.8,34.6
02:30:05,28.8,34.7
02:30:15,28.8,34.8
02:30:25,28.8,34.8
02:30:35,28.8,34.8
02:30:45,28.8,34.7
02:30:55,28.8,34.7
02:31:05,28.8,34.7
02:31:15,28.8,34.7
02:31:25,28.8,34.6
02:31:35,28.8,34.3
02:31:45,28.8,34.1
02:31:55,28.8,34.3
02:32:05,28.8,34.6
02:32:15,28.8,34.7
02:32:25,28.8,34.6
02:32:35,28.8,34.2
02:32:45,28.8,34.0
02:32:55,28.8,34.1
02:33:05,28.8,34.1
02:33:15,28.8,34.2
02:33:25,28.8,34.3
02:33:35,28.8,34.1
02:33:45,28.8,34.2
02:33:55,28.8,34.2
02:34:05,28.8,34.2
02:34:15,28.8,34.1
02:34:25,28.8,34.1
02:34:35,28.8,34.1
02:34:45,28.8,34.1
02:34:55,28.8,34.1
02:35:05,28.8,34.0
02:35:15,28.8,34.2
02:35:25,28.8,34.4
02:35:35,28.8,34.4
02:35:45,28.8,34.0
02:35:55,28.8,33.8
02:36:05,28.8,33.6
02:36:15,28.8,33.6
02:36:25,28.8,33.6
02:36:35,28.8,33.6
02:36:45,28.8,33.6
02:36:55,28.8,33.6
02:37:05,28.8,33.8
02:37:15,28.8,33.8
02:37:25,28.8,34.0
02:37:35,28.8,34.0
02:37:45,28.8,33.7
02:37:55,28.8,33.9
02:38:05,28.8,34.2
02:38:15,28.8,34.0
02:38:25,28.8,34.1
02:38:35,28.8,33.9
02:38:45,28.8,33.6
02:38:55,28.8,33.5
02:39:05,28.8,33.3
02:39:15,28.8,33.5
02:39:25,28.8,33.7
02:39:35,28.8,33.7
02:39:45,28.8,33.9
02:39:55,28.8,33.6
02:40:05,28.8,33.5
02:40:15,28.8,33.5
02:40:25,28.8,33.7
02:40:35,28.8,33.7
02:40:45,28.8,33.5
02:40:55,28.8,33.4
02:41:05,28.8,33.3
02:41:15,28.8,33.4
02:41:25,28.8,33.4
02:41:35,28.8,33.6
02:41:45,28.8,33.4
02:41:55,28.8,33.4
02:42:05,28.8,33.2
02:42:15,28.8,33.3
02:42:25,28.8,33.7
02:42:35,28.8,33.8
02:42:45,28.8,33.8
02:42:55,28.8,33.9
02:43:05,28.8,34.1
02:43:15,28.8,34.2
02:43:25,28.8,33.9
02:43:35,28.8,33.5
02:43:45,28.8,33.4
02:43:55,28.8,33.6
02:44:05,28.8,34.0
02:44:15,28.8,34.2
02:44:25,28.8,34.1
02:44:35,28.8,33.7
02:44:45,28.8,33.4
02:44:55,28.8,33.5
02:45:05,28.8,33.8
02:45:15,28.8,33.8
02:45:25,28.8,33.7
02:45:35,28.8,33.8
02:45:45,28.8,33.9
02:45:55,28.8,33.9
02:46:05,28.8,33.9
02:46:15,28.8,33.9
02:46:25,28.8,33.9
02:46:35,28.8,33.9
02:46:45,28.8,33.9
02:46:55,28.8,34.1
02:47:05,28.8,34.1
02:47:15,28.8,33.9
02:47:25,28.8,33.6
02:47:35,28.8,33.3
02:47:45,28.8,33.3
02:47:55,28.8,33.3
02:48:05,28.8,33.3
02:48:15,28.8,33.3
02:48:25,28.8,33.5
02:48:35,28.8,33.6
02:48:45,28.8,33.8
02:48:55,28.8,33.8
02:49:05,28.8,33.8
02:49:15,28.8,33.9
02:49:25,28.8,34.1
02:49:35,28.8,34.1
02:49:45,28.8,34.1
02:49:55,28.8,33.8
02:50:05,28.8,33.7
02:50:15,28.8,33.8
02:50:25,28.8,33.8
02:50:35,28.8,33.5
02:50:45,28.8,33.5
02:50:55,28.8,33.8
02:51:05,28.8,33.8
02:51:15,28.8,33.9
02:51:25,28.8,33.8
02:51:35,28.8,33.6
02:51:45,28.8,33.5
02:51:55,28.8,33.7
02:52:05,28.8,33.7
02:52:15,28.8,33.7
02:52:25,28.8,33.6
02:52:35,28.8,33.6
02:52:45,28.8,33.6
02:52:55,28.8,33.9
02:53:05,28.8,34.0
02:53:15,28.8,34.0
02:53:25,28.8,33.8
02:53:35,28.8,33.9
02:53:45,28.8,33.6
02:53:55,28.8,33.5
02:54:05,28.8,33.5
02:54:15,28.8,33.6
02:54:25,28.8,33.7
02:54:35,28.8,33.7
02:54:45,28.8,33.5
02:54:55,28.8,33.5
02:55:05,28.8,33.6
02:55:15,28.8,33.3
02:55:25,28.8,33.2
02:55:35,28.8,33.3
02:55:45,28.8,33.3
02:55:55,28.8,33.3
02:56:05,28.8,33.3
02:56:15,28.8,33.4
02:56:25,28.8,33.3
02:56:35,28.8,33.3
02:56:45,28.8,33.2
02:56:55,28.8,33.3
02:57:05,28.8,33.2
02:57:15,28.8,33.0
02:57:25,28.8,33.0
02:57:35,28.8,33.1
02:57:45,28.8,33.2
02:57:55,28.8,33.3
02:58:05,28.8,33.5
02:58:15,28.8,33.8
02:58:25,28.8,33.9
02:58:35,28.8,33.7
02:58:45,28.8,33.6
02:58:55,28.8,33.6
02:59:05,28.8,33.4
02:59:15,28.8,33.4
02:59:25,28.8,33.7
02:59:35,28.8,33.8
02:59:45,28.8,33.9
02:59:55,28.8,34.0
03:00:05,28.8,33.7
03:00:15,28.8,33.9
03:00:25,28.8,34.0
03:00:35,28.8,34.1
03:00:45,28.8,34.1
03:00:55,28.8,34.0
03:01:05,28.8,33.9
03:01:15,28.8,34.0
03:01:25,28.8,33.9
03:01:35,28.8,33.8
03:01:45,28.8,33.5
03:01:55,28.8,33.5
03:02:05,28.8,33.6
03:02:15,28.8,33.7
03:02:25,28.8,33.9
03:02:35,28.8,33.7
03:02:45,28.8,33.6
03:02:55,28.8,33.6
03:03:05,28.8,33.7
03:03:15,28.8,34.0
03:03:25,28.8,34.2
03:03:35,28.8,34.1
03:03:45,28.8,34.0
03:03:55,28.8,33.9
03:04:05,28.8,33.9
03:04:15,28.8,33.9
03:04:25,28.8,34.0
03:04:35,28.8,34.1
03:04:45,28.8,34.2
03:04:55,28.8,34.0
03:05:05,28.8,34.1
03:05:15,28.8,34.1
03:05:25,28.8,33.9
03:05:35,28.8,33.9
03:05:45,28.8,33.9
03:05:55,28.8,33.9
03:06:05,28.8,34.0
03:06:15,28.8,34.1
03:06:25,28.8,34.0
03:06:35,28.8,33.8
03:06:45,28.8,33.8
03:06:55,28.8,33.7
03:07:05,28.8,33.7
03:07:15,28.8,33.9
03:07:25,28.8,34.1
03:07:35,28.8,34.2
03:07:45,28.8,34.0
03:07:55,28.8,33.9
03:08:05,28.8,33.9
03:08:15,28.8,34.0
03:08:25,28.8,34.1
03:08:35,28.8,33.8
03:08:45,28.8,33.7
03:08:55,28.8,33.7
03:09:05,28.8,33.7
03:09:15,28.8,33.5
03:09:25,28.8,33.7
03:09:35,28.8,33.7
03:09:45,28.8,33.6
03:09:55,28.8,33.8
03:10:05,28.8,33.9
03:10:15,28.8,33.9
03:10:25,28.8,33.8
03:10:35,28.8,33.6
03:10:45,28.8,33.5
03:10:55,28.8,33.5
03:11:05,28.8,33.4
03:11:15,28.8,33.5
03:11:25,28.8,33.4
03:11:35,28.8,33.4
03:11:45,28.8,33.5
03:11:55,28.8,33.7
03:12:05,28.8,34.0
03:12:15,28.8,34.1
03:12:25,28.8,34.0
03:12:35,28.8,34.0
03:12:45,28.8,34.0
03:12:55,28.8,33.9
03:13:05,28.8,33.8
03:13:15,28.8,34.0
03:13:25,28.8,34.0
03:13:35,28.8,33.9
03:13:45,28.8,33.9
03:13:55,28.8,33.9
03:14:05,28.8,34.0
03:14:15,28.8,34.1
03:14:25,28.8,34.3
03:14:35,28.8,34.3
03:14:45,28.8,34.3
03:14:55,28.8,34.3
03:15:05,28.8,34.4
03:15:15,28.8,34.4
03:15:25,28.8,34.4
03:15:35,28.8,34.2
03:15:45,28.8,34.1
03:15:55,28.8,34.0
03:16:05,28.8,34.0
03:16:15,28.8,33.9
03:16:25,28.8,34.0
03:16:35,28.8,34.1
03:16:45,28.8,34.1
03:16:55,28.8,33.9
03:17:05,28.8,33.8
03:17:15,28.8,33.8
03:17:25,28.8,33.9
03:17:35,28.8,34.0
03:17:45,28.8,33.9
03:17:55,28.8,33.7
03:18:05,28.8,33.6
03:18:15,28.8,33.6
03:18:25,28.8,33.6
03:18:35,28.8,33.6
03:18:45,28.8,33.6
03:18:55,28.8,33.8
03:19:05,28.8,33.9
03:19:15,28.8,33.9
03:19:25,28.8,33.6
03:19:35,28.8,33.5
03:19:45,28.8,33.5
03:19:55,28.8,33.5
03:20:05,28.8,33.5
03:20:15,28.8,33.6
03:20:25,28.8,33.8
03:20:35,28.8,33.7
03:20:45,28.8,33.6
03:20:55,28.8,33.6
03:21:05,28.8,34.0
03:21:15,28.8,34.2
03:21:25,28.8,34.1
03:21:35,28.8,33.9
03:21:45,28.8,33.4
03:21:55,28.8,33.4
03:22:05,28.8,33.6
03:22:15,28.8,33.8
03:22:25,28.8,33.8
03:22:35,28.8,33.8
03:22:45,28.8,34.0
03:22:55,28.8,34.1
03:23:05,28.8,34.1
03:23:15,28.8,34.0
03:23:25,28.8,34.1
03:23:35,28.8,33.8
03:23:45,28.8,33.6
03:23:55,28.8,33.7
03:24:05,28.8,33.8
03:24:15,28.8,33.8
03:24:25,28.8,33.8
03:24:35,28.8,33.7
03:24:45,28.8,33.7
03:24:55,28.8,33.9
03:25:05,28.8,33.9
03:25:15,28.8,34.0
03:25:25,28.8,34.1
03:25:35,28.8,34.1
03:25:45,28.8,34.1
03:25:55,28.8,33.9
03:26:05,28.8,33.8
03:26:15,28.8,34.0
03:26:25,28.8,34.1
03:26:35,28.8,34.1
03:26:45,28.8,34.0
03:26:55,28.8,33.9
03:27:05,28.8,33.7
03:27:15,28.8,33.8
03:27:25,28.8,34.0
03:27:35,28.8,34.0
03:27:45,28.8,34.1
03:27:55,28.8,34.0
03:28:05,28.8,33.9
03:28:15,28.8,33.8
03:28:25,28.8,33.7
03:28:35,28.8,33.6
03:28:45,28.8,33.7
03:28:55,28.8,33.6
03:29:05,28.8,33.4
03:29:15,28.8,33.8
03:29:25,28.8,34.1
03:29:35,28.8,33.9
03:29:45,28.8,33.8
03:29:55,28.8,33.9
03:30:05,28.8,33.9
03:30:15,28.8,33.9
03:30:25,28.8,33.9
03:30:35,28.8,33.9
03:30:45,28.8,34.0
03:30:55,28.8,34.1
03:31:05,28.8,34.2
03:31:15,28.8,34.2
03:31:25,28.8,33.9
03:31:35,28.8,33.9
03:31:45,28.8,33.9
03:31:55,28.8,34.0
03:32:05,28.8,34.1
03:32:15,28.8,34.1
03:32:25,28.8,34.1
03:32:35,28.8,34.1
03:32:45,28.8,34.2
03:32:55,28.8,34.3
03:33:05,28.8,34.2
03:33:15,28.8,34.2
03:33:25,28.8,34.2
03:33:35,28.8,34.1
03:33:45,28.8,34.0
03:33:55,28.8,33.9
03:34:05,28.8,34.0
03:34:15,28.8,34.1
03:34:25,28.8,34.1
03:34:35,28.8,34.1
03:34:45,28.8,33.8
03:34:55,28.8,33.5
03:35:05,28.8,33.7
03:35:15,28.8,33.9
03:35:25,28.8,34.0
03:35:35,28.8,33.9
03:35:45,28.8,33.7
03:35:55,28.8,33.6
03:36:05,28.8,33.7
03:36:15,28.8,33.8
03:36:25,28.8,33.9
03:36:35,28.8,33.9
03:36:45,28.8,33.8
03:36:55,28.8,33.8
03:37:05,28.8,33.9
03:37:15,28.8,33.9
03:37:25,28.8,33.9
03:37:35,28.8,33.9
03:37:45,28.8,33.8
03:37:55,28.8,33.9
03:38:05,28.8,33.8
03:38:15,28.8,33.8
03:38:25,28.8,33.9
03:38:35,28.8,34.0
03:38:45,28.8,33.7
03:38:55,28.8,33.6
03:39:05,28.8,33.6
03:39:15,28.8,33.6
03:39:25,28.8,33.8
03:39:35,28.8,33.9
03:39:45,28.8,33.9
03:39:55,28.8,33.9
03:40:05,28.8,34.0
03:40:15,28.8,34.1
03:40:25,28.8,33.8
03:40:35,28.8,33.5
03:40:45,28.8,33.5
03:40:55,28.8,33.5
03:41:05,28.8,33.4
03:41:15,28.8,33.6
03:41:25,28.8,33.8
03:41:35,28.8,33.8
03:41:45,28.8,33.9
03:41:55,28.8,33.9
03:42:05,28.8,34.1
03:42:15,28.8,33.8
03:42:25,28.8,33.7
03:42:35,28.8,33.7
03:42:45,28.8,33.7
03:42:55,28.8,33.6
03:43:05,28.8,33.7
03:43:15,28.8,33.6
03:43:25,28.8,33.9
03:43:35,28.8,34.0
03:43:45,28.8,34.0
03:43:55,28.8,33.9
03:44:05,28.8,33.8
03:44:15,28.8,33.9
03:44:25,28.8,33.8
03:44:35,28.8,33.9
03:44:45,28.8,34.0
03:44:55,28.8,34.1
03:45:05,28.8,34.1
03:45:15,28.8,34.1
03:45:25,28.8,33.9
03:45:35,28.8,33.9
03:45:45,28.8,34.1
03:45:55,28.8,34.2
03:46:05,28.8,34.0
03:46:15,28.8,33.9
03:46:25,28.8,33.8
03:46:35,28.8,34.0
03:46:45,28.8,34.1
03:46:55,28.8,34.0
03:47:05,28.8,33.6
03:47:15,28.8,33.4
03:47:25,28.8,33.4
03:47:35,28.8,33.4
03:47:45,28.8,33.6
03:47:55,28.8,33.4
03:48:05,28.8,33.2
03:48:15,28.8,33.2
03:48:25,28.8,33.0
03:48:35,28.8,33.4
03:48:45,28.8,32.5
03:48:55,28.8,32.6
03:49:05,28.8,32.8
03:49:15,28.8,32.9
03:49:25,28.8,33.1
03:49:35,28.8,33.4
03:49:45,28.8,33.5
03:49:55,28.8,33.0
03:50:05,28.8,32.8
03:50:15,28.8,32.6
03:50:25,28.8,33.0
03:50:35,28.8,33.4
03:50:45,28.8,33.1
03:50:55,28.8,32.8
03:51:05,28.8,32.7
03:51:15,28.8,32.6
03:51:25,28.8,32.7
03:51:35,28.8,32.8
03:51:45,28.8,33.1
03:51:55,28.8,33.5
03:52:05,28.8,33.2
03:52:15,28.8,33.0
03:52:25,28.8,33.4
03:52:35,28.8,33.7
03:52:45,28.8,33.6
03:52:55,28.8,33.3
03:53:05,28.8,33.4
03:53:15,28.8,33.5
03:53:25,28.8,33.7
03:53:35,28.8,33.7
03:53:45,28.8,33.9
03:53:55,28.8,33.7
03:54:05,28.8,33.2
03:54:15,28.8,33.3
03:54:25,28.8,33.4
03:54:35,28.8,33.3
03:54:45,28.8,33.0
03:54:55,28.8,33.0
03:55:05,28.8,33.1
03:55:15,28.8,33.3
03:55:25,28.8,33.3
03:55:35,28.8,33.4
03:55:45,28.8,33.7
03:55:55,28.8,33.6
03:56:05,28.8,33.3
03:56:15,28.8,33.6
03:56:25,28.8,33.1
03:56:35,28.8,33.2
03:56:45,28.8,33.1
03:56:55,28.8,33.1
03:57:05,28.8,33.4
03:57:15,28.8,33.4
03:57:25,28.8,33.4
03:57:35,28.8,33.7
03:57:45,28.8,33.7
03:57:55,28.7,33.8
03:58:05,28.8,34.1
03:58:15,28.7,34.2
03:58:25,28.7,34.4
03:58:35,28.7,34.4
03:58:45,28.7,34.4
03:58:55,28.7,34.4
03:59:05,28.7,34.6
03:59:15,28.7,34.6
03:59:25,28.7,34.6
03:59:35,28.7,34.6
03:59:45,28.7,34.9
03:59:55,28.7,35.0
04:00:05,28.7,35.5
04:00:15,28.7,35.8
04:00:25,28.7,35.7
04:00:35,28.7,36.0
04:00:45,28.7,35.9
04:00:55,28.7,36.7
04:01:05,28.7,36.7
04:01:15,28.7,36.6
04:01:25,28.7,36.6
04:01:35,28.7,36.4
04:01:45,28.7,36.4
04:01:55,28.7,36.5
04:02:05,28.7,36.7
04:02:15,28.7,36.7
04:02:25,28.7,36.9
04:02:35,28.7,36.4
04:02:45,28.7,36.4
04:02:55,28.7,36.3
04:03:05,28.7,36.4
04:03:15,28.7,36.6
04:03:25,28.7,36.8
04:03:35,28.7,37.0
04:03:55,28.7,37.0
04:04:05,28.7,36.9
04:04:15,28.7,36.9
04:04:25,28.7,37.1
04:04:35,28.7,37.4
04:04:45,28.7,37.2
04:04:55,28.7,37.4
04:05:05,28.7,37.3
04:05:15,28.7,37.2
04:05:25,28.7,37.2
04:05:35,28.7,37.5
04:05:45,28.7,37.5
04:05:55,28.7,37.6
04:06:05,28.7,37.7
04:06:15,28.7,38.1
04:06:25,28.7,38.0
04:06:35,28.7,37.9
04:06:45,28.7,37.9
04:06:55,28.7,37.9
04:07:05,28.7,38.0
04:07:15,28.7,37.8
04:07:25,28.7,37.5
04:07:35,28.7,37.5
04:07:45,28.6,37.5
04:07:55,28.6,37.7
04:08:05,28.6,37.6
04:08:15,28.6,37.6
04:08:25,28.6,37.5
04:08:35,28.6,37.5
04:08:45,28.6,37.7
04:08:55,28.6,37.8
04:09:05,28.6,37.8
04:09:15,28.6,37.6
04:09:25,28.6,37.6
04:09:35,28.6,37.5
04:09:45,28.6,37.5
04:09:55,28.6,37.4
04:10:05,28.6,37.5
04:10:15,28.6,37.4
04:10:25,28.6,37.4
04:10:35,28.6,37.5
04:10:45,28.6,37.5
04:10:55,28.6,37.6
04:11:05,28.6,37.5
04:11:15,28.6,37.5
04:11:25,28.6,37.5
04:11:35,28.6,37.6
04:11:45,28.5,37.6
04:11:55,28.5,37.6
04:12:05,28.6,37.6
04:12:15,28.5,37.4
04:12:25,28.5,37.5
04:12:35,28.5,37.5
04:12:45,28.5,37.7
04:12:55,28.5,37.9
04:13:05,28.5,37.6
04:13:15,28.5,37.6
04:13:25,28.5,37.6
04:13:35,28.5,37.6
04:13:45,28.5,37.8
04:13:55,28.5,37.6
04:14:05,28.5,37.6
04:14:15,28.5,37.5
04:14:25,28.5,37.5
04:14:35,28.5,37.5
04:14:45,28.5,37.6
04:14:55,28.4,37.6
04:15:05,28.4,37.8
04:15:15,28.4,37.8
04:15:25,28.4,37.6
04:15:35,28.4,37.5
04:15:45,28.4,37.5
04:15:55,28.4,37.6
04:16:05,28.4,37.8
04:16:15,28.4,37.6
04:16:25,28.4,37.5
04:16:35,28.4,37.5
04:16:45,28.4,37.6
04:16:55,28.4,37.5
04:17:05,28.3,37.5
04:17:15,28.3,37.6
04:17:25,28.3,37.6
04:17:35,28.3,37.5
04:17:45,28.3,37.9
04:17:55,28.3,37.6
04:18:05,28.3,37.6
04:18:15,28.3,37.5
04:18:25,28.3,37.6
04:18:35,28.3,37.7
04:18:45,28.3,37.6
04:18:55,28.3,37.6
04:19:05,28.3,37.6
04:19:15,28.3,37.6
04:19:25,28.3,37.9
04:19:35,28.3,37.9
04:19:45,28.3,37.8
04:19:55,28.3,37.7
04:20:05,28.3,37.8
04:20:15,28.3,37.7
04:20:25,28.2,37.7
04:20:35,28.2,37.7
04:20:45,28.3,37.9
04:20:55,28.2,37.6
04:21:05,28.3,37.6
04:21:15,28.2,37.7
04:21:25,28.3,37.9
04:21:35,28.2,37.7
04:21:45,28.3,37.7
04:21:55,28.3,37.6
04:22:05,28.3,37.6
04:22:15,28.2,37.5
04:22:25,28.3,37.5
04:22:35,28.2,37.5
04:22:45,28.2,37.5
04:22:55,28.2,37.8
04:23:05,28.2,37.6
04:23:15,28.2,37.8
04:23:25,28.2,37.8
04:23:35,28.2,37.6
04:23:45,28.2,37.8
04:23:55,28.2,37.6
04:24:05,28.2,37.5
04:24:15,28.2,37.5
04:24:25,28.2,37.5
04:24:35,28.2,37.5
04:24:45,28.2,37.5
04:24:55,28.2,37.6
04:25:05,28.2,37.6
04:25:15,28.2,37.7
04:25:25,28.2,37.7
04:25:35,28.1,37.8
04:25:45,28.1,37.7
04:25:55,28.2,37.8
04:26:05,28.1,37.9
04:26:15,28.2,38.0
04:26:25,28.2,37.7
04:26:35,28.1,37.7
04:26:45,28.1,37.7
04:26:55,28.1,37.6
04:27:05,28.1,37.7
04:27:15,28.1,37.6
04:27:25,28.1,37.7
04:27:35,28.2,37.7
04:27:45,28.2,37.7
04:27:55,28.2,37.8
04:28:05,28.2,37.8
04:28:15,28.2,37.7
04:28:25,28.2,37.8
04:28:35,28.2,37.9
04:28:45,28.2,37.7
04:28:55,28.2,37.7
04:29:05,28.2,37.6
04:29:15,28.2,37.6
04:29:25,28.2,37.6
04:29:35,28.2,37.8
04:29:45,28.1,37.8
04:29:55,28.2,38.1
04:30:05,28.2,37.8
04:30:15,28.1,37.7
04:30:25,28.2,37.8
04:30:35,28.2,37.9
04:30:45,28.2,37.9
04:30:55,28.2,37.7
04:31:05,28.2,37.8
04:31:15,28.2,37.7
04:31:25,28.2,37.8
04:31:35,28.2,37.8
04:31:45,28.1,37.8
04:31:55,28.1,37.7
04:32:05,28.1,37.8
04:32:15,28.1,37.8
04:32:25,28.1,37.9
04:32:35,28.1,37.8
04:32:45,28.1,37.7
04:32:55,28.1,37.7
04:33:05,28.1,37.9
04:33:15,28.1,37.7
04:33:25,28.1,37.8
04:33:35,28.1,37.8
04:33:45,28.1,37.7
04:33:55,28.1,37.7
04:34:05,28.1,37.7
04:34:15,28.1,37.8
04:34:25,28.1,37.7
04:34:35,28.1,37.8
04:34:45,28.1,37.8
04:34:55,28.1,37.6
04:35:05,28.1,37.7
04:35:15,28.1,37.7
04:35:25,28.1,37.7
04:35:35,28.1,37.7
04:35:45,28.1,37.8
04:35:55,28.1,38.0
04:36:05,28.1,37.9
04:36:15,28.1,37.9
04:36:25,28.1,37.8
04:36:35,28.1,37.7
04:36:45,28.1,37.6
04:36:55,28.1,37.7
04:37:05,28.1,37.7
04:37:15,28.1,37.7
04:37:25,28.1,37.6
04:37:35,28.1,37.8
04:37:45,28.1,37.9
04:37:55,28.1,37.8
04:38:05,28.0,37.9
04:38:15,28.1,37.9
04:38:25,28.1,37.7
04:38:35,28.1,37.7
04:38:45,28.1,37.7
04:38:55,28.1,37.8
04:39:05,28.1,37.7
04:39:15,28.1,37.7
04:39:25,28.1,37.7
04:39:35,28.1,37.7
04:39:45,28.0,37.7
04:39:55,28.0,37.6
04:40:05,28.0,37.8
04:40:15,28.1,38.0
04:40:25,28.1,37.8
04:40:35,28.0,38.0
04:40:45,28.1,38.1
04:40:55,28.1,37.9
04:41:05,28.1,37.9
04:41:15,28.1,38.0
04:41:25,28.1,38.1
04:41:35,28.1,38.0
04:41:45,28.1,37.8
04:41:55,28.1,37.8
04:42:05,28.1,37.7
04:42:15,28.1,37.8
04:42:25,28.1,38.0
04:42:35,28.0,37.9
04:42:45,28.1,37.7
04:42:55,28.0,37.7
04:43:05,28.0,38.0
04:43:15,28.0,38.0
04:43:25,28.0,37.8
04:43:35,28.0,37.8
04:43:45,28.0,37.8
04:43:55,28.0,37.8
04:44:05,28.0,37.7
04:44:15,28.0,37.8
04:44:25,28.0,37.7
04:44:35,28.0,37.7
04:44:45,28.0,37.8
04:44:55,28.0,37.7
04:45:05,28.0,37.7
04:45:15,28.0,37.9
04:45:25,28.0,37.8
04:45:35,28.0,37.8
04:45:45,28.0,37.8
04:45:55,28.0,37.8
04:46:05,28.0,37.9
04:46:15,28.0,37.8
04:46:25,28.0,37.8
04:46:35,28.0,37.9
04:46:45,28.0,37.8
04:46:55,28.0,37.8
04:47:05,28.0,37.7
04:47:15,27.9,37.8
04:47:25,27.9,37.8
04:47:35,27.9,37.9
04:47:45,27.9,37.8
04:47:55,27.9,38.0
04:48:05,27.9,38.2
04:48:15,27.9,38.1
04:48:25,27.9,38.2
04:48:35,27.9,38.0
04:48:45,27.9,37.9
04:48:55,27.9,38.0
04:49:05,27.9,38.1
04:49:15,27.9,38.0
04:49:25,28.0,37.8
04:49:35,28.0,37.9
04:49:45,27.9,38.0
04:49:55,28.0,38.0
04:50:05,27.9,38.2
04:50:15,27.9,38.2
04:50:25,27.9,38.0
04:50:35,27.9,38.0
04:50:45,27.9,37.9
04:50:55,27.9,37.7
04:51:05,27.9,37.8
04:51:15,27.9,37.7
04:51:25,27.9,37.8
04:51:35,27.9,37.8
04:51:45,27.9,37.9
04:51:55,27.9,37.8
04:52:05,27.9,37.9
04:52:15,27.9,37.8
04:52:25,27.9,37.8
04:52:35,27.9,37.9
04:52:45,27.9,38.0
04:52:55,27.9,38.1
04:53:05,27.9,37.8
04:53:15,27.9,37.9
04:53:25,27.9,38.0
04:53:35,27.9,38.1
04:53:45,27.9,37.9
04:53:55,27.9,37.9
04:54:05,27.9,38.0
04:54:15,27.9,37.9
04:54:25,27.9,37.8
04:54:35,27.9,38.0
04:54:45,27.9,38.0
04:54:55,27.9,38.0
04:55:05,27.9,37.9
04:55:15,27.9,37.9
04:55:25,27.9,38.1
04:55:35,27.9,38.1
04:55:45,27.9,38.1
04:55:55,27.9,38.2
04:56:05,27.9,37.9
04:56:15,27.9,37.8
04:56:25,27.9,37.8
04:56:35,27.9,37.8
04:56:45,27.9,38.0
04:56:55,27.9,38.0
04:57:05,27.9,38.1
04:57:15,27.9,37.9
04:57:25,27.9,37.9
04:57:35,27.9,37.9
04:57:45,27.9,38.0
04:57:55,27.8,38.0
04:58:05,27.8,37.9
04:58:15,27.8,37.8
04:58:25,27.8,37.8
04:58:35,27.8,38.1
04:58:45,27.8,38.3
04:58:55,27.8,38.0
04:59:05,27.8,38.1
04:59:15,27.8,37.9
04:59:25,27.8,37.9
04:59:35,27.8,38.1
04:59:45,27.8,38.2
04:59:55,27.8,38.1
05:00:05,27.8,38.1
05:00:15,27.8,38.0
05:00:25,27.8,38.0
05:00:35,27.8,38.3
05:00:45,27.8,38.3
05:00:55,27.8,38.2
05:01:05,27.8,38.2
05:01:15,27.8,38.1
05:01:25,27.8,38.0
05:01:35,27.8,37.9
05:01:45,27.9,38.2
05:01:55,27.9,38.1
05:02:05,27.9,38.2
05:02:15,27.8,38.3
05:02:25,27.9,38.2
05:02:35,27.9,38.1
05:02:45,27.9,38.2
05:02:55,27.9,38.1
05:03:05,27.9,38.0
05:03:15,27.8,38.0
05:03:25,27.8,37.9
05:03:35,27.8,38.0
05:03:45,27.8,38.0
05:03:55,27.8,38.2
05:04:05,27.8,38.1
05:04:15,27.8,38.3
05:04:25,27.8,38.1
05:04:35,27.8,38.3
05:04:45,27.8,38.0
05:04:55,27.8,38.0
05:05:05,27.8,38.1
05:05:15,27.8,38.2
05:05:25,27.8,38.0
05:05:35,27.8,38.0
05:05:45,27.8,37.9
05:05:55,27.8,38.0
05:06:05,27.8,38.1
05:06:15,27.8,38.2
05:06:25,27.8,38.2
05:06:35,27.8,38.3
05:06:45,27.8,38.1
05:06:55,27.8,38.1
05:07:05,27.8,38.1
05:07:15,27.8,38.3
05:07:25,27.8,38.2
05:07:35,27.8,38.2
05:07:45,27.8,38.3
05:07:55,27.8,38.2
05:08:05,27.8,38.3
05:08:15,27.8,38.3
05:08:25,27.8,38.1
05:08:35,27.7,38.1
05:08:45,27.7,38.1
05:08:55,27.7,38.2
05:09:05,27.7,38.1
05:09:15,27.7,38.0
05:09:25,27.8,38.1
05:09:35,27.7,38.3
05:09:45,27.7,38.1
05:09:55,27.7,38.0
05:10:05,27.7,38.4
05:10:15,27.7,38.3
05:10:25,27.7,38.2
05:10:35,27.7,38.0
05:10:45,27.7,38.0
05:10:55,27.7,38.0
05:11:05,27.7,38.0
05:11:15,27.7,38.4
05:11:25,27.7,38.2
05:11:35,27.7,38.1
05:11:45,27.7,38.2
05:11:55,27.7,38.2
05:12:05,27.7,38.2
05:12:15,27.7,38.1
05:12:25,27.7,38.1
05:12:35,27.7,38.1
05:12:45,27.7,38.2
05:12:55,27.7,38.2
05:13:05,27.7,38.3
05:13:15,27.7,38.4
05:13:25,27.7,38.2
05:13:35,27.7,38.1
05:13:45,27.7,38.2
05:13:55,27.7,38.2
05:14:05,27.7,38.3
05:14:15,27.7,38.3
05:14:25,27.7,38.2
05:14:35,27.7,38.3
05:14:45,27.7,38.2
05:14:55,27.7,38.2
05:15:05,27.7,38.1
05:15:15,27.7,38.1
05:15:25,27.7,38.2
05:15:35,27.7,38.4
05:15:45,27.7,38.3
05:15:55,27.7,38.2
05:16:05,27.7,38.2
05:16:15,27.7,38.3
05:16:25,27.7,38.4
05:16:35,27.7,38.2
05:16:45,27.7,38.2
05:16:55,27.7,38.2
05:17:05,27.7,38.2
05:17:15,27.7,38.3
05:17:25,27.7,38.4
05:17:35,27.7,38.4
05:17:45,27.7,38.4
05:17:55,27.7,38.3
05:18:05,27.6,38.2
05:18:15,27.6,38.2
05:18:25,27.7,38.6
05:18:35,27.6,38.6
05:18:45,27.7,38.5
05:18:55,27.7,38.5
05:19:05,27.6,38.5
05:19:15,27.7,38.5
05:19:25,27.6,38.3
05:19:35,27.7,38.4
05:19:45,27.7,38.3
05:19:55,27.7,38.5
05:20:05,27.6,38.7
05:20:15,27.7,38.4
05:20:25,27.7,38.4
05:20:35,27.7,38.3
05:20:45,27.7,38.5
05:20:55,27.7,38.6
05:21:05,27.7,38.4
05:21:15,27.7,38.4
05:21:25,27.7,38.4
05:21:35,27.7,38.3
05:21:45,27.7,38.4
05:21:55,27.7,38.4
05:22:05,27.7,38.4
05:22:15,27.7,38.3
05:22:25,27.7,38.3
05:22:35,27.7,38.3
05:22:45,27.7,38.3
05:22:55,27.7,38.4
05:23:05,27.7,38.3
05:23:15,27.6,38.4
05:23:25,27.6,38.5
05:23:35,27.6,38.8
05:23:45,27.6,38.5
05:23:55,27.6,38.5
05:24:05,27.6,38.4
05:24:15,27.6,38.4
05:24:25,27.6,38.5
05:24:35,27.6,38.6
05:24:45,27.6,38.4
05:24:55,27.6,38.5
05:25:05,27.6,38.5
05:25:15,27.6,38.6
05:25:25,27.6,38.4
05:25:35,27.6,38.4
05:25:45,27.6,38.4
05:25:55,27.6,38.5
05:26:05,27.6,38.4
05:26:15,27.6,38.5
05:26:25,27.6,38.5
05:26:35,27.6,38.6
05:26:45,27.6,38.5
05:26:55,27.6,38.5
05:27:05,27.6,38.5
05:27:15,27.6,38.5
05:27:25,27.6,38.6
05:27:35,27.6,38.6
05:27:45,27.6,38.5
05:27:55,27.6,38.6
05:28:05,27.6,38.7
05:28:15,27.6,38.9
05:28:25,27.6,38.6
05:28:35,27.6,38.7
05:28:45,27.6,38.6
05:28:55,27.6,38.5
05:29:05,27.6,38.5
05:29:15,27.6,38.6
05:29:25,27.6,38.5
05:29:35,27.6,38.6
05:29:45,27.6,38.7
05:29:55,27.6,38.7
05:30:05,27.6,38.7
05:30:15,27.6,38.6
05:30:25,27.6,38.5
05:30:35,27.6,38.5
05:30:45,27.6,38.5
05:30:55,27.6,38.7
05:31:05,27.6,38.8
05:31:15,27.6,38.7
05:31:25,27.6,38.6
05:31:35,27.6,38.5
05:31:45,27.6,38.6
05:31:55,27.6,38.9
05:32:05,27.6,39.0
05:32:15,27.6,38.8
05:32:25,27.6,38.7
05:32:35,27.6,38.7
05:32:45,27.6,38.7
05:32:55,27.6,38.8
05:33:05,27.6,38.8
05:33:15,27.6,38.7
05:33:25,27.6,38.7
05:33:35,27.6,38.5
05:33:45,27.6,38.6
05:33:55,27.6,38.7
05:34:05,27.6,38.8
05:34:15,27.6,38.6
05:34:25,27.6,38.7
05:34:35,27.6,38.7
05:34:45,27.6,38.7
05:34:55,27.6,38.7
05:35:05,27.6,38.8
05:35:15,27.6,38.7
05:35:25,27.5,38.7
05:35:35,27.6,38.8
05:35:45,27.6,38.8
05:35:55,27.6,38.8
05:36:05,27.6,38.9
05:36:15,27.6,38.9
05:36:25,27.6,38.8
05:36:35,27.6,38.7
05:36:45,27.6,38.7
05:36:55,27.6,38.8
05:37:05,27.6,38.8
05:37:15,27.6,38.7
05:37:25,27.6,38.8
05:37:35,27.6,38.9
05:37:45,27.6,38.8
05:37:55,27.6,38.7
05:38:05,27.6,38.9
05:38:15,27.6,38.9
05:38:25,27.6,38.7
05:38:35,27.6,38.7
05:38:45,27.6,38.8
05:38:55,27.6,38.7
05:39:05,27.6,38.9
05:39:15,27.6,38.9
05:39:25,27.6,38.8
05:39:35,27.6,38.7
05:39:45,27.6,38.7
05:39:55,27.6,38.8
05:40:05,27.6,38.7
05:40:15,27.6,38.7
05:40:25,27.6,38.7
05:40:35,27.6,38.8
05:40:45,27.6,38.9
05:40:55,27.6,38.9
05:41:05,27.6,38.7
05:41:15,27.6,38.8
05:41:25,27.6,38.7
05:41:35,27.6,38.7
05:41:45,27.6,38.9
05:41:55,27.6,38.9
05:42:05,27.6,39.0
05:42:15,27.6,39.0
05:42:25,27.6,38.8
05:42:35,27.6,38.8
05:42:45,27.6,38.8
05:42:55,27.6,39.0
05:43:05,27.6,39.1
05:43:15,27.6,38.9
05:43:25,27.6,39.0
05:43:35,27.6,38.9
05:43:45,27.6,39.0
05:43:55,27.6,38.8
05:44:05,27.6,38.8
05:44:15,27.6,39.0
05:44:25,27.6,38.9
05:44:35,27.5,38.9
05:44:45,27.5,38.9
05:44:55,27.5,38.8
05:45:05,27.5,38.8
05:45:15,27.5,38.9
05:45:25,27.5,38.9
05:45:35,27.5,38.9
05:45:45,27.5,39.0
05:45:55,27.5,39.0
05:46:05,27.5,38.9
05:46:15,27.5,38.9
05:46:25,27.5,38.9
05:46:35,27.5,39.2
05:46:45,27.5,39.1
05:46:55,27.5,39.1
05:47:05,27.5,39.0
05:47:15,27.5,38.9
05:47:25,27.5,38.9
05:47:35,27.5,39.0
05:47:45,27.5,39.0
05:47:55,27.5,38.9
05:48:05,27.5,39.1
05:48:15,27.5,39.1
05:48:25,27.5,39.0
05:48:35,27.5,38.9
05:48:45,27.5,39.1
05:48:55,27.5,39.2
05:49:05,27.5,39.2
05:49:15,27.5,39.2
05:49:25,27.5,39.1
05:49:35,27.5,39.1
05:49:45,27.5,38.9
05:49:55,27.5,39.0
05:50:05,27.5,39.2
05:50:15,27.5,39.1
05:50:25,27.5,39.0
05:50:35,27.5,39.1
05:50:45,27.5,39.0
05:50:55,27.5,39.1
05:51:05,27.5,39.1
05:51:15,27.5,39.1
05:51:25,27.5,39.0
05:51:35,27.5,39.0
05:51:45,27.5,39.1
05:51:55,27.5,39.1
05:52:05,27.5,39.1
05:52:15,27.5,39.1
05:52:25,27.5,39.0
05:52:35,27.5,39.0
05:52:45,27.5,39.2
05:52:55,27.5,39.3
05:53:05,27.5,39.2
05:53:15,27.5,39.1
05:53:25,27.5,39.2
05:53:35,27.5,39.3
05:53:45,27.5,39.3
05:53:55,27.5,39.2
05:54:05,27.5,39.1
05:54:15,27.5,39.1
05:54:25,27.5,39.2
05:54:35,27.5,39.0
05:54:45,27.5,39.1
05:54:55,27.5,39.0
05:55:05,27.5,39.1
05:55:15,27.5,39.3
05:55:25,27.5,39.1
05:55:35,27.5,39.1
05:55:45,27.5,39.1
05:55:55,27.5,39.2
05:56:05,27.5,39.2
05:56:15,27.5,39.2
05:56:25,27.5,39.2
05:56:35,27.5,39.1
05:56:45,27.5,39.1
05:56:55,27.5,39.1
05:57:05,27.5,39.4
05:57:15,27.5,39.3
05:57:25,27.5,39.3
05:57:35,27.5,39.1
05:57:45,27.5,39.1
05:57:55,27.5,39.1
05:58:05,27.5,39.1
05:58:15,27.5,39.2
05:58:25,27.5,39.2
05:58:35,27.5,39.2
05:58:45,27.5,39.2
05:58:55,27.5,39.3
05:59:05,27.5,39.1
05:59:15,27.5,39.3
05:59:25,27.5,39.1
05:59:35,27.5,39.1
05:59:45,27.5,39.0
05:59:55,27.5,39.1
06:00:05,27.5,39.0
06:01:16,27.5,39.3
06:01:25,27.5,39.2
06:01:35,27.5,39.1
06:01:45,27.5,39.1
06:01:55,27.5,39.1
06:02:05,27.5,39.1
06:02:15,27.5,39.2
06:02:25,27.5,39.3
06:02:35,27.5,39.3
06:02:45,27.5,39.2
06:02:55,27.5,39.2
06:03:05,27.5,39.2
06:03:15,27.5,39.2
06:03:25,27.5,39.3
06:03:35,27.5,39.4
06:03:45,27.5,39.2
06:03:55,27.5,39.2
06:04:05,27.5,39.2
06:04:15,27.5,39.2
06:04:25,27.5,39.2
06:04:35,27.4,39.2
06:04:45,27.5,39.2
06:04:55,27.4,39.3
06:05:05,27.5,39.6
06:05:15,27.5,39.3
06:05:25,27.5,39.2
06:05:35,27.5,39.2
06:05:45,27.5,39.3
06:05:55,27.5,39.3
06:06:05,27.5,39.5
06:06:15,27.5,39.2
06:06:25,27.5,39.2
06:06:35,27.4,39.2
06:06:45,27.5,39.3
06:06:55,27.5,39.4
06:07:05,27.5,39.3
06:07:15,27.5,39.2
06:07:25,27.5,39.1
06:07:35,27.5,39.2
06:07:45,27.5,39.4
06:07:55,27.5,39.4
06:08:05,27.5,39.1
06:08:15,27.5,39.2
06:08:25,27.5,39.4
06:08:35,27.5,39.2
06:08:45,27.5,39.1
06:08:55,27.5,39.1
06:09:05,27.5,39.3
06:09:15,27.5,39.2
06:09:25,27.5,39.2
06:09:35,27.4,39.3
06:09:45,27.4,39.1
06:09:55,27.4,39.2
06:10:05,27.4,39.3
06:10:15,27.4,39.4
06:10:25,27.4,39.3
06:10:35,27.4,39.3
06:10:45,27.4,39.2
06:10:55,27.4,39.2
06:11:05,27.4,39.3
06:11:15,27.4,39.3
06:11:25,27.4,39.3
06:11:35,27.4,39.5
06:11:45,27.4,39.3
06:11:55,27.4,39.2
06:12:05,27.4,39.2
06:12:15,27.4,39.2
06:12:25,27.4,39.2
06:12:35,27.4,39.3
06:12:45,27.4,39.2
06:12:55,27.4,39.2
06:13:05,27.4,39.2
06:13:15,27.4,39.3
06:13:25,27.4,39.3
06:13:35,27.4,39.2
06:13:45,27.4,39.3
06:13:55,27.4,39.3
06:14:05,27.4,39.2
06:14:15,27.4,39.2
06:14:25,27.4,39.3
06:14:35,27.4,39.3
06:14:45,27.4,39.4
06:14:55,27.4,39.4
06:15:05,27.4,39.2
06:15:15,27.4,39.5
06:15:25,27.4,39.4
06:15:35,27.4,39.6
06:15:45,27.4,39.4
06:15:55,27.4,39.3
06:16:05,27.4,39.6
06:16:15,27.4,39.4
06:16:25,27.4,39.3
06:16:35,27.4,39.4
06:16:45,27.4,39.5
06:16:55,27.4,39.5
06:17:05,27.4,39.2
06:17:15,27.4,39.3
06:17:25,27.4,39.3
06:17:35,27.4,39.5
06:17:45,27.4,39.3
06:17:55,27.4,39.3
06:18:05,27.4,39.3
06:18:15,27.4,39.4
06:18:25,27.4,39.3
06:18:35,27.4,39.3
06:18:45,27.4,39.2
06:18:55,27.4,39.4
06:19:05,27.4,39.4
06:19:15,27.4,39.4
06:19:25,27.4,39.2
06:19:35,27.4,39.2
06:19:45,27.4,39.3
06:19:55,27.4,39.4
06:20:05,27.4,39.4
06:20:15,27.4,39.3
06:20:25,27.4,39.4
06:20:35,27.4,39.4
06:20:45,27.4,39.4
06:20:55,27.4,39.3
06:21:05,27.4,39.3
06:21:16,27.4,39.4
06:21:25,27.4,39.3
06:21:35,27.4,39.3
06:21:45,27.4,39.3
06:21:55,27.4,39.4
06:22:05,27.4,39.3
06:22:15,27.4,39.3
06:22:25,27.3,39.3
06:22:35,27.4,39.6
06:22:45,27.4,39.5
06:22:55,27.3,39.3
06:23:05,27.3,39.3
06:23:15,27.3,39.3
06:23:25,27.3,39.4
06:23:35,27.4,39.4
06:23:45,27.3,39.4
06:23:55,27.4,39.3
06:24:05,27.4,39.2
06:24:15,27.4,39.2
06:24:25,27.3,39.3
06:24:35,27.3,39.3
06:24:45,27.4,39.5
06:24:55,27.4,39.4
06:25:05,27.3,39.3
06:25:15,27.4,39.4
06:25:25,27.4,39.2
06:25:35,27.3,39.3
06:25:45,27.4,39.3
06:25:55,27.4,39.3
06:26:05,27.4,39.2
06:26:15,27.4,39.2
06:26:25,27.4,39.3
06:26:35,27.4,39.2
06:26:45,27.4,39.2
06:26:55,27.4,39.2
06:27:05,27.4,39.3
06:27:15,27.4,39.3
06:27:25,27.4,39.2
06:27:35,27.4,39.2
06:27:45,27.3,39.3
06:27:55,27.3,39.4
06:28:05,27.3,39.5
06:28:15,27.3,39.3
06:28:25,27.4,39.2
06:28:35,27.3,39.2
06:28:45,27.3,39.5
06:28:55,27.4,39.5
06:29:05,27.3,39.4
06:29:15,27.4,39.3
06:29:25,27.4,39.2
06:29:35,27.4,39.2
06:29:45,27.4,39.4
06:29:55,27.4,39.4
06:30:05,27.4,39.3
06:30:15,27.4,39.2
06:30:25,27.4,39.3
06:30:35,27.4,39.4
06:30:45,27.4,39.1
06:30:55,27.4,39.2
06:31:05,27.4,39.3
06:31:15,27.4,39.1
06:31:25,27.4,39.1
06:31:35,27.3,39.1
06:31:45,27.4,39.2
06:31:55,27.3,39.2
06:32:05,27.3,39.4
06:32:15,27.3,39.2
06:32:25,27.4,39.2
06:32:35,27.3,39.3
06:32:45,27.3,39.3
06:32:55,27.3,39.3
06:33:05,27.3,39.2
06:33:15,27.3,39.2
06:33:25,27.3,39.2
06:33:35,27.3,39.2
06:33:45,27.3,39.2
06:33:55,27.3,39.4
06:34:05,27.3,39.2
06:34:15,27.3,39.3
06:34:25,27.3,39.3
06:34:35,27.3,39.4
06:34:45,27.3,39.3
06:34:55,27.3,39.4
06:35:05,27.3,39.4
06:35:15,27.3,39.4
06:35:25,27.3,39.3
06:35:35,27.3,39.3
06:35:45,27.3,39.3
06:35:55,27.3,39.3
06:36:05,27.3,39.4
06:36:15,27.3,39.4
06:36:25,27.3,39.3
06:36:35,27.3,39.2
06:36:45,27.3,39.2
06:36:55,27.3,39.2
06:37:05,27.3,39.3
06:37:15,27.3,39.4
06:37:25,27.3,39.3
06:37:35,27.3,39.4
06:37:45,27.3,39.4
06:37:55,27.3,39.3
06:38:05,27.3,39.4
06:38:15,27.3,39.4
06:38:25,27.3,39.4
06:38:35,27.3,39.5
06:38:45,27.3,39.5
06:38:55,27.3,39.6
06:39:05,27.3,39.4
06:39:15,27.3,39.4
06:39:25,27.3,39.4
06:39:35,27.3,39.4
06:39:45,27.3,39.4
06:39:55,27.3,39.5
06:40:05,27.3,39.3
06:40:15,27.3,39.4
06:40:25,27.3,39.4
06:40:35,27.3,39.4
06:40:45,27.3,39.4
06:40:55,27.3,39.5
06:41:05,27.3,39.5
06:41:15,27.3,39.4
06:41:25,27.3,39.4
06:41:35,27.3,39.3
06:41:45,27.3,39.5
06:41:55,27.3,39.5
06:42:05,27.3,39.3
06:42:15,27.3,39.5
06:42:25,27.3,39.4
06:42:35,27.3,39.4
06:42:45,27.3,39.4
06:42:55,27.3,39.5
06:43:05,27.3,39.5
06:43:15,27.3,39.5
06:43:25,27.3,39.4
06:43:35,27.3,39.4
06:43:45,27.3,39.3
06:43:55,27.3,39.3
06:44:05,27.3,39.5
06:44:15,27.3,39.3
06:44:25,27.3,39.4
06:44:35,27.4,39.5
06:44:45,27.3,39.2
06:44:55,27.4,39.2
06:45:05,27.3,39.2
06:45:15,27.4,39.3
06:45:25,27.3,39.2
06:45:35,27.4,39.2
06:45:45,27.4,39.4
06:45:55,27.4,39.1
06:46:06,27.4,39.3
06:46:15,27.4,39.3
06:46:25,27.4,39.1
06:46:35,27.4,39.1
06:46:45,27.4,39.2
06:46:55,27.4,39.1
06:47:05,27.4,39.1
06:47:15,27.4,39.2
06:47:25,27.4,39.1
06:47:35,27.4,39.0
06:47:45,27.4,39.2
06:47:55,27.4,39.2
06:48:05,27.4,39.1
06:48:15,27.4,39.2
06:48:25,27.4,39.1
06:48:35,27.4,39.2
06:48:45,27.4,39.1
06:48:55,27.4,39.1
06:49:05,27.5,39.1
06:49:15,27.4,39.1
06:49:25,27.4,39.0
06:49:35,27.4,39.2
06:49:45,27.5,39.1
06:49:55,27.5,39.0
06:50:05,27.5,39.0
06:50:15,27.5,39.0
06:50:25,27.5,38.9
06:50:35,27.5,39.0
06:50:45,27.4,38.9
06:50:55,27.4,38.9
06:51:05,27.5,38.9
06:51:15,27.4,39.0
06:51:25,27.5,39.1
06:51:35,27.5,39.0
06:51:45,27.4,39.0
06:51:55,27.5,39.0
06:52:05,27.5,39.0
06:52:15,27.5,39.0
06:52:25,27.5,39.0
06:52:35,27.4,39.0
06:52:45,27.5,39.0
06:52:55,27.5,39.0
06:53:05,27.5,39.1
06:53:15,27.4,39.1
06:53:25,27.4,39.2
06:53:35,27.5,39.1
06:53:45,27.5,39.1
06:53:55,27.5,39.2
06:54:05,27.5,39.1
06:54:15,27.5,39.1
06:54:25,27.5,39.1
06:54:35,27.5,39.1
06:54:45,27.5,39.1
06:54:55,27.5,39.1
06:55:05,27.5,39.1
06:55:15,27.5,39.3
06:55:25,27.5,39.2
06:55:35,27.5,39.2
06:55:45,27.4,39.2
06:55:55,27.4,39.2
06:56:05,27.4,39.2
06:56:15,27.4,39.2
06:56:25,27.4,39.5
06:56:35,27.4,39.3
06:56:45,27.4,39.2
06:56:55,27.4,39.3
06:57:05,27.4,39.4
06:57:15,27.4,39.3
06:57:25,27.4,39.3
06:57:35,27.4,39.3
06:57:45,27.4,39.4
06:57:55,27.4,39.3
06:58:05,27.4,39.4
06:58:15,27.4,39.3
06:58:25,27.4,39.3
06:58:35,27.4,39.3
06:58:45,27.4,39.6
06:58:55,27.4,39.5
06:59:05,27.4,39.4
06:59:15,27.4,39.4
06:59:25,27.4,39.4
06:59:35,27.4,39.4
06:59:45,27.4,39.4
06:59:55,27.4,39.4
07:00:05,27.4,39.4
07:00:15,27.4,39.4
07:00:25,27.4,39.4
07:00:35,27.4,39.4
07:00:45,27.4,39.5
07:00:55,27.4,39.4
07:01:05,27.4,39.5
07:01:15,27.4,39.5
07:01:25,27.4,39.5
07:01:35,27.4,39.5
07:01:45,27.4,39.7
07:01:55,27.4,39.5
07:02:05,27.4,39.5
07:02:15,27.4,39.5
07:02:25,27.4,39.5
07:02:35,27.4,39.5
07:02:45,27.4,39.7
07:02:55,27.4,39.6
07:03:05,27.4,39.6
07:03:15,27.4,39.6
07:03:25,27.4,39.7
07:03:35,27.4,39.7
07:03:45,27.4,39.8
07:03:55,27.4,39.8
07:04:05,27.4,40.0
07:04:15,27.4,39.9
07:04:25,27.4,39.7
07:04:35,27.4,39.6
07:04:45,27.4,39.7
07:04:55,27.4,39.8
07:05:05,27.4,39.9
07:05:15,27.4,39.7
07:05:25,27.4,39.7
07:05:35,27.4,39.7
07:05:45,27.4,39.8
07:05:55,27.4,39.7
07:06:05,27.4,39.7
07:06:15,27.4,39.7
07:06:25,27.4,39.6
07:06:35,27.4,39.7
07:06:45,27.4,39.7
07:06:55,27.4,39.8
07:07:05,27.4,39.7
07:07:15,27.4,39.9
07:07:25,27.4,39.7
07:07:35,27.4,39.7
07:07:45,27.4,39.6
07:07:55,27.4,39.7
07:08:05,27.4,39.8
07:08:15,27.4,39.8
07:08:25,27.4,39.8
07:08:35,27.4,39.7
07:08:45,27.4,39.7
07:08:55,27.4,39.8
07:09:05,27.4,39.8
07:09:15,27.4,39.8
07:09:25,27.4,39.8
07:09:35,27.4,39.8
07:09:45,27.4,39.7
07:09:55,27.4,39.7
07:10:05,27.4,39.7
07:10:15,27.4,39.5
07:10:25,27.4,39.4
07:10:35,27.4,39.4
07:10:45,27.4,39.4
07:10:55,27.4,39.4
07:11:05,27.4,39.5
07:11:15,27.4,39.4
07:11:25,27.5,39.4
07:11:35,27.5,39.4
07:11:45,27.5,39.3
07:11:55,27.5,39.3
07:12:05,27.5,39.3
07:12:15,27.5,39.3
07:12:25,27.5,39.3
07:12:35,27.5,39.3
07:12:45,27.5,39.3
07:12:55,27.5,39.3
07:13:05,27.5,39.2
07:13:15,27.5,39.3
07:13:25,27.5,39.2
07:13:35,27.5,39.2
07:13:45,27.5,39.2
07:13:55,27.5,39.2
07:14:05,27.5,39.2
07:14:15,27.5,39.3
07:14:25,27.5,39.3
07:14:35,27.5,39.3
07:14:45,27.5,39.3
07:14:55,27.5,39.3
07:15:05,27.5,39.2
07:15:15,27.5,39.3
07:15:25,27.5,39.3
07:15:35,27.5,39.3
07:15:45,27.5,39.3
07:15:55,27.5,39.3
07:16:05,27.5,39.3
07:16:15,27.5,39.3
07:16:25,27.5,39.5
07:16:35,27.5,39.3
07:16:45,27.5,39.5
07:16:55,27.5,39.5
07:17:05,27.5,39.4
07:17:15,27.5,39.4
07:17:25,27.5,39.4
07:17:35,27.5,39.4
07:17:45,27.5,39.4
07:17:55,27.5,39.5
07:18:05,27.5,39.5
07:18:15,27.5,39.4
07:18:25,27.5,39.5
07:18:35,27.5,39.4
07:18:45,27.5,39.4
07:18:55,27.5,39.4
07:19:05,27.5,39.4
07:19:15,27.5,39.5
07:19:25,27.5,39.5
07:19:35,27.5,39.5
07:19:45,27.5,39.5
07:19:55,27.5,39.5
07:20:05,27.5,39.5
07:20:15,27.5,39.5
07:20:25,27.5,39.4
07:20:35,27.5,39.4
07:20:45,27.5,39.4
07:20:55,27.5,39.4
07:21:05,27.5,39.4
07:21:15,27.5,39.4
07:21:25,27.5,39.4
07:21:35,27.5,39.4
07:21:45,27.5,39.4
07:21:55,27.5,39.5
07:22:05,27.5,39.5
07:22:15,27.5,39.4
07:22:25,27.5,39.4
07:22:35,27.5,39.4
07:22:45,27.5,39.4
07:22:55,27.5,39.4
07:23:05,27.5,39.4
07:23:15,27.5,39.4
07:23:25,27.5,39.4
07:23:35,27.5,39.4
07:23:45,27.6,39.5
07:23:55,27.5,39.5
07:24:05,27.6,39.5
07:24:15,27.5,39.5
07:24:25,27.6,39.5
07:24:35,27.5,39.5
07:24:45,27.5,39.5
07:24:55,27.6,39.5
07:25:05,27.6,39.5
07:25:15,27.6,39.5
07:25:25,27.6,39.5
07:25:35,27.6,39.5
07:25:45,27.6,39.5
07:25:55,27.6,39.5
07:26:05,27.6,39.5
07:26:15,27.6,39.5
07:26:25,27.6,39.5
07:26:35,27.6,39.5
07:26:45,27.6,39.5
07:26:55,27.6,39.5
07:27:05,27.6,39.5
07:27:15,27.6,39.5
07:27:25,27.6,39.5
07:27:35,27.6,39.5
07:27:45,27.6,39.5
07:27:55,27.6,39.5
07:28:05,27.6,39.5
07:28:15,27.6,39.5
07:28:25,27.6,39.5
07:28:35,27.6,39.5
07:28:45,27.6,39.4
07:28:55,27.6,39.4
07:29:05,27.6,39.4
07:29:15,27.6,39.6
07:29:25,27.6,39.6
07:29:35,27.6,39.5
07:29:45,27.6,39.5
07:29:55,27.6,39.5
07:30:05,27.6,39.5
07:30:15,27.6,39.5
07:30:25,27.6,39.4
07:30:35,27.6,39.5
07:30:45,27.6,39.5
07:30:55,27.6,39.5
07:31:05,27.6,39.5
07:31:15,27.6,39.6
07:31:25,27.6,39.5
07:31:35,27.6,39.6
07:31:45,27.6,39.6
07:31:55,27.6,39.6
07:32:05,27.5,39.6
07:32:15,27.5,39.6
07:32:25,27.5,39.7
07:32:35,27.6,39.6
07:32:45,27.6,39.6
07:32:55,27.6,39.6
07:33:05,27.6,39.6
07:33:15,27.6,39.6
07:33:25,27.6,39.6
07:33:35,27.6,39.7
07:33:45,27.6,39.7
07:33:55,27.6,39.7
07:34:05,27.6,39.7
07:34:15,27.6,39.6
07:34:25,27.6,39.7
07:34:35,27.6,39.7
07:34:45,27.6,39.6
07:34:55,27.6,39.6
07:35:05,27.6,39.8
07:35:15,27.6,39.8
07:35:25,27.6,39.8
07:35:35,27.6,39.8
07:35:45,27.6,39.7
07:35:55,27.6,39.7
07:36:05,27.6,39.7
07:36:15,27.6,39.8
07:36:25,27.6,39.8
07:36:35,27.6,39.7
07:36:45,27.6,39.8
07:36:55,27.6,39.8
07:37:05,27.6,39.7
07:37:15,27.6,39.7
07:37:25,27.6,39.8
07:37:35,27.6,39.7
07:37:45,27.6,39.7
07:37:55,27.6,39.7
07:38:05,27.6,39.8
07:38:15,27.6,39.7
07:38:25,27.5,39.7
07:38:35,27.6,39.7
07:38:45,27.6,39.9
07:38:55,27.6,39.8
07:39:05,27.6,39.8
07:39:15,27.6,39.7
07:39:25,27.6,39.8
07:39:35,27.6,39.8
07:39:45,27.6,39.9
07:39:55,27.6,39.8
07:40:05,27.6,39.8
07:40:15,27.6,39.8
07:40:25,27.6,39.8
07:40:35,27.6,40.0
07:40:45,27.6,39.8
07:40:55,27.6,39.8
07:41:05,27.6,39.8
07:41:15,27.6,39.8
07:41:25,27.6,39.9
07:41:35,27.6,39.9
07:41:45,27.6,39.9
07:41:55,27.6,40.0
07:42:05,27.6,39.9
07:42:15,27.6,39.9
07:42:25,27.5,40.0
07:42:35,27.6,40.0
07:42:45,27.5,40.0
07:42:55,27.6,39.9
07:43:05,27.6,39.9
07:43:15,27.6,40.0
07:43:25,27.6,39.9
07:43:35,27.6,40.0
07:43:45,27.6,40.0
07:43:55,27.6,40.0
07:44:05,27.6,40.0
07:44:15,27.6,40.0
07:44:25,27.6,40.1
07:44:35,27.6,40.1
07:44:45,27.6,40.0
07:44:55,27.6,40.0
07:45:05,27.6,40.1
07:45:15,27.6,40.0
07:45:25,27.6,40.1
07:45:35,27.6,40.2
07:45:45,27.6,40.2
07:45:55,27.6,40.1
07:46:05,27.6,40.1
07:46:15,27.6,40.1
07:46:25,27.6,40.1
07:46:35,27.6,40.0
07:46:45,27.6,40.0
07:46:55,27.6,40.2
07:47:05,27.6,40.2
07:47:15,27.6,40.3
07:47:25,27.6,40.3
07:47:35,27.6,40.3
07:47:45,27.6,40.2
07:47:55,27.6,40.2
07:48:05,27.6,40.2
07:48:15,27.6,40.2
07:48:25,27.6,40.2
07:48:35,27.6,40.3
07:48:45,27.6,40.3
07:48:55,27.6,40.4
07:49:05,27.6,40.3
07:49:15,27.6,40.2
07:49:25,27.6,40.3
07:49:35,27.6,40.2
07:49:45,27.6,40.3
07:49:55,27.6,40.5
07:50:05,27.6,40.7
07:50:15,27.6,40.4
07:50:25,27.6,40.4
07:50:35,27.6,40.4
07:50:45,27.6,40.3
07:50:55,27.6,40.4
07:51:05,27.6,40.4
07:51:15,27.6,40.4
07:51:25,27.6,40.5
07:51:35,27.6,40.4
07:51:45,27.6,40.4
07:51:55,27.6,40.5
07:52:05,27.6,40.4
07:52:15,27.6,40.5
07:52:25,27.6,40.5
07:52:35,27.6,40.6
07:52:45,27.6,40.5
07:52:55,27.6,40.5
07:53:05,27.6,40.5
07:53:15,27.6,40.5
07:53:25,27.6,40.5
07:53:35,27.6,40.5
07:53:45,27.6,40.6
07:53:55,27.6,40.6
07:54:05,27.6,40.6
07:54:15,27.6,40.5
07:54:25,27.6,40.5
07:54:35,27.6,40.6
07:54:45,27.6,40.6
07:54:55,27.6,40.5
07:55:05,27.6,40.6
07:55:15,27.6,40.6
07:55:25,27.6,40.6
07:55:35,27.6,40.7
07:55:45,27.6,40.7
07:55:55,27.6,40.7
07:56:05,27.6,40.7
07:56:15,27.6,40.6
07:56:25,27.6,40.7
07:56:35,27.6,40.7
07:56:45,27.6,40.7
07:56:55,27.6,40.6
07:57:05,27.6,40.6
07:57:15,27.6,40.8
07:57:25,27.6,40.7
07:57:35,27.6,40.7
07:57:45,27.6,40.7
07:57:55,27.6,40.7
07:58:05,27.6,40.7
07:58:15,27.6,40.7
07:58:25,27.6,40.7
07:58:35,27.6,40.8
07:58:45,27.6,40.8
07:58:55,27.6,40.7
07:59:05,27.6,40.9
07:59:15,27.6,40.8
07:59:25,27.6,40.8
07:59:35,27.6,40.8
07:59:45,27.6,40.9
07:59:55,27.6,40.8
08:00:05,27.6,40.8
08:00:15,27.6,40.9
08:00:25,27.6,40.9
08:00:35,27.6,40.8
08:00:45,27.6,40.8
08:00:55,27.6,40.9
08:01:05,27.6,40.9
08:01:15,27.6,40.9
08:01:25,27.6,41.0
08:01:35,27.6,40.9
08:01:45,27.6,40.9
08:01:55,27.6,40.9
08:02:05,27.6,40.9
08:02:15,27.6,40.9
08:02:25,27.6,40.9
08:02:35,27.6,40.9
08:02:45,27.6,41.0
08:02:55,27.6,41.0
08:03:05,27.6,41.0
08:03:15,27.6,41.0
08:03:25,27.6,41.0
08:03:35,27.6,41.1
08:03:45,27.6,41.0
08:03:55,27.6,41.0
08:04:05,27.6,41.1
08:04:15,27.6,41.1
08:04:25,27.6,41.1
08:04:35,27.6,41.2
08:04:45,27.6,41.1
08:04:55,27.6,41.1
08:05:05,27.6,41.2
08:05:15,27.6,41.1
08:05:25,27.6,41.1
08:05:35,27.6,41.0
08:05:45,27.6,41.0
08:05:55,27.6,41.1
08:06:05,27.6,41.1
08:06:15,27.6,41.0
08:06:25,27.6,41.0
08:06:35,27.6,41.1
08:06:45,27.6,41.1
08:06:55,27.6,41.1
08:07:05,27.6,41.1
08:07:15,27.6,41.1
08:07:25,27.6,41.1
08:07:35,27.6,41.1
08:07:45,27.6,41.1
08:07:55,27.6,41.1
08:08:05,27.6,41.1
08:08:15,27.6,41.2
08:08:25,27.6,41.2
08:08:35,27.6,41.2
08:08:45,27.6,41.2
08:08:55,27.6,41.2
08:09:05,27.7,41.2
08:09:15,27.6,41.2
08:09:25,27.6,41.3
08:09:35,27.6,41.2
08:09:46,27.7,41.3
08:09:58,27.7,41.3
08:10:06,27.6,41.2
08:10:18,27.6,41.3
08:10:28,27.6,41.3
08:10:35,27.6,41.3
08:10:46,27.6,41.3
08:10:55,27.6,41.5
08:11:08,27.6,41.3
08:11:16,27.6,41.3
08:11:26,27.6,41.3
08:11:38,27.6,41.3
08:11:48,27.6,41.3
08:11:58,27.7,41.3
08:12:08,27.6,41.3
08:12:16,27.6,41.4
08:12:25,27.6,41.3
08:12:37,27.6,41.3
08:12:48,27.6,41.4
08:12:56,27.6,41.3
08:13:06,27.6,41.3
08:13:18,27.6,41.4
08:13:28,27.6,41.5
08:13:37,27.6,41.4
08:13:48,27.6,41.4
08:13:55,27.6,41.4
08:14:06,27.6,41.4
08:14:15,27.6,41.4
08:14:28,27.6,41.4
08:14:38,27.6,41.5
08:14:45,27.6,41.4
08:14:55,27.6,41.3
08:15:06,27.6,41.4
08:15:15,27.6,41.4
08:15:28,27.6,41.4
08:15:35,27.6,41.3
08:15:46,27.6,41.4
08:15:55,27.6,41.4
08:16:05,27.6,41.4
08:16:16,27.6,41.5
08:16:28,27.6,41.5
08:16:37,27.6,41.4
08:16:47,27.6,41.4
08:16:55,27.6,41.4
08:17:06,27.6,41.4
08:17:15,27.6,41.4
08:17:25,27.6,41.4
08:17:35,27.6,41.5
08:17:45,27.6,41.4
08:17:57,27.6,41.4
08:18:05,27.6,41.5
08:18:15,27.6,41.6
08:18:28,27.6,41.5
08:18:38,27.6,41.5
08:18:45,27.6,41.5
08:18:55,27.6,41.5
08:19:05,27.6,41.5
08:19:15,27.6,41.4
08:19:28,27.6,41.6
08:19:36,27.6,41.6
08:19:45,27.6,41.5
08:19:58,27.6,41.5
08:20:08,27.6,41.5
08:20:15,27.6,41.5
08:20:25,27.6,41.5
08:20:35,27.7,41.6
08:20:47,27.7,41.6
08:20:58,27.7,41.5
08:21:07,27.6,41.5
08:21:15,27.7,41.4
08:21:28,27.6,41.5
08:21:36,27.6,41.5
08:21:48,27.7,41.4
08:21:55,27.7,41.4
08:22:05,27.7,41.4
08:22:16,27.6,41.5
08:22:26,27.7,41.5
08:22:36,27.7,41.5
08:22:45,27.7,41.6
08:22:55,27.6,41.5
08:23:05,27.7,41.5
08:23:15,27.6,41.5
08:23:25,27.6,41.5
08:23:35,27.6,41.6
08:23:45,27.6,41.6
08:23:55,27.7,41.6
08:24:05,27.6,41.6
08:24:15,27.7,41.6
08:24:25,27.6,41.6
08:24:35,27.7,41.6
08:24:45,27.6,41.6
08:24:55,27.7,41.6
08:25:05,27.7,41.6
08:25:15,27.7,41.6
08:25:27,27.7,41.6
08:25:37,27.7,41.7
08:25:45,27.7,41.7
08:25:56,27.7,41.7
08:26:05,27.7,41.7
08:26:18,27.6,41.6
08:26:27,27.7,41.6
08:26:37,27.7,41.6
08:26:45,27.6,41.7
08:26:56,27.7,41.6
08:27:06,27.6,41.6
08:27:18,27.7,41.7
08:27:25,27.6,41.7
08:27:38,27.6,41.7
08:27:46,27.6,41.7
08:27:58,27.6,41.7
08:28:08,27.6,41.7
08:28:16,27.6,41.7
08:28:28,27.6,41.7
08:28:38,27.6,41.7
08:28:45,27.6,41.7
08:28:58,27.6,41.7
08:29:05,27.6,41.7
08:29:18,27.6,41.7
08:29:25,27.6,41.7
08:29:38,27.7,41.7
08:29:46,27.6,41.7
08:29:55,27.7,41.7
08:30:05,27.6,41.7
08:30:15,27.6,41.7
08:30:26,27.7,41.7
08:30:36,27.6,41.6
08:30:45,27.7,41.8
08:30:57,27.7,41.7
08:31:05,27.7,41.7
08:31:16,27.7,41.7
08:31:28,27.7,41.7
08:31:38,27.6,41.8
08:31:48,27.7,41.8
08:31:58,27.7,41.7
08:32:07,27.7,41.7
08:32:18,27.7,41.7
08:32:26,27.7,41.7
08:32:35,27.7,41.8
08:32:45,27.7,41.7
08:32:55,27.7,41.7
08:33:06,27.7,41.9
08:33:15,27.7,41.8
08:33:26,27.7,41.7
08:33:35,27.7,41.7
08:33:48,27.7,41.7
08:33:55,27.7,41.7
08:34:05,27.7,41.7
08:34:18,27.7,41.7
08:34:25,27.7,41.7
08:34:38,27.7,41.7
08:34:45,27.7,41.7
08:34:56,27.7,41.7
08:35:08,27.7,41.7
08:35:18,27.7,41.9
08:35:25,27.7,41.8
08:35:35,27.7,41.7
08:35:48,27.7,41.7
08:35:58,27.7,41.7
08:36:08,27.7,41.7
08:36:17,27.7,41.7
08:36:28,27.7,41.7
08:36:35,27.7,41.7
08:36:45,27.7,41.7
08:36:58,27.7,41.7
08:37:05,27.7,41.7
08:37:18,27.7,41.8
08:37:28,27.7,41.7
08:37:38,27.7,41.7
08:37:46,27.7,41.7
08:37:55,27.7,41.7
08:38:08,27.7,41.7
08:38:15,27.7,41.8
08:38:26,27.7,41.8
08:38:36,27.7,41.8
08:38:48,27.7,41.8
08:38:58,27.7,41.8
08:39:05,27.7,41.7
08:39:18,27.7,41.8
08:39:28,27.7,41.8
08:39:38,27.7,41.9
08:39:47,27.7,42.0
08:39:55,27.7,42.0
08:40:06,27.7,42.0
08:40:18,27.7,42.0
08:40:28,27.7,42.0
08:40:36,27.7,41.9
08:40:46,27.7,41.9
08:40:58,27.7,42.1
08:41:08,27.7,42.0
08:41:18,27.7,41.9
08:41:25,27.7,41.9
08:41:36,27.7,41.9
08:41:45,27.7,41.9
08:41:58,27.7,42.0
08:42:06,27.7,42.0
08:42:16,27.7,42.0
08:42:26,27.7,42.0
08:42:36,27.7,42.0
08:42:48,27.6,42.0
08:42:55,27.7,42.1
08:43:05,27.6,42.1
08:43:15,27.6,42.1
08:43:25,27.6,42.1
08:43:35,27.6,42.1
08:43:45,27.6,42.1
08:43:55,27.6,42.1
08:44:05,27.6,42.1
08:44:15,27.6,42.1
08:44:25,27.6,42.2
08:44:35,27.7,42.1
08:44:45,27.7,42.1
08:44:55,27.7,42.2
08:45:05,27.7,42.2
08:45:15,27.6,42.2
08:45:25,27.6,42.2
08:45:35,27.6,42.1
08:45:45,27.6,42.2
08:45:55,27.6,42.2
08:46:05,27.6,42.3
08:46:15,27.6,42.2
08:46:25,27.6,42.2
08:46:35,27.6,42.3
08:46:45,27.6,42.3
08:46:55,27.6,42.3
08:47:05,27.6,42.3
08:47:15,27.6,42.3
08:47:25,27.6,42.3
08:47:35,27.6,42.3
08:47:45,27.6,42.3
08:47:55,27.6,42.3
08:48:05,27.6,42.3
08:48:15,27.6,42.4
08:48:25,27.6,42.4
08:48:35,27.6,42.3
08:48:45,27.6,42.3
08:48:55,27.6,42.4
08:49:05,27.6,42.4
08:49:15,27.6,42.4
08:49:25,27.6,42.4
08:49:35,27.6,42.4
08:49:45,27.6,42.4
08:49:55,27.6,42.5
08:50:05,27.6,42.4
08:50:15,27.6,42.4
08:50:25,27.6,42.4
08:50:35,27.6,42.5
08:50:45,27.6,42.4
08:50:55,27.6,42.4
08:51:05,27.6,42.4
08:51:15,27.6,42.4
08:51:25,27.6,42.5
08:51:35,27.6,42.4
08:51:45,27.6,42.5
08:51:55,27.6,42.4
08:52:05,27.6,42.5
08:52:15,27.6,42.4
08:52:25,27.6,42.4
08:52:35,27.6,42.4
08:52:45,27.6,42.4
08:52:55,27.6,42.3
08:53:05,27.6,42.3
08:53:15,27.6,42.3
08:53:25,27.6,42.3
08:53:35,27.6,42.3
08:53:45,27.6,42.3
08:53:55,27.6,42.4
08:54:05,27.6,42.3
08:54:15,27.6,42.4
08:54:25,27.6,42.4
08:54:35,27.6,42.3
08:54:45,27.7,42.3
08:54:55,27.6,42.3
08:55:05,27.6,42.4
08:55:15,27.6,42.3
08:55:25,27.7,42.3
08:55:35,27.7,42.3
08:55:45,27.6,42.3
08:55:55,27.6,42.3
08:56:05,27.6,42.3
08:56:15,27.7,42.3
08:56:25,27.7,42.3
08:56:35,27.7,42.3
08:56:45,27.7,42.3
08:56:55,27.7,42.3
08:57:05,27.7,42.3
08:57:15,27.7,42.3
08:57:25,27.7,42.3
08:57:35,27.7,42.4
08:57:45,27.7,42.3
08:57:55,27.7,42.3
08:58:05,27.7,42.3
08:58:15,27.7,42.3
08:58:25,27.7,42.3
08:58:35,27.7,42.3
08:58:45,27.7,42.5
08:58:55,27.7,42.3
08:59:05,27.6,42.3
08:59:15,27.7,42.3
08:59:25,27.7,42.3
08:59:35,27.6,42.3
08:59:45,27.6,42.4
08:59:55,27.7,42.4
09:00:05,27.7,42.4
09:00:15,27.7,42.3
09:00:25,27.6,42.4
09:00:35,27.6,42.4
09:00:45,27.7,42.4
09:00:55,27.7,42.4
09:01:05,27.6,42.3
09:01:15,27.6,42.4
09:01:25,27.6,42.4
09:01:35,27.6,42.4
09:01:45,27.7,42.4
09:01:55,27.6,42.4
09:02:05,27.6,42.4
09:02:15,27.6,42.4
09:02:25,27.6,42.4
09:02:35,27.6,42.4
09:02:45,27.6,42.4
09:02:55,27.6,42.4
09:03:05,27.6,42.4
09:03:15,27.6,42.4
09:03:25,27.6,42.4
09:03:35,27.6,42.4
09:03:45,27.6,42.5
09:03:55,27.6,42.4
09:04:05,27.6,42.5
09:04:15,27.6,42.5
09:04:25,27.6,42.5
09:04:35,27.6,42.5
09:04:45,27.6,42.5
09:04:55,27.6,42.5
09:05:05,27.6,42.5
09:05:15,27.6,42.5
09:05:25,27.6,42.5
09:05:35,27.6,42.6
09:05:45,27.6,42.6
09:05:55,27.6,42.6
09:06:05,27.6,42.6
09:06:15,27.6,42.6
09:06:25,27.6,42.6
09:06:35,27.6,42.6
09:06:45,27.6,42.7
09:06:55,27.6,42.6
09:07:05,27.6,42.6
09:07:15,27.6,42.6
09:07:25,27.6,42.8
09:07:35,27.6,42.7
09:07:45,27.6,42.6
09:07:55,27.6,42.6
09:08:05,27.6,42.6
09:08:15,27.6,42.6
09:08:25,27.6,42.7
09:08:35,27.6,42.7
09:08:45,27.6,42.7
09:08:56,27.6,42.8
09:09:05,27.6,42.7
09:09:15,27.6,42.7
09:09:25,27.6,42.7
09:09:35,27.6,42.6
09:09:45,27.6,42.6
09:09:55,27.6,42.7
09:10:05,27.6,42.7
09:10:15,27.6,42.7
09:10:25,27.6,42.7
09:10:35,27.6,42.7
09:10:45,27.6,42.7
09:10:55,27.6,42.7
09:11:05,27.6,42.7
09:11:15,27.6,42.7
09:11:25,27.6,42.7
09:11:35,27.6,42.8
09:11:45,27.6,42.7
09:11:55,27.6,42.8
09:12:05,27.6,42.8
09:12:15,27.6,42.9
09:12:25,27.6,42.8
09:12:35,27.6,42.8
09:12:45,27.6,42.8
09:12:55,27.6,42.8
09:13:05,27.6,42.9
09:13:15,27.6,42.9
09:13:25,27.6,42.8
09:13:35,27.6,42.9
09:13:45,27.6,42.8
09:13:55,27.6,42.8
09:14:05,27.6,42.8
09:14:15,27.6,42.8
09:14:25,27.6,42.8
09:14:35,27.6,42.9
09:14:45,27.6,42.9
09:14:55,27.6,42.9
09:15:05,27.6,42.9
09:15:15,27.6,42.8
09:15:25,27.6,42.8
09:15:35,27.6,42.8
09:15:45,27.6,42.9
09:15:55,27.6,42.9
09:16:05,27.6,42.9
09:16:15,27.6,42.8
09:16:25,27.6,42.9
09:16:35,27.6,42.9
09:16:45,27.6,42.9
09:16:55,27.6,42.8
09:17:05,27.6,42.9
09:17:15,27.6,42.9
09:17:25,27.6,43.0
09:17:35,27.7,42.9
09:17:45,27.7,42.8
09:17:55,27.6,42.9
09:18:05,27.7,42.9
09:18:15,27.6,42.9
09:18:25,27.6,42.9
09:18:35,27.6,42.9
09:18:45,27.6,42.9
09:18:55,27.7,42.9
09:19:05,27.7,42.9
09:19:15,27.6,42.9
09:19:25,27.6,42.9
09:19:35,27.7,42.9
09:19:45,27.6,42.9
09:19:55,27.7,42.9
09:20:05,27.7,42.9
09:20:15,27.6,42.9
09:20:25,27.7,43.0
09:20:35,27.7,43.0
09:20:45,27.7,42.9
09:20:55,27.7,42.9
09:21:05,27.7,42.9
09:21:15,27.7,43.0
09:21:25,27.7,43.0
09:21:35,27.7,43.0
09:21:45,27.7,43.0
09:21:55,27.7,42.9
09:22:05,27.7,42.9
09:22:15,27.7,42.9
09:22:25,27.7,43.0
09:22:35,27.7,43.1
09:22:45,27.7,43.0
09:22:55,27.7,43.0
09:23:05,27.7,43.1
09:23:15,27.6,43.0
09:23:25,27.7,43.0
09:23:35,27.7,43.0
09:23:45,27.7,43.0
09:23:55,27.7,43.0
09:24:05,27.7,42.9
09:24:15,27.7,43.0
09:24:25,27.7,43.0
09:24:35,27.7,43.0
09:24:45,27.7,42.9
09:24:55,27.7,42.9
09:25:05,27.6,43.0
09:25:15,27.7,43.0
09:25:25,27.7,43.0
09:25:35,27.7,43.0
09:25:45,27.7,43.1
09:25:55,27.7,43.3
09:26:05,27.6,43.2
09:26:15,27.7,43.1
09:26:25,27.7,43.1
09:26:35,27.7,43.0
09:26:45,27.7,43.1
09:26:55,27.7,43.1
09:27:05,27.7,43.1
09:27:15,27.7,43.2
09:27:25,27.6,43.2
09:27:35,27.7,43.0
09:27:45,27.7,43.0
09:27:55,27.6,43.1
09:28:05,27.7,43.1
09:28:15,27.6,43.0
09:28:25,27.7,43.0
09:28:35,27.7,43.0
09:28:45,27.6,43.0
09:28:55,27.7,43.0
09:29:05,27.6,43.0
09:29:15,27.7,43.0
09:29:25,27.7,43.0
09:29:35,27.7,43.1
09:29:45,27.7,43.0
09:29:55,27.7,43.0
09:30:05,27.7,43.0
09:30:15,27.7,43.0
09:30:25,27.7,43.0
09:30:35,27.7,43.0
09:30:45,27.6,43.0
09:30:55,27.7,43.0
09:31:05,27.7,43.1
09:31:15,27.7,43.2
09:31:25,27.7,43.1
09:31:35,27.7,43.1
09:31:45,27.7,43.1
09:31:55,27.7,43.0
09:32:05,27.7,43.0
09:32:15,27.7,43.0
09:32:25,27.7,43.1
09:32:35,27.7,43.1
09:32:45,27.7,43.0
09:32:55,27.7,43.0
09:33:05,27.7,43.0
09:33:15,27.7,43.0
09:33:25,27.7,43.1
09:33:35,27.7,43.0
09:33:45,27.7,43.0
09:33:55,27.7,43.0
09:34:05,27.7,43.1
09:34:15,27.7,43.1
09:34:25,27.7,43.0
09:34:35,27.7,43.0
09:34:45,27.7,43.1
09:34:55,27.7,43.2
09:35:05,27.7,43.1
09:35:15,27.6,43.1
09:35:25,27.7,43.2
09:35:35,27.7,43.1
09:35:45,27.7,43.1
09:35:55,27.7,43.2
09:36:05,27.7,43.1
09:36:15,27.7,43.1
09:36:25,27.7,43.0
09:36:35,27.7,43.0
09:36:45,27.7,43.0
09:36:55,27.7,43.0
09:37:05,27.7,43.0
09:37:15,27.7,43.1
09:37:25,27.7,43.2
09:37:35,27.7,43.2
09:37:45,27.7,43.1
09:37:55,27.7,43.1
09:38:05,27.6,43.0
09:38:15,27.7,43.0
09:38:25,27.7,43.2
09:38:35,27.6,43.1
09:38:45,27.7,43.0
09:38:55,27.7,43.1
09:39:05,27.6,43.0
09:39:15,27.7,43.1
09:39:25,27.7,43.1
09:39:35,27.6,43.1
09:39:45,27.7,43.1
09:39:55,27.6,43.1
09:40:05,27.7,43.1
09:40:15,27.7,43.1
09:40:25,27.7,43.1
09:40:35,27.7,43.2
09:40:45,27.7,43.1
09:40:55,27.6,43.1
09:41:05,27.6,43.1
09:41:15,27.7,43.1
09:41:25,27.7,43.2
09:41:35,27.7,43.1
09:41:45,27.7,43.2
09:41:55,27.7,43.2
09:42:05,27.7,43.2
09:42:15,27.7,43.2
09:42:25,27.7,43.1
09:42:35,27.7,43.2
09:42:45,27.7,43.1
09:42:55,27.7,43.1
09:43:05,27.7,43.2
09:43:15,27.7,43.2
09:43:25,27.7,43.2
09:43:35,27.7,43.3
09:43:45,27.7,43.2
09:43:55,27.7,43.2
09:44:05,27.7,43.2
09:44:15,27.7,43.2
09:44:25,27.7,43.2
09:44:35,27.7,43.2
09:44:45,27.7,43.2
09:44:55,27.7,43.2
09:45:05,27.7,43.2
09:45:15,27.7,43.2
09:45:25,27.7,43.2
09:45:35,27.7,43.2
09:45:45,27.7,43.2
09:45:55,27.7,43.2
09:46:05,27.7,43.2
09:46:15,27.7,43.2
09:46:25,27.7,43.2
09:46:35,27.7,43.4
09:46:45,27.7,43.3
09:46:55,27.7,43.3
09:47:05,27.7,43.3
09:47:15,27.7,43.3
09:47:25,27.7,43.3
09:47:35,27.7,43.3
09:47:45,27.7,43.4
09:47:55,27.7,43.3
09:48:05,27.7,43.3
09:48:15,27.7,43.3
09:48:25,27.7,43.3
09:48:35,27.7,43.3
09:48:45,27.7,43.3
09:48:55,27.7,43.3
09:49:05,27.7,43.3
09:49:15,27.7,43.3
09:49:25,27.7,43.3
09:49:35,27.7,43.3
09:49:45,27.7,43.2
09:49:55,27.7,43.3
09:50:05,27.7,43.3
09:50:15,27.7,43.5
09:50:25,27.7,43.3
09:50:35,27.7,43.3
09:50:45,27.7,43.4
09:50:55,27.7,43.3
09:51:05,27.7,43.3
09:51:15,27.7,43.3
09:51:25,27.7,43.3
09:51:35,27.7,43.3
09:51:45,27.7,43.2
09:51:55,27.7,43.3
09:52:05,27.7,43.3
09:52:15,27.7,43.2
09:52:25,27.7,43.3
09:52:35,27.7,43.3
09:52:45,27.7,43.3
09:52:55,27.7,43.4
09:53:05,27.7,43.4
09:53:15,27.7,43.4
09:53:25,27.7,43.3
09:53:35,27.7,43.4
09:53:45,27.7,43.4
09:53:55,27.7,43.4
09:54:05,27.7,43.4
09:54:15,27.7,43.4
09:54:25,27.7,43.4
09:54:35,27.7,43.4
09:54:45,27.7,43.4
09:54:55,27.7,43.4
09:55:05,27.7,43.5
09:55:15,27.7,43.4
09:55:25,27.7,43.4
09:55:35,27.7,43.5
09:55:45,27.7,43.4
09:55:55,27.7,43.5
09:56:05,27.7,43.4
09:56:15,27.7,43.4
09:56:25,27.7,43.4
09:56:35,27.7,43.5
09:56:45,27.7,43.5
09:56:55,27.7,43.4
09:57:05,27.7,43.4
09:57:15,27.7,43.5
09:57:25,27.7,43.5
09:57:35,27.7,43.5
09:57:45,27.7,43.5
09:57:55,27.7,43.3
09:58:05,27.7,43.4
09:58:15,27.7,43.4
09:58:25,27.7,43.4
09:58:35,27.7,43.4
09:58:45,27.7,43.5
09:58:55,27.7,43.4
09:59:05,27.7,43.4
09:59:15,27.7,43.4
09:59:25,27.7,43.4
09:59:35,27.7,43.4
09:59:45,27.7,43.4
09:59:55,27.7,43.4
10:00:05,27.7,43.4
10:00:15,27.7,43.4
10:00:25,27.7,43.4
10:00:35,27.7,43.3
10:00:45,27.7,43.4
10:00:55,27.7,43.5
10:01:05,27.7,43.5
10:01:15,27.7,43.3
10:01:25,27.7,43.3
10:01:35,27.7,43.3
10:01:45,27.7,43.3
10:01:55,27.7,43.3
10:02:05,27.7,43.3
10:02:15,27.7,43.3
10:02:25,27.7,43.3
10:02:35,27.7,43.3
10:02:45,27.7,43.3
10:02:55,27.7,43.3
10:03:05,27.7,43.3
10:03:15,27.7,43.3
10:03:25,27.7,43.3
10:03:35,27.7,43.3
10:03:45,27.7,43.3
10:03:55,27.7,43.3
10:04:05,27.7,43.3
10:04:15,27.7,43.3
10:04:25,27.7,43.3
10:04:35,27.7,43.2
10:04:45,27.7,43.2
10:04:55,27.7,43.3
10:05:05,27.7,43.2
10:05:15,27.7,43.3
10:05:25,27.7,43.2
10:05:35,27.7,43.2
10:05:45,27.8,43.2
10:05:55,27.7,43.2
10:06:05,27.7,43.3
10:06:15,27.7,43.2
10:06:25,27.7,43.2
10:06:37,27.7,43.2
10:06:46,27.7,43.2
10:06:55,27.7,43.2
10:07:06,27.7,43.2
10:07:18,27.7,43.2
10:07:25,27.8,43.2
10:07:35,27.7,43.2
10:07:48,27.7,43.2
10:07:55,27.7,43.2
10:08:05,27.8,43.2
10:08:15,27.8,43.2
10:08:25,27.8,43.2
10:08:36,27.8,43.2
10:08:46,27.8,43.2
10:08:58,27.8,43.2
10:09:05,27.8,43.3
10:09:18,27.8,43.2
10:09:26,27.8,43.2
10:09:37,27.8,43.2
10:09:48,27.8,43.2
10:09:56,27.8,43.2
10:10:06,27.8,43.2
10:10:18,27.8,43.2
10:10:25,27.8,43.2
10:10:36,27.8,43.2
10:10:45,27.8,43.3
10:10:55,27.8,43.2
10:11:05,27.8,43.2
10:11:15,27.8,43.2
10:11:26,27.8,43.2
10:11:36,27.8,43.2
10:11:48,27.8,43.2
10:11:56,27.8,43.3
10:12:05,27.8,43.3
10:12:16,27.8,43.3
10:12:28,27.8,43.4
10:12:38,27.8,43.3
10:12:45,27.8,43.3
10:12:57,27.8,43.3
10:13:07,27.8,43.3
10:13:15,27.8,43.3
10:13:28,27.8,43.3
10:13:36,27.8,43.3
10:13:46,27.8,43.3
10:13:56,27.8,43.3
10:14:06,27.8,43.3
10:14:16,27.8,43.4
10:14:25,27.8,43.4
10:14:35,27.8,43.3
10:14:45,27.8,43.3
10:14:57,27.8,43.3
10:15:06,27.8,43.3
10:15:16,27.8,43.3
10:15:28,27.8,43.3
10:15:38,27.8,43.3
10:15:45,27.8,43.3
10:15:58,27.8,43.4
10:16:07,27.8,43.4
10:16:17,27.8,43.4
10:16:26,27.8,43.4
10:16:36,27.8,43.4
10:16:45,27.8,43.3
10:16:58,27.8,43.4
10:17:05,27.8,43.5
10:17:18,27.8,43.4
10:17:25,27.8,43.3
10:17:36,27.8,43.3
10:17:45,27.8,43.3
10:17:58,27.8,43.4
10:18:06,27.8,43.4
10:18:16,27.8,43.3
10:18:26,27.8,43.3
10:18:38,27.8,43.3
10:18:48,27.8,43.4
10:18:55,27.8,43.4
10:19:05,27.8,43.4
10:19:15,27.8,43.3
10:19:25,27.8,43.5
10:19:37,27.9,43.5
10:19:45,27.8,43.5
10:19:55,27.8,43.5
10:20:08,27.9,43.4
10:20:16,27.8,43.3
10:20:28,27.8,43.8
10:20:35,27.8,43.8
10:20:48,27.9,43.8
10:20:56,27.9,43.7
10:21:05,27.9,43.6
10:21:16,27.9,43.4
10:21:28,27.9,43.5
10:21:35,27.9,43.5
10:21:45,27.9,43.7
10:21:56,27.9,43.6
10:22:08,27.9,43.4
10:22:15,27.9,43.5
10:22:28,27.9,43.5
10:22:35,27.9,43.5
10:22:46,27.9,43.5
10:22:58,28.0,43.4
10:23:08,28.0,43.4
10:23:18,28.0,43.5
10:23:28,28.0,43.9
10:23:38,28.0,43.9
10:23:45,28.0,43.8
10:23:58,28.0,43.9
10:24:05,28.0,44.3
10:24:17,28.0,44.5
10:24:28,28.0,44.4
10:24:35,28.0,44.4
10:24:48,28.0,44.3
10:24:58,28.0,44.3
10:25:06,28.0,44.4
10:25:15,28.0,44.5
10:25:25,28.0,44.5
10:25:38,28.0,44.5
10:25:48,28.0,44.5
10:25:58,28.0,44.4
10:26:08,28.0,44.3
10:26:18,28.0,44.1
10:26:28,28.0,44.3
10:26:36,28.1,44.4
10:26:48,28.0,44.3
10:26:58,28.0,44.2
10:27:05,28.0,44.3
10:27:16,28.0,44.3
10:27:25,28.1,44.3
10:27:36,28.0,44.4
10:27:46,28.0,44.0
10:27:58,28.1,43.9
10:28:08,28.1,44.0
10:28:16,28.0,44.0
10:28:25,28.0,44.0
10:28:38,28.0,43.9
10:28:45,28.0,43.9
10:28:55,28.0,43.8
10:29:08,28.0,43.8
10:29:15,28.0,43.7
10:29:27,28.0,43.7
10:29:35,28.0,43.7
10:29:45,28.0,43.6
10:29:55,28.0,43.7
10:30:05,28.0,43.6
10:30:16,28.0,43.6
10:30:26,28.0,43.7
10:30:36,28.0,43.6
10:30:45,28.0,43.6
10:30:55,28.0,43.7
10:31:05,28.0,43.7
10:31:15,28.0,43.6
10:31:25,27.9,43.7
10:31:37,27.9,43.7
10:31:48,28.0,43.7
10:31:56,28.0,43.7
10:32:05,27.9,43.7
10:32:16,27.9,43.6
10:32:25,27.9,43.7
10:32:38,27.9,43.7
10:32:48,27.9,43.8
10:32:55,27.9,43.7
10:33:06,27.9,43.7
10:33:16,27.9,43.7
10:33:26,27.9,43.7
10:33:36,27.9,43.7
10:33:45,27.9,43.7
10:33:55,27.9,43.7
10:34:05,27.9,43.8
10:34:15,27.9,43.7
10:34:25,27.9,43.7
10:34:35,27.9,43.7
10:34:45,27.9,43.7
10:34:55,27.9,43.7
10:35:05,27.9,43.7
10:35:15,27.9,43.7
10:35:25,27.9,43.6
10:35:35,27.9,43.7
10:35:45,27.9,43.7
10:35:55,27.9,43.8
10:36:05,27.9,43.7
10:36:15,27.9,43.7
10:36:25,27.9,43.8
10:36:35,27.9,43.7
10:36:45,27.9,43.7
10:36:55,27.9,43.7
10:37:05,27.9,43.7
10:37:15,27.9,43.6
10:37:25,27.9,43.7
10:37:35,27.9,43.7
10:37:45,27.9,43.7
10:37:55,27.9,43.7
10:38:05,27.9,43.7
10:38:15,27.9,43.6
10:38:25,27.9,43.7
10:38:35,27.9,43.7
10:38:45,27.9,43.7
10:38:55,27.9,43.7
10:39:05,27.9,43.7
10:39:15,27.9,43.7
10:39:25,27.9,43.7
10:39:35,27.9,43.7
10:39:45,27.9,43.7
10:39:55,27.9,43.7
10:40:05,27.9,43.7
10:40:15,27.9,43.7
10:40:25,27.9,43.7
10:40:35,27.9,43.7
10:40:45,27.9,43.7
10:40:55,27.9,43.7
10:41:05,27.9,43.7
10:41:15,27.9,43.7
10:41:25,27.9,43.8
10:41:35,27.9,43.7
10:41:45,27.9,43.7
10:41:55,27.9,43.7
10:42:05,27.9,43.7
10:42:15,27.9,43.7
10:42:25,27.9,43.7
10:42:35,27.9,43.6
10:42:45,27.9,43.7
10:42:55,27.9,43.7
10:43:05,27.9,43.7
10:43:15,27.9,43.7
10:43:25,27.9,43.7
10:43:35,27.9,43.7
10:43:45,27.9,43.7
10:43:55,27.9,43.7
10:44:05,27.9,43.7
10:44:15,27.9,43.7
10:44:25,27.9,43.7
10:44:35,27.9,43.7
10:44:45,27.9,43.7
10:44:55,27.9,43.7
10:45:05,27.9,43.7
10:45:15,27.9,43.6
10:45:25,27.9,43.7
10:45:35,27.9,43.6
10:45:45,27.9,43.7
10:45:55,27.9,43.7
10:46:05,27.9,43.6
10:46:15,27.9,43.7
10:46:25,27.9,43.6
10:46:35,27.9,43.6
10:46:45,27.9,43.6
10:46:55,27.9,43.6
10:47:05,27.9,43.7
10:47:15,27.9,43.7
10:47:25,27.9,43.6
10:47:35,27.9,43.6
10:47:45,27.9,43.6
10:47:55,27.9,43.6
10:48:05,27.9,43.6
10:48:15,27.9,43.7
10:48:25,27.9,43.7
10:48:35,27.9,43.6
10:48:45,27.9,43.7
10:48:55,27.9,43.7
10:49:05,27.9,43.7
10:49:15,27.9,43.6
10:49:25,27.9,43.6
10:49:35,27.9,43.6
10:49:45,27.9,43.6
10:49:55,27.9,43.6
10:50:05,27.9,43.6
10:50:15,27.9,43.6
10:50:25,27.9,43.6
10:50:35,27.9,43.6
10:50:45,27.9,43.6
10:50:55,27.9,43.6
10:51:05,27.9,43.6
10:51:15,27.9,43.6
10:51:25,27.9,43.6
10:51:35,27.9,43.6
10:51:45,27.9,43.6
10:51:55,27.9,43.6
10:52:05,27.9,43.6
10:52:15,27.9,43.5
10:52:25,27.9,43.6
10:52:35,27.9,43.6
10:52:45,27.9,43.5
10:52:55,27.9,43.6
10:53:05,27.9,43.6
10:53:15,28.0,43.5
10:53:25,27.9,43.5
10:53:35,27.9,43.5
10:53:45,27.9,43.5
10:53:55,28.0,43.6
10:54:05,27.9,43.5
10:54:15,27.9,43.5
10:54:25,27.9,43.5
10:54:35,27.9,43.5
10:54:45,27.9,43.5
10:54:55,27.9,43.5
10:55:05,27.9,43.5
10:55:15,27.9,43.5
10:55:25,27.9,43.5
10:55:35,27.9,43.5
10:55:45,27.9,43.5
10:55:55,27.9,43.5
10:56:05,27.9,43.5
10:56:15,27.9,43.5
10:56:25,27.9,43.6
10:56:35,27.9,43.5
10:56:45,27.9,43.5
10:56:55,27.9,43.5
10:57:05,27.9,43.4
10:57:15,27.9,43.4
10:57:25,27.9,43.4
10:57:35,27.9,43.4
10:57:45,27.9,43.5
10:57:55,27.9,43.4
10:58:05,27.9,43.4
10:58:15,27.9,43.4
10:58:25,27.9,43.4
10:58:35,27.9,43.4
10:58:45,27.9,43.4
10:58:55,27.9,43.4
10:59:05,27.9,43.4
10:59:15,28.0,43.4
10:59:25,27.9,43.4
10:59:35,28.0,43.4
10:59:45,28.0,43.3
10:59:55,27.9,43.3
11:00:05,27.9,43.3
11:00:15,28.0,43.3
11:00:25,28.0,43.3
11:00:35,28.0,43.3
11:00:45,28.0,43.3
11:00:55,28.0,43.3
11:01:05,27.9,43.3
11:01:15,28.0,43.3
11:01:25,28.0,43.3
11:01:35,28.0,43.3
11:01:45,28.0,43.3
11:01:55,28.0,43.3
11:02:05,27.9,43.3
11:02:15,28.0,43.3
11:02:25,28.0,43.3
11:02:35,28.0,43.3
11:02:45,28.0,43.3
11:02:55,28.0,43.3
13:05:50,28.2,41.7
13:06:00,28.2,41.5
13:06:10,28.2,41.3
13:06:21,28.1,41.1
13:06:30,28.1,41.2
13:06:40,28.0,41.0
13:06:50,28.0,41.0
13:07:00,28.0,40.9
13:07:10,27.9,40.7
13:07:20,27.9,40.6
13:07:30,27.8,40.6
13:07:40,27.8,40.4
13:07:50,27.8,40.3
13:08:00,27.7,40.3
13:08:10,27.7,40.2
13:08:20,27.6,40.2
13:08:30,27.6,40.2
13:08:40,27.6,40.3
13:08:50,27.6,40.2
13:09:00,27.5,40.2
13:09:10,27.5,40.3
13:09:20,27.5,40.3
13:09:30,27.4,40.4
13:09:40,27.4,40.5
13:09:50,27.3,40.5
13:10:00,27.3,40.5
13:10:10,27.3,40.6
13:10:20,27.3,40.6
13:10:30,27.3,40.7
13:10:40,27.3,40.7
13:10:50,27.2,40.8
13:11:00,27.2,40.8
13:11:10,27.2,40.8
13:11:20,27.2,40.8
13:11:30,27.1,40.8
13:11:40,27.1,40.9
13:11:50,27.1,40.8
13:12:00,27.1,40.9
13:12:11,27.1,40.8
13:12:20,27.1,40.8
13:12:30,27.1,40.7
13:12:40,27.0,40.6
13:12:50,27.0,40.6
13:13:00,27.0,40.6
13:13:10,27.0,40.6
13:13:20,26.9,40.5
13:13:30,26.9,40.5
13:13:40,26.9,40.5
13:13:50,26.9,40.5
13:14:00,26.9,40.6
13:14:10,26.9,40.6
13:14:20,26.8,40.5
13:14:30,26.8,40.5
13:14:40,26.8,40.6
13:14:50,26.8,40.7
13:15:00,26.8,40.8
13:15:10,26.8,40.9
13:15:20,26.7,40.9
13:15:30,26.7,41.0
13:15:40,26.7,41.1
13:15:50,26.7,41.1
13:16:00,26.7,41.2
13:16:10,26.7,41.3
13:16:20,26.7,41.3
13:16:30,26.7,41.4
13:17:50,26.6,41.7
13:18:00,26.6,41.7
13:18:10,26.6,41.7
13:18:20,26.6,41.8
13:18:30,26.6,41.8
13:18:40,26.6,41.8
13:18:50,26.6,41.9
13:19:00,26.5,41.9
13:19:10,26.6,41.9
13:19:20,26.5,42.0
13:19:30,26.5,42.0
13:19:40,26.5,42.0
13:19:50,26.5,42.1
13:20:00,26.5,42.0
13:20:10,26.5,42.0
13:20:20,26.5,42.0
13:20:30,26.5,41.9
13:20:40,26.6,41.9
13:20:50,26.5,41.9
13:21:00,26.5,42.0
13:21:10,26.5,41.9
13:21:20,26.5,41.9
13:21:30,26.5,41.9
13:21:40,26.5,42.0
13:21:50,26.5,41.9
13:22:00,26.5,41.9
13:22:10,26.5,41.9
13:22:20,26.5,41.9
13:22:30,26.4,41.9
13:22:40,26.4,42.0
13:22:50,26.5,42.0
13:23:00,26.4,42.0
13:23:10,26.4,41.9
13:23:20,26.4,41.9
13:23:30,26.4,41.9
13:23:40,26.4,41.8
13:23:50,26.4,41.8
13:24:00,26.4,41.8
13:24:10,26.4,41.9
13:24:20,26.4,42.1
13:24:30,26.4,42.3
13:24:40,26.4,42.5
13:24:50,26.4,42.6
13:25:00,26.4,42.8
13:25:10,26.4,43.0
13:25:20,26.4,43.3
13:25:30,26.4,43.3
13:25:40,26.4,43.5
13:25:50,26.4,43.6
13:26:00,26.4,43.8
13:26:32,26.4,44.2
13:26:40,26.4,44.2
13:26:50,26.4,44.4
13:27:00,26.4,44.4
13:27:10,26.4,44.5
13:27:20,26.4,44.6
13:27:30,26.4,44.6
13:27:40,26.4,44.6
13:27:50,26.5,44.6
13:28:00,26.5,44.7
13:28:10,26.5,44.8
13:28:20,26.5,44.7
13:28:30,26.5,44.8
13:28:40,26.5,44.8
13:28:50,26.5,44.9
13:29:00,26.5,44.9
13:29:10,26.5,45.0
13:29:20,26.5,45.1
13:29:30,26.5,45.1
13:29:40,26.5,45.2
13:29:50,26.5,45.1
13:30:00,26.5,45.2
13:30:10,26.5,45.1
13:30:20,26.5,45.1
13:30:30,26.5,45.1
13:30:40,26.5,45.1
13:30:50,26.5,45.2
13:31:00,26.5,45.2
13:31:10,26.5,45.1
13:31:20,26.5,45.1
13:31:30,26.5,45.2
13:31:40,26.5,45.2
13:31:50,26.5,45.2
13:32:00,26.5,45.3
13:32:10,26.5,45.4
13:32:20,26.5,45.4
13:32:30,26.5,45.4
13:32:40,26.5,45.4
13:32:50,26.5,45.5
13:33:00,26.5,45.5
13:33:10,26.5,45.5
13:33:21,26.5,45.5
13:33:30,26.5,45.5
13:33:40,26.5,45.4
13:33:50,26.5,45.4
13:34:00,26.6,45.4
13:34:10,26.5,45.3
13:34:20,26.5,45.3
13:34:30,26.5,45.2
13:34:40,26.5,45.2
13:34:50,26.5,45.2
13:35:00,26.5,45.1
13:35:10,26.5,45.1
13:35:20,26.5,45.0
13:35:31,26.5,45.0
13:35:40,26.5,44.9
13:35:50,26.5,44.9
13:36:00,26.5,44.8
13:36:10,26.5,44.7
13:36:20,26.5,44.6
13:36:30,26.5,44.6
13:36:40,26.5,44.6
13:36:50,26.5,44.6
13:37:00,26.5,44.5
13:37:10,26.5,44.6
13:37:20,26.5,44.5
13:37:30,26.5,44.4
13:37:40,26.5,44.3
13:37:50,26.5,44.2
13:38:00,26.4,44.2
13:38:10,26.5,44.2
13:38:20,26.4,44.2
13:38:30,26.4,44.2
13:38:40,26.4,44.2
13:38:50,26.4,44.1
13:39:00,26.4,44.1
13:39:10,26.4,44.0
13:39:20,26.4,44.0
13:39:30,26.4,43.9
13:39:40,26.4,43.9
13:39:50,26.3,43.9
13:40:00,26.4,43.9
13:40:10,26.3,43.9
13:40:20,26.3,43.7
13:40:30,26.4,43.8
13:40:40,26.3,43.8
13:40:50,26.3,43.8
13:41:00,26.3,43.7
13:41:10,26.3,43.6
13:41:20,26.3,43.6
13:41:30,26.3,43.7
13:41:40,26.3,43.7
13:41:50,26.3,43.7
13:42:00,26.3,43.8
13:42:10,26.3,43.7
13:42:20,26.3,43.7
13:42:30,26.4,43.8
13:42:40,26.3,44.0
13:42:50,26.3,44.1
13:43:00,26.3,44.1
13:43:10,26.3,44.1
13:43:20,26.3,44.2
13:43:30,26.3,44.2
13:43:40,26.3,44.2
13:43:50,26.3,44.2
13:44:00,26.3,44.3
13:44:10,26.3,44.4
13:44:20,26.3,44.4
13:44:32,26.3,44.4
13:44:40,26.3,44.6
13:44:50,26.3,44.6
13:45:00,26.3,44.8
13:45:10,26.3,44.8
13:45:20,26.2,44.9
13:45:30,26.2,45.0
13:45:40,26.3,45.0
13:45:51,26.2,45.1
13:46:00,26.3,45.2
13:46:10,26.2,45.2
13:46:20,26.2,45.3
13:46:30,26.2,45.3
13:46:40,26.2,45.4
13:46:50,26.2,45.5
13:47:00,26.2,45.6
13:47:10,26.2,45.7
13:47:20,26.2,45.8
13:47:30,26.2,45.8
13:47:40,26.2,45.9
13:47:50,26.2,46.0
13:48:00,26.2,46.0
13:48:10,26.2,46.0
13:48:20,26.2,46.0
13:48:30,26.2,46.1
13:48:40,26.2,46.3
13:48:50,26.2,46.3
13:49:00,26.2,46.3
13:49:12,26.2,46.5
13:49:20,26.2,46.4
13:49:31,26.2,46.5
13:49:40,26.2,46.5
13:49:50,26.2,46.5
13:50:00,26.2,46.6
13:50:10,26.1,46.6
13:50:20,26.2,46.7
13:50:30,26.2,46.6
13:50:40,26.2,46.7
13:50:50,26.1,46.7
13:51:00,26.1,46.8
13:51:10,26.1,46.7
13:51:20,26.1,46.8
13:51:30,26.1,46.8
13:51:40,26.1,46.9
13:51:50,26.1,46.8
13:52:00,26.1,46.9
13:52:10,26.1,47.0
13:52:21,26.1,46.9
13:52:30,26.1,47.0
13:52:40,26.1,46.9
13:52:50,26.1,47.0
13:53:02,26.1,46.9
13:53:10,26.1,46.9
13:53:20,26.1,46.9
13:53:30,26.1,46.9
13:53:40,26.1,46.9
13:53:50,26.1,46.9
13:54:00,26.1,46.8
13:54:10,26.1,46.8
13:54:20,26.1,46.9
13:54:30,26.1,46.9
13:54:40,26.2,46.8
13:54:50,26.1,46.7
13:55:00,26.1,46.8
13:55:10,26.1,46.8
13:55:20,26.1,46.9
13:55:30,26.1,46.8
13:55:40,26.1,46.9
13:55:50,26.1,46.8
13:56:00,26.1,46.9
13:56:10,26.1,46.9
13:56:20,26.1,46.9
13:56:30,26.1,46.9
13:56:40,26.1,47.0
13:56:51,26.1,46.8
13:57:00,26.1,46.8
13:57:11,26.1,46.8
13:57:20,26.1,46.8
13:57:30,26.1,46.8
13:57:40,26.1,46.8
13:57:50,26.1,46.8
13:58:00,26.1,46.8
13:58:10,26.1,46.8
13:58:20,26.1,46.8
13:58:30,26.1,46.8
13:58:40,26.1,46.8
13:58:50,26.1,46.7
13:59:00,26.1,46.8
13:59:10,26.1,46.7
13:59:20,26.2,46.7
13:59:30,26.2,46.8
13:59:40,26.2,46.8
13:59:50,26.2,46.7
14:00:00,26.2,46.7
14:00:10,26.2,46.6
14:00:20,26.2,46.6
14:00:30,26.2,46.5
14:00:40,26.2,46.5
14:00:50,26.2,46.5
14:01:00,26.2,46.4
14:01:10,26.2,46.4
14:01:20,26.2,46.3
14:01:30,26.2,46.3
14:01:40,26.2,46.3
14:01:50,26.2,46.3
14:02:00,26.1,46.3
14:02:10,26.1,46.3
14:02:20,26.1,46.3
14:02:30,26.1,46.3
14:02:40,26.1,46.3
14:02:50,26.1,46.2
14:03:00,26.1,46.2
14:03:10,26.1,46.2
14:03:20,26.1,46.2
14:03:30,26.1,46.2
14:03:40,26.1,46.2
14:03:50,26.1,46.3
14:04:00,26.1,46.2
14:04:10,26.1,46.2
14:04:20,26.1,46.2
14:04:30,26.1,46.2
14:04:40,26.1,46.2
14:04:50,26.1,46.2
14:05:00,26.1,46.1
14:05:10,26.1,46.2
14:05:20,26.1,46.1
14:05:30,26.1,46.2
14:05:40,26.1,46.2
14:05:50,26.1,46.3
14:06:00,26.1,46.3
14:06:10,26.1,46.2
14:06:20,26.1,46.1
14:06:32,26.1,46.1
14:06:40,26.1,46.1
14:06:50,26.1,46.1
14:07:00,26.1,46.2
14:07:10,26.1,46.1
14:07:30,26.1,46.1
14:07:40,26.1,46.2
14:07:50,26.1,46.1
14:08:00,26.1,46.1
14:08:10,26.1,46.1
14:08:20,26.1,46.1
14:08:30,26.1,46.2
14:08:40,26.1,46.1
14:08:50,26.1,46.1
14:09:00,26.1,46.7
14:09:10,26.1,46.4
14:09:20,26.1,46.4
14:09:30,26.1,46.4
14:09:40,26.1,46.5
14:09:50,26.1,46.3
14:10:00,26.1,46.3
14:10:10,26.1,46.3
14:10:20,26.1,46.5
14:10:30,26.1,46.4
14:10:40,26.1,46.4
14:10:50,26.1,46.4
14:11:00,26.1,46.5
14:11:10,26.1,46.5
14:11:20,26.1,46.5
14:11:30,26.1,46.5
14:11:40,26.1,46.3
14:11:50,26.1,46.2
14:12:00,26.1,46.2
14:12:10,26.1,46.2
14:12:20,26.1,46.1
14:12:30,26.1,46.1
14:12:40,26.1,46.1
14:12:50,26.1,46.1
14:13:00,26.1,46.1
14:13:10,26.1,46.1
14:13:20,26.0,46.1
14:13:30,26.0,46.3
14:13:40,26.0,46.3
14:13:50,26.0,46.4
14:14:00,26.0,46.5
14:14:10,26.0,46.4
14:14:20,26.0,46.6
14:14:30,26.0,46.6
14:14:40,26.0,46.6
14:14:50,26.0,46.5
14:15:00,26.1,46.5
14:15:10,26.0,46.4
14:15:20,26.0,46.5
14:15:30,26.1,46.5
14:15:40,26.1,46.4
14:15:50,26.1,46.5
14:16:00,26.1,46.4
14:16:10,26.1,46.5
14:16:20,26.1,46.5
14:16:30,26.1,46.5
14:16:40,26.2,46.5
14:16:50,26.2,46.5
14:17:00,26.2,46.6
14:17:10,26.2,46.7
14:17:20,26.2,46.8
14:17:30,26.2,47.0
14:17:40,26.1,46.8
14:17:50,26.2,46.8
14:18:00,26.2,46.6
14:18:11,26.2,46.7
14:18:20,26.2,46.6
14:18:30,26.1,46.6
14:18:40,26.2,46.6
14:18:50,26.2,46.5
14:19:00,26.2,46.5
14:19:10,26.2,46.5
14:19:20,26.2,46.5
14:19:30,26.2,46.5
14:19:40,26.2,46.4
14:19:50,26.2,46.4
14:20:00,26.2,46.5
14:20:10,26.2,46.4
14:20:20,26.2,46.4
14:20:31,26.2,46.3
14:20:40,26.2,46.3
14:20:50,26.2,46.3
14:21:00,26.2,46.2
14:21:10,26.2,46.3
14:21:20,26.2,46.3
14:21:30,26.2,46.3
14:21:40,26.2,46.3
14:21:50,26.2,46.4
14:22:00,26.2,46.3
14:22:10,26.2,46.3
14:22:20,26.2,46.3
14:22:32,26.2,46.3
14:22:40,26.2,46.3
14:22:50,26.2,46.3
14:23:00,26.2,46.2
14:23:10,26.2,46.2
14:23:20,26.2,46.2
14:23:30,26.2,46.2
14:23:40,26.2,46.2
14:23:50,26.2,46.2
14:24:00,26.2,46.3
14:24:10,26.2,46.3
14:24:20,26.2,46.3
14:24:30,26.2,46.3
14:24:40,26.2,46.3
14:24:50,26.1,46.3
14:25:00,26.1,46.3
14:25:10,26.1,46.3
14:25:20,26.2,46.4
14:25:30,26.2,46.3
14:25:40,26.1,46.4
14:25:50,26.1,46.3
14:26:00,26.1,46.3
14:26:10,26.1,46.3
14:26:20,26.1,46.3
14:26:30,26.1,46.3
14:26:40,26.2,46.3
14:26:50,26.1,46.2
14:27:00,26.2,46.2
14:27:10,26.1,46.1
14:27:20,26.2,46.2
14:27:30,26.1,46.2
14:27:40,26.2,46.1
14:27:50,26.2,46.2
14:28:00,26.2,46.1
14:28:10,26.1,46.1
14:28:20,26.2,46.1
14:28:30,26.2,46.1
14:28:40,26.2,46.0
14:28:50,26.2,46.1
14:29:00,26.2,46.0
14:29:10,26.2,46.0
14:29:20,26.2,46.1
14:29:30,26.2,46.0
14:29:40,26.2,46.1
14:29:50,26.2,46.0
14:30:00,26.2,46.0
14:30:10,26.2,46.0
14:30:20,26.2,46.0
14:30:32,26.2,46.0
14:30:40,26.2,46.0
14:30:50,26.2,46.0
14:31:00,26.2,46.1
14:31:10,26.2,46.0
14:31:20,26.2,46.0
14:31:30,26.2,45.9
14:31:40,26.2,46.0
14:31:50,26.2,46.0
14:32:00,26.2,45.9
14:32:11,26.2,45.9
14:32:21,26.2,46.0
14:32:30,26.2,46.0
14:32:40,26.2,45.9
14:32:50,26.2,45.9
14:33:00,26.2,45.8
14:33:10,26.2,45.8
14:33:20,26.2,45.9
14:33:30,26.2,45.8
14:33:40,26.2,45.9
14:33:51,26.2,45.8
14:34:00,26.2,46.1
14:34:10,26.2,46.1
14:34:20,26.2,46.3
14:34:30,26.1,46.3
14:34:40,26.1,46.4
14:34:50,26.1,46.2
14:35:00,26.1,46.3
14:35:10,26.2,46.1
14:35:20,26.2,46.3
14:35:30,26.2,46.3
14:35:40,26.2,46.3
14:35:50,26.2,46.1
14:36:00,26.2,46.3
14:36:10,26.2,46.1
14:36:20,26.1,46.1
14:36:30,26.1,46.1
14:36:40,26.1,46.0
14:36:50,26.1,46.0
14:37:00,26.1,46.1
14:37:10,26.1,46.2
14:37:20,26.1,46.1
14:37:30,26.1,46.1
14:37:40,26.1,46.2
14:37:50,26.0,46.3
14:38:00,26.1,46.4
14:38:10,26.1,46.4
14:38:20,26.0,46.5
14:38:30,26.0,46.5
14:38:40,26.0,46.5
14:38:50,26.1,46.5
14:39:00,26.1,46.5
14:39:10,26.0,46.5
14:39:20,26.1,46.6
14:39:30,26.1,46.7
14:39:40,26.1,46.6
14:39:50,26.1,46.6
14:40:00,26.1,46.6
14:40:10,26.1,46.7
14:40:20,26.1,46.9
14:40:30,26.1,46.8
14:40:40,26.1,46.9
14:40:50,26.1,46.9
14:41:00,26.1,46.9
14:41:10,26.1,47.0
14:41:20,26.1,47.1
14:41:30,26.1,47.1
14:41:40,26.1,47.2
14:41:50,26.1,47.2
14:42:00,26.1,47.3
14:42:10,26.1,47.3
14:42:20,26.0,47.3
14:42:30,26.0,47.3
14:42:40,26.0,47.3
14:42:50,26.0,47.3
14:43:00,26.0,47.3
14:43:10,26.0,47.3
14:43:20,26.0,47.3
14:43:30,26.0,47.1
14:43:40,26.0,47.2
14:43:50,26.0,47.2
14:44:00,26.0,47.2
14:44:10,26.0,47.3
14:44:20,26.0,47.2
14:44:30,26.0,47.1
14:44:40,26.0,47.1
14:44:50,25.9,47.1
14:45:00,25.9,47.1
14:45:10,25.9,47.0
14:45:20,25.9,47.0
14:45:30,25.9,47.0
14:45:40,26.0,47.1
14:45:50,26.0,47.0
14:46:00,26.0,47.0
14:46:10,25.9,47.0
14:46:20,25.9,47.1
14:46:30,25.9,47.1
14:46:40,25.9,47.0
14:46:50,25.9,47.0
14:47:00,25.9,47.0
14:47:10,25.9,47.1
14:47:20,25.9,47.1
14:47:30,25.9,47.2
14:47:41,25.9,47.1
14:47:50,25.9,47.1
14:48:00,25.9,47.1
14:48:10,25.9,47.2
14:48:20,25.9,47.1
14:48:30,25.9,47.2
14:48:40,25.9,47.1
14:48:50,25.9,47.1
14:49:00,25.9,47.1
14:49:10,25.9,47.1
14:49:20,25.9,47.2
14:49:30,25.9,47.2
14:49:40,25.9,47.3
14:49:50,25.9,47.3
14:50:00,25.9,47.3
14:50:10,25.9,47.3
14:50:20,25.9,47.4
14:50:30,25.9,47.4
14:50:40,25.9,47.3
14:50:50,25.9,47.3
14:51:00,25.9,47.3
14:51:10,25.9,47.3
14:51:21,25.9,47.2
14:51:32,25.9,47.3
14:51:40,25.9,47.3
14:51:50,25.9,47.2
14:52:00,25.9,47.2
14:52:11,25.9,47.2
14:52:20,25.9,47.2
14:52:30,26.0,47.2
14:52:41,26.0,47.1
14:52:50,26.0,47.1
14:53:00,26.0,47.1
14:53:10,26.0,47.0
14:53:20,26.0,46.9
14:53:30,26.0,46.9
14:53:40,26.0,46.9
14:53:50,26.0,46.9
14:54:00,26.0,46.9
14:54:10,26.0,46.8
14:54:20,26.0,47.0
14:54:31,26.0,46.9
14:54:40,26.0,46.8
14:54:50,26.0,46.8
14:55:00,26.0,46.8
14:55:10,26.0,46.9
14:55:20,26.0,46.8
14:55:30,26.0,46.9
14:55:40,26.0,46.9
14:55:51,26.0,46.9
14:56:00,26.0,46.9
14:56:10,26.0,47.0
14:56:22,26.0,46.9
14:56:30,26.0,47.0
14:56:40,26.0,46.9
14:56:50,26.0,46.9
14:57:00,26.0,47.0
14:57:10,26.0,46.9
14:57:21,26.0,47.0
14:57:30,26.0,46.9
14:57:40,26.0,47.0
14:57:50,26.0,47.0
14:58:00,26.0,47.0
14:58:10,26.0,47.1
14:58:20,26.0,47.1
14:58:30,26.0,47.2
14:58:40,26.0,47.1
14:58:50,26.0,47.1
14:59:00,25.9,47.1
14:59:10,26.0,47.2
14:59:20,26.0,47.1
14:59:30,26.0,47.1
14:59:40,26.0,47.0
14:59:50,26.0,47.0
15:00:00,26.0,47.0
15:00:10,26.0,46.9
15:00:20,26.0,46.9
15:00:30,26.0,46.8
15:00:40,26.0,46.8
15:00:50,26.0,46.7
15:01:00,26.0,46.6
15:01:10,26.0,46.7
15:01:20,26.0,46.7
15:01:30,26.0,46.7
15:01:40,26.0,46.7
15:01:50,26.0,46.7
15:02:00,26.0,46.7
15:02:10,26.0,46.7
15:02:20,26.0,46.6
15:02:30,26.0,46.7
15:02:41,26.0,46.7
15:02:50,26.0,46.7
15:03:00,26.0,46.8
15:03:10,26.0,46.8
15:03:20,26.0,46.8
15:03:30,26.0,46.8
15:03:40,25.9,46.9
15:03:50,26.0,47.0
15:04:00,26.0,47.0
15:04:10,26.0,47.0
15:04:20,26.0,47.1
15:04:30,26.0,47.1
15:04:40,26.0,47.1
15:04:50,26.0,47.2
15:05:00,26.0,47.2
15:05:10,26.0,47.2
15:05:20,26.0,47.2
15:05:30,26.0,47.2
15:05:40,26.0,47.2
15:05:50,26.0,47.2
15:06:00,26.0,47.1
15:06:10,26.0,47.1
15:06:20,26.0,47.1
15:06:30,26.0,47.1
15:06:40,26.0,47.0
15:06:50,26.0,47.1
15:07:00,26.0,47.0
15:07:10,26.0,47.1
15:07:22,26.0,47.1
15:07:30,26.0,47.1
15:07:41,26.0,47.1
15:07:50,26.0,47.1
15:08:00,26.0,47.1
15:08:10,25.9,47.1
15:08:20,25.9,47.1
15:08:30,26.0,47.1
15:08:41,26.0,47.1
15:08:50,25.9,47.2
15:09:00,25.9,47.2
15:09:10,25.9,47.1
15:09:20,25.9,47.2
15:09:30,25.9,47.2
15:09:40,25.9,47.2
15:09:50,25.9,47.3
15:10:00,25.9,47.2
15:10:10,25.9,47.2
15:10:20,25.9,47.2
15:10:30,25.9,47.1
15:10:40,25.9,47.2
15:10:50,25.9,47.1
15:11:00,25.9,47.0
15:11:10,25.9,47.1
15:11:20,25.9,47.1
15:11:32,25.9,47.0
15:11:40,25.9,47.1
15:11:50,25.9,46.9
15:12:00,25.9,46.9
15:12:10,25.9,46.8
15:12:20,25.9,46.8
15:12:30,25.9,46.9
15:12:40,25.9,46.9
15:12:50,25.9,47.0
15:13:00,25.9,47.1
15:13:11,25.9,47.1
15:13:20,25.9,47.0
15:13:30,25.9,46.9
15:13:42,25.9,47.0
15:13:50,25.9,47.0
15:14:00,25.9,47.0
15:14:10,25.9,47.0
15:14:20,25.9,47.1
15:14:30,25.9,47.3
15:14:40,26.0,47.6
15:14:50,26.0,47.8
15:15:00,26.0,48.1
15:15:10,26.0,48.7
15:15:20,26.0,49.2
15:15:30,26.0,49.4
15:15:40,26.1,49.7
15:15:50,26.0,49.8
15:16:00,26.1,50.1
15:16:10,26.1,50.3
15:16:20,26.1,50.4
15:16:30,26.1,50.7
15:16:40,26.1,50.8
15:16:50,26.1,50.8
15:17:00,26.1,50.8
15:17:10,26.2,50.9
15:17:20,26.2,51.1
15:17:30,26.2,51.4
15:17:40,26.2,51.3
15:17:50,26.2,51.5
15:18:00,26.2,51.5
15:18:10,26.2,51.7
15:18:20,26.2,51.8
15:18:30,26.2,52.0
15:18:40,26.2,52.0
15:18:50,26.3,52.2
15:19:00,26.3,52.6
15:19:10,26.3,52.5
15:19:20,26.3,52.5
15:19:30,26.3,52.5
15:19:40,26.3,52.6
15:19:52,26.3,52.6
15:20:00,26.3,52.7
15:20:10,26.4,52.8
15:20:20,26.4,53.0
15:20:30,26.4,53.0
15:20:40,26.4,53.3
15:20:50,26.4,53.3
15:21:00,26.4,53.2
15:21:10,26.4,53.2
15:21:20,26.4,53.1
15:21:30,26.4,53.2
15:21:40,26.4,53.3
15:21:50,26.4,53.4
15:22:00,26.4,53.4
15:22:10,26.4,53.4
15:22:20,26.4,53.4
15:22:30,26.4,53.5
15:22:40,26.4,53.6
15:22:50,26.4,53.8
15:23:00,26.4,53.6
15:23:10,26.4,53.6
15:23:20,26.4,53.7
15:23:30,26.4,53.7
15:23:40,26.4,53.8
15:23:50,26.4,53.8
15:24:00,26.4,53.7
15:24:10,26.4,53.9
15:24:20,26.5,53.9
15:24:30,26.5,53.7
15:24:40,26.4,53.7
15:24:50,26.5,53.8
15:25:00,26.5,53.8
15:25:10,26.5,53.8
15:25:20,26.5,53.7
15:25:30,26.5,53.7
15:25:40,26.5,53.9
15:25:50,26.5,53.8
15:26:00,26.5,53.8
15:26:10,26.5,53.8
15:26:20,26.5,53.7
15:26:30,26.5,53.6
15:26:40,26.5,53.6
15:26:50,26.5,53.9
15:27:00,26.5,53.9
15:27:10,26.5,53.9
15:27:20,26.5,53.9
15:27:30,26.5,53.7
15:27:40,26.5,53.9
15:27:50,26.5,53.9
15:28:00,26.5,53.9
15:28:10,26.5,53.9
15:28:20,26.5,54.0
15:28:30,26.5,54.0
15:28:40,26.5,54.0
15:28:50,26.5,53.9
15:29:00,26.5,53.9
15:29:10,26.5,53.9
15:29:20,26.5,53.9
15:29:30,26.5,53.7
15:29:40,26.5,53.7
15:29:50,26.5,53.8
15:30:00,26.5,53.7
15:30:10,26.5,53.8
15:30:20,26.5,53.7
15:30:30,26.5,53.7
15:30:40,26.5,53.8
15:30:50,26.5,53.6
15:31:00,26.5,53.7
15:31:10,26.5,53.7
15:31:20,26.5,53.7
15:31:30,26.5,53.7
15:31:40,26.5,53.6
15:31:50,26.5,53.6
15:32:00,26.5,53.5
15:32:10,26.5,53.5
15:32:20,26.5,53.5
15:32:30,26.5,53.6
15:32:40,26.5,53.6
15:32:50,26.5,53.4
15:33:00,26.5,53.5
15:33:10,26.5,53.4
15:33:20,26.6,53.5
15:33:30,26.6,53.4
15:33:40,26.5,53.4
15:33:50,26.6,53.5
15:34:00,26.6,53.4
15:34:10,26.6,53.4
15:34:20,26.5,53.5
15:34:30,26.5,53.7
15:34:40,26.6,53.6
15:34:50,26.6,53.6
15:35:00,26.6,53.5
15:35:10,26.6,53.5
15:35:20,26.5,53.4
15:35:30,26.6,53.4
15:35:40,26.6,53.6
15:35:50,26.6,53.6
15:36:00,26.6,53.5
15:36:10,26.6,53.5
15:36:20,26.6,53.4
15:36:30,26.6,53.5
15:36:40,26.6,53.2
15:36:50,26.6,53.3
15:37:00,26.6,53.2
15:37:10,26.6,53.2
15:37:20,26.6,53.3
15:37:30,26.6,53.2
15:37:40,26.6,53.2
15:37:50,26.6,53.1
15:38:00,26.6,53.2
15:38:10,26.6,53.1
15:38:20,26.6,53.1
15:38:30,26.6,53.1
15:38:40,26.6,53.2
15:38:50,26.6,53.4
15:39:00,26.6,53.8
15:39:10,26.6,53.6
15:39:20,26.6,53.8
15:39:30,26.6,53.6
15:39:40,26.6,53.7
15:39:50,26.6,53.8
15:40:00,26.6,53.8
15:40:10,26.6,53.8
15:40:20,26.6,53.7
15:40:30,26.6,53.8
15:40:40,26.7,53.8
15:40:50,26.6,53.6
15:41:00,26.6,53.5
15:41:10,26.6,53.6
15:41:20,26.7,53.6
15:41:30,26.7,53.6
15:41:40,26.7,53.5
15:41:50,26.7,53.5
15:42:00,26.7,53.4
15:42:10,26.7,53.3
15:42:20,26.7,53.4
15:42:30,26.7,53.2
15:42:40,26.7,53.4
15:42:50,26.7,53.4
15:43:00,26.7,53.5
15:43:10,26.7,53.2
15:43:20,26.7,53.3
15:43:30,26.7,53.3
15:43:40,26.7,53.2
15:43:50,26.7,53.3
15:44:00,26.7,53.5
15:44:10,26.7,53.2
15:44:20,26.7,53.2
15:44:30,26.7,53.4
15:44:40,26.7,53.4
15:44:50,26.7,53.2
15:45:00,26.7,53.3
15:45:10,26.7,53.6
15:45:20,26.7,53.5
15:45:30,26.7,53.4
15:45:40,26.7,53.2
15:45:50,26.7,53.2
15:46:00,26.7,53.2
15:46:10,26.7,53.6
15:46:20,26.7,53.5
15:46:30,26.7,53.5
15:46:40,26.7,53.5
15:46:50,26.7,53.3
15:47:00,26.7,53.2
15:47:10,26.7,53.3
15:47:20,26.7,53.4
15:47:30,26.7,53.4
15:47:40,26.7,53.4
15:47:50,26.7,53.1
15:48:00,26.7,52.9
15:48:10,26.7,53.1
15:48:20,26.7,53.0
15:48:30,26.7,53.1
15:48:40,26.7,53.0
15:48:50,26.7,53.2
15:49:00,26.8,53.1
15:49:10,26.7,52.8
15:49:20,26.8,52.9
15:49:30,26.7,53.0
15:49:40,26.7,53.0
15:49:50,26.8,53.0
15:50:00,26.8,53.0
15:50:10,26.8,53.2
15:50:20,26.7,53.0
15:50:30,26.8,53.3
15:50:40,26.7,53.3
15:50:50,26.8,53.2
15:51:00,26.8,53.2
15:51:10,26.7,53.0
15:51:20,26.8,53.2
15:51:30,26.8,53.1
15:51:40,26.8,53.0
15:51:50,26.8,53.2
15:52:00,26.8,53.0
15:52:10,26.8,53.0
15:52:20,26.8,53.0
15:52:30,26.8,52.9
15:52:40,26.8,52.9
15:52:50,26.8,52.9
15:53:00,26.8,52.8
15:53:10,26.8,52.6
15:53:20,26.8,52.7
15:53:30,26.8,52.8
15:53:40,26.8,52.8
15:53:50,26.8,52.7
15:54:00,26.8,52.8
15:54:10,26.8,52.9
15:54:20,26.8,53.0
15:54:30,26.8,52.8
15:54:40,26.8,52.8
15:54:50,26.8,53.0
15:55:00,26.8,52.7
15:55:10,26.8,52.9
15:55:20,26.8,53.0
15:55:30,26.8,53.0
15:55:40,26.8,53.0
15:55:50,26.8,52.9
15:56:00,26.8,52.8
15:56:10,26.8,52.8
15:56:20,26.8,52.8
15:56:30,26.8,52.8
15:56:40,26.8,52.7
15:56:50,26.8,52.7
15:57:00,26.8,52.7
15:57:10,26.8,52.8
15:57:20,26.8,52.8
15:57:30,26.8,52.6
15:57:40,26.8,52.9
15:57:50,26.8,53.0
15:58:00,26.8,52.9
15:58:10,26.8,52.9
15:58:20,26.8,53.0
15:58:30,26.8,52.9
15:58:40,26.8,53.0
15:58:50,26.8,53.0
15:59:00,26.8,52.8
15:59:10,26.8,52.8
15:59:20,26.8,52.6
15:59:30,26.8,52.9
15:59:40,26.8,52.8
15:59:50,26.8,52.8
16:00:00,26.8,53.0
16:00:10,26.8,52.9
16:00:20,26.8,53.2
16:00:30,26.8,53.2
16:00:40,26.8,53.1
16:00:50,26.8,52.8
16:01:00,26.8,52.8
16:01:10,26.8,53.0
16:01:20,26.8,52.8
16:01:30,26.8,53.0
16:01:40,26.8,52.9
16:01:50,26.8,52.8
16:02:00,26.8,52.9
16:02:10,26.8,52.7
16:02:20,26.8,52.8
16:02:30,26.8,52.9
16:02:40,26.8,52.9
16:02:50,26.8,52.9
16:03:00,26.8,52.9
16:03:10,26.8,52.7
16:03:20,26.9,52.9
16:03:30,26.9,52.8
16:03:40,26.9,52.8
16:03:50,26.8,52.6
16:04:00,26.8,52.7
16:04:14,26.9,52.6
16:04:20,26.9,52.6
16:04:30,26.9,52.6
16:04:41,26.9,52.7
16:04:50,26.9,52.8
16:05:00,26.9,52.5
16:05:10,26.9,52.6
16:05:20,26.9,52.5
16:05:30,26.9,52.6
16:05:40,26.9,52.7
16:05:50,26.9,52.6
16:06:00,26.9,52.6
16:06:10,26.9,52.5
16:06:20,26.9,52.6
16:06:30,26.9,52.5
16:06:40,26.9,52.6
16:06:50,26.9,52.6
16:07:00,26.9,52.7
16:07:10,26.9,52.6
16:07:20,26.9,52.5
16:07:30,26.9,52.5
16:07:40,26.9,52.6
16:07:50,26.9,52.5
16:08:00,26.9,52.6
16:08:10,26.9,52.6
16:08:20,26.9,52.5
16:08:30,26.9,52.5
16:08:40,26.9,52.3
16:08:50,26.9,52.4
16:09:00,26.9,52.4
16:09:10,26.9,52.5
16:09:20,26.9,52.5
16:09:30,26.9,52.6
16:09:40,26.9,52.7
16:09:50,26.9,52.5
16:10:00,26.9,52.4
16:10:10,26.9,52.4
16:10:20,26.9,52.3
16:10:30,26.9,52.2
16:10:40,26.9,52.2
16:10:50,26.9,52.1
16:11:00,26.9,52.3
16:11:10,26.9,52.2
16:11:20,26.9,52.2
16:11:30,26.9,52.1
16:11:40,26.9,52.2
16:11:50,26.9,52.1
16:12:00,26.9,52.1
16:12:10,26.9,52.1
16:12:20,26.9,52.2
16:12:30,26.9,52.1
16:12:40,26.9,52.2
16:12:50,26.9,52.1
16:13:00,26.9,52.0
16:13:10,26.9,52.1
16:13:20,26.9,51.9
16:13:30,26.9,52.1
16:13:40,26.9,52.2
16:13:50,26.9,52.3
16:14:00,26.9,52.2
16:14:10,26.9,52.5
16:14:20,26.9,52.4
16:14:31,26.9,52.4
16:14:40,26.9,52.3
16:14:50,26.9,52.2
16:15:00,26.9,52.2
16:15:11,26.9,51.9
16:15:20,26.9,51.8
16:15:30,26.9,51.8
16:15:40,26.9,51.9
16:15:50,26.9,51.9
16:16:00,27.0,51.7
16:16:10,26.9,51.7
16:16:20,27.0,51.7
16:16:30,26.9,51.7
16:16:40,26.9,51.8
16:16:51,26.9,51.8
16:17:00,26.9,52.0
16:17:10,27.0,51.8
16:17:21,27.0,51.6
16:17:30,26.9,51.6
16:17:40,27.0,51.6
16:17:50,27.0,51.5
16:18:00,27.0,51.5
16:18:10,27.0,51.4
16:18:20,27.0,51.3
16:18:32,27.0,51.4
16:18:40,27.0,51.5
16:18:51,27.0,51.4
16:19:00,27.0,51.4
16:19:10,27.0,51.6
16:19:22,27.0,51.4
16:19:31,27.0,51.3
16:19:40,27.0,51.2
16:19:51,27.0,51.1
16:20:00,27.0,51.0
16:20:13,27.0,50.9
16:20:20,27.0,50.8
16:20:30,27.0,50.9
16:20:40,27.0,51.1
16:20:51,27.0,51.2
16:21:00,27.1,51.5
16:21:10,27.0,51.4
16:21:22,27.0,51.2
16:21:30,27.0,51.2
16:21:40,27.0,51.2
16:21:50,27.1,51.1
16:22:00,27.0,51.2
16:22:11,27.1,51.0
16:22:20,27.1,51.0
16:22:30,27.1,50.8
16:22:40,27.1,50.7
16:23:00,27.1,50.9
16:23:10,27.1,50.9
16:23:20,27.1,50.9
16:23:30,27.1,50.7
16:23:41,27.1,50.7
16:23:50,27.1,50.6
16:24:00,27.1,50.7
16:24:10,27.1,50.6
16:24:20,27.1,50.6
16:24:31,27.1,50.7
16:24:40,27.1,50.7
16:24:50,27.1,50.7
16:25:00,27.1,50.7
16:25:10,27.1,50.6
16:25:20,27.1,50.6
16:25:31,27.1,50.6
16:25:40,27.1,50.7
16:25:50,27.1,50.5
16:26:00,27.1,50.7
16:26:10,27.1,50.7
16:26:20,27.1,50.7
16:26:30,27.1,50.5
16:26:40,27.1,50.4
16:26:50,27.1,50.3
16:27:00,27.1,50.3
16:27:10,27.1,50.3
16:27:20,27.1,50.3
16:27:31,27.2,50.3
16:27:40,27.2,50.2
16:27:50,27.1,50.2
16:28:01,27.2,50.1
16:28:10,27.2,50.1
16:28:20,27.2,50.3
16:28:30,27.2,50.4
16:28:40,27.2,50.3
16:28:50,27.2,50.1
16:29:00,27.2,50.2
16:29:10,27.2,50.2
16:29:20,27.2,50.0
16:29:30,27.2,50.0
16:29:40,27.2,50.0
16:29:50,27.2,50.0
16:30:00,27.2,49.9
16:30:10,27.2,50.0
16:30:20,27.2,49.9
16:30:30,27.2,50.0
16:30:40,27.2,49.8
16:30:50,27.2,49.9
16:31:01,27.2,50.1
16:31:10,27.2,49.8
16:31:20,27.2,49.8
16:31:30,27.2,49.7
16:31:40,27.2,49.6
16:31:50,27.2,49.7
16:32:00,27.2,49.6
16:32:10,27.2,49.8
16:32:21,27.2,49.7
16:32:30,27.2,49.7
16:32:40,27.2,49.8
16:32:50,27.2,49.7
16:33:00,27.2,49.7
16:33:10,27.2,49.7
16:33:20,27.2,49.7
16:33:30,27.2,49.7
16:33:40,27.2,49.7
16:33:50,27.2,49.5
16:34:00,27.2,49.6
16:34:10,27.2,49.5
16:34:20,27.2,49.5
16:34:30,27.2,49.3
16:34:40,27.2,49.4
16:34:50,27.2,49.5
16:35:00,27.2,49.4
16:35:10,27.3,49.4
16:35:20,27.3,49.5
16:35:30,27.3,49.4
16:35:40,27.3,49.4
16:35:50,27.3,49.3
16:36:00,27.3,49.4
16:36:10,27.3,49.4
16:36:20,27.3,49.3
16:36:30,27.3,49.3
16:36:40,27.3,49.4
16:36:50,27.3,49.3
16:37:00,27.3,49.3
16:37:10,27.3,49.3
16:37:20,27.3,49.4
16:37:30,27.3,49.3
16:37:40,27.3,49.3
16:37:50,27.3,49.3
16:38:00,27.3,49.4
16:38:10,27.3,49.1
16:38:22,27.3,49.1
16:38:30,27.3,49.1
16:38:40,27.3,49.1
16:38:50,27.3,48.9
16:39:00,27.3,48.9
16:39:10,27.3,49.0
16:39:20,27.3,49.0
16:39:30,27.3,48.9
16:39:40,27.3,48.9
16:39:50,27.3,48.8
16:40:00,27.3,49.0
16:40:10,27.3,48.8
16:40:20,27.3,48.8
16:40:30,27.3,48.8
16:40:40,27.3,48.9
16:40:50,27.3,48.9
16:41:02,27.3,48.9
16:41:10,27.3,48.8
16:41:20,27.3,48.8
16:41:30,27.3,48.8
16:41:40,27.3,48.9
16:41:50,27.4,48.8
16:42:00,27.3,48.8
16:42:10,27.4,48.7
16:42:20,27.4,48.7
16:42:31,27.4,48.7
16:42:40,27.4,48.7
16:42:50,27.4,48.7
16:43:00,27.4,48.8
16:43:10,27.3,48.7
16:43:20,27.4,48.8
16:43:30,27.4,48.8
16:43:40,27.4,48.7
16:43:50,27.4,48.4
16:44:00,27.4,48.6
16:44:10,27.4,48.7
16:44:20,27.4,48.7
16:44:30,27.4,48.7
16:44:40,27.4,48.7
16:44:50,27.4,48.7
16:45:00,27.4,48.7
16:45:10,27.4,48.4
16:45:20,27.4,48.6
16:45:30,27.4,48.4
16:45:40,27.4,48.2
16:45:50,27.4,48.3
16:46:00,27.4,48.3
16:46:10,27.4,48.4
16:46:20,27.4,48.4
16:46:30,27.4,48.2
16:46:40,27.4,48.3
16:46:52,27.4,48.2
16:47:00,27.4,48.2
16:47:10,27.4,48.1
16:47:20,27.4,48.0
16:47:30,27.4,47.9
16:47:40,27.4,48.0
16:48:00,27.4,48.1
16:48:12,27.4,48.1
16:48:21,27.4,48.1
16:48:30,27.4,47.9
16:48:40,27.4,48.0
16:48:50,27.5,47.9
16:49:00,27.4,48.1
16:49:10,27.5,47.9
16:49:20,27.4,48.1
16:49:30,27.5,47.7
16:49:40,27.5,47.5
16:49:50,27.4,47.6
16:50:00,27.5,47.6
16:50:10,27.5,47.7
16:50:20,27.5,47.6
16:50:30,27.5,47.7
16:50:40,27.5,47.7
16:50:50,27.5,47.8
16:51:00,27.5,47.7
16:51:10,27.5,47.7
16:51:20,27.5,47.6
16:51:30,27.5,47.8
16:51:40,27.5,47.7
16:51:50,27.5,47.7
16:52:00,27.5,47.8
16:52:10,27.5,47.5
16:52:20,27.5,47.7
16:52:30,27.5,47.7
16:52:40,27.5,47.7
16:52:50,27.5,47.7
16:53:00,27.5,47.6
16:53:10,27.5,47.5
16:53:20,27.5,47.6
16:53:30,27.5,47.6
16:53:40,27.5,47.3
16:53:50,27.5,47.6
16:54:00,27.5,47.5
16:54:10,27.5,47.5
16:54:20,27.5,47.4
16:54:30,27.5,47.4
16:54:40,27.5,47.6
16:54:50,27.5,47.5
16:55:00,27.5,47.4
16:55:10,27.5,47.4
16:55:20,27.5,47.5
16:55:30,27.5,47.4
16:55:40,27.5,47.4
16:55:50,27.5,47.4
16:56:00,27.5,47.4
16:56:10,27.6,47.3
16:56:20,27.6,47.3
16:56:30,27.5,47.4
16:56:40,27.6,47.2
16:56:50,27.5,47.3
16:57:00,27.6,47.1
16:57:10,27.6,47.0
16:57:20,27.6,47.1
16:57:30,27.6,47.3
16:57:40,27.6,47.2
16:57:50,27.6,47.2
16:58:00,27.6,47.2
16:58:10,27.6,47.1
16:58:20,27.6,47.2
16:58:30,27.6,47.2
16:58:40,27.6,47.1
16:58:50,27.6,47.1
16:59:00,27.6,47.1
16:59:10,27.6,47.1
16:59:20,27.6,47.1
16:59:30,27.6,47.0
16:59:40,27.6,47.1
16:59:50,27.6,47.0
17:00:00,27.6,47.1
17:00:10,27.6,47.1
17:00:20,27.6,47.0
17:00:30,27.6,46.7
17:00:40,27.6,47.0
17:00:50,27.6,47.0
17:01:00,27.6,46.9
17:01:10,27.6,46.9
17:01:20,27.6,47.0
17:01:30,27.6,46.9
17:01:40,27.6,46.8
17:01:50,27.6,46.9
17:02:00,27.6,47.0
17:02:10,27.6,46.9
17:02:20,27.6,46.8
17:02:30,27.6,46.8
17:02:40,27.6,46.8
17:02:50,27.6,46.8
17:03:00,27.6,46.7
17:03:10,27.6,46.7
17:03:20,27.6,46.7
17:03:30,27.6,46.7
17:03:40,27.6,46.6
17:03:50,27.6,46.7
17:04:00,27.6,46.7
17:04:10,27.6,46.5
17:04:20,27.6,46.6
17:04:30,27.6,46.5
17:04:40,27.7,46.5
17:04:50,27.7,46.5
17:05:00,27.7,46.7
17:05:10,27.7,46.5
17:05:20,27.7,46.6
17:05:30,27.6,46.5
17:05:40,27.7,46.5
17:05:50,27.7,46.5
17:06:00,27.7,46.5
17:06:10,27.7,46.4
17:06:20,27.7,46.5
17:06:30,27.7,46.4
17:06:40,27.6,46.3
17:06:50,27.7,46.4
17:07:00,27.7,46.3
17:07:10,27.7,46.3
17:07:20,27.7,46.3
17:07:30,27.7,46.5
17:07:40,27.7,46.3
17:07:50,27.6,46.3
17:08:00,27.7,46.3
17:08:10,27.7,46.4
17:08:20,27.7,46.3
17:08:30,27.7,46.3
17:08:40,27.7,46.3
17:08:50,27.7,46.2
17:09:00,27.7,46.1
17:09:10,27.7,46.3
17:09:20,27.7,46.3
17:09:30,27.7,46.3
17:09:40,27.7,46.3
17:09:50,27.7,46.1
17:10:00,27.7,46.2
17:10:10,27.7,46.2
17:10:20,27.7,46.3
17:10:30,27.7,46.2
17:10:40,27.7,46.3
17:10:50,27.7,46.3
17:11:00,27.7,46.2
17:11:10,27.7,46.2
17:11:20,27.7,46.1
17:11:30,27.7,46.1
17:11:40,27.7,45.9
17:11:50,27.7,46.2
17:12:00,27.7,46.1
17:12:10,27.7,45.9
17:12:20,27.7,45.9
17:12:30,27.7,46.1
17:12:40,27.7,46.1
17:12:50,27.7,46.0
17:13:00,27.7,46.1
17:13:10,27.7,46.0
17:13:20,27.7,46.0
17:13:30,27.8,46.1
17:13:40,27.7,46.0
17:13:50,27.7,46.0
17:14:00,27.7,46.1
17:14:10,27.8,45.9
17:14:20,27.7,46.1
17:14:30,27.7,46.0
17:14:40,27.7,46.0
17:14:50,27.7,45.9
17:15:00,27.8,45.9
17:15:10,27.7,45.9
17:15:20,27.7,45.8
17:15:30,27.8,45.9
17:15:40,27.8,45.8
17:15:50,27.8,45.9
17:16:00,27.8,45.9
17:16:10,27.8,45.9
17:16:20,27.7,45.7
17:16:30,27.8,45.8
17:16:40,27.8,45.7
17:16:50,27.7,45.7
17:17:00,27.7,45.8
17:17:10,27.7,45.8
17:17:20,27.8,45.7
17:17:30,27.8,45.9
17:17:40,27.8,45.7
17:17:50,27.8,45.8
17:18:00,27.8,45.8
17:18:10,27.8,45.8
17:18:20,27.8,45.8
17:18:30,27.8,45.7
17:18:40,27.8,45.8
17:18:50,27.8,45.7
17:19:00,27.8,45.7
17:19:10,27.8,45.8
17:19:20,27.8,45.7
17:19:30,27.8,45.7
17:19:40,27.8,45.7
17:19:50,27.8,45.8
17:20:00,27.8,45.8
17:20:10,27.8,45.9
17:20:20,27.8,45.8
17:20:30,27.8,45.8
17:20:40,27.8,46.0
17:20:50,27.8,45.9
17:21:00,27.8,45.9
17:21:10,27.8,46.0
17:21:20,27.8,45.9
17:21:30,27.8,46.0
17:21:40,27.8,46.1
17:21:51,27.8,46.1
17:22:00,27.8,45.9
17:22:10,27.8,46.0
17:22:20,27.8,46.0
17:22:30,27.8,46.1
17:22:40,27.9,46.0
17:22:50,27.8,45.8
17:23:00,27.8,45.8
17:23:10,27.8,45.9
17:23:20,27.8,46.0
17:23:31,27.9,45.8
17:23:40,27.8,45.9
17:23:52,27.9,46.0
17:24:00,27.9,46.0
17:24:10,27.8,45.8
17:24:20,27.9,45.7
17:24:30,27.9,45.8
17:24:40,27.9,45.8
17:24:50,27.8,45.7
17:25:00,27.9,45.5
17:25:10,27.9,45.8
17:25:20,27.8,45.7
17:25:30,27.8,45.6
17:25:40,27.9,45.7
17:25:50,27.8,45.6
17:26:00,27.9,45.6
17:26:10,27.9,45.5
17:26:21,27.9,45.6
17:26:30,27.9,45.6
17:26:40,27.8,45.5
17:26:50,27.9,45.6
17:27:00,27.9,45.4
17:27:10,27.8,45.4
17:27:20,27.9,45.5
17:27:30,27.9,45.4
17:27:40,27.9,45.3
17:27:50,27.9,45.4
17:28:00,27.8,45.4
17:28:10,27.9,45.3
17:28:20,27.9,45.4
17:28:30,27.9,45.5
17:28:40,27.9,45.3
17:28:50,27.8,45.2
17:29:00,27.9,45.4
17:29:10,27.9,45.3
17:29:20,27.9,45.3
17:29:30,27.9,45.3
17:29:40,27.9,45.3
17:29:50,27.9,45.3
17:30:00,27.9,45.3
17:30:10,27.8,45.4
17:30:20,27.9,45.2
17:30:30,27.9,45.2
17:30:40,27.9,45.2
17:30:51,27.9,45.0
17:31:00,27.9,45.2
17:31:10,27.9,45.2
17:31:20,27.9,45.0
17:31:30,27.9,45.1
17:31:40,27.9,45.1
17:31:50,27.9,45.2
17:32:00,27.9,45.3
17:32:10,27.9,45.2
17:32:20,27.9,45.1
17:32:30,27.9,45.2
17:32:40,27.9,45.1
17:32:50,27.9,45.1
17:33:00,27.9,45.1
17:33:10,27.9,45.1
17:33:20,27.9,45.1
17:33:30,27.9,45.1
17:33:40,27.9,45.2
17:33:50,27.9,45.1
17:34:00,27.9,45.1
17:34:10,27.9,45.0
17:34:22,27.9,45.2
17:34:30,27.9,45.1
17:34:41,27.9,45.0
17:34:50,27.9,45.1
17:35:00,27.9,45.1
17:35:10,27.9,45.1
17:35:20,27.9,44.9
17:35:30,27.9,44.8
17:35:40,27.9,45.0
17:35:50,27.9,45.1
17:36:00,27.9,45.0
17:36:10,27.9,44.8
17:36:20,27.9,45.0
17:36:30,27.9,45.0
17:36:40,27.9,45.1
17:36:50,27.9,45.2
17:37:00,27.9,45.1
17:37:10,27.9,45.0
17:37:20,27.9,45.2
17:37:30,27.9,45.1
17:37:40,27.9,45.1
17:37:50,27.9,45.0
17:38:00,27.9,45.0
17:38:10,27.9,45.2
17:38:20,27.9,45.0
17:38:30,27.9,45.0
17:38:40,27.9,45.1
17:38:50,27.9,45.1
17:39:00,27.9,45.0
17:39:10,27.9,45.0
17:39:20,27.9,45.0
17:39:30,27.9,44.9
17:39:40,27.9,44.9
17:39:50,27.9,44.9
17:40:00,27.9,44.9
17:40:10,27.9,44.8
17:40:21,27.9,44.9
17:40:30,27.9,44.8
17:40:40,27.9,44.9
17:40:50,27.9,44.8
17:41:00,27.9,44.9
17:41:10,27.9,44.8
17:41:20,27.9,44.9
17:41:30,27.9,44.9
17:41:40,27.9,44.9
17:41:50,27.9,44.7
17:42:00,27.9,44.5
17:42:10,27.9,44.8
17:42:20,27.9,44.7
17:42:30,27.9,44.6
17:42:40,27.9,44.7
17:42:50,27.9,44.7
17:43:00,27.9,44.7
17:43:10,27.9,44.7
17:43:20,27.9,44.8
17:43:31,27.9,44.7
17:43:40,27.9,44.7
17:43:50,27.9,44.7
17:44:00,27.9,44.4
17:44:10,27.9,44.7
17:44:20,27.9,44.7
17:44:30,27.9,44.7
17:44:40,27.9,44.6
17:44:50,27.9,44.9
17:45:00,27.9,44.6
17:45:10,27.9,44.7
17:45:20,27.9,44.8
17:45:30,27.9,44.5
17:45:40,27.9,44.5
17:45:50,27.9,44.7
17:46:00,27.9,44.8
17:46:10,27.9,44.7
17:46:20,27.9,44.6
17:46:30,27.9,44.5
17:46:40,27.9,44.6
17:46:50,27.9,44.6
17:47:00,27.9,44.7
17:47:10,27.9,44.5
17:47:20,27.9,44.7
17:47:30,27.9,44.6
17:47:40,27.9,44.6
17:47:50,27.9,44.6
17:48:00,27.9,44.8
17:48:10,27.9,44.8
17:48:20,27.9,45.0
17:48:30,27.9,45.1
17:48:40,27.9,45.1
17:48:50,27.9,45.1
17:49:00,27.9,45.0
17:49:10,27.9,45.3
17:49:20,27.9,45.3
17:49:30,27.9,45.2
17:49:41,27.9,45.3
17:49:50,27.9,45.2
17:50:00,27.9,45.2
17:50:10,27.9,45.3
17:50:20,27.9,44.9
17:50:31,27.9,45.3
17:50:40,27.9,45.2
17:50:50,28.0,45.3
17:51:00,27.9,45.2
17:51:10,28.0,45.2
17:51:20,27.9,45.2
17:51:30,27.9,45.2
17:51:40,27.9,45.2
17:51:50,28.0,45.1
17:52:05,28.0,45.1
17:52:10,27.9,45.1
17:52:20,27.9,45.1
17:52:30,28.0,45.1
17:52:40,27.9,45.0
17:52:50,27.9,45.1
17:53:00,28.0,45.1
17:53:10,27.9,45.3
17:53:20,28.0,45.1
17:53:30,27.9,45.1
17:53:40,28.0,45.1
17:53:50,28.0,45.0
17:54:00,27.9,44.9
17:54:11,28.0,45.1
17:54:20,28.0,45.1
17:54:30,28.0,45.0
17:54:40,28.0,45.1
17:54:50,28.0,45.0
17:55:00,28.0,45.0
17:55:10,28.0,44.9
17:55:25,28.0,44.7
17:55:30,28.0,44.9
17:55:40,28.0,45.0
17:55:50,28.0,44.9
17:56:00,28.0,44.9
17:56:10,28.0,44.9
17:56:20,28.0,44.9
17:56:30,28.0,44.9
17:56:40,28.0,44.8
17:56:50,28.0,44.9
17:57:00,28.0,44.8
17:57:10,28.0,44.9
17:57:20,28.0,44.9
17:57:30,28.0,44.9
17:57:40,28.0,44.9
17:57:50,28.0,44.9
17:58:00,28.0,45.1
17:58:10,28.0,45.0
17:58:20,28.0,44.8
17:58:30,28.0,44.6
17:58:40,28.0,44.8
17:58:50,28.0,44.8
17:59:00,28.0,44.7
17:59:10,28.0,44.7
17:59:20,28.0,44.6
17:59:30,28.0,44.6
17:59:40,28.0,44.6
17:59:50,28.0,44.7
18:00:00,28.0,44.7
18:00:10,28.0,44.8
18:00:20,28.0,44.7
18:00:30,28.0,44.8
18:00:40,28.0,44.8
18:00:50,28.0,44.8
18:01:00,28.0,44.7
18:01:10,28.0,44.7
18:01:20,28.0,44.7
18:01:30,28.0,44.7
18:01:40,28.0,44.6
18:01:50,28.0,44.7
18:02:00,28.0,44.7
18:02:10,28.0,44.6
18:02:20,28.0,44.6
18:02:30,28.0,44.5
18:02:40,28.0,44.6
18:02:50,28.0,44.6
18:03:00,28.0,44.6
18:03:10,28.0,44.7
18:03:20,28.0,44.6
18:03:30,28.0,44.7
18:03:40,28.0,44.6
18:03:50,28.0,44.6
18:04:00,28.0,44.6
18:04:10,28.0,44.6
18:04:20,28.0,44.6
18:04:30,28.0,44.7
18:04:40,28.0,44.6
18:04:50,28.0,44.6
18:05:00,28.0,44.6
18:05:10,28.0,44.6
18:05:20,28.0,44.5
18:05:30,28.0,44.5
18:05:40,28.0,44.5
18:05:51,28.0,44.6
18:06:00,28.0,44.5
18:06:11,28.0,44.6
18:06:20,28.0,44.5
18:06:30,28.0,44.5
18:06:40,28.0,44.3
18:06:50,28.0,44.4
18:07:00,28.0,44.5
18:07:10,28.0,44.4
18:07:20,28.0,44.4
18:07:30,28.0,44.3
18:07:40,28.0,44.4
18:07:50,28.0,44.3
18:08:00,28.0,44.3
18:08:10,28.0,44.2
18:08:20,28.0,44.0
18:08:30,28.0,44.0
18:08:40,28.0,43.9
18:08:50,28.0,43.9
18:09:00,28.0,43.9
18:09:10,28.0,43.8
18:09:20,28.0,43.9
18:09:30,28.0,43.9
18:09:40,28.0,43.9
18:09:50,28.0,44.0
18:10:00,28.0,43.9
18:10:10,28.0,43.9
18:10:20,28.0,43.9
18:10:30,28.0,44.0
18:10:40,28.0,43.9
18:10:50,28.0,43.9
18:11:00,28.0,43.9
18:11:10,28.0,43.8
18:11:20,28.0,43.8
18:11:30,28.0,43.8
18:11:40,28.0,43.9
18:11:50,28.0,43.9
18:12:00,28.0,43.9
18:12:10,28.0,43.9
18:12:20,28.0,43.9
18:12:30,28.0,43.8
18:12:40,28.0,44.0
18:12:50,28.0,43.9
18:13:00,28.0,43.9
18:13:10,28.0,43.9
18:13:20,28.0,43.9
18:13:30,28.0,43.9
18:13:40,28.0,43.9
18:13:50,28.0,43.9
18:14:00,28.0,43.9
18:14:10,28.0,44.0
18:14:20,28.0,44.0
18:14:30,28.0,43.9
18:14:40,28.0,43.9
18:14:50,28.0,43.8
18:15:00,28.0,43.8
18:15:10,28.0,43.8
18:15:20,28.0,43.8
18:15:30,28.0,43.8
18:15:40,28.0,44.0
18:15:50,28.0,43.9
18:16:00,28.0,43.8
18:16:10,28.0,43.9
18:16:20,28.0,43.8
18:16:30,28.0,43.8
18:16:40,28.0,43.8
18:16:50,28.0,43.7
18:17:00,28.0,43.8
18:17:10,28.0,43.8
18:17:20,28.0,43.6
18:17:30,28.0,43.7
18:18:50,28.0,43.7
18:19:00,28.0,43.7
18:19:10,28.0,43.6
18:19:20,28.0,43.6
18:19:30,28.0,43.5
18:19:40,28.0,43.6
18:19:50,28.0,43.6
18:20:00,28.0,43.6
18:20:10,28.0,43.6
18:20:20,28.0,43.6
18:20:30,28.0,43.5
18:20:40,28.0,43.6
18:20:50,28.0,43.4
18:21:00,28.0,43.4
18:21:10,28.0,43.5
18:21:20,28.0,43.5
18:21:30,28.0,43.5
18:21:40,28.0,43.4
18:21:50,28.0,45.1
18:22:00,28.0,47.3
18:22:10,28.0,48.4
18:22:20,28.0,46.3
18:22:30,28.0,45.6
18:22:40,28.0,45.2
18:22:50,28.0,45.9
18:23:00,28.0,47.9
18:23:10,28.0,49.4
18:23:20,28.0,47.1
18:23:30,28.0,45.5
18:23:40,28.0,45.6
18:23:50,28.0,47.3
18:24:00,28.0,50.1
18:24:10,28.0,46.5
18:24:20,28.0,50.5
18:24:30,28.0,50.7
18:24:40,28.0,48.9
18:24:50,27.9,46.9
18:25:00,27.9,49.7
18:25:10,27.9,48.2
18:25:20,27.9,46.9
18:25:30,27.9,47.3
18:25:40,27.9,45.9
18:25:50,27.9,47.7
18:26:00,27.9,46.9
18:26:10,27.9,46.6
18:26:20,27.9,48.7
18:26:30,27.9,50.5
18:26:40,27.9,49.3
18:26:50,27.9,49.4
18:27:00,27.9,46.3
18:27:10,27.9,46.3
18:27:20,27.9,46.0
18:27:30,27.9,46.1
18:27:40,27.9,46.9
18:27:50,27.9,47.9
18:28:00,27.9,46.0
18:28:10,27.9,46.1
18:28:20,27.8,45.7
18:28:31,27.8,45.6
18:28:40,27.9,47.3
18:28:50,27.9,46.1
18:29:00,27.9,48.1
18:29:11,27.8,46.1
18:29:20,27.9,46.6
18:29:30,27.8,46.3
18:29:40,27.8,46.1
18:29:50,27.8,47.5
18:30:00,27.8,47.7
18:30:10,27.8,48.2
18:30:20,27.8,49.0
18:30:30,27.8,46.9
18:30:40,27.8,48.2
18:30:50,27.8,48.7
18:31:00,27.8,48.9
18:31:10,27.8,50.9
18:31:20,27.8,47.3
18:31:30,27.8,47.3
18:31:40,27.8,48.1
18:31:50,27.8,46.1
18:32:00,27.8,47.0
18:32:10,27.8,46.8
18:32:20,27.8,47.3
18:32:30,27.8,47.4
18:32:40,27.7,46.3
18:32:50,27.8,48.2
18:33:00,27.8,47.2
18:33:10,27.8,46.2
18:33:20,27.8,48.3
18:33:30,27.8,46.8
18:33:40,27.8,45.9
18:33:50,27.7,48.8
18:34:00,27.8,46.1
18:34:10,27.7,45.7
18:34:20,27.7,46.7
18:34:30,27.8,45.9
18:34:40,27.7,45.9
18:34:50,27.8,45.5
18:35:00,27.8,45.8
18:35:10,27.8,45.5
18:35:20,27.8,45.9
18:35:30,27.8,45.4
18:35:40,27.8,46.1
18:35:50,27.8,47.0
18:36:00,27.8,46.9
18:36:10,27.8,46.8
18:36:20,27.8,46.1
18:36:30,27.8,46.5
18:36:40,27.8,46.5
18:36:50,27.8,45.6
18:37:00,27.8,45.5
18:37:10,27.8,45.4
18:37:20,27.8,46.5
18:37:30,27.8,46.2
18:37:40,27.8,47.8
18:37:50,27.8,46.3
18:38:00,27.8,45.9
18:38:10,27.8,45.9
18:38:20,27.8,45.4
18:38:30,27.8,45.7
18:38:40,27.8,45.3
18:38:50,27.8,46.9
18:39:00,27.8,46.9
18:39:10,27.8,45.8
18:39:20,27.8,45.3
18:39:30,27.8,45.3
18:39:40,27.8,45.5
18:39:50,27.8,45.5
18:40:00,27.8,45.5
18:40:10,27.8,46.0
18:40:20,27.8,45.8
18:40:30,27.8,45.4
18:40:40,27.8,47.1
18:40:50,27.8,45.3
18:41:00,27.8,45.3
18:41:10,27.8,45.4
18:41:20,27.8,45.4
18:41:30,27.8,45.8
18:41:40,27.8,45.4
18:41:50,27.8,45.3
18:42:00,27.8,45.9
18:42:10,27.8,45.5
18:42:20,27.8,45.3
18:42:30,27.8,46.2
18:42:40,27.8,46.7
18:42:50,27.8,45.9
18:43:00,27.8,45.8
18:43:10,27.8,45.5
18:43:20,27.8,45.8
18:43:30,27.8,45.8
18:43:40,27.8,45.5
18:43:50,27.8,45.2
18:44:00,27.8,45.6
18:44:10,27.8,46.3
18:44:20,27.8,46.9
18:44:30,27.8,45.9
18:44:40,27.8,45.9
18:44:50,27.8,45.9
18:45:00,27.8,46.3
18:45:10,27.8,45.4
18:45:20,27.8,45.3
18:45:30,27.8,45.5
18:45:40,27.7,45.5
18:45:50,27.8,45.5
18:46:00,27.8,45.3
18:46:10,27.8,45.2
18:46:20,27.8,46.3
18:46:30,27.8,45.6
18:46:40,27.7,45.3
18:46:51,27.7,46.2
18:47:00,27.7,45.4
18:47:10,27.7,45.5
18:47:23,27.8,45.8
18:47:30,27.8,46.0
18:47:40,27.8,45.3
18:47:50,27.8,45.7
18:48:00,27.8,47.0
18:48:10,27.7,47.3
18:48:24,27.8,46.1
18:48:36,27.7,46.5
18:48:41,27.8,46.7
18:48:52,27.7,45.7
18:49:00,27.7,45.4
18:49:10,27.7,45.4
18:49:25,27.8,45.5
18:49:30,27.8,45.4
18:49:40,27.8,45.1
18:49:50,27.8,45.3
18:50:00,27.8,45.3
18:50:10,27.8,45.2
18:50:20,27.8,45.4
18:50:30,27.8,45.2
18:50:40,27.8,45.1
18:50:50,27.8,45.6
18:51:00,27.8,45.0
18:51:10,27.8,45.0
18:51:20,27.8,45.6
18:51:30,27.8,45.2
18:51:40,27.8,45.3
18:51:50,27.8,45.1
18:52:00,27.8,45.4
18:52:10,27.8,45.0
18:52:20,27.8,45.1
18:52:30,27.8,45.8
18:52:40,27.8,45.8
18:52:50,27.8,45.4
18:53:00,27.8,45.1
18:53:10,27.8,45.5
18:53:20,27.8,45.5
18:53:30,27.8,46.0
18:53:40,27.8,45.3
18:53:50,27.8,46.5
18:54:00,27.8,45.4
18:54:10,27.8,45.5
18:54:20,27.8,45.4
18:54:30,27.8,45.7
18:54:40,27.8,45.7
18:54:51,27.8,45.1
18:55:00,27.8,45.2
18:55:10,27.8,46.0
18:55:21,27.8,46.6
18:55:30,27.8,45.7
18:55:40,27.8,45.2
18:55:50,27.8,45.6
18:56:00,27.8,45.4
18:56:10,27.8,45.5
18:56:20,27.8,47.1
18:56:30,27.8,45.7
18:56:40,27.8,45.0
18:56:50,27.8,45.2
18:57:00,27.8,45.0
18:57:10,27.8,45.5
18:57:20,27.8,45.1
18:57:30,27.8,45.2
18:57:40,27.8,45.2
18:57:50,27.8,45.1
18:58:00,27.8,46.5
18:58:10,27.8,45.1
18:58:20,27.8,45.2
18:58:30,27.8,45.2
18:58:40,27.8,45.1
18:58:50,27.8,46.5
18:59:00,27.8,45.6
18:59:10,27.8,45.5
18:59:20,27.8,45.2
18:59:30,27.8,44.9
18:59:40,27.8,45.0
18:59:50,27.8,44.8
19:00:00,27.8,44.9
19:00:10,27.8,44.8
19:00:20,27.8,45.0
19:00:30,27.8,44.8
19:00:40,27.8,44.8
19:00:50,27.8,44.9
19:01:00,27.8,44.7
19:01:10,27.8,45.2
19:01:20,27.8,44.7
19:01:40,27.8,44.9
19:02:10,27.8,44.8
19:02:43,27.8,44.8
19:02:50,27.8,44.7
19:03:00,27.8,44.8
19:03:10,27.8,44.9
19:03:20,27.8,45.3
19:03:30,27.8,45.3
19:03:40,27.8,46.1
19:03:50,27.8,46.1
19:04:00,27.8,45.4
19:04:10,27.8,45.1
19:04:20,27.8,45.9
19:04:30,27.8,45.2
19:04:40,27.8,44.8
19:04:50,27.8,45.3
19:05:00,27.8,44.9
19:05:10,27.8,45.2
19:06:30,27.8,48.3
19:06:40,27.8,46.9
19:06:50,27.8,45.9
19:07:00,27.8,44.9
19:07:10,27.8,45.3
19:07:20,27.8,45.6
19:07:30,27.8,45.1
19:07:40,27.8,44.9
19:07:50,27.8,44.9
19:08:00,27.8,45.1
19:08:10,27.8,44.8
19:08:20,27.8,44.7
19:08:30,27.7,45.1
19:08:40,27.8,45.1
19:08:50,27.8,44.7
19:09:00,27.8,45.5
19:09:10,27.8,44.9
19:09:20,27.8,47.0
19:09:30,27.8,46.1
19:09:40,27.8,45.9
19:09:50,27.8,45.2
19:10:00,27.8,47.6
19:10:10,27.8,45.1
19:10:20,27.8,45.8
19:10:30,27.8,44.8
19:10:40,27.8,44.8
19:10:50,27.8,44.5
19:11:00,27.8,44.6
19:11:10,27.8,44.9
19:11:20,27.8,44.6
19:11:30,27.8,44.6
19:11:40,27.8,45.2
19:11:50,27.8,44.5
19:12:00,27.8,45.0
19:12:10,27.8,46.6
19:12:20,27.8,45.6
19:12:30,27.8,45.6
19:12:40,27.8,45.4
19:12:50,27.8,44.7
19:13:00,27.8,44.6
19:13:10,27.8,45.2
19:13:20,27.8,45.4
19:13:30,27.8,44.9
19:13:40,27.8,44.7
19:13:50,27.8,45.5
19:14:00,27.8,46.7
19:14:10,27.8,45.8
19:14:20,27.8,44.6
19:14:30,27.8,44.6
19:14:40,27.8,44.5
19:14:50,27.8,44.5
19:15:00,27.8,44.8
19:15:10,27.8,44.9
19:15:20,27.8,44.8
19:15:30,27.8,44.9
19:15:40,27.8,44.5
19:15:50,27.8,45.7
19:16:00,27.8,45.9
19:16:10,27.8,45.9
19:16:20,27.8,44.8
19:16:30,27.8,44.8
19:16:40,27.8,45.1
19:16:50,27.8,45.4
19:17:00,27.8,46.4
19:17:10,27.8,45.8
19:17:20,27.8,44.6
19:17:30,27.8,45.9
19:17:40,27.8,45.4
19:17:50,27.8,46.3
19:18:00,27.8,45.7
19:18:10,27.8,44.7
19:18:20,27.8,45.0
19:18:30,27.8,45.7
19:18:40,27.8,44.7
19:18:50,27.8,45.3
19:19:00,27.8,44.8
19:19:10,27.8,44.5
19:19:20,27.8,46.1
19:19:30,27.8,44.6
19:19:40,27.8,44.9
19:19:50,27.8,44.4
19:20:00,27.8,44.4
19:20:10,27.8,44.4
19:20:20,27.8,44.3
19:20:30,27.8,44.3
19:20:40,27.8,44.2
19:20:50,27.8,44.6
19:21:00,27.8,44.3
19:21:10,27.8,44.3
19:21:20,27.8,44.6
19:21:30,27.8,44.4
19:21:40,27.8,44.4
19:21:50,27.8,44.2
19:22:00,27.8,44.8
19:22:10,27.8,45.1
19:22:20,27.8,44.4
19:22:30,27.8,44.3
19:22:40,27.8,44.3
19:22:50,27.8,44.3
19:23:00,27.8,44.2
19:23:10,27.8,44.2
19:23:20,27.8,44.2
19:23:30,27.8,45.5
19:23:40,27.8,44.7
19:23:50,27.8,44.5
19:24:00,27.8,44.6
19:24:10,27.8,44.2
19:24:20,27.8,44.5
19:24:30,27.8,44.3
19:24:40,27.8,45.0
19:24:50,27.8,44.4
19:25:00,27.8,44.4
19:25:10,27.8,45.1
19:25:20,27.8,45.0
19:25:30,27.8,44.5
19:25:40,27.8,44.2
19:25:50,27.8,44.3
19:26:00,27.8,44.6
19:26:10,27.8,44.8
19:26:20,27.8,44.4
19:26:30,27.8,44.4
19:26:40,27.8,44.8
19:26:50,27.8,44.4
19:27:00,27.8,44.3
19:27:10,27.8,45.0
19:27:20,27.8,44.5
19:27:30,27.8,44.6
19:27:40,27.8,44.3
19:27:50,27.8,44.6
19:28:00,27.8,44.9
19:28:10,27.8,44.5
19:28:20,27.8,44.3
19:28:30,27.8,44.9
19:28:40,27.8,44.8
19:28:50,27.8,44.6
19:29:00,27.8,44.5
19:29:10,27.8,44.8
19:29:20,27.8,44.7
19:29:30,27.8,44.7
20:27:35,28.1,41.6
20:27:47,28.1,40.9
20:27:55,28.1,41.1
20:28:05,28.1,42.0
20:28:15,28.1,41.1
20:28:25,28.1,40.9
20:28:35,28.1,40.9
20:28:45,28.1,41.2
20:28:55,28.1,41.1
20:29:05,28.1,40.8
20:29:15,28.1,41.0
20:29:25,28.1,41.5
20:29:35,28.1,41.3
20:29:45,28.1,41.1
20:29:55,28.1,41.1
20:30:05,28.1,40.7
20:30:15,28.1,40.8
20:30:25,28.1,40.8
20:30:35,28.1,40.5
20:30:45,28.1,40.8
20:30:55,28.1,41.1
20:31:05,28.1,40.4
20:31:15,28.1,40.7
20:31:25,28.1,41.0
20:31:35,28.1,40.6
20:31:45,28.1,40.6
20:31:55,28.1,41.0
20:32:05,28.1,40.4
20:32:15,28.1,40.4
20:32:25,28.1,40.5
20:32:35,28.1,40.6
20:32:45,28.1,40.7
20:32:55,28.1,40.6
20:33:05,28.1,40.4
20:33:15,28.1,40.5
20:33:25,28.1,40.5
20:33:35,28.1,40.4
20:33:45,28.1,40.0
20:33:55,28.1,40.3
20:34:05,28.1,40.1
20:34:15,28.1,40.1
20:34:25,28.1,40.6
20:34:35,28.1,40.5
20:34:45,28.1,40.8
20:34:55,28.1,40.7
20:35:05,28.1,40.5
20:35:15,28.1,40.3
20:35:25,28.1,40.4
20:35:35,28.1,41.3
20:35:45,28.1,40.8
20:35:55,28.1,41.0
20:36:05,28.1,40.2
20:36:15,28.1,40.2
20:36:25,28.1,40.9
20:36:35,28.1,40.5
20:36:45,28.1,40.2
20:36:55,28.1,40.4
20:37:05,28.1,40.7
20:37:15,28.1,40.6
20:37:25,28.1,40.6
20:37:35,28.1,40.3
20:37:45,28.1,40.1
20:37:55,28.1,40.7
20:38:05,28.1,41.1
20:38:15,28.1,40.3
20:38:25,28.1,40.6
20:38:35,28.1,40.4
20:38:45,28.1,39.9
20:38:55,28.1,39.9
20:39:05,28.1,41.2
20:39:15,28.1,40.5
20:39:25,28.1,39.9
20:39:35,28.1,40.2
20:39:45,28.1,40.7
20:39:55,28.1,39.9
20:40:05,28.1,39.8
20:40:15,28.1,40.1
20:40:25,28.1,41.1
20:40:35,28.1,40.4
20:40:45,28.1,40.0
20:40:55,28.1,40.2
20:41:05,28.1,39.9
20:41:15,28.1,39.8
20:41:25,28.1,40.6
20:41:35,28.1,40.3
20:41:45,28.1,40.7
20:41:55,28.1,39.9
20:42:05,28.2,39.8
20:42:15,28.1,40.2
20:42:25,28.1,40.1
20:42:35,28.1,40.6
20:42:45,28.1,40.3
20:42:55,28.2,40.3
20:43:05,28.1,40.0
20:43:15,28.1,39.9
20:43:25,28.1,39.8
20:43:35,28.1,39.8
20:43:45,28.1,39.6
20:43:55,28.2,39.7
20:44:05,28.2,40.5
20:44:15,28.1,40.2
20:44:25,28.1,40.2
20:44:35,28.2,39.8
20:44:45,28.1,39.9
20:44:55,28.1,40.3
20:45:05,28.1,40.3
20:45:15,28.1,40.1
20:45:25,28.1,39.7
20:45:35,28.2,39.6
20:45:45,28.1,40.2
20:45:55,28.1,39.9
20:46:05,28.2,39.6
20:46:15,28.2,40.3
20:46:26,28.2,39.8
20:46:35,28.2,40.0
20:47:57,28.1,40.3
20:48:05,28.2,39.6
20:48:15,28.2,40.0
20:48:25,28.2,39.5
20:48:35,28.2,39.7
20:48:45,28.2,39.5
20:48:55,28.2,39.6
20:49:05,28.1,40.0
20:49:15,28.2,39.5
20:49:25,28.2,39.3
20:49:35,28.2,39.5
20:49:45,28.2,39.3
20:49:55,28.2,39.4
20:50:05,28.2,39.6
20:50:15,28.2,39.3
20:50:25,28.2,39.6
20:50:36,28.2,39.5
20:50:45,28.2,39.5
20:50:55,28.2,39.4
20:51:05,28.2,39.4
20:51:16,28.2,39.9
20:51:25,28.2,39.5
20:51:35,28.2,39.3
20:51:45,28.2,39.7
20:51:55,28.2,39.9
20:52:05,28.2,39.4
20:52:15,28.2,40.1
20:52:25,28.2,39.7
20:52:35,28.2,39.7
20:52:45,28.2,40.3
20:52:55,28.2,39.3
20:53:05,28.2,39.3
20:53:15,28.2,39.3
20:53:25,28.2,39.3
20:53:35,28.2,39.2
20:53:45,28.2,39.5
20:53:55,28.2,39.6
20:54:05,28.2,39.3
20:54:15,28.2,39.8
20:54:25,28.2,39.3
20:54:35,28.2,39.1
20:54:45,28.2,39.3
20:54:55,28.2,39.0
20:55:05,28.2,39.0
20:55:15,28.2,39.1
20:55:25,28.2,39.2
20:55:35,28.2,39.3
20:55:45,28.2,39.0
20:55:55,28.2,39.2
20:56:05,28.2,38.9
20:56:15,28.2,38.8
20:56:25,28.2,39.3
20:56:35,28.2,38.9
20:56:45,28.2,38.9
20:56:55,28.2,39.0
20:57:05,28.2,38.8
20:57:15,28.2,38.7
20:57:25,28.2,39.2
20:57:35,28.2,38.9
20:57:45,28.2,39.8
20:57:55,28.2,38.9
20:58:05,28.2,38.9
20:58:15,28.2,38.7
20:58:25,28.2,38.9
20:58:35,28.2,39.0
20:58:45,28.2,39.8
20:58:55,28.2,38.6
20:59:05,28.2,39.3
20:59:15,28.2,38.6
20:59:25,28.2,38.7
20:59:35,28.2,38.9
20:59:45,28.2,38.6
20:59:55,28.2,38.4
21:00:05,28.2,38.6
21:00:15,28.2,38.3
21:00:25,28.2,38.6
21:00:35,28.2,38.3
21:00:45,28.2,39.1
21:00:55,28.2,38.9
21:01:05,28.2,38.2
21:01:15,28.2,38.6
21:01:25,28.2,38.4
21:01:35,28.2,38.1
21:01:45,28.2,38.1
21:01:56,28.2,38.1
21:02:05,28.2,38.2
21:02:15,28.2,38.4
21:02:25,28.2,38.2
21:02:35,28.2,38.4
21:02:45,28.2,38.1
21:02:55,28.2,38.4
21:03:05,28.2,38.1
21:03:15,28.2,38.5
21:03:25,28.2,38.4
21:03:35,28.2,38.6
21:03:45,28.2,38.3
21:03:55,28.2,38.1
21:04:05,28.2,38.1
21:04:15,28.2,38.4
21:04:25,28.2,38.7
21:04:35,28.2,37.8
21:04:45,28.2,38.5
21:04:55,28.2,38.3
21:05:05,28.2,37.9
21:05:15,28.2,37.9
21:05:25,28.2,38.2
21:05:35,28.2,38.1
21:05:45,28.2,38.4
21:05:55,28.2,37.9
21:06:05,28.2,38.3
21:06:15,28.2,37.9
21:06:25,28.2,37.7
21:06:35,28.2,38.1
21:06:45,28.2,37.9
21:06:55,28.2,37.6
21:07:05,28.2,38.4
21:07:15,28.2,38.9
21:07:25,28.2,38.1
21:07:35,28.2,38.0
21:07:45,28.2,37.8
21:07:55,28.2,37.9
21:08:05,28.2,37.6
21:08:15,28.2,37.6
21:08:25,28.2,38.0
21:08:35,28.2,37.6
21:08:45,28.2,37.7
21:08:55,28.2,38.0
21:09:05,28.2,37.8
21:09:15,28.2,37.8
21:09:25,28.2,38.3
21:09:35,28.2,37.8
21:09:45,28.2,37.9
21:09:55,28.2,38.6
21:10:05,28.2,39.0
21:10:15,28.2,38.6
21:10:25,28.2,38.3
21:10:35,28.2,38.1
21:10:45,28.2,38.0
21:10:55,28.2,38.6
21:11:05,28.2,38.5
21:11:16,28.2,37.8
21:11:25,28.2,37.9
21:11:35,28.2,37.7
21:11:45,28.3,38.3
21:11:55,28.2,38.0
21:12:05,28.2,38.3
21:12:15,28.2,38.0
21:12:25,28.3,38.1
21:12:35,28.2,37.7
21:12:45,28.2,37.8
21:12:55,28.3,38.1
21:13:05,28.2,37.9
21:13:15,28.2,37.9
21:13:25,28.2,37.9
21:13:35,28.2,37.8
21:13:45,28.2,37.8
21:13:56,28.2,37.7
21:14:06,28.2,37.5
21:14:16,28.3,37.8
21:14:26,28.3,37.7
21:14:35,28.3,37.8
21:14:45,28.3,38.6
21:14:55,28.3,38.2
21:15:05,28.3,37.8
21:15:15,28.3,37.6
21:15:25,28.3,37.8
21:15:35,28.3,37.8
21:15:45,28.3,37.8
21:15:55,28.3,38.1
21:16:05,28.3,38.1
21:16:15,28.3,37.8
21:16:25,28.3,38.1
21:16:35,28.3,38.3
21:16:45,28.3,37.9
21:16:55,28.3,37.6
21:17:05,28.3,37.7
21:17:15,28.3,37.7
21:17:25,28.3,37.6
21:17:35,28.3,37.8
21:17:45,28.3,37.5
21:17:55,28.3,37.6
21:18:05,28.3,37.6
21:18:15,28.3,37.6
21:18:25,28.3,37.5
21:18:35,28.3,37.9
21:18:45,28.3,37.8
21:18:55,28.3,38.2
21:19:05,28.3,37.7
21:19:15,28.3,37.8
21:19:25,28.3,37.7
21:19:35,28.3,38.2
21:19:45,28.3,37.8
21:19:55,28.3,38.3
21:20:05,28.3,37.8
21:20:15,28.3,37.6
21:20:25,28.3,37.6
21:20:35,28.3,37.4
21:20:45,28.3,37.7
21:20:55,28.3,38.2
21:21:05,28.3,38.1
21:21:15,28.3,37.7
21:21:25,28.3,38.0
21:21:35,28.3,37.8
21:21:45,28.3,37.8
21:21:55,28.3,37.6
21:22:05,28.3,37.5
21:22:15,28.3,37.6
21:22:25,28.3,37.5
21:22:35,28.3,37.6
21:22:45,28.3,37.5
21:22:55,28.3,37.6
21:23:05,28.3,38.1
21:23:15,28.3,37.6
21:23:25,28.3,37.7
21:23:35,28.3,37.7
21:23:45,28.3,37.9
21:23:55,28.3,37.9
21:24:05,28.3,37.7
21:24:15,28.3,37.7
21:24:28,28.3,37.6
21:24:35,28.3,37.6
21:24:45,28.3,37.5
21:24:55,28.3,37.6
21:25:05,28.3,38.0
21:25:15,28.3,38.0
21:25:25,28.3,38.1
21:25:35,28.3,38.1
21:25:45,28.3,37.9
21:25:55,28.3,37.8
21:26:05,28.3,37.8
21:26:15,28.3,37.6
21:26:25,28.3,37.7
21:26:35,28.3,38.3
21:26:45,28.3,37.9
21:26:55,28.3,37.8
21:27:05,28.3,37.6
21:27:15,28.3,37.7
21:27:25,28.3,37.7
21:27:35,28.3,37.9
21:27:45,28.3,37.9
21:27:55,28.3,38.0
21:28:05,28.3,37.7
21:28:15,28.3,37.7
21:28:25,28.3,37.9
21:28:35,28.3,37.7
21:28:45,28.3,37.6
21:28:55,28.3,38.0
21:29:05,28.3,37.9
21:29:15,28.3,37.6
21:29:25,28.3,38.0
21:29:35,28.3,37.6
21:29:45,28.3,37.7
21:29:55,28.3,38.3
21:30:05,28.3,38.1
21:30:15,28.3,37.8
21:30:25,28.3,38.1
21:30:35,28.3,37.8
21:30:45,28.3,37.9
21:30:55,28.3,37.7
21:31:05,28.3,38.4
21:31:15,28.3,38.2
21:31:25,28.3,38.0
21:31:35,28.3,38.0
21:31:45,28.3,37.6
21:31:55,28.3,38.0
21:32:05,28.3,38.0
21:32:15,28.3,37.6
21:32:25,28.3,37.7
21:32:35,28.3,37.5
21:32:45,28.3,37.7
21:32:55,28.3,37.8
21:33:05,28.3,37.7
21:33:15,28.3,37.9
21:33:26,28.3,37.7
21:33:35,28.3,37.6
21:33:45,28.3,37.5
21:33:55,28.3,37.9
21:34:05,28.3,37.7
21:34:15,28.3,37.9
21:34:25,28.3,37.5
21:34:35,28.3,37.6
21:34:45,28.3,37.6
21:34:55,28.3,37.7
21:35:05,28.3,37.5
21:35:15,28.3,37.4
21:35:25,28.3,37.6
21:35:35,28.3,37.4
21:35:45,28.3,37.5
21:35:55,28.3,37.3
21:36:05,28.3,37.5
21:36:15,28.4,37.4
21:36:25,28.3,37.3
21:36:35,28.4,38.2
21:36:45,28.4,37.5
21:36:55,28.4,37.6
21:37:05,28.4,37.4
21:37:15,28.4,37.4
21:37:25,28.4,37.5
21:37:35,28.4,37.4
21:37:45,28.4,37.2
21:37:55,28.4,37.3
21:38:05,28.4,38.0
21:38:15,28.4,37.5
21:38:25,28.4,37.4
21:38:35,28.4,37.5
21:38:45,28.4,37.4
21:38:55,28.4,37.4
21:39:05,28.4,37.4
21:39:15,28.4,37.2
21:39:25,28.4,37.7
21:39:35,28.4,37.6
21:39:45,28.4,37.4
21:39:55,28.4,37.3
21:40:05,28.4,37.1
21:40:15,28.4,37.1
21:40:25,28.4,37.3
21:40:35,28.4,37.4
21:40:45,28.4,37.2
21:40:55,28.4,37.3
21:41:05,28.4,37.3
21:41:15,28.4,37.1
21:41:25,28.4,37.2
21:41:35,28.4,37.1
21:41:45,28.4,37.1
21:41:55,28.4,37.1
21:42:05,28.4,37.0
21:42:15,28.4,37.1
21:42:25,28.4,37.2
21:42:35,28.4,37.1
21:42:45,28.4,37.2
21:42:55,28.4,37.1
21:43:05,28.4,37.2
21:43:15,28.4,37.1
21:43:25,28.4,37.4
21:43:35,28.4,37.1
21:43:45,28.4,37.4
21:43:55,28.4,37.3
21:44:05,28.4,37.3
21:44:15,28.4,37.1
21:44:25,28.4,37.0
21:44:35,28.4,37.4
21:44:45,28.4,37.2
21:44:55,28.4,37.4
21:45:05,28.4,37.6
21:45:15,28.4,37.4
21:45:25,28.4,37.3
21:45:35,28.4,37.3
21:45:45,28.4,37.4
21:45:55,28.4,37.2
21:46:05,28.4,37.1
21:46:15,28.4,37.0
21:46:25,28.4,37.1
21:46:35,28.4,37.2
21:46:45,28.4,37.3
21:46:55,28.4,37.3
21:47:05,28.4,37.1
21:47:15,28.4,37.0
21:47:25,28.4,37.1
21:47:35,28.4,36.9
21:47:45,28.4,37.3
21:47:55,28.4,37.5
21:48:05,28.4,37.3
21:48:15,28.4,37.1
21:48:25,28.4,37.2
21:48:35,28.4,37.1
21:48:45,28.4,36.9
21:48:58,28.4,36.9
21:49:05,28.4,37.2
21:49:15,28.4,37.3
21:49:25,28.4,37.1
21:49:35,28.4,37.2
21:49:45,28.4,37.0
21:49:55,28.4,37.1
21:50:05,28.4,37.1
21:50:15,28.4,37.4
21:50:25,28.4,37.3
21:50:37,28.4,37.3
21:50:45,28.4,37.3
21:50:55,28.4,37.6
21:51:05,28.4,37.1
21:51:15,28.4,37.2
21:51:25,28.4,36.9
21:51:35,28.4,37.1
21:51:45,28.4,37.3
21:51:55,28.4,36.9
21:52:05,28.4,37.2
21:52:15,28.4,37.1
21:52:25,28.4,37.4
21:52:35,28.4,37.3
21:52:45,28.4,37.1
21:52:55,28.4,37.1
21:53:05,28.4,37.5
21:53:15,28.4,37.0
21:53:25,28.4,37.0
21:53:35,28.4,37.1
21:53:45,28.4,37.0
21:53:55,28.4,36.8
21:54:05,28.4,36.9
21:54:15,28.4,37.2
21:54:25,28.4,37.2
21:54:35,28.4,37.2
21:54:45,28.4,37.3
21:54:55,28.4,37.1
21:55:05,28.4,37.5
21:55:15,28.4,37.3
21:55:25,28.4,37.6
21:55:35,28.4,37.8
21:55:45,28.4,37.2
21:55:55,28.4,37.3
21:56:05,28.4,37.1
21:56:15,28.4,37.4
21:56:25,28.4,37.1
21:56:35,28.4,37.1
21:56:45,28.4,37.4
21:56:55,28.4,37.2
21:57:05,28.4,37.1
21:57:15,28.4,37.3
21:57:25,28.4,37.0
21:57:35,28.4,37.4
21:57:45,28.4,36.9
21:57:55,28.4,36.7
21:58:05,28.4,36.7
21:58:15,28.4,36.7
21:58:25,28.4,37.0
21:58:35,28.4,37.1
21:58:45,28.4,36.9
21:58:55,28.4,37.1
21:59:05,28.4,37.0
21:59:15,28.4,37.0
21:59:25,28.4,37.1
21:59:35,28.4,37.0
21:59:45,28.4,36.9
21:59:55,28.4,37.4
22:00:05,28.4,37.3
22:00:15,28.4,37.4
22:00:25,28.4,37.1
22:00:35,28.4,37.2
22:00:45,28.4,37.2
22:00:55,28.4,37.4
22:01:05,28.4,37.2
22:01:15,28.4,37.1
22:01:25,28.4,37.0
22:01:35,28.4,37.0
22:01:45,28.4,37.0
22:01:55,28.4,37.0
22:02:05,28.4,37.3
22:02:15,28.4,37.0
22:02:25,28.4,36.9
22:02:35,28.4,37.1
22:02:45,28.4,37.0
22:02:55,28.4,37.3
22:03:05,28.4,36.9
22:03:15,28.4,37.1
22:03:25,28.4,36.9
22:03:35,28.4,36.9
22:03:45,28.4,37.0
22:03:55,28.4,37.2
22:04:06,28.4,37.1
22:04:15,28.4,36.9
22:04:25,28.4,37.2
22:04:35,28.4,36.9
22:04:45,28.4,36.9
22:04:55,28.4,36.8
22:05:05,28.4,37.3
22:05:15,28.4,37.4
22:05:25,28.4,37.2
22:05:35,28.4,37.3
22:05:45,28.4,37.4
22:05:55,28.4,37.3
22:06:05,28.4,37.1
22:06:15,28.4,37.2
22:06:25,28.4,37.2
22:06:35,28.4,37.1
22:06:45,28.4,37.1
22:06:55,28.4,37.1
22:07:05,28.4,37.4
22:07:15,28.4,37.5
22:07:25,28.4,37.2
22:07:35,28.4,37.0
22:07:45,28.4,37.1
22:07:55,28.4,37.1
22:08:05,28.4,37.1
22:08:15,28.4,37.1
22:08:25,28.4,37.3
22:08:35,28.4,37.1
22:08:45,28.4,36.9
22:08:55,28.4,36.9
22:09:05,28.4,37.0
22:09:15,28.4,37.0
22:09:25,28.4,37.1
22:09:35,28.4,37.1
22:09:45,28.4,36.9
22:09:55,28.4,36.9
22:10:05,28.4,37.4
22:10:15,28.4,37.0
22:10:25,28.4,36.8
22:10:35,28.4,36.7
22:10:45,28.4,37.0
22:10:55,28.4,36.8
22:11:05,28.4,37.2
22:11:15,28.4,36.8
22:11:25,28.4,36.6
22:11:35,28.4,36.7
22:11:45,28.4,37.0
22:11:55,28.4,36.8
22:12:05,28.4,36.8
22:12:15,28.4,36.6
22:12:25,28.5,36.8
22:12:35,28.5,36.7
22:12:45,28.4,37.2
22:12:55,28.5,36.9
22:13:05,28.4,36.7
22:13:15,28.4,36.5
22:13:25,28.5,36.7
22:13:35,28.5,36.5
22:13:45,28.4,36.7
22:13:55,28.5,36.5
22:14:05,28.5,36.5
22:14:15,28.5,36.5
22:14:25,28.5,36.5
22:14:35,28.5,36.4
22:14:45,28.5,36.6
22:14:55,28.5,36.7
22:15:05,28.5,37.1
22:15:15,28.5,36.5
22:15:25,28.5,36.6
22:15:35,28.5,36.5
22:15:45,28.5,36.6
22:15:55,28.5,36.7
22:16:05,28.5,36.7
22:16:15,28.5,36.5
22:16:25,28.5,36.7
22:16:35,28.5,36.6
22:16:45,28.5,36.6
22:16:55,28.5,36.7
22:17:05,28.5,36.6
22:17:15,28.5,36.8
22:17:25,28.5,36.9
22:17:35,28.5,37.1
22:17:45,28.5,36.5
22:17:55,28.5,36.5
22:18:05,28.5,36.5
22:18:15,28.5,36.6
22:18:25,28.5,36.5
22:18:35,28.5,36.7
22:18:45,28.4,36.7
22:18:55,28.5,36.4
22:19:05,28.5,36.5
22:19:15,28.5,36.5
22:19:25,28.5,36.5
22:19:35,28.5,36.5
22:19:45,28.5,36.5
22:19:55,28.5,36.8
22:20:05,28.5,36.4
22:20:15,28.5,36.6
22:20:25,28.5,36.6
22:20:35,28.5,36.5
22:20:45,28.5,36.8
22:20:55,28.5,36.9
22:21:05,28.5,36.5
22:21:15,28.5,36.6
22:21:25,28.5,36.6
22:21:35,28.5,36.5
22:21:45,28.5,36.4
22:21:55,28.5,36.4
22:22:05,28.5,36.4
22:22:15,28.5,36.5
22:22:25,28.5,37.0
22:22:35,28.4,36.5
22:22:45,28.5,36.4
22:22:55,28.5,36.9
22:23:05,28.5,36.8
22:23:15,28.5,36.6
22:23:25,28.5,36.6
22:23:35,28.5,36.8
22:23:45,28.5,36.7
22:23:55,28.5,36.5
22:24:05,28.5,36.7
22:24:15,28.5,36.9
22:24:25,28.5,36.7
22:24:35,28.5,36.5
22:24:45,28.5,36.4
22:24:55,28.5,37.0
22:25:05,28.5,36.9
22:25:15,28.5,36.7
22:25:25,28.5,36.5
22:25:35,28.5,36.5
22:25:45,28.5,36.5
22:25:55,28.4,36.6
22:26:05,28.5,36.4
22:26:15,28.5,36.5
22:26:25,28.5,36.6
22:26:35,28.5,36.3
22:26:45,28.5,36.3
22:26:55,28.5,36.5
22:27:05,28.5,36.9
22:27:15,28.5,36.8
22:27:25,28.5,36.5
22:27:35,28.5,36.3
22:27:45,28.5,36.4
22:27:55,28.5,37.0
22:28:05,28.5,36.5
22:28:15,28.5,36.4
22:28:25,28.5,36.5
22:28:35,28.5,36.6
22:28:45,28.5,36.6
22:28:55,28.5,36.5
22:29:05,28.5,36.9
22:29:15,28.5,36.7
22:29:25,28.5,36.6
22:29:35,28.5,36.7
22:29:45,28.5,36.4
22:29:55,28.5,36.5
22:30:05,28.5,37.2
22:30:15,28.5,36.5
22:30:25,28.5,36.8
22:30:35,28.5,36.6
22:30:45,28.5,36.4
22:30:55,28.5,36.3
22:31:05,28.5,36.9
22:31:15,28.5,36.9
22:31:25,28.5,36.9
22:31:35,28.5,36.6
22:31:45,28.5,36.9
22:31:55,28.5,36.8
22:32:05,28.5,36.8
22:32:15,28.5,36.7
22:32:25,28.5,36.8
22:32:35,28.5,36.6
22:32:45,28.5,36.5
22:32:55,28.5,36.6
22:33:05,28.5,36.6
22:33:15,28.5,36.4
22:33:25,28.5,36.6
22:33:35,28.5,36.7
22:33:45,28.5,36.5
22:33:55,28.5,36.5
22:34:05,28.5,36.6
22:34:15,28.5,36.6
22:34:25,28.5,36.8
22:34:35,28.5,36.5
22:34:45,28.5,36.7
22:34:55,28.5,36.6
22:35:05,28.5,36.4
22:35:15,28.5,36.4
22:35:25,28.5,36.6
22:35:35,28.5,36.5
22:35:45,28.5,36.5
22:35:55,28.5,37.0
22:36:05,28.5,36.4
22:36:15,28.5,36.6
22:36:25,28.5,36.8
22:36:35,28.5,36.5
22:36:45,28.5,36.6
22:36:55,28.5,36.6
22:37:05,28.5,36.5
22:37:15,28.5,36.9
22:37:25,28.5,36.5
22:37:35,28.5,36.3
22:37:45,28.5,36.3
22:37:55,28.5,36.5
22:38:05,28.5,36.4
22:38:15,28.5,36.4
22:38:25,28.5,36.7
22:38:35,28.5,36.5
22:38:45,28.5,36.6
22:38:55,28.5,36.8
22:39:05,28.5,36.7
22:39:15,28.5,36.5
22:39:25,28.5,36.7
22:39:35,28.5,36.4
22:39:45,28.5,36.3
22:39:55,28.5,36.4
22:40:05,28.5,36.4
22:40:15,28.5,36.7
22:40:25,28.5,36.5
22:40:35,28.5,36.3
22:40:45,28.5,36.3
22:40:55,28.5,36.4
22:41:05,28.5,36.2
22:41:15,28.5,36.3
22:41:25,28.5,36.3
22:41:35,28.5,36.5
22:41:45,28.5,36.5
22:41:55,28.5,36.7
22:42:05,28.5,36.5
22:42:15,28.5,36.5
22:42:25,28.5,36.4
22:42:35,28.5,36.2
22:42:45,28.5,36.3
22:42:55,28.5,36.3
22:43:05,28.5,36.3
22:43:15,28.5,36.7
22:43:25,28.5,36.2
22:43:35,28.5,36.5
22:43:45,28.5,36.6
22:43:55,28.5,36.2
22:44:05,28.5,36.6
22:44:15,28.5,36.5
22:44:25,28.5,36.3
22:44:35,28.5,36.3
22:44:45,28.5,36.4
22:44:55,28.5,36.0
22:45:05,28.5,36.2
22:45:15,28.5,36.3
22:45:25,28.5,36.3
22:45:35,28.5,36.3
22:45:45,28.5,36.3
22:45:55,28.5,36.4
22:46:05,28.5,36.4
22:46:15,28.5,36.3
22:46:25,28.5,36.5
22:46:35,28.5,36.6
22:46:45,28.5,36.5
22:46:55,28.5,36.6
22:47:05,28.5,36.6
22:47:15,28.5,36.5
22:47:25,28.5,36.3
22:47:35,28.5,36.3
22:47:45,28.5,36.4
22:47:55,28.5,36.3
22:48:05,28.5,36.4
22:48:15,28.5,36.5
22:48:25,28.5,36.3
22:48:35,28.5,36.2
22:48:45,28.5,36.3
22:48:55,28.5,36.4
22:49:05,28.5,36.3
22:49:15,28.5,36.4
22:49:25,28.5,36.4
22:49:35,28.5,36.4
22:49:45,28.5,36.3
22:49:55,28.5,36.8
22:50:05,28.5,36.4
22:50:16,28.5,36.6
22:50:25,28.5,36.7
22:50:35,28.5,36.8
22:50:45,28.5,36.6
22:50:55,28.5,36.6
22:51:05,28.5,36.6
22:51:15,28.5,36.5
22:51:25,28.5,36.6
22:51:35,28.5,36.9
22:51:45,28.5,36.7
22:51:55,28.5,36.6
22:52:05,28.5,36.6
22:52:15,28.5,36.5
22:52:25,28.5,36.5
22:52:35,28.5,36.4
22:52:45,28.5,36.7
22:52:55,28.5,36.6
22:53:05,28.5,36.5
22:53:17,28.5,36.9
22:53:25,28.5,36.5
22:53:35,28.5,36.4
22:53:45,28.5,36.6
22:53:55,28.5,36.6
22:54:05,28.5,36.6
22:54:15,28.5,36.5
22:54:25,28.5,36.6
22:54:35,28.5,36.5
22:54:45,28.5,36.4
22:54:55,28.5,36.5
22:55:05,28.5,36.5
22:55:15,28.5,36.5
22:55:25,28.5,36.4
22:55:35,28.5,36.4
22:55:45,28.5,36.6
22:55:55,28.5,36.5
22:56:05,28.5,36.5
22:56:15,28.5,36.4
22:56:25,28.5,36.8
22:56:35,28.5,36.6
22:56:45,28.5,36.8
22:56:55,28.5,36.5
22:57:05,28.5,36.5
22:57:15,28.5,36.4
22:57:25,28.5,36.4
22:57:35,28.5,36.4
22:57:45,28.5,36.4
22:57:55,28.5,36.5
22:58:05,28.5,36.4
22:58:15,28.5,36.5
22:58:25,28.5,36.6
22:58:35,28.5,36.5
22:58:45,28.5,36.7
22:58:55,28.5,36.7
22:59:05,28.5,36.6
22:59:15,28.5,36.6
22:59:25,28.5,36.6
22:59:35,28.5,36.6
22:59:45,28.5,36.5
22:59:55,28.5,36.5
23:00:05,28.5,37.0
23:00:15,28.5,36.3
23:00:25,28.5,36.4
23:00:35,28.5,36.4
23:00:45,28.5,36.5
23:00:55,28.5,36.4
23:01:05,28.5,36.8
23:01:15,28.5,36.4
23:01:25,28.5,36.8
23:01:35,28.5,36.9
23:01:45,28.5,36.5
23:01:55,28.5,36.5
23:02:05,28.5,36.5
23:02:15,28.5,36.5
23:02:25,28.5,36.4
23:02:35,28.5,36.6
23:02:45,28.5,36.4
23:02:55,28.5,36.5
23:03:05,28.5,36.5
23:03:15,28.5,36.5
23:03:25,28.5,36.5
23:03:35,28.5,36.6
23:03:45,28.5,36.7
23:03:55,28.5,36.5
23:04:05,28.5,36.6
23:04:15,28.5,36.5
23:04:25,28.5,36.8
23:04:35,28.5,36.7
23:04:45,28.5,36.5
23:04:55,28.5,36.5
23:05:05,28.5,36.4
23:05:15,28.5,36.4
23:05:25,28.5,36.4
23:05:35,28.5,36.4
23:05:45,28.5,36.6
23:05:55,28.5,36.6
23:06:05,28.5,36.6
23:06:15,28.5,36.6
23:06:25,28.5,36.5
23:06:35,28.5,36.4
23:06:45,28.5,36.5
23:06:55,28.5,36.4
23:07:05,28.5,36.7
23:07:15,28.5,36.9
23:07:25,28.5,36.5
23:07:35,28.5,36.5
23:07:45,28.5,36.6
23:07:55,28.5,36.4
23:08:05,28.5,36.7
23:08:15,28.5,36.6
23:08:25,28.5,36.6
23:08:35,28.5,36.5
23:08:45,28.5,36.5
23:08:55,28.5,36.4
23:09:05,28.5,36.4
23:09:16,28.5,36.5
23:09:25,28.5,36.6
23:09:35,28.5,36.7
23:09:45,28.5,36.5
23:09:55,28.5,36.5
23:10:05,28.5,36.6
23:10:15,28.5,36.4
23:10:25,28.5,36.6
23:10:35,28.5,36.8
23:10:45,28.5,36.5
23:10:55,28.5,36.6
23:11:05,28.5,36.5
23:11:15,28.5,36.5
23:11:25,28.5,36.6
23:11:35,28.5,36.4
23:11:45,28.5,36.4
23:11:55,28.5,36.5
23:12:05,28.5,36.3
23:12:15,28.5,36.3
23:12:25,28.5,36.4
