time,temperature,humidity
00:00:07,0.0,0.0
00:00:17,0.0,0.0
00:00:28,0.0,0.0
00:00:37,0.0,0.0
00:00:47,0.0,0.0
00:00:58,0.0,0.0
00:01:07,0.0,0.0
00:01:17,0.0,0.0
00:01:28,0.0,0.0
00:01:37,0.0,0.0
00:01:47,0.0,0.0
00:01:58,0.0,0.0
00:02:07,0.0,0.0
00:02:17,0.0,0.0
00:02:28,0.0,0.0
00:02:37,0.0,0.0
00:02:48,0.0,0.0
00:02:58,0.0,0.0
00:03:07,0.0,0.0
00:03:18,0.0,0.0
00:03:28,0.0,0.0
00:03:37,0.0,0.0
00:03:48,0.0,0.0
00:03:57,0.0,0.0
00:04:07,0.0,0.0
00:04:18,0.0,0.0
00:04:27,0.0,0.0
00:04:37,0.0,0.0
00:04:48,0.0,0.0
00:04:57,0.0,0.0
00:05:08,0.0,0.0
00:05:18,0.0,0.0
00:05:27,0.0,0.0
00:05:37,0.0,0.0
00:05:48,0.0,0.0
00:05:57,0.0,0.0
00:06:07,0.0,0.0
00:06:18,0.0,0.0
00:06:27,0.0,0.0
00:06:37,0.0,0.0
00:06:48,0.0,0.0
00:06:57,0.0,0.0
00:07:08,0.0,0.0
00:07:18,0.0,0.0
00:07:27,0.0,0.0
00:07:38,0.0,0.0
00:07:48,0.0,0.0
00:07:57,0.0,0.0
00:08:06,0.0,0.0
00:08:18,0.0,0.0
00:08:27,0.0,0.0
00:08:38,0.0,0.0
00:08:47,0.0,0.0
00:08:57,0.0,0.0
00:09:08,0.0,0.0
00:09:17,0.0,0.0
00:09:27,0.0,0.0
00:09:38,0.0,0.0
00:09:47,0.0,0.0
00:09:57,0.0,0.0
00:10:08,0.0,0.0
00:10:17,0.0,0.0
00:10:27,0.0,0.0
00:10:38,0.0,0.0
00:10:47,0.0,0.0
00:10:57,0.0,0.0
00:11:08,0.0,0.0
00:11:17,0.0,0.0
00:11:27,0.0,0.0
00:11:38,0.0,0.0
00:11:47,0.0,0.0
00:11:57,0.0,0.0
00:12:08,0.0,0.0
00:12:17,0.0,0.0
00:12:27,0.0,0.0
00:12:38,0.0,0.0
00:12:47,0.0,0.0
00:12:58,0.0,0.0
00:13:08,0.0,0.0
00:13:17,0.0,0.0
00:13:28,0.0,0.0
00:13:37,0.0,0.0
00:13:47,0.0,0.0
00:13:58,0.0,0.0
00:14:07,0.0,0.0
00:14:16,0.0,0.0
00:14:28,0.0,0.0
00:14:37,0.0,0.0
00:14:47,0.0,0.0
00:14:58,0.0,0.0
00:15:07,0.0,0.0
00:15:17,0.0,0.0
00:15:28,0.0,0.0
00:15:37,0.0,0.0
00:15:48,0.0,0.0
00:15:58,0.0,0.0
00:16:07,0.0,0.0
00:16:17,0.0,0.0
00:16:28,0.0,0.0
00:16:37,0.0,0.0
00:16:48,0.0,0.0
00:16:58,0.0,0.0
00:17:07,0.0,0.0
00:17:17,0.0,0.0
00:17:28,0.0,0.0
00:17:37,0.0,0.0
00:17:47,0.0,0.0
00:17:58,0.0,0.0
00:18:07,0.0,0.0
00:18:17,0.0,0.0
00:18:28,0.0,0.0
00:18:37,0.0,0.0
00:18:47,0.0,0.0
00:18:58,0.0,0.0
00:19:07,0.0,0.0
00:19:18,0.0,0.0
00:19:28,0.0,0.0
00:19:37,0.0,0.0
00:19:48,0.0,0.0
00:19:57,0.0,0.0
00:20:07,0.0,0.0
00:20:18,0.0,0.0
00:20:27,0.0,0.0
00:20:37,0.0,0.0
00:20:48,0.0,0.0
00:20:57,0.0,0.0
00:21:07,0.0,0.0
00:21:18,0.0,0.0
00:21:27,0.0,0.0
00:21:37,0.0,0.0
00:21:48,0.0,0.0
00:21:57,0.0,0.0
00:22:07,0.0,0.0
00:22:18,0.0,0.0
00:22:27,0.0,0.0
00:22:37,0.0,0.0
00:22:48,0.0,0.0
00:22:57,0.0,0.0
00:23:08,0.0,0.0
00:23:18,0.0,0.0
00:23:27,0.0,0.0
00:23:38,0.0,0.0
00:23:47,0.0,0.0
00:23:57,0.0,0.0
00:24:08,0.0,0.0
00:24:17,0.0,0.0
00:24:27,0.0,0.0
00:24:38,0.0,0.0
00:24:47,0.0,0.0
00:24:57,0.0,0.0
00:25:08,0.0,0.0
00:25:17,0.0,0.0
00:25:27,0.0,0.0
00:25:38,0.0,0.0
00:25:47,0.0,0.0
00:25:57,0.0,0.0
00:26:08,0.0,0.0
00:26:17,0.0,0.0
00:26:28,0.0,0.0
00:26:38,0.0,0.0
00:26:47,0.0,0.0
00:26:57,0.0,0.0
00:27:08,0.0,0.0
00:27:17,0.0,0.0
00:27:27,0.0,0.0
00:27:38,0.0,0.0
00:27:46,0.0,0.0
00:27:58,0.0,0.0
00:28:07,0.0,0.0
00:28:17,0.0,0.0
00:28:26,0.0,0.0
00:28:38,0.0,0.0
00:28:47,0.0,0.0
00:28:58,0.0,0.0
00:29:07,0.0,0.0
00:29:17,0.0,0.0
00:29:28,0.0,0.0
00:29:37,0.0,0.0
00:29:47,0.0,0.0
00:29:58,0.0,0.0
00:30:07,0.0,0.0
00:30:18,0.0,0.0
00:30:28,0.0,0.0
00:30:37,0.0,0.0
00:30:48,0.0,0.0
00:30:58,0.0,0.0
00:31:07,0.0,0.0
00:31:17,0.0,0.0
00:31:28,0.0,0.0
00:31:37,0.0,0.0
00:31:48,0.0,0.0
00:31:58,0.0,0.0
00:32:07,0.0,0.0
00:32:17,0.0,0.0
00:32:28,0.0,0.0
00:32:37,0.0,0.0
00:32:48,0.0,0.0
00:32:58,0.0,0.0
00:33:07,0.0,0.0
00:33:18,0.0,0.0
00:33:28,0.0,0.0
00:33:37,0.0,0.0
00:33:48,0.0,0.0
00:33:57,0.0,0.0
00:34:07,0.0,0.0
00:34:18,0.0,0.0
00:34:28,0.0,0.0
00:34:37,0.0,0.0
00:34:46,0.0,0.0
00:34:57,0.0,0.0
00:35:07,0.0,0.0
00:35:18,0.0,0.0
00:35:27,0.0,0.0
00:35:37,0.0,0.0
00:35:48,0.0,0.0
00:35:57,0.0,0.0
00:36:08,0.0,0.0
00:36:18,0.0,0.0
00:36:27,0.0,0.0
00:36:37,0.0,0.0
00:36:48,0.0,0.0
00:36:57,0.0,0.0
00:37:08,0.0,0.0
00:37:18,0.0,0.0
00:37:27,0.0,0.0
00:37:38,0.0,0.0
00:37:48,0.0,0.0
00:37:57,0.0,0.0
00:38:08,0.0,0.0
00:38:17,0.0,0.0
00:38:27,0.0,0.0
00:38:38,0.0,0.0
00:38:47,0.0,0.0
00:38:57,0.0,0.0
00:39:08,0.0,0.0
00:39:17,0.0,0.0
00:39:26,0.0,0.0
00:39:38,0.0,0.0
00:39:47,0.0,0.0
00:39:57,0.0,0.0
00:40:08,0.0,0.0
00:40:17,0.0,0.0
00:40:27,0.0,0.0
00:40:38,0.0,0.0
00:40:47,0.0,0.0
00:40:57,0.0,0.0
00:41:08,0.0,0.0
00:41:17,0.0,0.0
00:41:28,0.0,0.0
00:41:38,0.0,0.0
00:41:47,0.0,0.0
00:41:58,0.0,0.0
00:42:08,0.0,0.0
00:42:17,0.0,0.0
00:42:28,0.0,0.0
00:42:38,0.0,0.0
00:42:47,0.0,0.0
00:42:58,0.0,0.0
00:43:07,0.0,0.0
00:43:17,0.0,0.0
00:43:28,0.0,0.0
00:43:38,0.0,0.0
00:43:48,0.0,0.0
00:43:58,0.0,0.0
00:44:07,0.0,0.0
00:44:17,0.0,0.0
00:44:28,0.0,0.0
00:44:38,0.0,0.0
00:44:47,0.0,0.0
00:44:58,0.0,0.0
00:45:07,0.0,0.0
00:45:17,0.0,0.0
00:45:28,0.0,0.0
00:45:37,0.0,0.0
00:45:48,0.0,0.0
00:45:58,0.0,0.0
00:46:07,0.0,0.0
00:46:18,0.0,0.0
00:46:28,0.0,0.0
00:46:37,0.0,0.0
00:46:48,0.0,0.0
00:46:58,0.0,0.0
00:47:07,0.0,0.0
00:47:18,0.0,0.0
00:47:28,0.0,0.0
00:47:37,0.0,0.0
00:47:48,0.0,0.0
00:47:58,0.0,0.0
00:48:07,0.0,0.0
00:48:18,0.0,0.0
00:48:28,0.0,0.0
00:48:37,0.0,0.0
00:48:48,0.0,0.0
00:48:57,0.0,0.0
00:49:07,0.0,0.0
00:49:18,0.0,0.0
00:49:27,0.0,0.0
00:49:37,0.0,0.0
00:49:48,0.0,0.0
00:49:57,0.0,0.0
00:50:07,0.0,0.0
00:50:18,0.0,0.0
00:50:27,0.0,0.0
00:50:38,0.0,0.0
00:50:48,0.0,0.0
00:50:57,0.0,0.0
00:51:08,0.0,0.0
00:51:18,0.0,0.0
00:51:27,0.0,0.0
00:51:37,0.0,0.0
00:51:48,0.0,0.0
00:51:56,0.0,0.0
00:52:08,0.0,0.0
00:52:18,0.0,0.0
00:52:27,0.0,0.0
00:52:38,0.0,0.0
00:52:47,0.0,0.0
00:52:57,0.0,0.0
00:53:08,0.0,0.0
00:53:18,0.0,0.0
00:53:27,0.0,0.0
00:53:38,0.0,0.0
00:53:47,0.0,0.0
00:53:57,0.0,0.0
00:54:08,0.0,0.0
00:54:17,0.0,0.0
00:54:28,0.0,0.0
00:54:38,0.0,0.0
00:54:47,0.0,0.0
00:54:58,0.0,0.0
00:55:08,0.0,0.0
00:55:17,0.0,0.0
00:55:28,0.0,0.0
00:55:38,0.0,0.0
00:55:47,0.0,0.0
00:55:58,0.0,0.0
00:56:08,0.0,0.0
00:56:17,0.0,0.0
00:56:28,0.0,0.0
00:56:38,0.0,0.0
00:56:47,0.0,0.0
00:56:58,0.0,0.0
00:57:08,0.0,0.0
00:57:17,0.0,0.0
00:57:28,0.0,0.0
00:57:38,0.0,0.0
00:57:47,0.0,0.0
00:57:58,0.0,0.0
00:58:07,0.0,0.0
00:58:18,0.0,0.0
00:58:28,0.0,0.0
00:58:38,0.0,0.0
00:58:48,0.0,0.0
00:58:58,0.0,0.0
00:59:07,0.0,0.0
00:59:18,0.0,0.0
00:59:28,0.0,0.0
00:59:37,0.0,0.0
00:59:48,0.0,0.0
00:59:58,0.0,0.0
01:00:07,0.0,0.0
01:00:18,0.0,0.0
01:00:28,0.0,0.0
01:00:37,0.0,0.0
01:00:48,0.0,0.0
01:00:58,0.0,0.0
01:01:07,0.0,0.0
01:01:18,0.0,0.0
01:01:28,0.0,0.0
01:01:37,0.0,0.0
01:01:48,0.0,0.0
01:01:58,0.0,0.0
01:02:07,0.0,0.0
01:02:18,0.0,0.0
01:02:28,0.0,0.0
01:02:37,0.0,0.0
01:02:48,0.0,0.0
01:02:57,0.0,0.0
01:03:07,0.0,0.0
01:03:18,0.0,0.0
01:03:28,0.0,0.0
01:03:37,0.0,0.0
01:03:48,0.0,0.0
01:03:57,0.0,0.0
01:04:06,0.0,0.0
01:04:18,0.0,0.0
01:04:27,0.0,0.0
01:04:38,0.0,0.0
01:04:48,0.0,0.0
01:04:57,0.0,0.0
01:05:08,0.0,0.0
01:05:18,0.0,0.0
01:05:27,0.0,0.0
01:05:38,0.0,0.0
01:05:48,0.0,0.0
01:05:57,0.0,0.0
01:06:08,0.0,0.0
01:06:18,0.0,0.0
01:06:27,0.0,0.0
01:06:38,0.0,0.0
01:06:48,0.0,0.0
01:06:57,0.0,0.0
01:07:08,0.0,0.0
01:07:18,0.0,0.0
01:07:27,0.0,0.0
01:07:38,0.0,0.0
01:07:47,0.0,0.0
01:07:58,0.0,0.0
01:08:08,0.0,0.0
01:08:18,0.0,0.0
01:08:28,0.0,0.0
01:08:36,0.0,0.0
01:08:47,0.0,0.0
01:08:58,0.0,0.0
01:09:08,0.0,0.0
01:09:17,0.0,0.0
01:09:28,0.0,0.0
01:09:38,0.0,0.0
01:09:47,0.0,0.0
01:09:58,0.0,0.0
01:10:08,0.0,0.0
01:10:17,0.0,0.0
01:10:28,0.0,0.0
01:10:38,0.0,0.0
01:10:47,0.0,0.0
01:10:58,0.0,0.0
01:11:08,0.0,0.0
01:11:17,0.0,0.0
01:11:28,0.0,0.0
01:11:38,0.0,0.0
01:11:47,0.0,0.0
01:11:58,0.0,0.0
01:12:08,0.0,0.0
01:12:17,0.0,0.0
01:12:28,0.0,0.0
01:12:38,0.0,0.0
01:12:48,0.0,0.0
01:12:58,0.0,0.0
01:13:07,0.0,0.0
01:13:18,0.0,0.0
01:13:28,0.0,0.0
01:13:37,0.0,0.0
01:13:48,0.0,0.0
01:13:58,0.0,0.0
01:14:06,0.0,0.0
01:14:18,0.0,0.0
01:14:28,0.0,0.0
01:14:37,0.0,0.0
01:14:48,0.0,0.0
01:14:58,0.0,0.0
01:15:07,0.0,0.0
01:15:18,0.0,0.0
01:15:28,0.0,0.0
01:15:37,0.0,0.0
01:15:48,0.0,0.0
01:15:58,0.0,0.0
01:16:07,0.0,0.0
01:16:18,0.0,0.0
01:16:28,0.0,0.0
01:16:37,0.0,0.0
01:16:48,0.0,0.0
01:16:58,0.0,0.0
01:17:08,0.0,0.0
01:17:18,0.0,0.0
01:17:28,0.0,0.0
01:17:38,0.0,0.0
01:17:48,0.0,0.0
01:17:57,0.0,0.0
01:18:08,0.0,0.0
01:18:16,0.0,0.0
01:18:27,0.0,0.0
01:18:38,0.0,0.0
01:18:48,0.0,0.0
01:18:57,0.0,0.0
01:19:08,0.0,0.0
01:19:18,0.0,0.0
01:19:27,0.0,0.0
01:19:38,0.0,0.0
01:19:48,0.0,0.0
01:19:58,0.0,0.0
01:20:08,0.0,0.0
01:20:18,0.0,0.0
01:20:27,0.0,0.0
01:20:38,0.0,0.0
01:20:48,0.0,0.0
01:20:57,0.0,0.0
01:21:08,0.0,0.0
01:21:18,0.0,0.0
01:21:27,0.0,0.0
01:21:38,0.0,0.0
01:21:48,0.0,0.0
01:21:57,0.0,0.0
01:22:08,0.0,0.0
01:22:18,0.0,0.0
01:22:27,0.0,0.0
01:22:38,0.0,0.0
01:22:48,0.0,0.0
01:22:58,0.0,0.0
01:23:08,0.0,0.0
01:23:17,0.0,0.0
01:23:28,0.0,0.0
01:23:38,0.0,0.0
01:23:47,0.0,0.0
01:23:58,0.0,0.0
01:24:08,0.0,0.0
01:24:17,0.0,0.0
01:24:28,0.0,0.0
01:24:38,0.0,0.0
01:24:47,0.0,0.0
01:24:58,0.0,0.0
01:25:08,0.0,0.0
01:25:17,0.0,0.0
01:25:28,0.0,0.0
01:25:38,0.0,0.0
01:25:47,0.0,0.0
01:25:58,0.0,0.0
01:26:08,0.0,0.0
01:26:16,0.0,0.0
01:26:28,0.0,0.0
01:26:38,0.0,0.0
01:26:47,0.0,0.0
01:26:58,0.0,0.0
01:27:08,0.0,0.0
01:27:17,0.0,0.0
01:27:28,0.0,0.0
01:27:38,0.0,0.0
01:27:48,0.0,0.0
01:27:58,0.0,0.0
01:28:07,0.0,0.0
01:28:18,0.0,0.0
01:28:28,0.0,0.0
01:28:37,0.0,0.0
01:28:48,0.0,0.0
01:28:58,0.0,0.0
01:29:08,0.0,0.0
01:29:18,0.0,0.0
01:29:28,0.0,0.0
01:29:37,0.0,0.0
01:29:48,0.0,0.0
01:29:58,0.0,0.0
01:30:07,0.0,0.0
01:30:18,0.0,0.0
01:30:28,0.0,0.0
01:30:37,0.0,0.0
01:30:48,0.0,0.0
01:30:58,0.0,0.0
01:31:07,0.0,0.0
01:31:18,0.0,0.0
01:31:28,0.0,0.0
01:31:37,0.0,0.0
01:31:48,0.0,0.0
01:31:58,0.0,0.0
01:32:07,0.0,0.0
01:32:18,0.0,0.0
01:32:28,0.0,0.0
01:32:38,0.0,0.0
01:32:48,0.0,0.0
01:32:58,0.0,0.0
01:33:08,0.0,0.0
01:33:18,0.0,0.0
01:33:28,0.0,0.0
01:33:38,0.0,0.0
01:33:48,0.0,0.0
01:33:57,0.0,0.0
01:34:08,0.0,0.0
01:34:18,0.0,0.0
01:34:28,0.0,0.0
01:34:38,0.0,0.0
01:34:48,0.0,0.0
01:34:57,0.0,0.0
01:35:08,0.0,0.0
01:35:18,0.0,0.0
01:35:27,0.0,0.0
01:35:38,0.0,0.0
01:35:48,0.0,0.0
01:35:57,0.0,0.0
01:36:08,0.0,0.0
01:36:18,0.0,0.0
01:36:27,0.0,0.0
01:36:38,0.0,0.0
01:36:48,0.0,0.0
01:36:57,0.0,0.0
01:37:08,0.0,0.0
01:37:18,0.0,0.0
01:37:27,0.0,0.0
01:37:38,0.0,0.0
01:37:48,0.0,0.0
01:37:57,0.0,0.0
01:38:08,0.0,0.0
01:38:18,0.0,0.0
01:38:27,0.0,0.0
01:38:38,0.0,0.0
01:38:48,0.0,0.0
01:38:57,0.0,0.0
01:39:08,0.0,0.0
01:39:18,0.0,0.0
01:39:28,0.0,0.0
01:39:38,0.0,0.0
01:39:48,0.0,0.0
01:39:58,0.0,0.0
01:40:08,0.0,0.0
01:40:17,0.0,0.0
01:40:28,0.0,0.0
01:40:38,0.0,0.0
01:40:47,0.0,0.0
01:40:58,0.0,0.0
01:41:06,0.0,0.0
01:41:17,0.0,0.0
01:41:28,0.0,0.0
01:41:38,0.0,0.0
01:41:47,0.0,0.0
01:41:58,0.0,0.0
01:42:06,0.0,0.0
01:42:17,0.0,0.0
01:42:28,0.0,0.0
01:42:38,0.0,0.0
01:42:47,0.0,0.0
01:42:58,0.0,0.0
01:43:08,0.0,0.0
01:43:17,0.0,0.0
01:43:28,0.0,0.0
01:43:38,0.0,0.0
01:43:48,0.0,0.0
01:43:56,0.0,0.0
01:44:08,0.0,0.0
01:44:18,0.0,0.0
01:44:28,0.0,0.0
01:44:38,0.0,0.0
01:44:48,0.0,0.0
01:44:58,0.0,0.0
01:45:07,0.0,0.0
01:45:18,0.0,0.0
01:45:28,0.0,0.0
01:45:37,0.0,0.0
01:45:48,0.0,0.0
01:45:58,0.0,0.0
01:46:07,0.0,0.0
01:46:18,0.0,0.0
01:46:28,0.0,0.0
01:46:37,0.0,0.0
01:46:48,0.0,0.0
01:46:58,0.0,0.0
01:47:07,0.0,0.0
01:47:18,0.0,0.0
01:47:28,0.0,0.0
01:47:37,0.0,0.0
01:47:48,0.0,0.0
01:47:58,0.0,0.0
01:48:08,0.0,0.0
01:48:18,0.0,0.0
01:48:28,0.0,0.0
01:48:38,0.0,0.0
01:48:48,0.0,0.0
01:48:58,0.0,0.0
01:49:08,0.0,0.0
01:49:18,0.0,0.0
01:49:28,0.0,0.0
01:49:38,0.0,0.0
01:49:48,0.0,0.0
01:49:58,0.0,0.0
01:50:08,0.0,0.0
01:50:18,0.0,0.0
01:50:27,0.0,0.0
01:50:38,0.0,0.0
01:50:48,0.0,0.0
01:50:57,0.0,0.0
01:51:08,0.0,0.0
01:51:18,0.0,0.0
01:51:27,0.0,0.0
01:51:38,0.0,0.0
01:51:48,0.0,0.0
01:51:58,0.0,0.0
01:52:08,0.0,0.0
01:52:16,0.0,0.0
01:52:28,0.0,0.0
01:52:38,0.0,0.0
01:52:48,0.0,0.0
01:52:58,0.0,0.0
01:53:08,0.0,0.0
01:53:18,0.0,0.0
01:53:28,0.0,0.0
01:53:38,0.0,0.0
01:53:48,0.0,0.0
01:53:58,0.0,0.0
01:54:08,0.0,0.0
01:54:18,0.0,0.0
01:54:28,0.0,0.0
01:54:38,0.0,0.0
01:54:48,0.0,0.0
01:54:58,0.0,0.0
01:55:08,0.0,0.0
01:55:17,0.0,0.0
01:55:28,0.0,0.0
01:55:38,0.0,0.0
01:55:47,0.0,0.0
01:55:58,0.0,0.0
01:56:08,0.0,0.0
01:56:16,0.0,0.0
01:56:28,0.0,0.0
01:56:38,0.0,0.0
01:56:47,0.0,0.0
01:56:58,0.0,0.0
01:57:08,0.0,0.0
01:57:17,0.0,0.0
01:57:28,0.0,0.0
01:57:38,0.0,0.0
01:57:47,0.0,0.0
01:57:58,0.0,0.0
01:58:08,0.0,0.0
01:58:18,0.0,0.0
01:58:28,0.0,0.0
01:58:38,0.0,0.0
01:58:48,0.0,0.0
01:58:58,0.0,0.0
01:59:08,0.0,0.0
01:59:18,0.0,0.0
01:59:28,0.0,0.0
01:59:38,0.0,0.0
01:59:48,0.0,0.0
01:59:58,0.0,0.0
02:00:07,0.0,0.0
02:00:18,0.0,0.0
02:00:28,0.0,0.0
02:00:38,0.0,0.0
02:00:48,0.0,0.0
02:00:58,0.0,0.0
02:01:07,0.0,0.0
02:01:18,0.0,0.0
02:01:28,0.0,0.0
02:01:37,0.0,0.0
02:01:48,0.0,0.0
02:01:58,0.0,0.0
02:02:07,0.0,0.0
02:02:18,0.0,0.0
02:02:28,0.0,0.0
02:02:37,0.0,0.0
02:02:48,0.0,0.0
02:02:58,0.0,0.0
02:03:07,0.0,0.0
02:03:18,0.0,0.0
02:03:28,0.0,0.0
02:03:37,0.0,0.0
02:03:48,0.0,0.0
02:03:58,0.0,0.0
02:04:07,0.0,0.0
02:04:18,0.0,0.0
02:04:28,0.0,0.0
02:04:38,0.0,0.0
02:04:48,0.0,0.0
02:04:58,0.0,0.0
02:05:08,0.0,0.0
02:05:18,0.0,0.0
02:05:28,0.0,0.0
02:05:38,0.0,0.0
02:05:48,0.0,0.0
02:05:57,0.0,0.0
02:06:08,0.0,0.0
02:06:18,0.0,0.0
02:06:27,0.0,0.0
02:06:38,0.0,0.0
02:06:48,0.0,0.0
02:06:57,0.0,0.0
02:07:08,0.0,0.0
02:07:18,0.0,0.0
02:07:27,0.0,0.0
02:07:38,0.0,0.0
02:07:48,0.0,0.0
02:07:57,0.0,0.0
02:08:08,0.0,0.0
02:08:18,0.0,0.0
02:08:27,0.0,0.0
02:08:38,0.0,0.0
02:08:48,0.0,0.0
02:08:57,0.0,0.0
02:09:08,0.0,0.0
02:09:18,0.0,0.0
02:09:28,0.0,0.0
02:09:38,0.0,0.0
02:09:48,0.0,0.0
02:09:58,0.0,0.0
02:10:08,0.0,0.0
02:10:18,0.0,0.0
02:10:28,0.0,0.0
02:10:38,0.0,0.0
02:10:47,0.0,0.0
02:10:58,0.0,0.0
02:11:08,0.0,0.0
02:11:17,0.0,0.0
02:11:28,0.0,0.0
02:11:38,0.0,0.0
02:11:47,0.0,0.0
02:11:58,0.0,0.0
02:12:06,0.0,0.0
02:12:17,0.0,0.0
02:12:28,0.0,0.0
02:12:38,0.0,0.0
02:12:47,0.0,0.0
02:12:58,0.0,0.0
02:13:08,0.0,0.0
02:13:17,0.0,0.0
02:13:28,0.0,0.0
02:13:38,0.0,0.0
02:13:48,0.0,0.0
02:13:58,0.0,0.0
02:14:08,0.0,0.0
02:14:18,0.0,0.0
02:14:28,0.0,0.0
02:14:38,0.0,0.0
02:14:48,0.0,0.0
02:14:58,0.0,0.0
02:15:08,0.0,0.0
02:15:18,0.0,0.0
02:15:28,0.0,0.0
02:15:38,0.0,0.0
02:15:48,0.0,0.0
02:15:58,0.0,0.0
02:16:08,0.0,0.0
02:16:18,0.0,0.0
02:16:28,0.0,0.0
02:16:38,0.0,0.0
02:16:48,0.0,0.0
02:16:58,0.0,0.0
02:17:07,0.0,0.0
02:17:18,0.0,0.0
02:17:28,0.0,0.0
02:17:37,0.0,0.0
02:17:48,0.0,0.0
02:17:58,0.0,0.0
02:18:07,0.0,0.0
02:18:18,0.0,0.0
02:18:28,0.0,0.0
02:18:37,0.0,0.0
02:18:48,0.0,0.0
02:18:56,0.0,0.0
02:19:07,0.0,0.0
02:19:18,0.0,0.0
02:19:26,0.0,0.0
02:19:37,0.0,0.0
02:19:48,0.0,0.0
02:19:58,0.0,0.0
02:20:07,0.0,0.0
02:20:18,0.0,0.0
02:20:28,0.0,0.0
02:20:37,0.0,0.0
02:20:48,0.0,0.0
02:20:58,0.0,0.0
02:21:08,0.0,0.0
02:21:18,0.0,0.0
02:21:28,0.0,0.0
02:21:38,0.0,0.0
02:21:48,0.0,0.0
02:21:56,0.0,0.0
02:22:08,0.0,0.0
02:22:18,0.0,0.0
02:22:27,0.0,0.0
02:22:38,0.0,0.0
02:22:48,0.0,0.0
02:22:57,0.0,0.0
02:23:08,0.0,0.0
02:23:18,0.0,0.0
02:23:27,0.0,0.0
02:23:36,0.0,0.0
02:23:48,0.0,0.0
02:23:57,0.0,0.0
02:24:08,0.0,0.0
02:24:18,0.0,0.0
02:24:27,0.0,0.0
02:24:38,0.0,0.0
02:24:48,0.0,0.0
02:24:57,0.0,0.0
02:25:08,0.0,0.0
02:25:18,0.0,0.0
02:25:28,0.0,0.0
02:25:38,0.0,0.0
02:25:48,0.0,0.0
02:25:58,0.0,0.0
02:26:08,0.0,0.0
02:26:18,0.0,0.0
02:26:28,0.0,0.0
02:26:38,0.0,0.0
02:26:48,0.0,0.0
02:26:58,0.0,0.0
02:27:08,0.0,0.0
02:27:17,0.0,0.0
02:27:28,0.0,0.0
02:27:38,0.0,0.0
02:27:48,0.0,0.0
02:27:58,0.0,0.0
02:28:08,0.0,0.0
02:28:17,0.0,0.0
02:28:28,0.0,0.0
02:28:38,0.0,0.0
02:28:47,0.0,0.0
02:28:58,0.0,0.0
02:29:08,0.0,0.0
02:29:16,0.0,0.0
02:29:28,0.0,0.0
02:29:36,0.0,0.0
02:29:47,0.0,0.0
02:29:58,0.0,0.0
02:30:08,0.0,0.0
02:30:17,0.0,0.0
02:30:28,0.0,0.0
02:30:38,0.0,0.0
02:30:47,0.0,0.0
02:30:58,0.0,0.0
02:31:08,0.0,0.0
02:31:17,0.0,0.0
02:31:28,0.0,0.0
02:31:38,0.0,0.0
02:31:47,0.0,0.0
02:31:56,0.0,0.0
02:32:07,0.0,0.0
02:32:17,0.0,0.0
02:32:28,0.0,0.0
02:32:37,0.0,0.0
02:32:47,0.0,0.0
02:32:58,0.0,0.0
02:33:08,0.0,0.0
02:33:18,0.0,0.0
02:33:28,0.0,0.0
02:33:37,0.0,0.0
02:33:48,0.0,0.0
02:33:58,0.0,0.0
02:34:07,0.0,0.0
02:34:18,0.0,0.0
02:34:28,0.0,0.0
02:34:37,0.0,0.0
02:34:48,0.0,0.0
02:34:58,0.0,0.0
02:35:07,0.0,0.0
02:35:18,0.0,0.0
02:35:28,0.0,0.0
02:35:37,0.0,0.0
02:35:48,0.0,0.0
02:35:58,0.0,0.0
02:36:06,0.0,0.0
02:36:18,0.0,0.0
02:36:28,0.0,0.0
02:36:37,0.0,0.0
02:36:48,0.0,0.0
02:36:58,0.0,0.0
02:37:08,0.0,0.0
02:37:18,0.0,0.0
02:37:28,0.0,0.0
02:37:38,0.0,0.0
02:37:48,0.0,0.0
02:37:57,0.0,0.0
02:38:08,0.0,0.0
02:38:18,0.0,0.0
02:38:28,0.0,0.0
02:38:38,0.0,0.0
02:38:48,0.0,0.0
02:38:57,0.0,0.0
02:39:08,0.0,0.0
02:39:18,0.0,0.0
02:39:28,0.0,0.0
02:39:38,0.0,0.0
02:39:48,0.0,0.0
02:39:57,0.0,0.0
02:40:08,0.0,0.0
02:40:18,0.0,0.0
02:40:27,0.0,0.0
02:40:38,0.0,0.0
02:40:48,0.0,0.0
02:40:57,0.0,0.0
02:41:08,0.0,0.0
02:41:18,0.0,0.0
02:41:27,0.0,0.0
02:41:38,0.0,0.0
02:41:48,0.0,0.0
02:41:57,0.0,0.0
02:42:08,0.0,0.0
02:42:18,0.0,0.0
02:42:27,0.0,0.0
02:42:38,0.0,0.0
02:42:48,0.0,0.0
02:42:58,0.0,0.0
02:43:08,0.0,0.0
02:43:18,0.0,0.0
02:43:28,0.0,0.0
02:43:38,0.0,0.0
02:43:47,0.0,0.0
02:43:58,0.0,0.0
02:44:08,0.0,0.0
02:44:18,0.0,0.0
02:44:28,0.0,0.0
02:44:38,0.0,0.0
02:44:48,0.0,0.0
02:44:58,0.0,0.0
02:45:08,0.0,0.0
02:45:16,0.0,0.0
02:45:28,0.0,0.0
02:45:38,0.0,0.0
02:45:47,0.0,0.0
02:45:58,0.0,0.0
02:46:08,0.0,0.0
02:46:17,0.0,0.0
02:46:26,0.0,0.0
02:46:38,0.0,0.0
02:46:47,0.0,0.0
02:46:58,0.0,0.0
02:47:08,0.0,0.0
02:47:17,0.0,0.0
02:47:28,0.0,0.0
02:47:38,0.0,0.0
02:47:48,0.0,0.0
02:47:58,0.0,0.0
02:48:08,0.0,0.0
02:48:18,0.0,0.0
02:48:28,0.0,0.0
02:48:38,0.0,0.0
02:48:48,0.0,0.0
02:48:58,0.0,0.0
02:49:08,0.0,0.0
02:49:18,0.0,0.0
02:49:28,0.0,0.0
02:49:38,0.0,0.0
02:49:48,0.0,0.0
02:49:58,0.0,0.0
02:50:08,0.0,0.0
02:50:18,0.0,0.0
02:50:28,0.0,0.0
02:50:37,0.0,0.0
02:50:48,0.0,0.0
02:50:58,0.0,0.0
02:51:07,0.0,0.0
02:51:18,0.0,0.0
02:51:28,0.0,0.0
02:51:38,0.0,0.0
02:51:48,0.0,0.0
02:51:58,0.0,0.0
02:52:08,0.0,0.0
02:52:18,0.0,0.0
02:52:28,0.0,0.0
02:52:38,0.0,0.0
02:52:48,0.0,0.0
02:52:58,0.0,0.0
02:53:08,0.0,0.0
02:53:18,0.0,0.0
02:53:28,0.0,0.0
02:53:38,0.0,0.0
02:53:48,0.0,0.0
02:53:58,0.0,0.0
02:54:08,0.0,0.0
02:54:18,0.0,0.0
02:54:28,0.0,0.0
02:54:38,0.0,0.0
02:54:48,0.0,0.0
02:54:58,0.0,0.0
02:55:08,0.0,0.0
02:55:18,0.0,0.0
02:55:28,0.0,0.0
02:55:38,0.0,0.0
02:55:48,0.0,0.0
02:55:58,0.0,0.0
02:56:08,0.0,0.0
02:56:18,0.0,0.0
02:56:28,0.0,0.0
02:56:38,0.0,0.0
02:56:48,0.0,0.0
02:56:58,0.0,0.0
02:57:06,0.0,0.0
02:57:18,0.0,0.0
02:57:28,0.0,0.0
02:57:38,0.0,0.0
02:57:48,0.0,0.0
02:57:58,0.0,0.0
02:58:08,0.0,0.0
02:58:18,0.0,0.0
02:58:28,0.0,0.0
02:58:38,0.0,0.0
02:58:48,0.0,0.0
02:58:58,0.0,0.0
02:59:08,0.0,0.0
02:59:18,0.0,0.0
02:59:28,0.0,0.0
02:59:38,0.0,0.0
02:59:48,0.0,0.0
02:59:58,0.0,0.0
03:00:08,0.0,0.0
03:00:18,0.0,0.0
03:00:28,0.0,0.0
03:00:38,0.0,0.0
03:00:48,0.0,0.0
03:00:58,0.0,0.0
03:01:08,0.0,0.0
03:01:18,0.0,0.0
03:01:28,0.0,0.0
03:01:38,0.0,0.0
03:01:48,0.0,0.0
03:01:58,0.0,0.0
03:02:08,0.0,0.0
03:02:17,0.0,0.0
03:02:28,0.0,0.0
03:02:38,0.0,0.0
03:02:48,0.0,0.0
03:02:58,0.0,0.0
03:03:08,0.0,0.0
03:03:18,0.0,0.0
03:03:28,0.0,0.0
03:03:38,0.0,0.0
03:03:48,0.0,0.0
03:03:58,0.0,0.0
03:04:08,0.0,0.0
03:04:18,0.0,0.0
03:04:28,0.0,0.0
03:04:38,0.0,0.0
03:04:48,0.0,0.0
03:04:58,0.0,0.0
03:05:08,0.0,0.0
03:05:18,0.0,0.0
03:05:28,0.0,0.0
03:05:38,0.0,0.0
03:05:47,0.0,0.0
03:05:58,0.0,0.0
03:06:08,0.0,0.0
03:06:18,0.0,0.0
03:06:28,0.0,0.0
03:06:38,0.0,0.0
03:06:48,0.0,0.0
03:06:58,0.0,0.0
03:07:08,0.0,0.0
03:07:17,0.0,0.0
03:07:28,0.0,0.0
03:07:38,0.0,0.0
03:07:48,0.0,0.0
03:07:58,0.0,0.0
03:08:07,0.0,0.0
03:08:18,0.0,0.0
03:08:28,0.0,0.0
03:08:38,0.0,0.0
03:08:48,0.0,0.0
03:08:58,0.0,0.0
03:09:08,0.0,0.0
03:09:18,0.0,0.0
03:09:28,0.0,0.0
03:09:38,0.0,0.0
03:09:48,0.0,0.0
03:09:58,0.0,0.0
03:10:08,0.0,0.0
03:10:18,0.0,0.0
03:10:28,0.0,0.0
03:10:38,0.0,0.0
03:10:48,0.0,0.0
03:10:58,0.0,0.0
03:11:08,0.0,0.0
03:11:18,0.0,0.0
03:11:28,0.0,0.0
03:11:38,0.0,0.0
03:11:48,0.0,0.0
03:11:58,0.0,0.0
03:12:07,0.0,0.0
03:12:18,0.0,0.0
03:12:28,0.0,0.0
03:12:37,0.0,0.0
03:12:48,0.0,0.0
03:12:58,0.0,0.0
03:13:07,0.0,0.0
03:13:18,0.0,0.0
03:13:28,0.0,0.0
03:13:38,0.0,0.0
03:13:48,0.0,0.0
03:13:57,0.0,0.0
03:14:08,0.0,0.0
03:14:18,0.0,0.0
03:14:28,0.0,0.0
03:14:38,0.0,0.0
03:14:48,0.0,0.0
03:14:58,0.0,0.0
03:15:08,0.0,0.0
03:15:17,0.0,0.0
03:15:27,0.0,0.0
03:15:38,0.0,0.0
03:15:48,0.0,0.0
03:15:57,0.0,0.0
03:16:08,0.0,0.0
03:16:18,0.0,0.0
03:16:27,0.0,0.0
03:16:38,0.0,0.0
03:16:48,0.0,0.0
03:16:58,0.0,0.0
03:17:07,0.0,0.0
03:17:18,0.0,0.0
03:17:27,0.0,0.0
03:17:38,0.0,0.0
03:17:48,0.0,0.0
03:17:57,0.0,0.0
03:18:08,0.0,0.0
03:18:18,0.0,0.0
03:18:27,0.0,0.0
03:18:38,0.0,0.0
03:18:48,0.0,0.0
03:18:58,0.0,0.0
03:19:08,0.0,0.0
03:19:18,0.0,0.0
03:19:28,0.0,0.0
03:19:38,0.0,0.0
03:19:48,0.0,0.0
03:19:58,0.0,0.0
03:20:08,0.0,0.0
03:20:17,0.0,0.0
03:20:28,0.0,0.0
03:20:37,0.0,0.0
03:20:47,0.0,0.0
03:20:58,0.0,0.0
03:21:08,0.0,0.0
03:21:17,0.0,0.0
03:21:28,0.0,0.0
03:21:38,0.0,0.0
03:21:47,0.0,0.0
03:21:58,0.0,0.0
03:22:08,0.0,0.0
03:22:17,0.0,0.0
03:22:28,0.0,0.0
03:22:38,0.0,0.0
03:22:47,0.0,0.0
03:22:58,0.0,0.0
03:23:08,0.0,0.0
03:23:17,0.0,0.0
03:23:28,0.0,0.0
03:23:38,0.0,0.0
03:23:47,0.0,0.0
03:23:58,0.0,0.0
03:24:07,0.0,0.0
03:24:18,0.0,0.0
03:24:28,0.0,0.0
03:24:37,0.0,0.0
03:24:48,0.0,0.0
03:24:58,0.0,0.0
03:25:07,0.0,0.0
03:25:18,0.0,0.0
03:25:28,0.0,0.0
03:25:37,0.0,0.0
03:25:48,0.0,0.0
03:25:58,0.0,0.0
03:26:07,0.0,0.0
03:26:18,0.0,0.0
03:26:28,0.0,0.0
03:26:37,0.0,0.0
03:26:48,0.0,0.0
03:26:58,0.0,0.0
03:27:07,0.0,0.0
03:27:17,0.0,0.0
03:27:28,0.0,0.0
03:27:37,0.0,0.0
03:27:48,0.0,0.0
03:27:57,0.0,0.0
03:28:07,0.0,0.0
03:28:18,0.0,0.0
03:28:27,0.0,0.0
03:28:37,0.0,0.0
03:28:48,0.0,0.0
03:28:57,0.0,0.0
03:29:07,0.0,0.0
03:29:18,0.0,0.0
03:29:27,0.0,0.0
03:29:37,0.0,0.0
03:29:48,0.0,0.0
03:29:57,0.0,0.0
03:30:08,0.0,0.0
03:30:18,0.0,0.0
03:30:27,0.0,0.0
03:30:38,0.0,0.0
03:30:48,0.0,0.0
03:30:57,0.0,0.0
03:31:08,0.0,0.0
03:31:18,0.0,0.0
03:31:27,0.0,0.0
03:31:38,0.0,0.0
03:31:48,0.0,0.0
03:31:57,0.0,0.0
03:32:08,0.0,0.0
03:32:17,0.0,0.0
03:32:27,0.0,0.0
03:32:38,0.0,0.0
03:32:47,0.0,0.0
03:32:57,0.0,0.0
03:33:08,0.0,0.0
03:33:17,0.0,0.0
03:33:27,0.0,0.0
03:33:38,0.0,0.0
03:33:47,0.0,0.0
03:33:57,0.0,0.0
03:34:08,0.0,0.0
03:34:17,0.0,0.0
03:34:27,0.0,0.0
03:34:38,0.0,0.0
03:34:47,0.0,0.0
03:34:58,0.0,0.0
03:35:08,0.0,0.0
03:35:17,0.0,0.0
03:35:28,0.0,0.0
03:35:38,0.0,0.0
03:35:47,0.0,0.0
03:35:58,0.0,0.0
03:36:07,0.0,0.0
03:36:17,0.0,0.0
03:36:28,0.0,0.0
03:36:37,0.0,0.0
03:36:47,0.0,0.0
03:36:58,0.0,0.0
03:37:07,0.0,0.0
03:37:17,0.0,0.0
03:37:28,0.0,0.0
03:37:37,0.0,0.0
03:37:47,0.0,0.0
03:37:58,0.0,0.0
03:38:07,0.0,0.0
03:38:17,0.0,0.0
03:38:28,0.0,0.0
03:38:37,0.0,0.0
03:38:47,0.0,0.0
03:38:58,0.0,0.0
03:39:07,0.0,0.0
03:39:17,0.0,0.0
03:39:28,0.0,0.0
03:39:37,0.0,0.0
03:39:47,0.0,0.0
03:39:58,0.0,0.0
03:40:07,0.0,0.0
03:40:17,0.0,0.0
03:40:27,0.0,0.0
03:40:37,0.0,0.0
03:40:48,0.0,0.0
03:40:57,0.0,0.0
03:41:07,0.0,0.0
03:41:18,0.0,0.0
03:41:27,0.0,0.0
03:41:37,0.0,0.0
03:41:48,0.0,0.0
03:41:57,0.0,0.0
03:42:07,0.0,0.0
03:42:18,0.0,0.0
03:42:27,0.0,0.0
03:42:37,0.0,0.0
03:42:48,0.0,0.0
03:42:57,0.0,0.0
03:43:07,0.0,0.0
03:43:18,0.0,0.0
03:43:27,0.0,0.0
03:43:37,0.0,0.0
03:43:48,0.0,0.0
03:43:57,0.0,0.0
03:44:07,0.0,0.0
03:44:17,0.0,0.0
03:44:27,0.0,0.0
03:44:37,0.0,0.0
03:44:47,0.0,0.0
03:44:57,0.0,0.0
03:45:08,0.0,0.0
03:45:17,0.0,0.0
03:45:27,0.0,0.0
03:45:37,0.0,0.0
03:45:47,0.0,0.0
03:45:57,0.0,0.0
03:46:07,0.0,0.0
03:46:17,0.0,0.0
03:46:27,0.0,0.0
03:46:38,0.0,0.0
03:46:47,0.0,0.0
03:46:57,0.0,0.0
03:47:08,0.0,0.0
03:47:17,0.0,0.0
03:47:27,0.0,0.0
03:47:38,0.0,0.0
03:47:47,0.0,0.0
03:47:57,0.0,0.0
03:48:08,0.0,0.0
03:48:17,0.0,0.0
03:48:27,0.0,0.0
03:48:37,0.0,0.0
03:48:47,0.0,0.0
03:48:57,0.0,0.0
03:49:07,0.0,0.0
03:49:17,0.0,0.0
03:49:27,0.0,0.0
03:49:37,0.0,0.0
03:49:47,0.0,0.0
03:49:57,0.0,0.0
03:50:07,0.0,0.0
03:50:17,0.0,0.0
03:50:27,0.0,0.0
03:50:37,0.0,0.0
03:50:47,0.0,0.0
03:50:57,0.0,0.0
03:51:07,0.0,0.0
03:51:17,0.0,0.0
03:51:28,0.0,0.0
03:51:37,0.0,0.0
03:51:47,0.0,0.0
03:51:58,0.0,0.0
03:52:07,0.0,0.0
03:52:17,0.0,0.0
03:52:27,0.0,0.0
03:52:37,0.0,0.0
03:52:47,0.0,0.0
03:52:57,0.0,0.0
03:53:07,0.0,0.0
03:53:17,0.0,0.0
03:53:27,0.0,0.0
03:53:37,0.0,0.0
03:53:47,0.0,0.0
03:53:57,0.0,0.0
03:54:07,0.0,0.0
03:54:17,0.0,0.0
03:54:27,0.0,0.0
03:54:37,0.0,0.0
03:54:48,0.0,0.0
03:54:57,0.0,0.0
03:55:07,0.0,0.0
03:55:17,0.0,0.0
03:55:27,0.0,0.0
03:55:37,0.0,0.0
03:55:47,0.0,0.0
03:55:57,0.0,0.0
03:56:07,0.0,0.0
03:56:18,0.0,0.0
03:56:27,0.0,0.0
03:56:37,0.0,0.0
03:56:48,0.0,0.0
03:56:57,0.0,0.0
03:57:07,0.0,0.0
03:57:18,0.0,0.0
03:57:27,0.0,0.0
03:57:37,0.0,0.0
03:57:47,0.0,0.0
03:57:57,0.0,0.0
03:58:07,0.0,0.0
03:58:17,0.0,0.0
03:58:27,0.0,0.0
03:58:37,0.0,0.0
03:58:47,0.0,0.0
03:58:57,0.0,0.0
03:59:07,0.0,0.0
03:59:17,0.0,0.0
03:59:27,0.0,0.0
03:59:37,0.0,0.0
03:59:47,0.0,0.0
03:59:57,0.0,0.0
04:00:07,0.0,0.0
04:00:17,0.0,0.0
04:00:27,0.0,0.0
04:00:37,0.0,0.0
04:00:47,0.0,0.0
04:00:57,0.0,0.0
04:01:07,0.0,0.0
04:01:17,0.0,0.0
04:01:27,0.0,0.0
04:01:37,0.0,0.0
04:01:47,0.0,0.0
04:01:57,0.0,0.0
04:02:07,0.0,0.0
04:02:17,0.0,0.0
04:02:27,0.0,0.0
04:02:37,0.0,0.0
04:02:47,0.0,0.0
04:02:57,0.0,0.0
04:03:07,0.0,0.0
04:03:17,0.0,0.0
04:03:27,0.0,0.0
04:03:37,0.0,0.0
04:03:47,0.0,0.0
04:03:57,0.0,0.0
04:04:07,0.0,0.0
04:04:17,0.0,0.0
04:04:27,0.0,0.0
04:04:37,0.0,0.0
04:04:47,0.0,0.0
04:04:57,0.0,0.0
04:05:07,0.0,0.0
04:05:17,0.0,0.0
04:05:27,0.0,0.0
04:05:37,0.0,0.0
04:05:47,0.0,0.0
04:05:57,0.0,0.0
04:06:07,0.0,0.0
04:06:17,0.0,0.0
04:06:27,0.0,0.0
04:06:37,0.0,0.0
04:06:47,0.0,0.0
04:06:57,0.0,0.0
04:07:07,0.0,0.0
04:07:17,0.0,0.0
04:07:27,0.0,0.0
04:07:37,0.0,0.0
04:07:47,0.0,0.0
04:07:57,0.0,0.0
04:08:07,0.0,0.0
04:08:17,0.0,0.0
04:08:27,0.0,0.0
04:08:37,0.0,0.0
04:08:47,0.0,0.0
04:08:57,0.0,0.0
04:09:07,0.0,0.0
04:09:17,0.0,0.0
04:09:27,0.0,0.0
04:09:37,0.0,0.0
04:09:47,0.0,0.0
04:09:57,0.0,0.0
04:10:07,0.0,0.0
04:10:17,0.0,0.0
04:10:27,0.0,0.0
04:10:37,0.0,0.0
04:10:47,0.0,0.0
04:10:57,0.0,0.0
04:11:07,0.0,0.0
04:11:17,0.0,0.0
04:11:27,0.0,0.0
04:11:37,0.0,0.0
04:11:47,0.0,0.0
04:11:57,0.0,0.0
04:12:07,0.0,0.0
04:12:17,0.0,0.0
04:12:27,0.0,0.0
04:12:37,0.0,0.0
04:12:47,0.0,0.0
04:12:57,0.0,0.0
04:13:07,0.0,0.0
04:13:17,0.0,0.0
04:13:27,0.0,0.0
04:13:37,0.0,0.0
04:13:47,0.0,0.0
04:13:57,0.0,0.0
04:14:07,0.0,0.0
04:14:17,0.0,0.0
04:14:27,0.0,0.0
04:14:37,0.0,0.0
04:14:47,0.0,0.0
04:14:57,0.0,0.0
04:15:07,0.0,0.0
04:15:17,0.0,0.0
04:15:27,0.0,0.0
04:15:37,0.0,0.0
04:15:47,0.0,0.0
04:15:57,0.0,0.0
04:16:07,0.0,0.0
04:16:17,0.0,0.0
04:16:27,0.0,0.0
04:16:37,0.0,0.0
04:16:47,0.0,0.0
04:16:57,0.0,0.0
04:17:07,0.0,0.0
04:17:17,0.0,0.0
04:17:27,0.0,0.0
04:17:37,0.0,0.0
04:17:47,0.0,0.0
04:17:57,0.0,0.0
04:18:07,0.0,0.0
04:18:17,0.0,0.0
04:18:27,0.0,0.0
04:18:37,0.0,0.0
04:18:47,0.0,0.0
04:18:57,0.0,0.0
04:19:07,0.0,0.0
04:19:17,0.0,0.0
04:19:27,0.0,0.0
04:19:37,0.0,0.0
04:19:47,0.0,0.0
04:19:57,0.0,0.0
04:20:07,0.0,0.0
04:20:17,0.0,0.0
04:20:27,0.0,0.0
04:20:37,0.0,0.0
04:20:47,0.0,0.0
04:20:57,0.0,0.0
04:21:07,0.0,0.0
04:21:17,0.0,0.0
04:21:27,0.0,0.0
04:21:37,0.0,0.0
04:21:47,0.0,0.0
04:21:57,0.0,0.0
04:22:07,0.0,0.0
04:22:17,0.0,0.0
04:22:27,0.0,0.0
04:22:37,0.0,0.0
04:22:47,0.0,0.0
04:22:57,0.0,0.0
04:23:07,0.0,0.0
04:23:17,0.0,0.0
04:23:27,0.0,0.0
04:23:37,0.0,0.0
04:23:47,0.0,0.0
04:23:57,0.0,0.0
04:24:07,0.0,0.0
04:24:17,0.0,0.0
04:24:27,0.0,0.0
04:24:37,0.0,0.0
04:24:47,0.0,0.0
04:24:57,0.0,0.0
04:25:07,0.0,0.0
04:25:17,0.0,0.0
04:25:27,0.0,0.0
04:25:37,0.0,0.0
04:25:47,0.0,0.0
04:25:57,0.0,0.0
04:26:07,0.0,0.0
04:26:17,0.0,0.0
04:26:27,0.0,0.0
04:26:37,0.0,0.0
04:26:47,0.0,0.0
04:26:57,0.0,0.0
04:27:07,0.0,0.0
04:27:17,0.0,0.0
04:27:27,0.0,0.0
04:27:37,0.0,0.0
04:27:47,0.0,0.0
04:27:57,0.0,0.0
04:28:07,0.0,0.0
04:28:17,0.0,0.0
04:28:27,0.0,0.0
04:28:37,0.0,0.0
04:28:47,0.0,0.0
04:28:57,0.0,0.0
04:29:07,0.0,0.0
04:29:17,0.0,0.0
04:29:27,0.0,0.0
04:29:37,0.0,0.0
04:29:47,0.0,0.0
04:29:57,0.0,0.0
04:30:07,0.0,0.0
04:30:17,0.0,0.0
04:30:27,0.0,0.0
04:30:37,0.0,0.0
04:30:47,0.0,0.0
04:30:57,0.0,0.0
04:31:07,0.0,0.0
04:31:17,0.0,0.0
04:31:27,0.0,0.0
04:31:37,0.0,0.0
04:31:47,0.0,0.0
04:31:57,0.0,0.0
04:32:07,0.0,0.0
04:32:17,0.0,0.0
04:32:27,0.0,0.0
04:32:37,0.0,0.0
04:32:47,0.0,0.0
04:32:57,0.0,0.0
04:33:07,0.0,0.0
04:33:17,0.0,0.0
04:33:27,0.0,0.0
04:33:37,0.0,0.0
04:33:47,0.0,0.0
04:33:57,0.0,0.0
04:34:07,0.0,0.0
04:34:17,0.0,0.0
04:34:27,0.0,0.0
04:34:37,0.0,0.0
04:34:47,0.0,0.0
04:34:57,0.0,0.0
04:35:07,0.0,0.0
04:35:17,0.0,0.0
04:35:27,0.0,0.0
04:35:37,0.0,0.0
04:35:47,0.0,0.0
04:35:57,0.0,0.0
04:36:07,0.0,0.0
04:36:17,0.0,0.0
04:36:27,0.0,0.0
04:36:37,0.0,0.0
04:36:47,0.0,0.0
04:36:57,0.0,0.0
04:37:07,0.0,0.0
04:37:17,0.0,0.0
04:37:27,0.0,0.0
04:37:37,0.0,0.0
04:37:47,0.0,0.0
04:37:57,0.0,0.0
04:38:07,0.0,0.0
04:38:17,0.0,0.0
04:38:27,0.0,0.0
04:38:37,0.0,0.0
04:38:47,0.0,0.0
04:38:57,0.0,0.0
04:39:07,0.0,0.0
04:39:17,0.0,0.0
04:39:27,0.0,0.0
04:39:37,0.0,0.0
04:39:47,0.0,0.0
04:39:57,0.0,0.0
04:40:07,0.0,0.0
04:40:17,0.0,0.0
04:40:27,0.0,0.0
04:40:37,0.0,0.0
04:40:47,0.0,0.0
04:40:57,0.0,0.0
04:41:07,0.0,0.0
04:41:17,0.0,0.0
04:41:27,0.0,0.0
04:41:37,0.0,0.0
04:41:47,0.0,0.0
04:41:57,0.0,0.0
04:42:07,0.0,0.0
04:42:17,0.0,0.0
04:42:27,0.0,0.0
04:42:37,0.0,0.0
04:42:47,0.0,0.0
04:42:57,0.0,0.0
04:43:07,0.0,0.0
04:43:17,0.0,0.0
04:43:27,0.0,0.0
04:43:37,0.0,0.0
04:43:47,0.0,0.0
04:43:57,0.0,0.0
04:44:07,0.0,0.0
04:44:17,0.0,0.0
04:44:27,0.0,0.0
04:44:37,0.0,0.0
04:44:47,0.0,0.0
04:44:57,0.0,0.0
04:45:07,0.0,0.0
04:45:17,0.0,0.0
04:45:27,0.0,0.0
04:45:37,0.0,0.0
04:45:47,0.0,0.0
04:45:57,0.0,0.0
04:46:07,0.0,0.0
04:46:17,0.0,0.0
04:46:27,0.0,0.0
04:46:37,0.0,0.0
04:46:47,0.0,0.0
04:46:57,0.0,0.0
04:47:07,0.0,0.0
04:47:17,0.0,0.0
04:47:27,0.0,0.0
04:47:37,0.0,0.0
04:47:47,0.0,0.0
04:47:57,0.0,0.0
04:48:07,0.0,0.0
04:48:17,0.0,0.0
04:48:27,0.0,0.0
04:48:37,0.0,0.0
04:48:47,0.0,0.0
04:48:57,0.0,0.0
04:49:07,0.0,0.0
04:49:17,0.0,0.0
04:49:27,0.0,0.0
04:49:37,0.0,0.0
04:49:47,0.0,0.0
04:49:57,0.0,0.0
04:50:07,0.0,0.0
04:50:17,0.0,0.0
04:50:27,0.0,0.0
04:50:37,0.0,0.0
04:50:47,0.0,0.0
04:50:57,0.0,0.0
04:51:07,0.0,0.0
04:51:17,0.0,0.0
04:51:27,0.0,0.0
04:51:37,0.0,0.0
04:51:47,0.0,0.0
04:51:57,0.0,0.0
04:52:07,0.0,0.0
04:52:17,0.0,0.0
04:52:27,0.0,0.0
04:52:37,0.0,0.0
04:52:47,0.0,0.0
04:52:57,0.0,0.0
04:53:07,0.0,0.0
04:53:17,0.0,0.0
04:53:27,0.0,0.0
04:53:37,0.0,0.0
04:53:47,0.0,0.0
04:53:57,0.0,0.0
04:54:07,0.0,0.0
04:54:17,0.0,0.0
04:54:27,0.0,0.0
04:54:37,0.0,0.0
04:54:47,0.0,0.0
04:54:57,0.0,0.0
04:55:07,0.0,0.0
04:55:17,0.0,0.0
04:55:27,0.0,0.0
04:55:37,0.0,0.0
04:55:47,0.0,0.0
04:55:57,0.0,0.0
04:56:07,0.0,0.0
04:56:17,0.0,0.0
04:56:27,0.0,0.0
04:56:37,0.0,0.0
04:56:47,0.0,0.0
04:56:57,0.0,0.0
04:57:07,0.0,0.0
04:57:17,0.0,0.0
04:57:27,0.0,0.0
04:57:37,0.0,0.0
04:57:47,0.0,0.0
04:57:57,0.0,0.0
04:58:07,0.0,0.0
04:58:17,0.0,0.0
04:58:27,0.0,0.0
04:58:37,0.0,0.0
04:58:47,0.0,0.0
04:58:57,0.0,0.0
04:59:07,0.0,0.0
04:59:17,0.0,0.0
04:59:27,0.0,0.0
04:59:37,0.0,0.0
04:59:47,0.0,0.0
04:59:57,0.0,0.0
05:00:07,0.0,0.0
05:00:17,0.0,0.0
05:00:27,0.0,0.0
05:00:37,0.0,0.0
05:00:47,0.0,0.0
05:00:57,0.0,0.0
05:01:07,0.0,0.0
05:01:17,0.0,0.0
05:01:27,0.0,0.0
05:01:37,0.0,0.0
05:01:47,0.0,0.0
05:01:57,0.0,0.0
05:02:07,0.0,0.0
05:02:17,0.0,0.0
05:02:27,0.0,0.0
05:02:37,0.0,0.0
05:02:47,0.0,0.0
05:02:57,0.0,0.0
05:03:07,0.0,0.0
05:03:17,0.0,0.0
05:03:27,0.0,0.0
05:03:37,0.0,0.0
05:03:47,0.0,0.0
05:03:57,0.0,0.0
05:04:07,0.0,0.0
05:04:17,0.0,0.0
05:04:27,0.0,0.0
05:04:37,0.0,0.0
05:04:47,0.0,0.0
05:04:57,0.0,0.0
05:05:07,0.0,0.0
05:05:17,0.0,0.0
05:05:27,0.0,0.0
05:05:37,0.0,0.0
05:05:47,0.0,0.0
05:05:57,0.0,0.0
05:06:07,0.0,0.0
05:06:17,0.0,0.0
05:06:27,0.0,0.0
05:06:37,0.0,0.0
05:06:47,0.0,0.0
05:06:57,0.0,0.0
05:07:07,0.0,0.0
05:07:17,0.0,0.0
05:07:27,0.0,0.0
05:07:37,0.0,0.0
05:07:47,0.0,0.0
05:07:57,0.0,0.0
05:08:07,0.0,0.0
05:08:17,0.0,0.0
05:08:27,0.0,0.0
05:08:37,0.0,0.0
05:08:47,0.0,0.0
05:08:57,0.0,0.0
05:09:07,0.0,0.0
05:09:17,0.0,0.0
05:09:27,0.0,0.0
05:09:37,0.0,0.0
05:09:47,0.0,0.0
05:09:57,0.0,0.0
05:10:07,0.0,0.0
05:10:17,0.0,0.0
05:10:27,0.0,0.0
05:10:37,0.0,0.0
05:10:47,0.0,0.0
05:10:57,0.0,0.0
05:11:07,0.0,0.0
05:11:17,0.0,0.0
05:11:27,0.0,0.0
05:11:37,0.0,0.0
05:11:47,0.0,0.0
05:11:57,0.0,0.0
05:12:07,0.0,0.0
05:12:17,0.0,0.0
05:12:27,0.0,0.0
05:12:37,0.0,0.0
05:12:47,0.0,0.0
05:12:57,0.0,0.0
05:13:07,0.0,0.0
05:13:17,0.0,0.0
05:13:27,0.0,0.0
05:13:37,0.0,0.0
05:13:47,0.0,0.0
05:13:57,0.0,0.0
05:14:07,0.0,0.0
05:14:17,0.0,0.0
05:14:27,0.0,0.0
05:14:37,0.0,0.0
05:14:47,0.0,0.0
05:14:57,0.0,0.0
05:15:07,0.0,0.0
05:15:17,0.0,0.0
05:15:27,0.0,0.0
05:15:37,0.0,0.0
05:15:47,0.0,0.0
05:15:57,0.0,0.0
05:16:07,0.0,0.0
05:16:17,0.0,0.0
05:16:27,0.0,0.0
05:16:37,0.0,0.0
05:16:47,0.0,0.0
05:16:57,0.0,0.0
05:17:07,0.0,0.0
05:17:17,0.0,0.0
05:17:27,0.0,0.0
05:17:37,0.0,0.0
05:17:47,0.0,0.0
05:17:57,0.0,0.0
05:18:07,0.0,0.0
05:18:17,0.0,0.0
05:18:27,0.0,0.0
05:18:37,0.0,0.0
05:18:47,0.0,0.0
05:18:57,0.0,0.0
05:19:07,0.0,0.0
05:19:17,0.0,0.0
05:19:27,0.0,0.0
05:19:37,0.0,0.0
05:19:47,0.0,0.0
05:19:57,0.0,0.0
05:20:07,0.0,0.0
05:20:17,0.0,0.0
05:20:27,0.0,0.0
05:20:37,0.0,0.0
05:20:47,0.0,0.0
05:20:57,0.0,0.0
05:21:07,0.0,0.0
05:21:17,0.0,0.0
05:21:27,0.0,0.0
05:21:37,0.0,0.0
05:21:47,0.0,0.0
05:21:57,0.0,0.0
05:22:07,0.0,0.0
05:22:17,0.0,0.0
05:22:27,0.0,0.0
05:22:37,0.0,0.0
05:22:47,0.0,0.0
05:22:57,0.0,0.0
05:23:07,0.0,0.0
05:23:17,0.0,0.0
05:23:27,0.0,0.0
05:23:37,0.0,0.0
05:23:47,0.0,0.0
05:23:57,0.0,0.0
05:24:07,0.0,0.0
05:24:17,0.0,0.0
05:24:27,0.0,0.0
05:24:37,0.0,0.0
05:24:47,0.0,0.0
05:24:57,0.0,0.0
05:25:07,0.0,0.0
05:25:17,0.0,0.0
05:25:27,0.0,0.0
05:25:37,0.0,0.0
05:25:47,0.0,0.0
05:25:57,0.0,0.0
05:26:07,0.0,0.0
05:26:17,0.0,0.0
05:26:27,0.0,0.0
05:26:37,0.0,0.0
05:26:47,0.0,0.0
05:26:57,0.0,0.0
05:27:07,0.0,0.0
05:27:17,0.0,0.0
05:27:27,0.0,0.0
05:27:37,0.0,0.0
05:27:47,0.0,0.0
05:27:57,0.0,0.0
05:28:07,0.0,0.0
05:28:17,0.0,0.0
05:28:27,0.0,0.0
05:28:37,0.0,0.0
05:28:47,0.0,0.0
05:28:57,0.0,0.0
05:29:07,0.0,0.0
05:29:17,0.0,0.0
05:29:27,0.0,0.0
05:29:37,0.0,0.0
05:29:47,0.0,0.0
05:29:57,0.0,0.0
05:30:07,0.0,0.0
05:30:17,0.0,0.0
05:30:27,0.0,0.0
05:30:37,0.0,0.0
05:30:47,0.0,0.0
05:30:57,0.0,0.0
05:31:07,0.0,0.0
05:31:17,0.0,0.0
05:31:27,0.0,0.0
05:31:37,0.0,0.0
05:31:47,0.0,0.0
05:31:57,0.0,0.0
05:32:07,0.0,0.0
05:32:17,0.0,0.0
05:32:27,0.0,0.0
05:32:37,0.0,0.0
05:32:47,0.0,0.0
05:32:57,0.0,0.0
05:33:07,0.0,0.0
05:33:17,0.0,0.0
05:33:27,0.0,0.0
05:33:37,0.0,0.0
05:33:47,0.0,0.0
05:33:57,0.0,0.0
05:34:07,0.0,0.0
05:34:17,0.0,0.0
05:34:27,0.0,0.0
05:34:37,0.0,0.0
05:34:47,0.0,0.0
05:34:57,0.0,0.0
05:35:07,0.0,0.0
05:35:17,0.0,0.0
05:35:27,0.0,0.0
05:35:37,0.0,0.0
05:35:47,0.0,0.0
05:35:57,0.0,0.0
05:36:07,0.0,0.0
05:36:17,0.0,0.0
05:36:27,0.0,0.0
05:36:37,0.0,0.0
05:36:47,0.0,0.0
05:36:57,0.0,0.0
05:37:07,0.0,0.0
05:37:17,0.0,0.0
05:37:27,0.0,0.0
05:37:37,0.0,0.0
05:37:47,0.0,0.0
05:37:57,0.0,0.0
05:38:07,0.0,0.0
05:38:17,0.0,0.0
05:38:27,0.0,0.0
05:38:37,0.0,0.0
05:38:47,0.0,0.0
05:38:57,0.0,0.0
05:39:07,0.0,0.0
05:39:17,0.0,0.0
05:39:27,0.0,0.0
05:39:37,0.0,0.0
05:39:47,0.0,0.0
05:39:57,0.0,0.0
05:40:07,0.0,0.0
05:40:17,0.0,0.0
05:40:27,0.0,0.0
05:40:37,0.0,0.0
05:40:47,0.0,0.0
05:40:57,0.0,0.0
05:41:07,0.0,0.0
05:41:17,0.0,0.0
05:41:27,0.0,0.0
05:41:37,0.0,0.0
05:41:47,0.0,0.0
05:41:57,0.0,0.0
05:42:07,0.0,0.0
05:42:17,0.0,0.0
05:42:27,0.0,0.0
05:42:37,0.0,0.0
05:42:47,0.0,0.0
05:42:57,0.0,0.0
05:43:07,0.0,0.0
05:43:17,0.0,0.0
05:43:27,0.0,0.0
05:43:37,0.0,0.0
05:43:47,0.0,0.0
05:43:57,0.0,0.0
05:44:07,0.0,0.0
05:44:17,0.0,0.0
05:44:27,0.0,0.0
05:44:37,0.0,0.0
05:44:47,0.0,0.0
05:44:57,0.0,0.0
05:45:07,0.0,0.0
05:45:17,0.0,0.0
05:45:27,0.0,0.0
05:45:37,0.0,0.0
05:45:47,0.0,0.0
05:45:57,0.0,0.0
05:46:07,0.0,0.0
05:46:17,0.0,0.0
05:46:27,0.0,0.0
05:46:37,0.0,0.0
05:46:47,0.0,0.0
05:46:57,0.0,0.0
05:47:07,0.0,0.0
05:47:17,0.0,0.0
05:47:27,0.0,0.0
05:47:37,0.0,0.0
05:47:47,0.0,0.0
05:47:57,0.0,0.0
05:48:07,0.0,0.0
05:48:17,0.0,0.0
05:48:27,0.0,0.0
05:48:37,0.0,0.0
05:48:47,0.0,0.0
05:48:57,0.0,0.0
05:49:07,0.0,0.0
05:49:17,0.0,0.0
05:49:27,0.0,0.0
05:49:37,0.0,0.0
05:49:47,0.0,0.0
05:49:57,0.0,0.0
05:50:07,0.0,0.0
05:50:17,0.0,0.0
05:50:27,0.0,0.0
05:50:37,0.0,0.0
05:50:47,0.0,0.0
05:50:57,0.0,0.0
05:51:07,0.0,0.0
05:51:17,0.0,0.0
05:51:27,0.0,0.0
05:51:37,0.0,0.0
05:51:47,0.0,0.0
05:51:57,0.0,0.0
05:52:07,0.0,0.0
05:52:17,0.0,0.0
05:52:27,0.0,0.0
05:52:37,0.0,0.0
05:52:47,0.0,0.0
05:52:57,0.0,0.0
05:53:07,0.0,0.0
05:53:17,0.0,0.0
05:53:27,0.0,0.0
05:53:37,0.0,0.0
05:53:47,0.0,0.0
05:53:57,0.0,0.0
05:54:07,0.0,0.0
05:54:17,0.0,0.0
05:54:27,0.0,0.0
05:54:37,0.0,0.0
05:54:47,0.0,0.0
05:54:57,0.0,0.0
05:55:07,0.0,0.0
05:55:17,0.0,0.0
05:55:27,0.0,0.0
05:55:37,0.0,0.0
05:55:47,0.0,0.0
05:55:57,0.0,0.0
05:56:07,0.0,0.0
05:56:17,0.0,0.0
05:56:27,0.0,0.0
05:56:37,0.0,0.0
05:56:47,0.0,0.0
05:56:57,0.0,0.0
05:57:07,0.0,0.0
05:57:17,0.0,0.0
05:57:27,0.0,0.0
05:57:37,0.0,0.0
05:57:47,0.0,0.0
05:57:57,0.0,0.0
05:58:07,0.0,0.0
05:58:17,0.0,0.0
05:58:27,0.0,0.0
05:58:37,0.0,0.0
05:58:47,0.0,0.0
05:58:57,0.0,0.0
05:59:07,0.0,0.0
05:59:17,0.0,0.0
05:59:27,0.0,0.0
05:59:37,0.0,0.0
05:59:47,0.0,0.0
05:59:57,0.0,0.0
06:00:07,0.0,0.0
06:00:17,0.0,0.0
06:00:27,0.0,0.0
06:00:37,0.0,0.0
06:00:47,0.0,0.0
06:02:02,0.0,0.0
06:02:07,0.0,0.0
06:02:17,0.0,0.0
06:02:27,0.0,0.0
06:02:37,0.0,0.0
06:02:47,0.0,0.0
06:02:57,0.0,0.0
06:03:07,0.0,0.0
06:03:17,0.0,0.0
06:03:27,0.0,0.0
06:03:37,0.0,0.0
06:03:47,0.0,0.0
06:03:57,0.0,0.0
06:04:07,0.0,0.0
06:04:17,0.0,0.0
06:04:27,0.0,0.0
06:04:37,0.0,0.0
06:04:47,0.0,0.0
06:04:57,0.0,0.0
06:05:07,0.0,0.0
06:05:17,0.0,0.0
06:05:27,0.0,0.0
06:05:37,0.0,0.0
06:05:47,0.0,0.0
06:05:57,0.0,0.0
06:06:07,0.0,0.0
06:06:17,0.0,0.0
06:06:27,0.0,0.0
06:06:37,0.0,0.0
06:06:47,0.0,0.0
06:06:57,0.0,0.0
06:07:07,0.0,0.0
06:07:17,0.0,0.0
06:07:27,0.0,0.0
06:07:37,0.0,0.0
06:07:47,0.0,0.0
06:07:57,0.0,0.0
06:08:07,0.0,0.0
06:08:17,0.0,0.0
06:08:27,0.0,0.0
06:08:37,0.0,0.0
06:08:47,0.0,0.0
06:08:57,0.0,0.0
06:09:07,0.0,0.0
06:09:17,0.0,0.0
06:09:27,0.0,0.0
06:09:37,0.0,0.0
06:09:47,0.0,0.0
06:09:57,0.0,0.0
06:10:07,0.0,0.0
06:10:17,0.0,0.0
06:10:27,0.0,0.0
06:10:37,0.0,0.0
06:10:47,0.0,0.0
06:10:57,0.0,0.0
06:11:07,0.0,0.0
06:11:17,0.0,0.0
06:11:27,0.0,0.0
06:11:37,0.0,0.0
06:11:47,0.0,0.0
06:11:57,0.0,0.0
06:12:07,0.0,0.0
06:12:17,0.0,0.0
06:12:27,0.0,0.0
06:12:37,0.0,0.0
06:12:47,0.0,0.0
06:12:57,0.0,0.0
06:13:07,0.0,0.0
06:13:17,0.0,0.0
06:13:27,0.0,0.0
06:13:37,0.0,0.0
06:13:47,0.0,0.0
06:13:57,0.0,0.0
06:14:07,0.0,0.0
06:14:17,0.0,0.0
06:14:27,0.0,0.0
06:14:37,0.0,0.0
06:14:47,0.0,0.0
06:14:57,0.0,0.0
06:15:07,0.0,0.0
06:15:17,0.0,0.0
06:15:27,0.0,0.0
06:15:37,0.0,0.0
06:15:47,0.0,0.0
06:15:57,0.0,0.0
06:16:07,0.0,0.0
06:16:17,0.0,0.0
06:16:27,0.0,0.0
06:16:37,0.0,0.0
06:16:47,0.0,0.0
06:16:57,0.0,0.0
06:17:07,0.0,0.0
06:17:17,0.0,0.0
06:17:27,0.0,0.0
06:17:37,0.0,0.0
06:17:47,0.0,0.0
06:17:57,0.0,0.0
06:18:07,0.0,0.0
06:18:17,0.0,0.0
06:18:27,0.0,0.0
06:18:37,0.0,0.0
06:18:47,0.0,0.0
06:18:57,0.0,0.0
06:19:07,0.0,0.0
06:19:17,0.0,0.0
06:19:27,0.0,0.0
06:19:37,0.0,0.0
06:19:47,0.0,0.0
06:19:57,0.0,0.0
06:20:07,0.0,0.0
06:20:17,0.0,0.0
06:20:27,0.0,0.0
06:20:37,0.0,0.0
06:20:47,0.0,0.0
06:20:57,0.0,0.0
06:21:07,0.0,0.0
06:21:17,0.0,0.0
06:21:27,0.0,0.0
06:21:37,0.0,0.0
06:21:47,0.0,0.0
06:21:57,0.0,0.0
06:22:07,0.0,0.0
06:22:17,0.0,0.0
06:22:27,0.0,0.0
06:22:37,0.0,0.0
06:22:47,0.0,0.0
06:22:57,0.0,0.0
06:23:07,0.0,0.0
06:23:17,0.0,0.0
06:23:27,0.0,0.0
06:23:37,0.0,0.0
06:23:47,0.0,0.0
06:23:57,0.0,0.0
06:24:07,0.0,0.0
06:24:17,0.0,0.0
06:24:27,0.0,0.0
06:24:37,0.0,0.0
06:24:47,0.0,0.0
06:24:57,0.0,0.0
06:25:07,0.0,0.0
06:25:17,0.0,0.0
06:25:27,0.0,0.0
06:25:37,0.0,0.0
06:25:47,0.0,0.0
06:25:57,0.0,0.0
06:26:07,0.0,0.0
06:26:17,0.0,0.0
06:26:27,0.0,0.0
06:26:37,0.0,0.0
06:26:47,0.0,0.0
06:26:57,0.0,0.0
06:27:07,0.0,0.0
06:27:17,0.0,0.0
06:27:27,0.0,0.0
06:27:37,0.0,0.0
06:27:47,0.0,0.0
06:27:57,0.0,0.0
06:28:07,0.0,0.0
06:28:17,0.0,0.0
06:28:27,0.0,0.0
06:28:37,0.0,0.0
06:28:47,0.0,0.0
06:28:57,0.0,0.0
06:29:07,0.0,0.0
06:29:17,0.0,0.0
06:29:27,0.0,0.0
06:29:37,0.0,0.0
06:29:47,0.0,0.0
06:29:57,0.0,0.0
06:30:07,0.0,0.0
06:30:17,0.0,0.0
06:30:27,0.0,0.0
06:30:37,0.0,0.0
06:30:47,0.0,0.0
06:30:57,0.0,0.0
06:31:07,0.0,0.0
06:31:17,0.0,0.0
06:31:27,0.0,0.0
06:31:37,0.0,0.0
06:31:47,0.0,0.0
06:31:57,0.0,0.0
06:32:07,0.0,0.0
06:32:17,0.0,0.0
06:32:27,0.0,0.0
06:32:37,0.0,0.0
06:32:47,0.0,0.0
06:32:57,0.0,0.0
06:33:07,0.0,0.0
06:33:17,0.0,0.0
06:33:27,0.0,0.0
06:33:37,0.0,0.0
06:33:47,0.0,0.0
06:33:57,0.0,0.0
06:34:07,0.0,0.0
06:34:17,0.0,0.0
06:34:27,0.0,0.0
06:34:37,0.0,0.0
06:34:47,0.0,0.0
06:34:57,0.0,0.0
06:35:07,0.0,0.0
06:35:17,0.0,0.0
06:35:27,0.0,0.0
06:35:37,0.0,0.0
06:35:47,0.0,0.0
06:35:57,0.0,0.0
06:36:07,0.0,0.0
06:36:17,0.0,0.0
06:36:27,0.0,0.0
06:36:37,0.0,0.0
06:36:47,0.0,0.0
06:36:57,0.0,0.0
06:37:07,0.0,0.0
06:37:17,0.0,0.0
06:37:27,0.0,0.0
06:37:37,0.0,0.0
06:37:47,0.0,0.0
06:37:57,0.0,0.0
06:38:07,0.0,0.0
06:38:17,0.0,0.0
06:38:27,0.0,0.0
06:38:37,0.0,0.0
06:38:47,0.0,0.0
06:38:57,0.0,0.0
06:39:07,0.0,0.0
06:39:17,0.0,0.0
06:39:27,0.0,0.0
06:39:37,0.0,0.0
06:39:47,0.0,0.0
06:39:57,0.0,0.0
06:40:07,0.0,0.0
06:40:17,0.0,0.0
06:40:27,0.0,0.0
06:40:37,0.0,0.0
06:40:47,0.0,0.0
06:40:57,0.0,0.0
06:41:07,0.0,0.0
06:41:17,0.0,0.0
06:41:27,0.0,0.0
06:41:37,0.0,0.0
06:41:47,0.0,0.0
06:41:57,0.0,0.0
06:42:07,0.0,0.0
06:42:17,0.0,0.0
06:42:27,0.0,0.0
06:42:37,0.0,0.0
06:42:47,0.0,0.0
06:42:57,0.0,0.0
06:43:07,0.0,0.0
06:43:17,0.0,0.0
06:43:27,0.0,0.0
06:43:37,0.0,0.0
06:43:47,0.0,0.0
06:43:57,0.0,0.0
06:44:07,0.0,0.0
06:44:17,0.0,0.0
06:44:27,0.0,0.0
06:44:37,0.0,0.0
06:44:47,0.0,0.0
06:44:57,0.0,0.0
06:45:07,0.0,0.0
06:45:17,0.0,0.0
06:45:27,0.0,0.0
06:45:37,0.0,0.0
06:45:47,0.0,0.0
06:45:57,0.0,0.0
06:46:07,0.0,0.0
06:46:17,0.0,0.0
06:46:27,0.0,0.0
06:46:37,0.0,0.0
06:46:47,0.0,0.0
06:46:57,0.0,0.0
06:47:07,0.0,0.0
06:47:17,0.0,0.0
06:47:27,0.0,0.0
06:47:37,0.0,0.0
06:47:47,0.0,0.0
06:47:57,0.0,0.0
06:48:07,0.0,0.0
06:48:17,0.0,0.0
06:48:27,0.0,0.0
06:48:37,0.0,0.0
06:48:47,0.0,0.0
06:48:57,0.0,0.0
06:49:07,0.0,0.0
06:49:17,0.0,0.0
06:49:27,0.0,0.0
06:49:37,0.0,0.0
06:49:47,0.0,0.0
06:49:57,0.0,0.0
06:50:07,0.0,0.0
06:50:17,0.0,0.0
06:50:27,0.0,0.0
06:50:37,0.0,0.0
06:50:47,0.0,0.0
06:50:57,0.0,0.0
06:51:07,0.0,0.0
06:51:17,0.0,0.0
06:51:27,0.0,0.0
06:51:37,0.0,0.0
06:51:47,0.0,0.0
06:51:57,0.0,0.0
06:52:07,0.0,0.0
06:52:17,0.0,0.0
06:52:27,0.0,0.0
06:52:37,0.0,0.0
06:52:47,0.0,0.0
06:52:57,0.0,0.0
06:53:07,0.0,0.0
06:53:17,0.0,0.0
06:53:27,0.0,0.0
06:53:37,0.0,0.0
06:53:47,0.0,0.0
06:53:57,0.0,0.0
06:54:07,0.0,0.0
06:54:17,0.0,0.0
06:54:27,0.0,0.0
06:54:37,0.0,0.0
06:54:47,0.0,0.0
06:54:57,0.0,0.0
06:55:07,0.0,0.0
06:55:17,0.0,0.0
06:55:27,0.0,0.0
06:55:37,0.0,0.0
06:55:47,0.0,0.0
06:55:57,0.0,0.0
06:56:07,0.0,0.0
06:56:17,0.0,0.0
06:56:27,0.0,0.0
06:56:37,0.0,0.0
06:56:47,0.0,0.0
06:56:57,0.0,0.0
06:57:07,0.0,0.0
06:57:17,0.0,0.0
06:57:27,0.0,0.0
06:57:37,0.0,0.0
06:57:47,0.0,0.0
06:57:57,0.0,0.0
06:58:07,0.0,0.0
06:58:17,0.0,0.0
06:58:27,0.0,0.0
06:58:37,0.0,0.0
06:58:47,0.0,0.0
06:58:57,0.0,0.0
06:59:07,0.0,0.0
06:59:17,0.0,0.0
06:59:27,0.0,0.0
06:59:37,0.0,0.0
06:59:47,0.0,0.0
06:59:57,0.0,0.0
07:00:07,0.0,0.0
07:00:17,0.0,0.0
07:00:27,0.0,0.0
07:00:37,0.0,0.0
07:00:47,0.0,0.0
07:00:57,0.0,0.0
07:01:07,0.0,0.0
07:01:17,0.0,0.0
07:01:27,0.0,0.0
07:01:37,0.0,0.0
07:01:47,0.0,0.0
07:01:57,0.0,0.0
07:02:07,0.0,0.0
07:02:17,0.0,0.0
07:02:27,0.0,0.0
07:02:37,0.0,0.0
07:02:47,0.0,0.0
07:02:57,0.0,0.0
07:03:07,0.0,0.0
07:03:17,0.0,0.0
07:03:27,0.0,0.0
07:03:37,0.0,0.0
07:03:47,0.0,0.0
07:03:57,0.0,0.0
07:04:07,0.0,0.0
07:04:17,0.0,0.0
07:04:27,0.0,0.0
07:04:37,0.0,0.0
07:04:47,0.0,0.0
07:04:57,0.0,0.0
07:05:07,0.0,0.0
07:05:17,0.0,0.0
07:05:27,0.0,0.0
07:05:37,0.0,0.0
07:05:47,0.0,0.0
07:05:57,0.0,0.0
07:06:07,0.0,0.0
07:06:17,0.0,0.0
07:06:27,0.0,0.0
07:06:37,0.0,0.0
07:06:47,0.0,0.0
07:06:57,0.0,0.0
07:07:07,0.0,0.0
07:07:17,0.0,0.0
07:07:27,0.0,0.0
07:07:37,0.0,0.0
07:07:47,0.0,0.0
07:07:57,0.0,0.0
07:08:07,0.0,0.0
07:08:17,0.0,0.0
07:08:27,0.0,0.0
07:08:37,0.0,0.0
07:08:47,0.0,0.0
07:08:57,0.0,0.0
07:09:07,0.0,0.0
07:09:17,0.0,0.0
07:09:27,0.0,0.0
07:09:37,0.0,0.0
07:09:47,0.0,0.0
07:09:57,0.0,0.0
07:10:07,0.0,0.0
07:10:17,0.0,0.0
07:10:27,0.0,0.0
07:10:37,0.0,0.0
07:10:47,0.0,0.0
07:10:57,0.0,0.0
07:11:07,0.0,0.0
07:11:17,0.0,0.0
07:11:27,0.0,0.0
07:11:37,0.0,0.0
07:11:47,0.0,0.0
07:11:57,0.0,0.0
07:12:07,0.0,0.0
07:12:17,0.0,0.0
07:12:27,0.0,0.0
07:12:37,0.0,0.0
07:12:47,0.0,0.0
07:12:57,0.0,0.0
07:13:07,0.0,0.0
07:13:17,0.0,0.0
07:13:27,0.0,0.0
07:13:37,0.0,0.0
07:13:47,0.0,0.0
07:13:57,0.0,0.0
07:14:07,0.0,0.0
07:14:17,0.0,0.0
07:14:27,0.0,0.0
07:14:37,0.0,0.0
07:14:47,0.0,0.0
07:14:57,0.0,0.0
07:15:07,0.0,0.0
07:15:17,0.0,0.0
07:15:27,0.0,0.0
07:15:37,0.0,0.0
07:15:47,0.0,0.0
07:15:57,0.0,0.0
07:16:07,0.0,0.0
07:16:17,0.0,0.0
07:16:27,0.0,0.0
07:16:37,0.0,0.0
07:16:47,0.0,0.0
07:16:57,0.0,0.0
07:17:07,0.0,0.0
07:17:17,0.0,0.0
07:17:27,0.0,0.0
07:17:37,0.0,0.0
07:17:47,0.0,0.0
07:17:57,0.0,0.0
07:18:07,0.0,0.0
07:18:17,0.0,0.0
07:18:27,0.0,0.0
07:18:37,0.0,0.0
07:18:47,0.0,0.0
07:18:57,0.0,0.0
07:19:07,0.0,0.0
07:19:17,0.0,0.0
07:19:27,0.0,0.0
07:19:37,0.0,0.0
07:19:47,0.0,0.0
07:19:57,0.0,0.0
07:20:07,0.0,0.0
07:20:17,0.0,0.0
07:20:27,0.0,0.0
07:20:37,0.0,0.0
07:20:47,0.0,0.0
07:20:57,0.0,0.0
07:21:07,0.0,0.0
07:21:17,0.0,0.0
07:21:27,0.0,0.0
07:21:37,0.0,0.0
07:21:47,0.0,0.0
07:21:57,0.0,0.0
07:22:07,0.0,0.0
07:22:17,0.0,0.0
07:22:27,0.0,0.0
07:22:37,0.0,0.0
07:22:47,0.0,0.0
07:22:57,0.0,0.0
07:23:07,0.0,0.0
07:23:17,0.0,0.0
07:23:27,0.0,0.0
07:23:37,0.0,0.0
07:23:47,0.0,0.0
07:23:57,0.0,0.0
07:24:07,0.0,0.0
07:24:17,0.0,0.0
07:24:27,0.0,0.0
07:24:37,0.0,0.0
07:24:47,0.0,0.0
07:24:57,0.0,0.0
07:25:07,0.0,0.0
07:25:17,0.0,0.0
07:25:27,0.0,0.0
07:25:37,0.0,0.0
07:25:47,0.0,0.0
07:25:57,0.0,0.0
07:26:07,0.0,0.0
07:26:17,0.0,0.0
07:26:27,0.0,0.0
07:26:37,0.0,0.0
07:26:47,0.0,0.0
07:26:57,0.0,0.0
07:27:07,0.0,0.0
07:27:17,0.0,0.0
07:27:27,0.0,0.0
07:27:37,0.0,0.0
07:27:47,0.0,0.0
07:27:57,0.0,0.0
07:28:07,0.0,0.0
07:28:17,0.0,0.0
07:28:27,0.0,0.0
07:28:37,0.0,0.0
07:28:47,0.0,0.0
07:28:57,0.0,0.0
07:29:07,0.0,0.0
07:29:17,0.0,0.0
07:29:27,0.0,0.0
07:29:37,0.0,0.0
07:29:47,0.0,0.0
07:29:57,0.0,0.0
07:30:07,0.0,0.0
07:30:17,0.0,0.0
07:30:27,0.0,0.0
07:30:37,0.0,0.0
07:30:47,0.0,0.0
07:30:57,0.0,0.0
07:31:07,0.0,0.0
07:31:17,0.0,0.0
07:31:27,0.0,0.0
07:31:37,0.0,0.0
07:31:47,0.0,0.0
07:31:57,0.0,0.0
07:32:07,0.0,0.0
07:32:17,0.0,0.0
07:32:27,0.0,0.0
07:32:37,0.0,0.0
07:32:47,0.0,0.0
07:32:57,0.0,0.0
07:33:07,0.0,0.0
07:33:17,0.0,0.0
07:33:27,0.0,0.0
07:33:37,0.0,0.0
07:33:47,0.0,0.0
07:33:57,0.0,0.0
07:34:07,0.0,0.0
07:34:17,0.0,0.0
07:34:27,0.0,0.0
07:34:37,0.0,0.0
07:34:47,0.0,0.0
07:34:57,0.0,0.0
07:35:07,0.0,0.0
07:35:17,0.0,0.0
07:35:27,0.0,0.0
07:35:37,0.0,0.0
07:35:47,0.0,0.0
07:35:57,0.0,0.0
07:36:07,0.0,0.0
07:36:17,0.0,0.0
07:36:27,0.0,0.0
07:36:37,0.0,0.0
07:36:47,0.0,0.0
07:36:57,0.0,0.0
07:37:07,0.0,0.0
07:37:17,0.0,0.0
07:37:27,0.0,0.0
07:37:37,0.0,0.0
07:37:47,0.0,0.0
07:37:57,0.0,0.0
07:38:07,0.0,0.0
07:38:17,0.0,0.0
07:38:27,0.0,0.0
07:38:37,0.0,0.0
07:38:47,0.0,0.0
07:38:57,0.0,0.0
07:39:07,0.0,0.0
07:39:17,0.0,0.0
07:39:27,0.0,0.0
07:39:37,0.0,0.0
07:39:47,0.0,0.0
07:39:57,0.0,0.0
07:40:07,0.0,0.0
07:40:17,0.0,0.0
07:40:27,0.0,0.0
07:40:37,0.0,0.0
07:40:47,0.0,0.0
07:40:57,0.0,0.0
07:41:07,0.0,0.0
07:41:17,0.0,0.0
07:41:27,0.0,0.0
07:41:37,0.0,0.0
07:41:47,0.0,0.0
07:41:57,0.0,0.0
07:42:07,0.0,0.0
07:42:17,0.0,0.0
07:42:27,0.0,0.0
07:42:37,0.0,0.0
07:42:47,0.0,0.0
07:42:57,0.0,0.0
07:43:07,0.0,0.0
07:43:17,0.0,0.0
07:43:27,0.0,0.0
07:43:37,0.0,0.0
07:43:47,0.0,0.0
07:43:57,0.0,0.0
07:44:07,0.0,0.0
07:44:17,0.0,0.0
07:44:27,0.0,0.0
07:44:37,0.0,0.0
07:44:47,0.0,0.0
07:44:57,0.0,0.0
07:45:07,0.0,0.0
07:45:17,0.0,0.0
07:45:27,0.0,0.0
07:45:37,0.0,0.0
07:45:47,0.0,0.0
07:45:57,0.0,0.0
07:46:07,0.0,0.0
07:46:17,0.0,0.0
07:46:27,0.0,0.0
07:46:37,0.0,0.0
07:46:47,0.0,0.0
07:46:57,0.0,0.0
07:47:07,0.0,0.0
07:47:17,0.0,0.0
07:47:27,0.0,0.0
07:47:37,0.0,0.0
07:47:47,0.0,0.0
07:47:57,0.0,0.0
07:48:07,0.0,0.0
07:48:17,0.0,0.0
07:48:27,0.0,0.0
07:48:37,0.0,0.0
07:48:47,0.0,0.0
07:48:57,0.0,0.0
07:49:07,0.0,0.0
07:49:17,0.0,0.0
07:49:27,0.0,0.0
07:49:37,0.0,0.0
07:49:47,0.0,0.0
07:49:57,0.0,0.0
07:50:07,0.0,0.0
07:50:17,0.0,0.0
07:50:27,0.0,0.0
07:50:37,0.0,0.0
07:50:47,0.0,0.0
07:50:57,0.0,0.0
07:51:07,0.0,0.0
07:51:17,0.0,0.0
07:51:27,0.0,0.0
07:51:37,0.0,0.0
07:51:47,0.0,0.0
07:51:57,0.0,0.0
07:52:07,0.0,0.0
07:52:17,0.0,0.0
07:52:27,0.0,0.0
07:52:37,0.0,0.0
07:52:47,0.0,0.0
07:52:57,0.0,0.0
07:53:07,0.0,0.0
07:53:17,0.0,0.0
07:53:27,0.0,0.0
07:53:37,0.0,0.0
07:53:47,0.0,0.0
07:53:57,0.0,0.0
07:54:07,0.0,0.0
07:54:17,0.0,0.0
07:54:27,0.0,0.0
07:54:37,0.0,0.0
07:54:47,0.0,0.0
07:54:57,0.0,0.0
07:55:07,0.0,0.0
07:55:17,0.0,0.0
07:55:27,0.0,0.0
07:55:37,0.0,0.0
07:55:47,0.0,0.0
07:55:57,0.0,0.0
07:56:07,0.0,0.0
07:56:17,0.0,0.0
07:56:27,0.0,0.0
07:56:37,0.0,0.0
07:56:47,0.0,0.0
07:56:57,0.0,0.0
07:57:07,0.0,0.0
07:57:17,0.0,0.0
07:57:27,0.0,0.0
07:57:37,0.0,0.0
07:57:47,0.0,0.0
07:57:57,0.0,0.0
07:58:07,0.0,0.0
07:58:17,0.0,0.0
07:58:27,0.0,0.0
07:58:37,0.0,0.0
07:58:47,0.0,0.0
07:58:57,0.0,0.0
07:59:07,0.0,0.0
07:59:17,0.0,0.0
07:59:27,0.0,0.0
07:59:37,0.0,0.0
07:59:47,0.0,0.0
07:59:57,0.0,0.0
08:00:07,0.0,0.0
08:00:17,0.0,0.0
08:00:27,0.0,0.0
08:00:37,0.0,0.0
08:00:47,0.0,0.0
08:00:57,0.0,0.0
08:01:07,0.0,0.0
08:01:17,0.0,0.0
08:01:27,0.0,0.0
08:01:37,0.0,0.0
08:01:47,0.0,0.0
08:01:57,0.0,0.0
08:02:07,0.0,0.0
08:02:17,0.0,0.0
08:02:27,0.0,0.0
08:02:37,0.0,0.0
08:02:47,0.0,0.0
08:02:57,0.0,0.0
08:03:07,0.0,0.0
08:03:17,0.0,0.0
08:03:27,0.0,0.0
08:03:37,0.0,0.0
08:03:47,0.0,0.0
08:03:57,0.0,0.0
08:04:07,0.0,0.0
08:04:17,0.0,0.0
08:04:27,0.0,0.0
08:04:37,0.0,0.0
08:04:47,0.0,0.0
08:04:57,0.0,0.0
08:05:07,0.0,0.0
08:05:17,0.0,0.0
08:05:27,0.0,0.0
08:05:37,0.0,0.0
08:05:47,0.0,0.0
08:05:57,0.0,0.0
08:06:07,0.0,0.0
08:06:17,0.0,0.0
08:06:27,0.0,0.0
08:06:37,0.0,0.0
08:06:47,0.0,0.0
08:06:57,0.0,0.0
08:07:07,0.0,0.0
08:07:17,0.0,0.0
08:07:27,0.0,0.0
08:07:37,0.0,0.0
08:07:47,0.0,0.0
08:07:57,0.0,0.0
08:08:07,0.0,0.0
08:08:17,0.0,0.0
08:08:27,0.0,0.0
08:08:37,0.0,0.0
08:08:47,0.0,0.0
08:08:57,0.0,0.0
08:09:07,0.0,0.0
08:09:17,0.0,0.0
08:09:27,0.0,0.0
08:09:37,0.0,0.0
08:09:47,0.0,0.0
08:09:57,0.0,0.0
08:10:07,0.0,0.0
08:10:17,0.0,0.0
08:10:27,0.0,0.0
08:10:37,0.0,0.0
08:10:47,0.0,0.0
08:10:57,0.0,0.0
08:11:07,0.0,0.0
08:11:17,0.0,0.0
08:11:27,0.0,0.0
08:11:37,0.0,0.0
08:11:47,0.0,0.0
08:11:57,0.0,0.0
08:12:07,0.0,0.0
08:12:17,0.0,0.0
08:12:27,0.0,0.0
08:12:37,0.0,0.0
08:12:47,0.0,0.0
08:12:57,0.0,0.0
08:13:07,0.0,0.0
08:13:17,0.0,0.0
08:13:27,0.0,0.0
08:13:37,0.0,0.0
08:13:47,0.0,0.0
08:13:57,0.0,0.0
08:14:07,0.0,0.0
08:14:17,0.0,0.0
08:14:27,0.0,0.0
08:14:37,0.0,0.0
08:14:47,0.0,0.0
08:14:57,0.0,0.0
08:15:07,0.0,0.0
08:15:17,0.0,0.0
08:15:27,0.0,0.0
08:15:37,0.0,0.0
08:15:47,0.0,0.0
08:15:57,0.0,0.0
08:16:07,0.0,0.0
08:16:17,0.0,0.0
08:16:27,0.0,0.0
08:16:37,0.0,0.0
08:16:47,0.0,0.0
08:16:57,0.0,0.0
08:17:07,0.0,0.0
08:17:17,0.0,0.0
08:17:27,0.0,0.0
08:17:37,0.0,0.0
08:17:47,0.0,0.0
08:17:57,0.0,0.0
08:18:07,0.0,0.0
08:18:17,0.0,0.0
08:18:27,0.0,0.0
08:18:37,0.0,0.0
08:18:47,0.0,0.0
08:18:57,0.0,0.0
08:19:07,0.0,0.0
08:19:17,0.0,0.0
08:19:27,0.0,0.0
08:19:37,0.0,0.0
08:19:47,0.0,0.0
08:19:57,0.0,0.0
08:20:07,0.0,0.0
08:20:17,0.0,0.0
08:20:27,0.0,0.0
08:20:37,0.0,0.0
08:20:47,0.0,0.0
08:20:57,0.0,0.0
08:21:07,0.0,0.0
08:21:17,0.0,0.0
08:21:27,0.0,0.0
08:21:37,0.0,0.0
08:21:47,0.0,0.0
08:21:57,0.0,0.0
08:22:07,0.0,0.0
08:22:17,0.0,0.0
08:22:27,0.0,0.0
08:22:37,0.0,0.0
08:22:47,0.0,0.0
08:22:57,0.0,0.0
08:23:07,0.0,0.0
08:23:17,0.0,0.0
08:23:27,0.0,0.0
08:23:37,0.0,0.0
08:23:47,0.0,0.0
08:23:57,0.0,0.0
08:24:07,0.0,0.0
08:24:17,0.0,0.0
08:24:27,0.0,0.0
08:24:37,0.0,0.0
08:24:47,0.0,0.0
08:24:57,0.0,0.0
08:25:07,0.0,0.0
08:25:17,0.0,0.0
08:25:27,0.0,0.0
08:25:37,0.0,0.0
08:25:47,0.0,0.0
08:25:57,0.0,0.0
08:26:07,0.0,0.0
08:26:17,0.0,0.0
08:26:27,0.0,0.0
08:26:37,0.0,0.0
08:26:47,0.0,0.0
08:26:57,0.0,0.0
08:27:07,0.0,0.0
08:27:17,0.0,0.0
08:27:27,0.0,0.0
08:27:37,0.0,0.0
08:27:47,0.0,0.0
08:27:57,0.0,0.0
08:28:07,0.0,0.0
08:28:17,0.0,0.0
08:28:27,0.0,0.0
08:28:37,0.0,0.0
08:28:47,0.0,0.0
08:28:57,0.0,0.0
08:29:07,0.0,0.0
08:29:17,0.0,0.0
08:29:27,0.0,0.0
08:29:37,0.0,0.0
08:29:47,0.0,0.0
08:29:57,0.0,0.0
08:30:07,0.0,0.0
08:30:17,0.0,0.0
08:30:27,0.0,0.0
08:30:37,0.0,0.0
08:30:47,0.0,0.0
08:30:57,0.0,0.0
08:31:07,0.0,0.0
08:31:17,0.0,0.0
08:31:27,0.0,0.0
08:31:37,0.0,0.0
08:31:47,0.0,0.0
08:31:57,0.0,0.0
08:32:07,0.0,0.0
08:32:17,0.0,0.0
08:32:27,0.0,0.0
08:32:37,0.0,0.0
08:32:47,0.0,0.0
08:32:57,0.0,0.0
08:33:07,0.0,0.0
08:33:17,0.0,0.0
08:33:27,0.0,0.0
08:33:37,0.0,0.0
08:33:47,0.0,0.0
08:33:57,0.0,0.0
08:34:07,0.0,0.0
08:34:17,0.0,0.0
08:34:27,0.0,0.0
08:34:37,0.0,0.0
08:34:47,0.0,0.0
08:34:57,0.0,0.0
08:35:07,0.0,0.0
08:35:17,0.0,0.0
08:35:27,0.0,0.0
08:35:37,0.0,0.0
08:35:47,0.0,0.0
08:35:57,0.0,0.0
08:36:07,0.0,0.0
08:36:17,0.0,0.0
08:36:27,0.0,0.0
08:36:37,0.0,0.0
08:36:47,0.0,0.0
08:36:57,0.0,0.0
08:37:07,0.0,0.0
08:37:17,0.0,0.0
08:37:27,0.0,0.0
08:37:37,0.0,0.0
08:37:47,0.0,0.0
08:37:57,0.0,0.0
08:38:07,0.0,0.0
08:38:17,0.0,0.0
08:38:27,0.0,0.0
08:38:37,0.0,0.0
08:38:47,0.0,0.0
08:38:57,0.0,0.0
08:39:07,0.0,0.0
08:39:17,0.0,0.0
08:39:27,0.0,0.0
08:39:37,0.0,0.0
08:39:47,0.0,0.0
08:39:57,0.0,0.0
08:40:07,0.0,0.0
08:40:17,0.0,0.0
08:40:27,0.0,0.0
08:40:37,0.0,0.0
08:40:47,0.0,0.0
08:40:57,0.0,0.0
08:41:07,0.0,0.0
08:41:17,0.0,0.0
08:41:27,0.0,0.0
08:41:37,0.0,0.0
08:41:47,0.0,0.0
08:41:57,0.0,0.0
08:42:07,0.0,0.0
08:42:17,0.0,0.0
08:42:27,0.0,0.0
08:42:37,0.0,0.0
08:42:47,0.0,0.0
08:42:57,0.0,0.0
08:43:07,0.0,0.0
08:43:17,0.0,0.0
08:43:27,0.0,0.0
08:43:37,0.0,0.0
08:43:47,0.0,0.0
08:43:57,0.0,0.0
08:44:07,0.0,0.0
08:44:17,0.0,0.0
08:44:27,0.0,0.0
08:44:37,0.0,0.0
08:44:47,0.0,0.0
08:44:57,0.0,0.0
08:45:07,0.0,0.0
08:45:17,0.0,0.0
08:45:27,0.0,0.0
08:45:37,0.0,0.0
08:45:47,0.0,0.0
08:45:57,0.0,0.0
08:46:07,0.0,0.0
08:46:17,0.0,0.0
08:46:27,0.0,0.0
08:46:37,0.0,0.0
08:46:47,0.0,0.0
08:46:57,0.0,0.0
08:47:07,0.0,0.0
08:47:17,0.0,0.0
08:47:27,0.0,0.0
08:47:37,0.0,0.0
08:47:47,0.0,0.0
08:47:57,0.0,0.0
08:48:07,0.0,0.0
08:48:17,0.0,0.0
08:48:27,0.0,0.0
08:48:37,0.0,0.0
08:48:47,0.0,0.0
08:48:57,0.0,0.0
08:49:07,0.0,0.0
08:49:17,0.0,0.0
08:49:27,0.0,0.0
08:49:37,0.0,0.0
08:49:47,0.0,0.0
08:49:57,0.0,0.0
08:50:07,0.0,0.0
08:50:17,0.0,0.0
08:50:27,0.0,0.0
08:50:37,0.0,0.0
08:50:47,0.0,0.0
08:50:57,0.0,0.0
08:51:07,0.0,0.0
08:51:17,0.0,0.0
08:51:27,0.0,0.0
08:51:37,0.0,0.0
08:51:47,0.0,0.0
08:51:57,0.0,0.0
08:52:07,0.0,0.0
08:52:17,0.0,0.0
08:52:27,0.0,0.0
08:52:37,0.0,0.0
08:52:47,0.0,0.0
08:52:57,0.0,0.0
08:53:07,0.0,0.0
08:53:17,0.0,0.0
08:53:27,0.0,0.0
08:53:37,0.0,0.0
08:53:47,0.0,0.0
08:53:57,0.0,0.0
08:54:07,0.0,0.0
08:54:17,0.0,0.0
08:54:27,0.0,0.0
08:54:37,0.0,0.0
08:54:47,0.0,0.0
08:54:57,0.0,0.0
08:55:07,0.0,0.0
08:55:17,0.0,0.0
08:55:27,0.0,0.0
08:55:37,0.0,0.0
08:55:47,0.0,0.0
08:55:57,0.0,0.0
08:56:07,0.0,0.0
08:56:17,0.0,0.0
08:56:27,0.0,0.0
08:56:37,0.0,0.0
08:56:47,0.0,0.0
08:56:57,0.0,0.0
08:57:07,0.0,0.0
08:57:17,0.0,0.0
08:57:27,0.0,0.0
08:57:37,0.0,0.0
08:57:47,0.0,0.0
08:57:57,0.0,0.0
08:58:07,0.0,0.0
08:58:17,0.0,0.0
08:58:27,0.0,0.0
08:58:37,0.0,0.0
08:58:47,0.0,0.0
08:58:57,0.0,0.0
08:59:07,0.0,0.0
08:59:17,0.0,0.0
08:59:27,0.0,0.0
08:59:37,0.0,0.0
08:59:47,0.0,0.0
08:59:57,0.0,0.0
09:00:07,0.0,0.0
09:00:17,0.0,0.0
09:00:27,0.0,0.0
09:00:37,0.0,0.0
09:00:47,0.0,0.0
09:00:57,0.0,0.0
09:01:07,0.0,0.0
09:01:17,0.0,0.0
09:01:27,0.0,0.0
09:01:37,0.0,0.0
09:01:47,0.0,0.0
09:01:57,0.0,0.0
09:02:07,0.0,0.0
09:02:17,0.0,0.0
09:02:27,0.0,0.0
09:02:37,0.0,0.0
09:02:47,0.0,0.0
09:02:57,0.0,0.0
09:03:07,0.0,0.0
09:03:17,0.0,0.0
09:03:27,0.0,0.0
09:03:37,0.0,0.0
09:03:47,0.0,0.0
09:03:57,0.0,0.0
09:04:07,0.0,0.0
09:04:17,0.0,0.0
09:04:27,0.0,0.0
09:04:37,0.0,0.0
09:04:47,0.0,0.0
09:04:57,0.0,0.0
09:05:07,0.0,0.0
09:05:17,0.0,0.0
09:05:27,0.0,0.0
09:05:37,0.0,0.0
09:05:47,0.0,0.0
09:05:57,0.0,0.0
09:06:07,0.0,0.0
09:06:17,0.0,0.0
09:06:27,0.0,0.0
09:06:37,0.0,0.0
09:06:47,0.0,0.0
09:06:57,0.0,0.0
09:07:07,0.0,0.0
09:07:17,0.0,0.0
09:07:27,0.0,0.0
09:07:37,0.0,0.0
09:07:47,0.0,0.0
09:07:57,0.0,0.0
09:08:07,0.0,0.0
09:08:17,0.0,0.0
09:08:27,0.0,0.0
09:08:37,0.0,0.0
09:08:47,0.0,0.0
09:08:57,0.0,0.0
09:09:07,0.0,0.0
09:09:17,0.0,0.0
09:09:27,0.0,0.0
09:09:37,0.0,0.0
09:09:47,0.0,0.0
09:09:57,0.0,0.0
09:10:07,0.0,0.0
09:10:17,0.0,0.0
09:10:27,0.0,0.0
09:10:37,0.0,0.0
09:10:47,0.0,0.0
09:10:57,0.0,0.0
09:11:07,0.0,0.0
09:11:17,0.0,0.0
09:11:27,0.0,0.0
09:11:37,0.0,0.0
09:11:47,0.0,0.0
09:11:57,0.0,0.0
09:12:07,0.0,0.0
09:12:17,0.0,0.0
09:12:27,0.0,0.0
09:12:37,0.0,0.0
09:12:47,0.0,0.0
09:12:57,0.0,0.0
09:13:07,0.0,0.0
09:13:17,0.0,0.0
09:13:27,0.0,0.0
09:13:37,0.0,0.0
09:13:47,0.0,0.0
09:13:57,0.0,0.0
09:14:07,0.0,0.0
09:14:17,0.0,0.0
09:14:27,0.0,0.0
09:14:37,0.0,0.0
09:14:47,0.0,0.0
09:14:57,0.0,0.0
09:15:07,0.0,0.0
09:15:17,0.0,0.0
09:15:27,0.0,0.0
09:15:37,0.0,0.0
09:15:47,0.0,0.0
09:15:57,0.0,0.0
09:16:07,0.0,0.0
09:16:17,0.0,0.0
09:16:27,0.0,0.0
09:16:37,0.0,0.0
09:16:47,0.0,0.0
09:16:57,0.0,0.0
09:17:07,0.0,0.0
09:17:17,0.0,0.0
09:17:27,0.0,0.0
09:17:37,0.0,0.0
09:17:47,0.0,0.0
09:17:57,0.0,0.0
09:18:07,0.0,0.0
09:18:17,0.0,0.0
09:18:27,0.0,0.0
09:18:37,0.0,0.0
09:18:47,0.0,0.0
09:18:57,0.0,0.0
09:19:07,0.0,0.0
09:19:17,0.0,0.0
09:19:27,0.0,0.0
09:19:37,0.0,0.0
09:19:47,0.0,0.0
09:19:57,0.0,0.0
09:20:07,0.0,0.0
09:20:17,0.0,0.0
09:20:27,0.0,0.0
09:20:37,0.0,0.0
09:20:47,0.0,0.0
09:20:57,0.0,0.0
09:21:07,0.0,0.0
09:21:17,0.0,0.0
09:21:27,0.0,0.0
09:21:37,0.0,0.0
09:21:47,0.0,0.0
09:21:57,0.0,0.0
09:22:07,0.0,0.0
09:22:17,0.0,0.0
09:22:27,0.0,0.0
09:22:37,0.0,0.0
09:22:47,0.0,0.0
09:22:57,0.0,0.0
09:23:07,0.0,0.0
09:23:17,0.0,0.0
09:23:27,0.0,0.0
09:23:37,0.0,0.0
09:23:47,0.0,0.0
09:23:57,0.0,0.0
09:24:07,0.0,0.0
09:24:17,0.0,0.0
09:24:27,0.0,0.0
09:24:37,0.0,0.0
09:24:47,0.0,0.0
09:24:57,0.0,0.0
09:25:07,0.0,0.0
09:25:17,0.0,0.0
09:25:27,0.0,0.0
09:25:37,0.0,0.0
09:25:47,0.0,0.0
09:25:57,0.0,0.0
09:26:07,0.0,0.0
09:26:17,0.0,0.0
09:26:27,0.0,0.0
09:26:37,0.0,0.0
09:26:47,0.0,0.0
09:26:57,0.0,0.0
09:27:07,0.0,0.0
09:27:17,0.0,0.0
09:27:27,0.0,0.0
09:27:37,0.0,0.0
09:27:47,0.0,0.0
09:27:57,0.0,0.0
09:28:07,0.0,0.0
09:28:17,0.0,0.0
09:28:27,0.0,0.0
09:28:37,0.0,0.0
09:28:47,0.0,0.0
09:28:57,0.0,0.0
09:29:07,0.0,0.0
09:29:17,0.0,0.0
09:29:27,0.0,0.0
09:29:37,0.0,0.0
09:29:47,0.0,0.0
09:29:57,0.0,0.0
09:30:07,0.0,0.0
09:30:17,0.0,0.0
09:30:27,0.0,0.0
09:30:37,0.0,0.0
09:30:47,0.0,0.0
09:30:57,0.0,0.0
09:31:07,0.0,0.0
09:31:17,0.0,0.0
09:31:27,0.0,0.0
09:31:37,0.0,0.0
09:31:47,0.0,0.0
09:31:57,0.0,0.0
09:32:07,0.0,0.0
09:32:17,0.0,0.0
09:32:27,0.0,0.0
09:32:37,0.0,0.0
09:32:47,0.0,0.0
09:32:57,0.0,0.0
09:33:07,0.0,0.0
09:33:17,0.0,0.0
09:33:27,0.0,0.0
09:33:37,0.0,0.0
09:33:47,0.0,0.0
09:33:57,0.0,0.0
09:34:07,0.0,0.0
09:34:17,0.0,0.0
09:34:27,0.0,0.0
09:34:37,0.0,0.0
09:34:47,0.0,0.0
09:34:57,0.0,0.0
09:35:07,0.0,0.0
09:35:17,0.0,0.0
09:35:27,0.0,0.0
09:35:37,0.0,0.0
09:35:47,0.0,0.0
09:35:57,0.0,0.0
09:36:07,0.0,0.0
09:36:17,0.0,0.0
09:36:27,0.0,0.0
09:36:37,0.0,0.0
09:36:47,0.0,0.0
09:36:57,0.0,0.0
09:37:07,0.0,0.0
09:37:17,0.0,0.0
09:37:27,0.0,0.0
09:37:37,0.0,0.0
09:37:47,0.0,0.0
09:37:57,0.0,0.0
09:38:07,0.0,0.0
09:38:17,0.0,0.0
09:38:27,0.0,0.0
09:38:37,0.0,0.0
09:38:47,0.0,0.0
09:38:57,0.0,0.0
09:39:07,0.0,0.0
09:39:17,0.0,0.0
09:39:27,0.0,0.0
09:39:37,0.0,0.0
09:39:47,0.0,0.0
09:39:57,0.0,0.0
09:40:07,0.0,0.0
09:40:17,0.0,0.0
09:40:27,0.0,0.0
09:40:37,0.0,0.0
09:40:47,0.0,0.0
09:40:57,0.0,0.0
09:41:07,0.0,0.0
09:41:17,0.0,0.0
09:41:27,0.0,0.0
09:41:37,0.0,0.0
09:41:47,0.0,0.0
09:41:57,0.0,0.0
09:42:07,0.0,0.0
09:42:17,0.0,0.0
09:42:27,0.0,0.0
09:42:37,0.0,0.0
09:42:47,0.0,0.0
09:42:57,0.0,0.0
09:43:07,0.0,0.0
09:43:17,0.0,0.0
09:43:27,0.0,0.0
09:43:37,0.0,0.0
09:43:47,0.0,0.0
09:43:57,0.0,0.0
09:44:07,0.0,0.0
09:44:17,0.0,0.0
09:44:27,0.0,0.0
09:44:37,0.0,0.0
09:44:47,0.0,0.0
09:44:57,0.0,0.0
09:45:07,0.0,0.0
09:45:17,0.0,0.0
09:45:27,0.0,0.0
09:45:37,0.0,0.0
09:45:47,0.0,0.0
09:45:57,0.0,0.0
09:46:07,0.0,0.0
09:46:17,0.0,0.0
09:46:27,0.0,0.0
09:46:37,0.0,0.0
09:46:47,0.0,0.0
09:46:57,0.0,0.0
09:47:07,0.0,0.0
09:47:17,0.0,0.0
09:47:27,0.0,0.0
09:47:37,0.0,0.0
09:47:47,0.0,0.0
09:47:57,0.0,0.0
09:48:07,0.0,0.0
09:48:17,0.0,0.0
09:48:27,0.0,0.0
09:48:37,0.0,0.0
09:48:47,0.0,0.0
09:48:57,0.0,0.0
09:49:07,0.0,0.0
09:49:17,0.0,0.0
09:49:27,0.0,0.0
09:49:37,0.0,0.0
09:49:47,0.0,0.0
09:49:57,0.0,0.0
09:50:07,0.0,0.0
09:50:17,0.0,0.0
09:50:27,0.0,0.0
09:50:37,0.0,0.0
09:50:47,0.0,0.0
09:50:57,0.0,0.0
09:51:07,0.0,0.0
09:51:17,0.0,0.0
09:51:27,0.0,0.0
09:51:37,0.0,0.0
09:51:47,0.0,0.0
09:51:57,0.0,0.0
09:52:07,0.0,0.0
09:52:17,0.0,0.0
09:52:27,0.0,0.0
09:52:37,0.0,0.0
09:52:47,0.0,0.0
09:52:57,0.0,0.0
09:53:07,0.0,0.0
09:53:17,0.0,0.0
09:53:27,0.0,0.0
09:53:37,0.0,0.0
09:53:47,0.0,0.0
09:53:57,0.0,0.0
09:54:07,0.0,0.0
09:54:17,0.0,0.0
09:54:27,0.0,0.0
09:54:37,0.0,0.0
09:54:47,0.0,0.0
09:54:57,0.0,0.0
09:55:07,0.0,0.0
09:55:17,0.0,0.0
09:55:27,0.0,0.0
09:55:37,0.0,0.0
09:55:47,0.0,0.0
09:55:57,0.0,0.0
09:56:07,0.0,0.0
09:56:17,0.0,0.0
09:56:27,0.0,0.0
09:56:37,0.0,0.0
09:56:47,0.0,0.0
09:56:57,0.0,0.0
09:57:07,0.0,0.0
09:57:17,0.0,0.0
09:57:27,0.0,0.0
09:57:37,0.0,0.0
09:57:47,0.0,0.0
09:57:57,0.0,0.0
09:58:07,0.0,0.0
09:58:17,0.0,0.0
09:58:27,0.0,0.0
09:58:37,0.0,0.0
09:58:47,0.0,0.0
09:58:57,0.0,0.0
09:59:07,0.0,0.0
09:59:17,0.0,0.0
09:59:27,0.0,0.0
09:59:37,0.0,0.0
09:59:47,0.0,0.0
09:59:57,0.0,0.0
10:00:07,0.0,0.0
10:00:17,0.0,0.0
10:00:27,0.0,0.0
10:00:37,0.0,0.0
10:00:47,0.0,0.0
10:00:57,0.0,0.0
10:01:07,0.0,0.0
10:01:17,0.0,0.0
10:01:27,0.0,0.0
10:01:37,0.0,0.0
10:01:47,0.0,0.0
10:01:57,0.0,0.0
10:02:07,0.0,0.0
10:02:17,0.0,0.0
10:02:27,0.0,0.0
10:02:37,0.0,0.0
10:02:47,0.0,0.0
10:02:57,0.0,0.0
10:03:07,0.0,0.0
10:03:17,0.0,0.0
10:03:27,0.0,0.0
10:03:37,0.0,0.0
10:03:47,0.0,0.0
10:03:57,0.0,0.0
10:04:07,0.0,0.0
10:04:17,0.0,0.0
10:04:27,0.0,0.0
10:04:37,0.0,0.0
10:04:47,0.0,0.0
10:04:57,0.0,0.0
10:05:07,0.0,0.0
10:05:17,0.0,0.0
10:05:27,0.0,0.0
10:05:37,0.0,0.0
10:05:47,0.0,0.0
10:05:57,0.0,0.0
10:06:08,0.0,0.0
10:06:19,0.0,0.0
10:06:27,0.0,0.0
10:06:37,0.0,0.0
10:06:47,0.0,0.0
10:06:57,0.0,0.0
10:07:07,0.0,0.0
10:07:17,0.0,0.0
10:07:28,0.0,0.0
10:07:38,0.0,0.0
10:07:47,0.0,0.0
10:07:57,0.0,0.0
10:08:07,0.0,0.0
10:08:17,0.0,0.0
10:08:27,0.0,0.0
10:08:37,0.0,0.0
10:08:47,0.0,0.0
10:08:57,0.0,0.0
10:09:07,0.0,0.0
10:09:17,0.0,0.0
10:09:27,0.0,0.0
10:09:37,0.0,0.0
10:09:47,0.0,0.0
10:09:57,0.0,0.0
10:10:07,0.0,0.0
10:10:17,0.0,0.0
10:10:27,0.0,0.0
10:10:37,0.0,0.0
10:10:47,0.0,0.0
10:10:57,0.0,0.0
10:11:07,0.0,0.0
10:11:17,0.0,0.0
10:11:27,0.0,0.0
10:11:37,0.0,0.0
10:11:47,0.0,0.0
10:11:57,0.0,0.0
10:12:07,0.0,0.0
10:12:17,0.0,0.0
10:12:27,0.0,0.0
10:12:37,0.0,0.0
10:12:47,0.0,0.0
10:12:57,0.0,0.0
10:13:07,0.0,0.0
10:13:17,0.0,0.0
10:13:27,0.0,0.0
10:13:37,0.0,0.0
10:13:47,0.0,0.0
10:13:57,0.0,0.0
10:14:07,0.0,0.0
10:14:17,0.0,0.0
10:14:27,0.0,0.0
10:14:37,0.0,0.0
10:14:47,0.0,0.0
10:14:57,0.0,0.0
10:15:07,0.0,0.0
10:15:17,0.0,0.0
10:15:27,0.0,0.0
10:15:37,0.0,0.0
10:15:47,0.0,0.0
10:15:57,0.0,0.0
10:16:07,0.0,0.0
10:16:17,0.0,0.0
10:16:27,0.0,0.0
10:16:37,0.0,0.0
10:16:47,0.0,0.0
10:16:57,0.0,0.0
10:17:07,0.0,0.0
10:17:17,0.0,0.0
10:17:27,0.0,0.0
10:17:37,0.0,0.0
10:17:47,0.0,0.0
10:17:57,0.0,0.0
10:18:07,0.0,0.0
10:18:17,0.0,0.0
10:18:27,0.0,0.0
10:18:37,0.0,0.0
10:18:47,0.0,0.0
10:18:57,0.0,0.0
10:19:07,0.0,0.0
10:19:17,0.0,0.0
10:19:27,0.0,0.0
10:19:37,0.0,0.0
10:19:47,0.0,0.0
10:19:57,0.0,0.0
10:20:07,0.0,0.0
10:20:17,0.0,0.0
10:20:27,0.0,0.0
10:20:37,0.0,0.0
10:20:47,0.0,0.0
10:20:57,0.0,0.0
10:21:07,0.0,0.0
10:21:17,0.0,0.0
10:21:27,0.0,0.0
10:21:37,0.0,0.0
10:21:47,0.0,0.0
10:21:57,0.0,0.0
10:22:07,0.0,0.0
10:22:17,0.0,0.0
10:22:27,0.0,0.0
10:22:37,0.0,0.0
10:22:47,0.0,0.0
10:22:57,0.0,0.0
10:23:07,0.0,0.0
10:23:17,0.0,0.0
10:23:27,0.0,0.0
10:23:37,0.0,0.0
10:23:47,0.0,0.0
10:23:57,0.0,0.0
10:24:07,0.0,0.0
10:24:17,0.0,0.0
10:24:27,0.0,0.0
10:24:37,0.0,0.0
10:24:47,0.0,0.0
10:24:57,0.0,0.0
10:25:07,0.0,0.0
10:25:17,0.0,0.0
10:25:27,0.0,0.0
10:25:37,0.0,0.0
10:25:47,0.0,0.0
10:25:57,0.0,0.0
10:26:07,0.0,0.0
10:26:17,0.0,0.0
10:26:27,0.0,0.0
10:26:37,0.0,0.0
10:26:47,0.0,0.0
10:26:57,0.0,0.0
10:27:07,0.0,0.0
10:27:17,0.0,0.0
10:27:27,0.0,0.0
10:27:37,0.0,0.0
10:27:47,0.0,0.0
10:27:57,0.0,0.0
10:28:07,0.0,0.0
10:28:17,0.0,0.0
10:28:27,0.0,0.0
10:28:37,0.0,0.0
10:28:47,0.0,0.0
10:28:57,0.0,0.0
10:29:07,0.0,0.0
10:29:17,0.0,0.0
10:29:27,0.0,0.0
10:29:37,0.0,0.0
10:29:47,0.0,0.0
10:29:57,0.0,0.0
10:30:07,0.0,0.0
10:30:17,0.0,0.0
10:30:27,0.0,0.0
10:30:37,0.0,0.0
10:30:47,0.0,0.0
10:30:57,0.0,0.0
10:31:07,0.0,0.0
10:31:17,0.0,0.0
10:31:27,0.0,0.0
10:31:37,0.0,0.0
10:31:47,0.0,0.0
10:31:57,0.0,0.0
10:32:07,0.0,0.0
10:32:17,0.0,0.0
10:32:27,0.0,0.0
10:32:37,0.0,0.0
10:32:47,0.0,0.0
10:32:57,0.0,0.0
10:33:07,0.0,0.0
10:33:17,0.0,0.0
10:33:27,0.0,0.0
10:33:37,0.0,0.0
10:33:47,0.0,0.0
10:33:57,0.0,0.0
10:34:07,0.0,0.0
10:34:17,0.0,0.0
10:34:27,0.0,0.0
10:34:37,0.0,0.0
10:34:47,0.0,0.0
10:34:57,0.0,0.0
10:35:07,0.0,0.0
10:35:17,0.0,0.0
10:35:27,0.0,0.0
10:35:37,0.0,0.0
10:35:47,0.0,0.0
10:35:57,0.0,0.0
10:36:07,0.0,0.0
10:36:17,0.0,0.0
10:36:27,0.0,0.0
10:36:37,0.0,0.0
10:36:47,0.0,0.0
10:36:57,0.0,0.0
10:37:07,0.0,0.0
10:37:17,0.0,0.0
10:37:27,0.0,0.0
10:37:37,0.0,0.0
10:37:47,0.0,0.0
10:37:57,0.0,0.0
10:38:07,0.0,0.0
10:38:17,0.0,0.0
10:38:27,0.0,0.0
10:38:37,0.0,0.0
10:38:47,0.0,0.0
10:38:57,0.0,0.0
10:39:07,0.0,0.0
10:39:17,0.0,0.0
10:39:27,0.0,0.0
10:39:37,0.0,0.0
10:39:47,0.0,0.0
10:39:57,0.0,0.0
10:40:07,0.0,0.0
10:40:17,0.0,0.0
10:40:27,0.0,0.0
10:40:37,0.0,0.0
10:40:47,0.0,0.0
10:40:57,0.0,0.0
10:41:07,0.0,0.0
10:41:17,0.0,0.0
10:41:27,0.0,0.0
10:41:37,0.0,0.0
10:41:47,0.0,0.0
10:41:57,0.0,0.0
10:42:07,0.0,0.0
10:42:17,0.0,0.0
10:42:27,0.0,0.0
10:42:37,0.0,0.0
10:42:47,0.0,0.0
10:42:57,0.0,0.0
10:43:07,0.0,0.0
10:43:17,0.0,0.0
10:43:27,0.0,0.0
10:43:37,0.0,0.0
10:43:47,0.0,0.0
10:43:57,0.0,0.0
10:44:07,0.0,0.0
10:44:17,0.0,0.0
10:44:27,0.0,0.0
10:44:37,0.0,0.0
10:44:47,0.0,0.0
10:44:57,0.0,0.0
10:45:07,0.0,0.0
10:45:17,0.0,0.0
10:45:27,0.0,0.0
10:45:37,0.0,0.0
10:45:47,0.0,0.0
10:45:57,0.0,0.0
10:46:07,0.0,0.0
10:46:17,0.0,0.0
10:46:27,0.0,0.0
10:46:37,0.0,0.0
10:46:47,0.0,0.0
10:46:57,0.0,0.0
10:47:07,0.0,0.0
10:47:17,0.0,0.0
10:47:27,0.0,0.0
10:47:37,0.0,0.0
10:47:47,0.0,0.0
10:47:57,0.0,0.0
10:48:07,0.0,0.0
10:48:17,0.0,0.0
10:48:27,0.0,0.0
10:48:37,0.0,0.0
10:48:47,0.0,0.0
10:48:57,0.0,0.0
10:49:07,0.0,0.0
10:49:17,0.0,0.0
10:49:27,0.0,0.0
10:49:37,0.0,0.0
10:49:47,0.0,0.0
10:49:57,0.0,0.0
10:50:07,0.0,0.0
10:50:17,0.0,0.0
10:50:27,0.0,0.0
10:50:37,0.0,0.0
10:50:47,0.0,0.0
10:50:57,0.0,0.0
10:51:07,0.0,0.0
10:51:17,0.0,0.0
10:51:27,0.0,0.0
10:51:37,0.0,0.0
10:51:47,0.0,0.0
10:51:57,0.0,0.0
10:52:07,0.0,0.0
10:52:17,0.0,0.0
10:52:27,0.0,0.0
10:52:37,0.0,0.0
10:52:47,0.0,0.0
10:52:57,0.0,0.0
10:53:07,0.0,0.0
10:53:17,0.0,0.0
10:53:27,0.0,0.0
10:53:37,0.0,0.0
10:53:47,0.0,0.0
10:53:57,0.0,0.0
10:54:07,0.0,0.0
10:54:17,0.0,0.0
10:54:27,0.0,0.0
10:54:37,0.0,0.0
10:54:47,0.0,0.0
10:54:57,0.0,0.0
10:55:07,0.0,0.0
10:55:17,0.0,0.0
10:55:27,0.0,0.0
10:55:37,0.0,0.0
10:55:47,0.0,0.0
10:55:57,0.0,0.0
10:56:07,0.0,0.0
10:56:17,0.0,0.0
10:56:27,0.0,0.0
10:56:37,0.0,0.0
10:56:47,0.0,0.0
10:56:57,0.0,0.0
10:57:07,0.0,0.0
10:57:17,0.0,0.0
10:57:27,0.0,0.0
10:57:37,0.0,0.0
10:57:47,0.0,0.0
10:57:57,0.0,0.0
10:58:07,0.0,0.0
10:58:17,0.0,0.0
10:58:27,0.0,0.0
10:58:37,0.0,0.0
10:58:47,0.0,0.0
10:58:57,0.0,0.0
10:59:07,0.0,0.0
10:59:17,0.0,0.0
10:59:27,0.0,0.0
10:59:37,0.0,0.0
10:59:47,0.0,0.0
10:59:57,0.0,0.0
11:00:07,0.0,0.0
11:00:17,0.0,0.0
11:00:27,0.0,0.0
11:00:37,0.0,0.0
11:00:47,0.0,0.0
11:00:57,0.0,0.0
11:01:07,0.0,0.0
11:01:17,0.0,0.0
11:01:27,0.0,0.0
11:01:37,0.0,0.0
11:01:47,0.0,0.0
11:01:57,0.0,0.0
11:02:07,0.0,0.0
11:02:17,0.0,0.0
11:02:27,0.0,0.0
11:02:37,0.0,0.0
11:02:47,0.0,0.0
11:02:57,0.0,0.0
11:03:07,0.0,0.0
11:03:17,0.0,0.0
11:03:27,0.0,0.0
11:03:37,0.0,0.0
11:03:47,0.0,0.0
11:03:57,0.0,0.0
11:04:07,0.0,0.0
11:04:17,0.0,0.0
11:04:27,0.0,0.0
11:04:37,0.0,0.0
11:04:47,0.0,0.0
11:04:57,0.0,0.0
11:05:07,0.0,0.0
11:05:17,0.0,0.0
11:05:27,0.0,0.0
11:05:37,0.0,0.0
11:05:47,0.0,0.0
11:05:57,0.0,0.0
11:06:07,0.0,0.0
11:06:17,0.0,0.0
11:06:27,0.0,0.0
11:06:37,0.0,0.0
11:06:47,0.0,0.0
11:06:57,0.0,0.0
11:07:07,0.0,0.0
11:07:17,0.0,0.0
11:07:27,0.0,0.0
11:07:37,0.0,0.0
11:07:47,0.0,0.0
11:07:57,0.0,0.0
11:08:07,0.0,0.0
11:08:17,0.0,0.0
11:08:27,0.0,0.0
11:08:37,0.0,0.0
11:08:47,0.0,0.0
11:08:57,0.0,0.0
11:09:07,0.0,0.0
11:09:17,0.0,0.0
11:09:27,0.0,0.0
11:09:37,0.0,0.0
11:09:47,0.0,0.0
11:09:57,0.0,0.0
11:10:07,0.0,0.0
11:10:17,0.0,0.0
11:10:27,0.0,0.0
11:10:37,0.0,0.0
11:10:47,0.0,0.0
11:10:57,0.0,0.0
11:11:07,0.0,0.0
11:11:17,0.0,0.0
11:11:27,0.0,0.0
11:11:37,0.0,0.0
11:11:47,0.0,0.0
11:11:57,0.0,0.0
11:12:07,0.0,0.0
11:12:17,0.0,0.0
11:12:27,0.0,0.0
11:12:37,0.0,0.0
11:12:47,0.0,0.0
11:12:57,0.0,0.0
11:13:07,0.0,0.0
11:13:17,0.0,0.0
11:13:27,0.0,0.0
11:13:37,0.0,0.0
11:13:47,0.0,0.0
11:13:57,0.0,0.0
11:14:07,0.0,0.0
11:14:17,0.0,0.0
11:14:27,0.0,0.0
11:14:37,0.0,0.0
11:14:47,0.0,0.0
11:14:57,0.0,0.0
11:15:07,0.0,0.0
11:15:17,0.0,0.0
11:15:27,0.0,0.0
11:15:37,0.0,0.0
11:15:47,0.0,0.0
11:15:57,0.0,0.0
11:16:07,0.0,0.0
11:16:17,0.0,0.0
11:16:27,0.0,0.0
11:16:37,0.0,0.0
11:16:47,0.0,0.0
11:16:57,0.0,0.0
11:17:07,0.0,0.0
11:17:17,0.0,0.0
11:17:27,0.0,0.0
11:17:37,0.0,0.0
11:17:47,0.0,0.0
11:17:57,0.0,0.0
11:18:07,0.0,0.0
11:18:17,0.0,0.0
11:18:27,0.0,0.0
11:18:37,0.0,0.0
11:18:47,0.0,0.0
11:18:57,0.0,0.0
11:19:07,0.0,0.0
11:19:17,0.0,0.0
11:19:27,0.0,0.0
11:19:37,0.0,0.0
11:19:47,0.0,0.0
11:19:57,0.0,0.0
11:20:07,0.0,0.0
11:20:17,0.0,0.0
11:20:27,0.0,0.0
11:20:37,0.0,0.0
11:20:47,0.0,0.0
11:20:57,0.0,0.0
11:21:07,0.0,0.0
11:21:17,0.0,0.0
11:21:27,0.0,0.0
11:21:37,0.0,0.0
11:21:47,0.0,0.0
11:21:57,0.0,0.0
11:22:06,0.0,0.0
11:22:17,0.0,0.0
11:22:27,0.0,0.0
11:22:37,0.0,0.0
11:22:47,0.0,0.0
11:22:57,0.0,0.0
11:23:07,0.0,0.0
11:23:17,0.0,0.0
11:23:27,0.0,0.0
11:23:37,0.0,0.0
11:23:47,0.0,0.0
11:23:57,0.0,0.0
11:24:07,0.0,0.0
11:24:17,0.0,0.0
11:24:27,0.0,0.0
11:24:37,0.0,0.0
11:24:47,0.0,0.0
11:24:57,0.0,0.0
11:25:07,0.0,0.0
11:25:17,0.0,0.0
11:25:27,0.0,0.0
11:25:37,0.0,0.0
11:25:47,0.0,0.0
11:25:57,0.0,0.0
11:26:07,0.0,0.0
11:26:17,0.0,0.0
11:26:27,0.0,0.0
11:26:37,0.0,0.0
11:26:47,0.0,0.0
11:26:57,0.0,0.0
11:27:07,0.0,0.0
11:27:17,0.0,0.0
11:27:27,0.0,0.0
11:27:37,0.0,0.0
11:27:47,0.0,0.0
11:27:57,0.0,0.0
11:28:07,0.0,0.0
11:28:17,0.0,0.0
11:28:27,0.0,0.0
11:28:37,0.0,0.0
11:28:47,0.0,0.0
11:28:57,0.0,0.0
11:29:07,0.0,0.0
11:29:17,0.0,0.0
11:29:27,0.0,0.0
11:29:37,0.0,0.0
11:29:47,0.0,0.0
11:29:57,0.0,0.0
11:30:07,0.0,0.0
11:30:17,0.0,0.0
11:30:27,0.0,0.0
11:30:37,0.0,0.0
11:30:47,0.0,0.0
11:30:57,0.0,0.0
11:31:07,0.0,0.0
11:31:17,0.0,0.0
11:31:27,0.0,0.0
11:31:37,0.0,0.0
11:31:47,0.0,0.0
11:31:57,0.0,0.0
11:32:07,0.0,0.0
11:32:17,0.0,0.0
11:32:27,0.0,0.0
11:32:37,0.0,0.0
11:32:47,0.0,0.0
11:32:57,0.0,0.0
11:33:07,0.0,0.0
11:33:17,0.0,0.0
11:33:27,0.0,0.0
11:33:37,0.0,0.0
11:33:47,0.0,0.0
11:33:57,0.0,0.0
11:34:07,0.0,0.0
11:34:17,0.0,0.0
11:34:26,0.0,0.0
11:34:37,0.0,0.0
11:34:47,0.0,0.0
11:34:57,0.0,0.0
11:35:07,0.0,0.0
11:35:16,0.0,0.0
11:35:27,0.0,0.0
11:35:37,0.0,0.0
11:35:47,0.0,0.0
11:35:57,0.0,0.0
11:36:07,0.0,0.0
11:36:17,0.0,0.0
11:36:27,0.0,0.0
11:36:37,0.0,0.0
11:36:47,0.0,0.0
11:36:57,0.0,0.0
11:37:07,0.0,0.0
11:37:17,0.0,0.0
11:37:27,0.0,0.0
11:37:37,0.0,0.0
11:37:47,0.0,0.0
11:37:57,0.0,0.0
11:38:07,0.0,0.0
11:38:17,0.0,0.0
11:38:27,0.0,0.0
11:38:37,0.0,0.0
11:38:47,0.0,0.0
11:39:07,0.0,0.0
11:39:17,0.0,0.0
11:39:27,0.0,0.0
11:39:37,0.0,0.0
11:39:47,0.0,0.0
11:39:57,0.0,0.0
11:40:07,0.0,0.0
11:40:17,0.0,0.0
11:40:27,0.0,0.0
11:40:37,0.0,0.0
11:40:47,0.0,0.0
11:40:57,0.0,0.0
11:41:07,0.0,0.0
11:41:17,0.0,0.0
11:41:26,0.0,0.0
11:41:37,0.0,0.0
11:41:47,0.0,0.0
11:41:57,0.0,0.0
11:42:07,0.0,0.0
11:42:17,0.0,0.0
11:42:27,0.0,0.0
11:42:37,0.0,0.0
11:42:47,0.0,0.0
11:42:57,0.0,0.0
11:43:07,0.0,0.0
11:43:17,0.0,0.0
11:43:27,0.0,0.0
11:43:37,0.0,0.0
11:43:47,0.0,0.0
11:43:57,0.0,0.0
11:44:07,0.0,0.0
11:44:17,0.0,0.0
11:44:27,0.0,0.0
11:44:37,0.0,0.0
11:44:47,0.0,0.0
11:44:57,0.0,0.0
11:45:07,0.0,0.0
11:45:17,0.0,0.0
11:45:27,0.0,0.0
11:45:37,0.0,0.0
11:45:47,0.0,0.0
11:45:57,0.0,0.0
11:46:07,0.0,0.0
11:46:17,0.0,0.0
11:46:27,0.0,0.0
11:46:37,0.0,0.0
11:46:47,0.0,0.0
11:46:57,0.0,0.0
11:47:07,0.0,0.0
11:47:17,0.0,0.0
11:47:27,0.0,0.0
11:47:37,0.0,0.0
11:47:47,0.0,0.0
11:47:57,0.0,0.0
11:48:07,0.0,0.0
11:48:17,0.0,0.0
11:48:27,0.0,0.0
11:48:37,0.0,0.0
11:48:47,0.0,0.0
11:48:57,0.0,0.0
11:49:07,0.0,0.0
11:49:17,0.0,0.0
11:49:27,0.0,0.0
11:49:37,0.0,0.0
11:49:47,0.0,0.0
11:49:57,0.0,0.0
11:50:07,0.0,0.0
11:50:18,0.0,0.0
11:50:27,0.0,0.0
11:50:37,0.0,0.0
11:50:47,0.0,0.0
11:50:57,0.0,0.0
11:51:07,0.0,0.0
11:51:17,0.0,0.0
11:51:27,0.0,0.0
11:51:37,0.0,0.0
11:51:47,0.0,0.0
11:51:57,0.0,0.0
11:52:07,0.0,0.0
11:52:18,0.0,0.0
11:52:27,0.0,0.0
11:52:36,0.0,0.0
11:52:48,0.0,0.0
11:52:57,0.0,0.0
11:53:07,0.0,0.0
11:53:17,0.0,0.0
11:53:27,0.0,0.0
11:53:37,0.0,0.0
11:53:47,0.0,0.0
11:53:57,0.0,0.0
11:54:07,0.0,0.0
11:54:17,0.0,0.0
11:54:27,0.0,0.0
11:54:37,0.0,0.0
11:54:47,0.0,0.0
11:54:57,0.0,0.0
11:55:07,0.0,0.0
11:55:17,0.0,0.0
11:55:27,0.0,0.0
11:55:37,0.0,0.0
11:55:47,0.0,0.0
11:55:57,0.0,0.0
11:56:08,0.0,0.0
11:56:17,0.0,0.0
11:56:28,0.0,0.0
11:56:38,0.0,0.0
11:56:47,0.0,0.0
11:56:57,0.0,0.0
11:57:08,0.0,0.0
11:57:17,0.0,0.0
11:57:27,0.0,0.0
11:57:36,0.0,0.0
11:57:47,0.0,0.0
11:57:57,0.0,0.0
11:58:06,0.0,0.0
11:58:17,0.0,0.0
11:58:27,0.0,0.0
11:58:37,0.0,0.0
11:58:47,0.0,0.0
11:58:57,0.0,0.0
11:59:07,0.0,0.0
11:59:17,0.0,0.0
11:59:27,0.0,0.0
11:59:37,0.0,0.0
11:59:47,0.0,0.0
11:59:57,0.0,0.0
12:00:07,0.0,0.0
12:00:17,0.0,0.0
12:00:28,0.0,0.0
12:00:37,0.0,0.0
12:00:47,0.0,0.0
12:00:58,0.0,0.0
12:01:07,0.0,0.0
12:01:17,0.0,0.0
12:01:28,0.0,0.0
12:01:37,0.0,0.0
12:01:47,0.0,0.0
12:01:58,0.0,0.0
12:02:07,0.0,0.0
12:02:17,0.0,0.0
12:02:28,0.0,0.0
12:02:37,0.0,0.0
12:02:47,0.0,0.0
12:02:57,0.0,0.0
12:03:07,0.0,0.0
12:03:17,0.0,0.0
12:03:27,0.0,0.0
12:03:37,0.0,0.0
12:03:47,0.0,0.0
12:03:57,0.0,0.0
12:04:07,0.0,0.0
12:04:17,0.0,0.0
12:04:27,0.0,0.0
12:04:37,0.0,0.0
12:04:47,0.0,0.0
12:04:57,0.0,0.0
12:05:07,0.0,0.0
12:05:17,0.0,0.0
12:05:27,0.0,0.0
12:05:37,0.0,0.0
12:05:48,0.0,0.0
12:05:57,0.0,0.0
12:06:07,0.0,0.0
12:06:18,0.0,0.0
12:06:27,0.0,0.0
12:06:36,0.0,0.0
12:06:48,0.0,0.0
12:06:57,0.0,0.0
12:07:07,0.0,0.0
12:07:18,0.0,0.0
12:07:27,0.0,0.0
12:07:37,0.0,0.0
12:07:48,0.0,0.0
12:07:57,0.0,0.0
12:08:07,0.0,0.0
12:08:18,0.0,0.0
12:08:27,0.0,0.0
12:08:37,0.0,0.0
12:08:47,0.0,0.0
12:08:57,0.0,0.0
12:09:07,0.0,0.0
12:09:17,0.0,0.0
12:09:27,0.0,0.0
12:09:37,0.0,0.0
12:09:47,0.0,0.0
12:09:57,0.0,0.0
12:10:07,0.0,0.0
12:10:17,0.0,0.0
12:10:27,0.0,0.0
12:10:38,0.0,0.0
12:10:47,0.0,0.0
12:10:57,0.0,0.0
12:11:08,0.0,0.0
12:11:17,0.0,0.0
12:11:27,0.0,0.0
12:11:38,0.0,0.0
12:11:47,0.0,0.0
12:11:57,0.0,0.0
12:12:08,0.0,0.0
12:12:17,0.0,0.0
12:12:28,0.0,0.0
12:12:38,0.0,0.0
12:12:47,0.0,0.0
12:12:57,0.0,0.0
12:13:08,0.0,0.0
12:13:17,0.0,0.0
12:13:27,0.0,0.0
12:13:37,0.0,0.0
12:13:47,0.0,0.0
12:13:57,0.0,0.0
12:14:07,0.0,0.0
12:14:17,0.0,0.0
12:14:28,0.0,0.0
12:14:37,0.0,0.0
12:14:47,0.0,0.0
12:14:58,0.0,0.0
12:15:08,0.0,0.0
12:15:17,0.0,0.0
12:15:28,0.0,0.0
12:15:37,0.0,0.0
12:15:47,0.0,0.0
12:15:58,0.0,0.0
12:16:07,0.0,0.0
12:16:17,0.0,0.0
12:16:28,0.0,0.0
12:16:37,0.0,0.0
12:16:47,0.0,0.0
12:16:58,0.0,0.0
12:17:07,0.0,0.0
12:17:17,0.0,0.0
12:17:26,0.0,0.0
12:17:37,0.0,0.0
12:17:47,0.0,0.0
12:17:58,0.0,0.0
12:18:07,0.0,0.0
12:18:17,0.0,0.0
12:18:28,0.0,0.0
12:18:37,0.0,0.0
12:18:47,0.0,0.0
12:18:58,0.0,0.0
12:19:07,0.0,0.0
12:19:18,0.0,0.0
12:19:27,0.0,0.0
12:19:37,0.0,0.0
12:19:48,0.0,0.0
12:19:57,0.0,0.0
12:20:07,0.0,0.0
12:20:18,0.0,0.0
12:20:28,0.0,0.0
12:20:37,0.0,0.0
12:20:48,0.0,0.0
12:20:57,0.0,0.0
12:21:07,0.0,0.0
12:21:18,0.0,0.0
12:21:27,0.0,0.0
12:21:37,0.0,0.0
12:21:48,0.0,0.0
12:21:57,0.0,0.0
12:22:07,0.0,0.0
12:22:16,0.0,0.0
12:22:27,0.0,0.0
12:22:37,0.0,0.0
12:22:48,0.0,0.0
12:22:57,0.0,0.0
12:23:07,0.0,0.0
12:23:18,0.0,0.0
12:23:26,0.0,0.0
12:23:38,0.0,0.0
12:23:48,0.0,0.0
12:23:57,0.0,0.0
12:24:08,0.0,0.0
12:24:18,0.0,0.0
12:24:27,0.0,0.0
12:24:38,0.0,0.0
12:24:48,0.0,0.0
12:24:57,0.0,0.0
12:25:08,0.0,0.0
12:25:18,0.0,0.0
12:25:27,0.0,0.0
12:25:38,0.0,0.0
12:25:47,0.0,0.0
12:25:57,0.0,0.0
12:26:08,0.0,0.0
12:26:17,0.0,0.0
12:26:27,0.0,0.0
12:26:38,0.0,0.0
12:26:47,0.0,0.0
12:26:57,0.0,0.0
12:27:08,0.0,0.0
12:27:17,0.0,0.0
12:27:26,0.0,0.0
12:27:38,0.0,0.0
12:27:47,0.0,0.0
12:27:58,0.0,0.0
12:28:08,0.0,0.0
12:28:17,0.0,0.0
12:28:28,0.0,0.0
12:28:38,0.0,0.0
12:28:47,0.0,0.0
12:28:58,0.0,0.0
12:29:08,0.0,0.0
12:29:17,0.0,0.0
12:29:28,0.0,0.0
12:29:38,0.0,0.0
12:29:47,0.0,0.0
12:29:56,0.0,0.0
12:30:07,0.0,0.0
12:30:17,0.0,0.0
12:30:28,0.0,0.0
12:30:38,0.0,0.0
12:30:47,0.0,0.0
12:30:58,0.0,0.0
12:31:08,0.0,0.0
12:31:17,0.0,0.0
12:31:28,0.0,0.0
12:31:37,0.0,0.0
12:31:47,0.0,0.0
12:31:58,0.0,0.0
12:32:07,0.0,0.0
12:32:17,0.0,0.0
12:32:28,0.0,0.0
12:32:37,0.0,0.0
12:32:48,0.0,0.0
12:32:58,0.0,0.0
12:33:07,0.0,0.0
12:33:18,0.0,0.0
12:33:28,0.0,0.0
12:33:37,0.0,0.0
12:33:48,0.0,0.0
12:33:58,0.0,0.0
12:34:07,0.0,0.0
12:34:18,0.0,0.0
12:34:28,0.0,0.0
12:34:37,0.0,0.0
12:34:48,0.0,0.0
12:34:58,0.0,0.0
12:35:07,0.0,0.0
12:35:18,0.0,0.0
12:35:27,0.0,0.0
12:35:37,0.0,0.0
12:35:48,0.0,0.0
12:35:57,0.0,0.0
12:36:07,0.0,0.0
12:36:18,0.0,0.0
12:36:26,0.0,0.0
12:36:37,0.0,0.0
12:36:48,0.0,0.0
12:36:57,0.0,0.0
12:37:08,0.0,0.0
12:37:18,0.0,0.0
12:37:27,0.0,0.0
12:37:38,0.0,0.0
12:37:48,0.0,0.0
12:37:57,0.0,0.0
12:38:08,0.0,0.0
12:38:16,0.0,0.0
12:38:27,0.0,0.0
12:38:38,0.0,0.0
12:38:48,0.0,0.0
12:38:57,0.0,0.0
12:39:08,0.0,0.0
12:39:16,0.0,0.0
12:39:27,0.0,0.0
12:39:38,0.0,0.0
12:39:48,0.0,0.0
12:39:57,0.0,0.0
12:40:08,0.0,0.0
12:40:18,0.0,0.0
12:40:27,0.0,0.0
12:40:38,0.0,0.0
12:40:48,0.0,0.0
12:40:57,0.0,0.0
12:41:08,0.0,0.0
12:41:17,0.0,0.0
12:41:27,0.0,0.0
12:41:38,0.0,0.0
12:41:48,0.0,0.0
12:41:58,0.0,0.0
12:42:08,0.0,0.0
12:42:17,0.0,0.0
12:42:28,0.0,0.0
12:42:38,0.0,0.0
12:42:47,0.0,0.0
12:42:58,0.0,0.0
12:43:08,0.0,0.0
12:43:17,0.0,0.0
12:43:28,0.0,0.0
12:43:38,0.0,0.0
12:43:47,0.0,0.0
12:43:58,0.0,0.0
12:44:08,0.0,0.0
12:44:17,0.0,0.0
12:44:28,0.0,0.0
12:44:38,0.0,0.0
12:44:47,0.0,0.0
12:44:58,0.0,0.0
12:45:08,0.0,0.0
12:45:17,0.0,0.0
12:45:28,0.0,0.0
12:45:38,0.0,0.0
12:45:47,0.0,0.0
12:45:58,0.0,0.0
12:46:08,0.0,0.0
12:46:17,0.0,0.0
12:46:28,0.0,0.0
12:46:36,0.0,0.0
12:46:48,0.0,0.0
12:46:58,0.0,0.0
12:47:06,0.0,0.0
12:47:18,0.0,0.0
12:47:26,0.0,0.0
12:47:38,0.0,0.0
12:47:48,0.0,0.0
12:47:58,0.0,0.0
12:48:07,0.0,0.0
12:48:18,0.0,0.0
12:48:28,0.0,0.0
12:48:37,0.0,0.0
12:48:48,0.0,0.0
12:48:58,0.0,0.0
12:49:07,0.0,0.0
12:49:18,0.0,0.0
12:49:28,0.0,0.0
12:49:37,0.0,0.0
12:49:48,0.0,0.0
12:49:58,0.0,0.0
12:50:07,0.0,0.0
12:50:18,0.0,0.0
12:50:28,0.0,0.0
12:50:37,0.0,0.0
12:50:48,0.0,0.0
12:50:58,0.0,0.0
12:51:08,0.0,0.0
12:51:18,0.0,0.0
12:51:28,0.0,0.0
12:51:38,0.0,0.0
12:51:46,0.0,0.0
12:51:57,0.0,0.0
12:52:08,0.0,0.0
12:52:18,0.0,0.0
12:52:27,0.0,0.0
12:52:38,0.0,0.0
12:52:48,0.0,0.0
12:52:57,0.0,0.0
12:53:08,0.0,0.0
12:53:18,0.0,0.0
12:53:27,0.0,0.0
12:53:38,0.0,0.0
12:53:48,0.0,0.0
12:53:57,0.0,0.0
12:54:08,0.0,0.0
12:54:18,0.0,0.0
12:54:28,0.0,0.0
12:54:38,0.0,0.0
12:54:48,0.0,0.0
12:54:58,0.0,0.0
12:55:08,0.0,0.0
12:55:18,0.0,0.0
12:55:28,0.0,0.0
12:55:38,0.0,0.0
12:55:48,0.0,0.0
12:55:58,0.0,0.0
12:56:08,0.0,0.0
12:56:18,0.0,0.0
12:56:28,0.0,0.0
12:56:38,0.0,0.0
12:56:48,0.0,0.0
12:56:58,0.0,0.0
12:57:08,0.0,0.0
12:57:18,0.0,0.0
12:57:28,0.0,0.0
12:57:38,0.0,0.0
12:57:47,0.0,0.0
12:57:58,0.0,0.0
12:58:08,0.0,0.0
12:58:17,0.0,0.0
12:58:28,0.0,0.0
12:58:38,0.0,0.0
12:58:47,0.0,0.0
12:58:58,0.0,0.0
12:59:08,0.0,0.0
12:59:17,0.0,0.0
12:59:28,0.0,0.0
12:59:38,0.0,0.0
12:59:47,0.0,0.0
15:26:20,30.4,15.9
15:26:27,30.4,17.3
15:26:37,30.4,18.8
15:26:47,30.4,18.2
15:26:57,30.4,17.2
15:27:07,30.4,17.0
15:27:17,30.4,16.7
15:27:27,30.4,16.7
15:27:37,30.3,16.6
15:27:47,30.4,16.2
15:27:57,30.4,16.1
15:28:07,30.3,16.0
15:28:17,30.4,15.9
15:28:27,30.3,15.8
15:28:36,30.3,15.9
15:28:47,30.3,16.1
15:28:57,30.3,16.1
15:29:07,30.3,16.1
15:29:17,30.3,15.9
15:29:27,30.4,16.0
15:29:37,30.4,16.1
15:29:47,30.3,16.1
15:29:57,30.3,16.0
15:30:07,30.4,16.0
15:30:17,30.4,15.8
15:30:27,30.4,15.6
15:30:37,30.4,15.5
15:30:47,30.4,15.6
15:30:57,30.4,15.5
15:31:07,30.4,15.6
15:31:17,30.4,15.7
15:31:27,30.4,15.7
15:31:37,30.4,15.6
15:31:47,30.4,15.5
15:31:57,30.4,15.4
15:32:07,30.4,15.4
15:32:17,30.4,15.3
15:32:27,30.4,15.4
15:32:37,30.4,15.4
15:32:47,30.4,15.4
15:32:57,30.4,15.3
15:33:07,30.4,15.4
15:33:17,30.4,15.4
15:33:27,30.4,15.4
15:33:37,30.4,15.4
15:33:47,30.4,15.3
15:33:57,30.4,15.3
15:34:07,30.4,15.3
15:34:17,30.4,15.3
15:34:27,30.4,15.2
15:34:37,30.4,15.2
15:34:47,30.5,15.2
15:34:57,30.5,15.2
15:35:07,30.4,15.3
15:35:17,30.4,15.4
15:35:27,30.4,15.2
15:35:37,30.4,15.2
15:35:47,30.5,15.2
15:35:57,30.4,15.1
15:36:07,30.4,15.2
15:36:17,30.4,15.2
15:36:27,30.5,15.2
15:36:37,30.5,15.8
15:36:47,30.5,15.8
15:36:57,30.4,15.4
15:37:07,30.4,15.3
15:37:17,30.5,15.5
15:37:26,30.5,15.6
15:37:37,30.5,17.0
15:37:47,30.5,19.1
15:37:57,30.5,18.5
15:38:07,30.5,17.7
15:38:17,30.5,16.3
15:38:27,30.4,16.2
15:38:37,30.5,16.0
15:38:47,30.5,15.8
15:38:57,30.5,15.8
15:39:07,30.5,15.8
15:39:17,30.5,15.7
15:39:27,30.5,15.7
15:39:37,30.5,15.8
15:39:47,30.5,15.8
15:39:57,30.5,15.9
15:40:07,30.5,15.8
15:40:17,30.5,16.0
15:40:27,30.5,15.9
15:40:37,30.5,15.9
15:40:46,30.5,15.9
15:40:57,30.5,15.8
15:41:07,30.5,15.8
15:41:17,30.5,15.9
15:41:27,30.5,16.2
15:41:37,30.5,16.2
15:41:47,30.5,16.2
15:41:57,30.5,16.1
15:42:07,30.5,16.1
15:42:17,30.5,16.1
15:42:27,30.5,16.1
15:42:37,30.5,16.2
15:42:47,30.5,16.2
15:42:57,30.5,16.1
15:43:07,30.5,16.2
15:43:17,30.5,16.2
15:43:27,30.5,16.0
15:43:36,30.5,16.1
15:43:47,30.5,16.1
15:43:57,30.5,16.3
15:44:07,30.5,16.2
15:44:17,30.5,16.2
15:44:27,30.5,16.2
15:44:37,30.5,16.1
15:44:47,30.5,15.9
15:44:57,30.5,16.0
15:45:07,30.5,16.0
15:45:17,30.5,16.1
15:45:27,30.5,15.9
15:45:37,30.5,16.0
15:45:47,30.5,16.1
15:45:57,30.5,16.2
15:46:07,30.5,16.2
15:46:17,30.5,16.1
15:46:27,30.5,16.2
15:46:37,30.5,16.2
15:46:47,30.5,16.2
15:46:57,30.5,16.2
15:47:07,30.5,16.0
15:47:17,30.5,16.0
15:47:27,30.5,16.0
15:47:37,30.5,16.1
15:47:47,30.5,16.0
15:47:57,30.5,16.1
15:48:07,30.5,15.9
15:48:17,30.5,16.0
15:48:27,30.5,16.0
15:48:37,30.5,15.9
15:48:47,30.5,15.9
15:48:57,30.5,15.8
15:49:07,30.5,15.8
15:49:17,30.5,15.9
15:49:27,30.5,15.9
15:49:37,30.5,15.9
15:49:47,30.5,16.0
15:49:57,30.5,15.9
15:50:07,30.5,15.9
15:50:17,30.5,15.8
15:50:27,30.4,15.9
15:50:37,30.5,15.7
15:50:47,30.5,15.8
15:50:57,30.5,15.8
15:51:07,30.5,15.9
15:51:17,30.5,15.9
15:51:27,30.5,15.8
15:51:37,30.5,15.9
15:51:47,30.5,15.9
15:51:57,30.5,15.8
15:52:07,30.5,15.9
15:52:17,30.5,15.9
15:52:27,30.5,16.0
15:52:37,30.5,16.0
15:52:47,30.5,16.0
15:52:57,30.5,15.8
15:53:07,30.4,15.8
15:53:16,30.4,15.8
15:53:27,30.5,15.8
15:53:37,30.5,15.7
15:53:47,30.4,15.6
15:53:57,30.4,15.4
15:54:07,30.5,15.6
15:54:17,30.5,15.8
15:54:26,30.4,15.8
15:54:37,30.4,15.8
15:54:47,30.4,15.8
15:54:57,30.4,15.7
15:55:07,30.4,16.0
15:55:17,30.5,15.8
15:55:26,30.4,15.7
15:55:37,30.4,15.8
15:55:47,30.4,15.8
15:55:57,30.4,15.8
15:56:07,30.4,15.5
15:56:17,30.4,15.6
15:56:27,30.4,15.6
15:56:37,30.4,15.7
15:56:47,30.4,15.6
15:56:57,30.4,15.6
15:57:07,30.4,15.6
15:57:17,30.4,15.7
15:57:27,30.4,15.5
15:57:37,30.4,15.4
15:57:47,30.4,15.2
15:57:57,30.4,15.3
15:58:07,30.4,15.3
15:58:17,30.4,15.3
15:58:27,30.4,15.3
15:58:37,30.4,15.5
15:58:47,30.4,15.7
15:58:57,30.4,15.9
15:59:07,30.4,16.0
15:59:16,30.4,15.9
15:59:27,30.4,15.7
15:59:37,30.4,15.6
15:59:47,30.4,15.6
15:59:57,30.4,15.7
16:00:07,30.4,15.7
16:00:17,30.4,15.6
16:00:27,30.4,15.6
16:00:37,30.4,15.6
16:00:47,30.4,15.8
16:00:57,30.4,15.9
16:01:07,30.4,16.0
16:01:17,30.4,16.1
16:01:27,30.4,16.2
16:01:37,30.4,16.4
16:01:47,30.4,16.3
16:01:57,30.4,16.3
16:02:07,30.4,16.3
16:02:17,30.4,16.1
16:02:27,30.4,16.1
16:02:37,30.4,16.2
16:02:47,30.4,16.1
16:02:57,30.4,15.9
16:03:07,30.4,15.9
16:03:17,30.4,15.8
16:03:27,30.4,15.8
16:03:37,30.4,15.8
16:03:47,30.4,15.8
16:03:56,30.4,15.9
16:04:07,30.4,15.9
16:04:17,30.4,15.7
16:04:27,30.4,15.9
16:04:37,30.4,15.9
16:04:47,30.4,16.0
16:04:57,30.4,15.8
16:05:07,30.4,15.8
16:05:17,30.4,15.7
16:05:27,30.4,15.8
16:05:37,30.4,15.7
16:05:47,30.4,15.7
16:05:57,30.4,15.8
16:06:07,30.4,15.6
16:06:17,30.4,15.8
16:06:27,30.4,15.8
16:06:36,30.4,15.9
16:06:47,30.4,15.9
16:06:57,30.4,15.8
16:07:07,30.4,15.8
16:07:17,30.4,15.8
16:07:27,30.4,15.7
16:07:37,30.4,15.9
16:07:47,30.4,15.8
16:07:57,30.4,15.9
16:08:07,30.4,15.8
16:08:17,30.4,15.7
16:08:27,30.4,15.7
16:08:37,30.4,15.8
16:08:47,30.4,16.1
16:08:57,30.4,15.9
16:09:07,30.4,15.8
16:09:17,30.4,15.8
16:09:26,30.4,15.9
16:09:37,30.4,15.7
16:09:47,30.4,16.0
16:09:57,30.4,16.3
16:10:07,30.4,16.0
16:10:17,30.4,15.9
16:10:27,30.4,15.8
16:10:37,30.4,15.9
16:10:47,30.4,16.0
16:10:57,30.4,16.0
16:11:07,30.4,15.9
16:11:17,30.4,15.9
16:11:27,30.4,15.9
16:11:37,30.4,15.8
16:11:47,30.4,15.8
16:11:57,30.4,15.6
16:12:07,30.4,15.6
16:12:17,30.4,15.5
16:12:27,30.4,15.5
16:12:37,30.4,15.7
16:12:47,30.4,15.7
16:12:58,30.4,15.7
16:13:07,30.4,15.8
16:13:22,30.4,15.8
16:13:27,30.4,15.8
16:13:37,30.4,15.9
16:13:47,30.4,15.9
16:13:57,30.4,15.9
16:14:07,30.4,15.9
16:14:17,30.4,15.9
16:14:27,30.4,15.8
16:14:37,30.4,15.9
16:14:47,30.4,16.0
16:14:57,30.4,15.9
16:15:07,30.4,15.8
16:15:17,30.4,15.8
16:15:27,30.4,17.2
16:15:37,30.4,17.9
16:15:47,30.4,17.5
16:15:57,30.4,17.3
16:16:07,30.4,16.9
16:16:17,30.4,16.8
16:16:27,30.4,16.8
16:16:37,30.4,16.7
16:16:47,30.4,16.5
16:16:57,30.4,16.5
16:17:07,30.4,16.6
16:17:17,30.4,16.4
16:17:27,30.4,16.5
16:17:37,30.4,16.9
16:17:47,30.4,17.4
16:17:57,30.4,17.5
16:18:07,30.4,16.9
16:18:17,30.4,16.6
16:18:26,30.4,16.4
16:18:37,30.4,16.5
16:18:47,30.4,16.4
16:18:57,30.4,16.2
16:19:07,30.4,16.3
16:19:17,30.4,16.3
16:19:27,30.4,16.3
16:19:37,30.4,16.4
16:19:47,30.4,16.3
16:19:57,30.4,16.3
16:20:06,30.4,16.4
16:20:17,30.4,16.3
16:20:27,30.4,16.3
16:20:36,30.4,16.4
16:20:47,30.4,16.4
16:20:57,30.4,16.5
16:21:07,30.4,16.4
16:21:17,30.4,16.5
16:21:27,30.4,16.7
16:21:37,30.4,16.7
16:21:47,30.4,16.7
16:21:57,30.4,16.7
16:22:07,30.4,16.7
16:22:16,30.4,16.8
16:22:27,30.4,16.7
16:22:37,30.4,16.6
16:22:47,30.4,16.5
16:22:57,30.4,16.5
16:23:07,30.4,16.6
16:23:17,30.4,16.7
16:23:27,30.4,16.8
16:23:37,30.4,16.7
16:23:47,30.4,16.7
16:23:57,30.4,16.6
16:24:07,30.4,16.6
16:24:17,30.4,16.6
16:24:27,30.4,16.5
16:24:37,30.4,16.6
16:24:47,30.4,16.7
16:24:57,30.4,16.7
16:25:07,30.4,16.8
16:25:17,30.4,16.9
16:25:27,30.4,16.9
16:25:37,30.4,17.1
16:25:47,30.4,17.1
16:25:57,30.4,17.0
16:26:07,30.4,17.0
16:26:17,30.4,16.9
16:26:27,30.4,16.9
16:26:37,30.4,16.8
16:26:47,30.4,16.9
16:26:57,30.4,17.0
16:27:07,30.4,17.0
16:27:17,30.4,17.2
16:27:27,30.4,17.0
16:27:37,30.4,16.9
16:27:47,30.4,17.2
16:27:57,30.4,17.7
16:28:07,30.4,18.0
16:28:17,30.4,18.1
16:28:27,30.4,18.3
16:28:37,30.4,18.7
16:28:47,30.4,18.4
16:28:57,30.4,18.6
16:29:07,30.4,18.5
16:29:17,30.4,18.4
16:29:27,30.4,18.5
16:29:37,30.4,18.5
16:29:47,30.4,18.4
16:29:57,30.4,18.0
16:30:07,30.4,17.8
16:30:17,30.4,17.8
16:30:27,30.4,17.7
16:30:37,30.4,17.7
16:30:47,30.4,17.8
16:30:57,30.4,17.9
16:31:07,30.4,17.7
16:31:17,30.4,17.2
16:31:27,30.4,17.1
16:31:37,30.4,17.2
16:31:47,30.3,17.0
16:31:57,30.4,17.0
16:32:07,30.4,16.9
16:32:17,30.3,17.1
16:32:27,30.4,17.2
16:32:37,30.4,17.1
16:32:47,30.3,17.1
16:32:57,30.4,17.1
16:33:06,30.4,16.9
16:33:17,30.3,16.8
16:33:27,30.4,16.7
16:33:37,30.4,16.7
16:33:47,30.4,16.7
16:33:57,30.4,16.6
16:34:07,30.4,16.6
16:34:17,30.4,16.5
16:34:27,30.4,16.5
16:34:37,30.4,16.6
16:34:47,30.4,16.7
16:34:57,30.4,16.7
16:35:07,30.4,16.8
16:35:17,30.4,16.8
16:35:27,30.4,16.7
16:35:37,30.4,16.7
16:35:47,30.4,16.8
16:35:57,30.4,16.8
16:36:07,30.4,16.9
16:36:17,30.4,17.0
16:36:27,30.4,16.9
16:36:37,30.4,17.1
16:36:47,30.4,17.1
16:36:56,30.4,17.1
16:37:07,30.4,17.2
16:37:17,30.4,17.3
16:37:27,30.3,17.4
16:37:37,30.3,17.5
16:37:47,30.4,17.7
16:37:57,30.4,17.8
16:38:07,30.3,17.5
16:38:17,30.4,17.4
16:38:27,30.3,17.3
16:38:37,30.3,17.2
16:38:47,30.3,17.1
16:38:57,30.3,17.1
16:39:07,30.3,17.1
16:39:17,30.4,17.1
16:39:27,30.3,17.2
16:39:37,30.3,17.2
16:39:47,30.4,17.2
16:39:57,30.3,17.0
16:40:07,30.4,16.9
16:40:17,30.4,16.9
16:40:27,30.3,17.0
16:40:37,30.4,17.1
16:40:47,30.3,16.9
16:40:57,30.3,16.9
16:41:07,30.3,16.9
16:41:16,30.4,16.8
16:41:27,30.3,16.9
16:41:37,30.4,16.9
16:41:46,30.3,16.8
16:41:56,30.3,16.8
16:42:07,30.4,16.8
16:42:17,30.4,16.9
16:42:26,30.3,16.8
16:42:37,30.4,16.8
16:42:47,30.3,16.8
16:42:57,30.3,16.8
16:43:07,30.3,16.7
16:43:17,30.3,16.5
16:43:27,30.3,16.5
16:43:37,30.3,16.6
16:43:47,30.3,16.6
16:43:57,30.4,16.7
16:44:07,30.3,16.7
16:44:17,30.4,16.7
16:44:27,30.4,16.7
16:44:37,30.4,16.7
16:44:47,30.3,16.8
16:44:57,30.3,16.7
16:45:07,30.3,16.8
16:45:17,30.4,16.8
16:45:27,30.3,16.9
16:45:36,30.3,16.7
16:45:47,30.3,16.6
16:45:57,30.4,16.5
16:46:07,30.4,16.6
16:46:17,30.4,16.7
16:46:26,30.4,16.8
16:46:37,30.3,16.7
16:46:47,30.4,16.6
16:46:57,30.3,16.6
16:47:07,30.3,16.6
16:47:17,30.4,16.8
16:47:27,30.3,16.7
16:47:37,30.4,16.7
16:47:47,30.4,16.8
16:47:57,30.3,16.8
16:48:07,30.3,16.7
16:48:17,30.3,16.8
16:48:27,30.3,16.8
16:48:37,30.4,16.9
16:48:47,30.3,16.9
16:48:57,30.3,16.9
16:49:07,30.4,17.0
16:49:17,30.3,17.0
16:49:27,30.4,17.1
16:49:37,30.4,17.1
16:49:47,30.4,17.1
16:49:57,30.3,17.1
16:50:07,30.3,17.2
16:50:17,30.3,17.2
16:50:27,30.3,17.3
16:50:37,30.3,17.3
16:50:47,30.3,17.4
16:50:57,30.3,17.5
16:51:07,30.4,17.5
16:51:17,30.3,17.4
16:51:27,30.3,17.6
16:51:37,30.4,17.4
16:51:47,30.4,17.5
16:51:57,30.4,17.6
16:52:07,30.3,17.6
16:52:17,30.3,17.7
16:52:27,30.3,17.8
16:52:37,30.3,17.7
16:52:47,30.3,17.7
16:52:57,30.3,17.8
16:53:06,30.3,17.9
16:53:17,30.3,18.0
16:53:27,30.3,18.0
16:53:37,30.3,17.9
16:53:47,30.3,18.0
16:53:57,30.3,18.1
16:54:07,30.3,18.2
16:54:17,30.4,18.2
16:54:27,30.3,18.2
16:54:37,30.3,18.2
16:54:47,30.3,18.3
16:54:57,30.3,18.4
16:55:07,30.3,18.4
16:55:17,30.3,18.4
16:55:27,30.3,18.3
16:55:37,30.3,18.4
16:55:47,30.4,18.5
16:55:57,30.4,18.4
16:56:07,30.3,18.4
16:56:17,30.3,18.4
16:56:27,30.3,18.4
16:56:37,30.3,18.5
16:56:47,30.4,18.4
16:56:57,30.3,18.5
16:57:07,30.3,18.5
16:57:17,30.3,18.6
16:57:27,30.4,18.6
16:57:37,30.3,18.6
16:57:47,30.4,18.6
16:57:56,30.4,18.7
16:58:07,30.3,18.7
16:58:17,30.4,18.8
16:58:26,30.3,18.8
16:58:37,30.3,18.8
16:58:47,30.3,18.8
16:58:57,30.3,18.8
16:59:07,30.3,18.9
16:59:17,30.3,19.0
16:59:27,30.3,19.0
16:59:37,30.3,18.9
16:59:47,30.3,18.8
16:59:56,30.3,18.9
17:00:07,30.3,19.0
17:00:17,30.3,19.1
17:00:27,30.3,19.0
17:00:37,30.3,19.0
17:00:47,30.3,19.2
17:00:57,30.3,19.1
17:01:07,30.3,19.1
17:01:17,30.3,19.2
17:01:27,30.3,19.1
17:01:37,30.3,19.1
17:01:47,30.4,19.1
17:01:57,30.3,19.1
17:02:07,30.3,19.2
17:02:17,30.3,19.1
17:02:27,30.3,19.1
17:02:37,30.4,19.2
17:02:47,30.3,19.2
17:02:57,30.3,19.2
17:03:07,30.3,19.3
17:03:16,30.4,19.3
17:03:27,30.4,19.2
17:03:37,30.3,19.2
17:03:47,30.3,19.3
17:03:57,30.3,19.3
17:04:07,30.3,19.4
17:04:17,30.3,19.4
17:04:27,30.3,19.4
17:04:37,30.3,19.4
17:04:47,30.3,19.4
17:04:57,30.3,19.4
17:05:07,30.4,19.4
17:05:17,30.3,19.4
17:05:27,30.3,19.4
17:05:37,30.4,19.5
17:05:47,30.4,19.4
17:05:57,30.4,19.4
17:06:07,30.3,19.3
17:06:17,30.4,19.4
17:06:27,30.3,19.3
17:06:37,30.3,19.3
17:06:47,30.3,19.3
17:06:57,30.3,19.3
17:07:07,30.3,19.4
17:07:17,30.3,20.2
17:07:27,30.4,20.5
17:07:37,30.4,21.0
17:07:47,30.4,21.4
17:07:57,30.4,21.8
17:08:07,30.4,22.4
17:08:17,30.4,22.7
17:08:27,30.5,23.1
17:08:37,30.5,23.3
17:08:47,30.4,23.8
17:08:57,30.5,24.3
17:09:07,30.5,24.6
17:09:17,30.5,24.9
17:09:27,30.5,25.3
17:09:37,30.5,25.7
17:09:47,30.5,25.7
17:09:57,30.5,26.2
17:10:07,30.5,26.6
17:10:17,30.4,26.8
17:10:27,30.4,27.1
17:10:37,30.4,27.3
17:10:47,30.4,27.6
17:10:57,30.4,27.7
17:11:07,30.4,28.0
17:11:17,30.4,28.3
17:11:27,30.4,28.5
17:11:37,30.3,28.7
17:11:47,30.3,28.9
17:11:57,30.3,29.0
17:12:07,30.3,29.3
17:12:17,30.3,29.3
17:12:27,30.3,29.5
17:12:37,30.2,29.7
17:12:47,30.2,30.0
17:12:57,30.2,30.0
17:13:07,30.2,30.3
17:13:17,30.2,30.3
17:13:27,30.2,30.6
17:13:37,30.1,30.7
17:13:47,30.1,30.8
17:13:57,30.1,30.8
17:14:07,30.1,30.9
17:14:17,30.0,31.0
17:14:27,30.0,31.1
17:14:37,30.0,31.2
17:14:47,30.0,31.3
17:14:57,30.0,31.4
17:15:07,30.0,31.4
17:15:17,29.9,31.5
17:15:27,29.9,31.7
17:15:37,29.9,31.8
17:15:47,29.9,32.0
17:15:57,29.9,32.0
17:16:07,29.9,32.1
17:16:17,29.9,32.2
17:16:27,29.8,32.2
17:16:37,29.8,32.3
17:16:47,29.8,32.3
17:16:57,29.8,32.4
17:17:07,29.8,32.5
17:17:17,29.8,32.5
17:17:27,29.7,32.6
17:17:37,29.7,32.7
17:17:47,29.7,32.7
17:17:57,29.7,32.8
17:18:07,29.7,32.7
17:18:17,29.7,32.7
17:18:27,29.7,32.9
17:18:37,29.7,32.9
17:18:47,29.7,32.9
17:18:57,29.6,32.9
17:19:07,29.6,32.9
17:19:17,29.6,33.0
17:19:27,29.6,33.1
17:19:37,29.6,33.2
17:19:47,29.6,33.2
17:19:57,29.6,33.2
17:20:07,29.6,33.3
17:20:17,29.5,33.3
17:20:27,29.5,33.3
17:20:37,29.5,33.3
17:20:47,29.5,33.5
17:20:57,29.5,33.5
17:21:07,29.5,33.5
17:21:17,29.5,33.5
17:21:27,29.5,33.5
17:21:37,29.5,33.5
17:21:47,29.4,33.5
17:21:57,29.5,33.5
17:22:07,29.4,33.5
17:22:17,29.4,33.6
17:22:27,29.4,33.6
17:22:37,29.4,33.6
17:22:47,29.4,33.6
17:22:57,29.4,33.7
17:23:07,29.4,33.7
17:23:17,29.4,33.9
17:23:27,29.3,33.9
17:23:37,29.3,33.9
17:23:47,29.3,33.9
17:23:57,29.3,33.9
17:24:07,29.3,33.9
17:24:17,29.3,34.0
17:24:27,29.3,34.1
17:24:37,29.3,34.0
17:24:47,29.3,34.0
17:24:57,29.3,34.0
17:25:07,29.2,34.0
17:25:17,29.2,34.0
17:25:27,29.2,34.0
17:25:37,29.2,34.1
17:25:47,29.2,34.1
17:25:57,29.2,34.1
17:26:06,29.2,34.1
17:26:17,29.2,34.1
17:26:27,29.2,34.1
17:26:37,29.2,34.2
17:26:47,29.2,34.2
17:26:57,29.2,34.3
17:27:07,29.2,34.3
17:27:17,29.1,34.3
17:27:27,29.2,34.2
17:27:37,29.1,34.2
17:27:47,29.1,34.3
17:27:57,29.1,34.3
17:28:07,29.1,34.2
17:28:17,29.1,34.3
17:28:27,29.1,34.3
17:28:37,29.1,34.3
17:28:47,29.1,34.4
17:28:57,29.1,34.3
17:29:07,29.1,34.4
17:29:16,29.1,34.4
17:29:27,29.1,34.6
17:29:37,29.1,34.6
17:29:47,29.1,34.6
17:29:57,29.1,34.6
17:30:07,29.1,34.6
17:30:17,29.1,34.6
17:30:27,29.1,34.6
17:30:37,29.1,34.5
17:30:47,29.1,34.6
17:30:57,29.1,34.6
17:31:07,29.0,34.7
17:31:17,29.0,34.8
17:31:27,29.0,34.9
17:31:36,29.1,35.0
17:31:47,29.1,35.0
17:31:57,29.1,35.0
17:32:07,29.0,35.1
17:32:17,29.0,35.1
17:32:27,29.0,35.0
17:32:37,29.0,35.1
17:32:47,29.0,35.1
17:32:57,29.0,35.2
17:33:07,29.0,35.2
17:33:17,29.0,35.2
17:33:27,29.0,35.2
17:33:37,29.0,35.2
17:33:47,29.0,35.2
17:33:57,29.0,35.3
17:34:07,29.0,35.4
17:34:17,29.0,35.4
17:34:27,29.0,35.4
17:34:36,29.0,35.4
17:34:47,29.0,35.4
17:34:57,29.0,35.4
17:35:07,29.0,35.5
17:35:16,29.0,35.6
17:35:27,29.0,35.6
17:35:37,29.0,35.6
17:35:47,29.0,35.6
17:35:57,29.0,35.6
17:36:07,29.0,35.6
17:36:17,29.0,35.6
17:36:27,29.0,35.6
17:36:37,29.0,35.7
17:36:46,29.0,35.7
17:36:57,29.0,35.7
17:37:07,29.0,35.7
17:37:17,29.0,35.8
17:37:27,29.0,35.8
17:37:37,29.0,35.7
17:37:49,29.0,36.0
17:37:57,29.0,35.9
17:38:07,29.0,35.9
17:38:17,29.0,36.0
17:38:27,29.0,36.0
17:38:37,28.9,35.9
17:38:47,29.0,36.1
17:38:57,29.0,36.1
17:39:07,28.9,36.2
17:39:17,28.9,36.1
17:39:27,28.9,36.3
17:39:37,28.9,36.2
17:39:47,28.9,36.2
17:39:57,28.9,36.3
17:40:07,28.9,36.2
17:40:17,28.9,36.2
17:40:27,28.9,36.3
17:40:37,28.9,36.4
17:40:47,28.9,36.3
17:40:57,28.9,36.4
17:41:07,28.9,36.5
17:41:17,28.9,36.5
17:41:27,28.9,36.6
17:41:37,28.9,36.6
17:41:47,28.9,36.7
17:41:57,28.9,36.7
17:42:07,28.9,36.8
17:42:17,28.9,36.7
17:42:27,28.9,36.8
17:42:37,28.9,36.7
17:42:47,28.9,36.7
17:42:57,28.8,36.7
17:43:07,28.8,36.6
17:43:17,28.9,36.8
17:43:27,28.8,36.7
17:43:37,28.8,36.8
17:43:46,28.8,36.8
17:43:57,28.8,36.7
17:44:07,28.8,36.8
17:44:17,28.8,36.9
17:44:27,28.8,36.9
17:44:37,28.8,37.0
17:44:46,28.8,36.9
17:44:57,28.8,36.9
17:45:07,28.8,36.9
17:45:17,28.8,36.9
17:45:27,28.8,37.0
17:45:37,28.8,37.0
17:45:47,28.8,37.0
17:45:57,28.8,37.0
17:46:07,28.8,37.1
17:46:17,28.8,37.1
17:46:27,28.8,37.2
17:46:37,28.8,37.1
17:46:47,28.8,37.1
17:46:57,28.7,37.2
17:47:07,28.7,37.2
17:47:17,28.7,37.3
17:47:27,28.7,37.4
17:47:37,28.7,37.3
17:47:47,28.7,37.4
17:47:57,28.7,37.4
17:48:06,28.7,37.4
17:48:17,28.7,37.4
17:48:27,28.7,37.4
17:48:37,28.7,37.4
17:48:47,28.7,37.5
17:48:57,28.7,37.5
17:49:07,28.7,37.4
17:49:17,28.7,37.5
17:49:27,28.7,37.5
17:49:37,28.7,37.5
17:49:47,28.7,37.4
17:49:57,28.7,37.4
17:50:07,28.7,37.5
17:50:17,28.7,37.5
17:50:27,28.7,37.6
17:50:37,28.7,37.6
17:50:47,28.7,37.6
17:50:57,28.7,37.6
17:51:07,28.7,37.7
17:51:17,28.7,37.7
17:51:27,28.7,37.7
17:51:37,28.7,37.7
17:51:47,28.7,37.8
17:51:57,28.7,37.7
17:52:07,28.7,37.8
17:52:17,28.6,37.7
17:52:27,28.6,37.8
17:52:37,28.6,37.8
17:52:47,28.6,37.7
17:52:57,28.6,37.8
17:53:07,28.6,37.7
17:53:17,28.6,37.7
17:53:27,28.6,37.7
17:53:37,28.6,37.8
17:53:47,28.6,37.8
17:53:57,28.6,37.8
17:54:07,28.6,37.9
17:54:17,28.6,37.9
17:54:27,28.6,38.0
17:54:37,28.6,38.0
17:54:46,28.6,38.0
17:54:57,28.6,38.1
17:55:07,28.6,38.1
17:55:17,28.6,38.1
17:55:27,28.6,38.1
17:55:44,28.6,38.0
17:55:51,28.6,38.1
17:56:02,28.6,38.0
17:56:12,28.5,38.1
17:56:21,28.5,38.0
17:56:32,28.5,38.0
17:56:42,28.5,38.1
17:56:50,28.5,38.1
17:57:02,28.5,38.0
17:57:08,28.5,38.1
17:57:22,28.5,38.1
17:57:32,28.5,38.1
17:57:37,28.5,38.0
17:57:47,28.5,38.0
17:57:57,28.5,38.0
17:58:07,28.5,38.0
17:58:17,28.5,37.9
17:58:27,28.5,38.0
17:58:37,28.5,38.0
17:58:47,28.5,38.0
17:58:57,28.5,38.0
17:59:11,28.5,37.9
17:59:21,28.5,38.0
17:59:27,28.5,37.9
17:59:38,28.5,37.9
17:59:47,28.5,37.9
17:59:57,28.5,37.9
18:00:07,28.5,37.9
18:00:17,28.4,37.9
18:00:27,28.4,37.9
18:00:38,28.5,38.0
18:00:47,28.5,38.0
18:00:57,28.4,38.0
18:01:07,28.4,37.9
18:01:17,28.4,38.0
18:01:27,28.4,38.0
18:01:37,28.4,38.0
18:01:47,28.4,38.0
18:01:57,28.4,37.9
18:02:07,28.4,37.9
18:02:17,28.4,37.9
18:02:27,28.4,37.9
18:02:37,28.4,38.0
18:02:47,28.4,38.0
18:02:57,28.4,37.9
18:03:07,28.4,38.0
18:03:17,28.4,38.0
18:03:27,28.4,38.0
18:03:37,28.4,38.0
18:03:47,28.4,38.0
18:03:57,28.4,38.0
18:04:07,28.4,38.1
18:04:16,28.4,38.0
18:04:27,28.4,37.9
18:04:37,28.4,37.8
18:04:47,28.4,37.9
18:04:57,28.4,37.9
18:05:07,28.4,37.8
18:05:17,28.4,37.8
18:05:27,28.4,37.8
18:05:37,28.4,37.8
18:05:47,28.4,37.8
18:05:57,28.4,37.8
18:06:07,28.4,37.8
18:06:17,28.4,37.8
18:06:27,28.4,37.8
18:06:37,28.4,37.8
18:06:47,28.4,37.8
18:06:57,28.4,37.8
18:07:07,28.3,37.8
18:07:17,28.3,37.8
18:07:27,28.3,37.7
18:07:37,28.4,37.7
18:07:47,28.4,37.6
18:07:57,28.4,37.6
18:08:07,28.4,37.6
18:08:17,28.4,37.6
18:08:27,28.3,37.7
18:08:37,28.4,37.7
18:08:47,28.3,37.7
18:08:57,28.3,37.8
18:09:07,28.3,37.7
18:09:17,28.4,37.7
18:09:27,28.3,37.8
18:09:37,28.3,37.7
18:09:48,28.3,37.7
18:09:57,28.3,37.6
18:10:07,28.3,37.7
18:10:17,28.3,37.6
18:10:27,28.3,37.6
18:10:37,28.3,37.7
18:10:47,28.3,37.7
18:10:57,28.3,37.8
18:11:07,28.3,37.8
18:11:17,28.3,37.8
18:11:27,28.3,37.8
18:11:37,28.3,37.8
18:11:49,28.3,37.8
18:11:57,28.3,37.8
18:12:07,28.3,37.8
18:12:17,28.3,37.9
18:12:27,28.3,38.0
18:12:37,28.2,37.9
18:12:57,28.2,37.9
18:13:07,28.2,37.9
18:13:17,28.2,37.8
18:13:27,28.2,37.9
18:13:37,28.2,37.9
18:13:47,28.2,38.0
18:13:57,28.2,38.0
18:14:07,28.2,38.0
18:14:17,28.2,37.9
18:14:27,28.2,37.9
18:14:37,28.2,37.9
18:14:47,28.2,38.0
18:14:57,28.2,38.0
18:15:07,28.2,38.0
18:15:17,28.2,38.0
18:15:27,28.2,38.1
18:15:37,28.2,38.1
18:15:47,28.2,38.1
18:15:57,28.2,38.2
18:16:07,28.2,38.0
18:16:17,28.2,38.1
18:16:27,28.2,38.1
18:16:37,28.2,37.9
18:16:47,28.2,38.1
18:16:57,28.2,38.0
18:17:07,28.2,38.1
18:17:17,28.1,38.1
18:17:27,28.2,38.1
18:17:37,28.1,38.0
18:17:47,28.1,38.1
18:17:57,28.1,38.1
18:18:07,28.1,38.1
18:18:17,28.2,38.2
18:18:27,28.1,38.1
18:18:37,28.1,38.1
18:18:47,28.1,38.1
18:18:57,28.1,38.1
18:19:07,28.1,38.1
18:19:17,28.1,38.0
18:19:27,28.1,38.0
18:19:37,28.1,38.1
18:19:47,28.1,38.0
18:19:57,28.1,38.0
18:20:07,28.1,38.0
18:20:17,28.1,38.0
18:20:27,28.1,37.9
18:20:37,28.1,37.9
18:20:47,28.1,37.6
18:20:57,28.2,37.7
18:21:07,28.2,37.7
18:21:17,28.2,37.7
18:21:27,28.2,37.8
18:21:37,28.2,37.5
18:21:47,28.2,37.5
18:21:57,28.2,37.5
18:22:07,28.2,37.6
18:22:17,28.3,37.5
18:22:27,28.2,37.4
18:22:36,28.3,37.3
18:22:47,28.3,37.3
18:22:57,28.3,37.4
18:23:07,28.3,37.4
18:23:17,28.3,37.3
18:23:27,28.3,37.3
18:23:37,28.3,37.2
18:23:47,28.4,37.1
18:23:57,28.4,37.1
18:24:07,28.4,37.1
18:24:17,28.4,37.0
18:24:26,28.4,37.1
18:24:37,28.4,37.1
18:24:47,28.4,37.1
18:24:57,28.4,37.0
18:25:07,28.5,37.0
18:25:17,28.5,37.0
18:25:27,28.5,36.9
18:25:37,28.5,37.0
18:25:47,28.5,36.9
18:25:57,28.5,36.9
18:26:07,28.5,37.0
18:26:17,28.5,36.9
18:26:27,28.5,36.7
18:26:37,28.5,36.6
18:26:47,28.6,36.7
18:26:57,28.6,36.7
18:27:07,28.6,36.6
18:27:17,28.6,36.7
18:27:27,28.6,36.7
18:27:37,28.6,36.5
18:27:47,28.6,36.6
18:27:57,28.6,36.6
18:28:07,28.6,36.7
18:28:17,28.6,36.7
18:28:27,28.7,36.6
18:28:37,28.7,36.3
18:28:47,28.7,36.2
18:28:57,28.7,36.2
18:29:07,28.7,36.2
18:29:17,28.7,36.2
18:29:27,28.7,36.1
18:29:37,28.7,36.0
18:29:47,28.7,36.0
18:29:57,28.8,36.2
18:30:07,28.8,36.2
18:30:17,28.8,36.2
18:30:27,28.8,36.1
18:30:37,28.8,36.0
18:30:47,28.8,36.0
18:30:57,28.8,35.9
18:31:07,28.9,35.9
18:31:17,28.9,35.9
18:31:27,28.9,35.8
18:31:37,28.9,35.6
18:31:47,28.9,35.6
18:31:57,28.9,35.7
18:32:07,28.9,35.6
18:32:17,28.9,35.6
18:32:27,28.9,35.5
18:32:37,28.9,35.4
18:32:47,28.9,35.4
18:32:57,28.9,35.4
18:33:07,29.0,35.4
18:33:17,28.9,35.4
18:33:27,29.0,35.3
18:33:37,29.0,35.2
18:33:47,29.0,35.2
18:33:57,29.0,35.2
18:34:07,29.0,35.2
18:34:17,29.0,35.1
18:34:27,29.0,35.1
18:34:37,29.0,35.0
18:34:47,29.0,35.1
18:34:57,29.0,35.1
18:35:07,29.0,35.1
18:35:17,29.0,35.0
18:35:27,29.0,35.1
18:35:37,29.0,35.2
18:35:47,29.0,35.1
18:35:57,29.0,35.1
18:36:07,29.0,35.0
18:36:17,29.0,35.0
18:36:27,29.0,34.9
18:36:37,29.1,34.9
18:36:47,29.1,35.0
18:36:57,29.0,35.0
18:37:07,29.1,35.1
18:37:24,29.1,34.9
18:37:34,29.1,34.9
18:37:43,29.1,34.8
18:38:00,29.1,34.9
18:38:13,29.1,35.0
18:38:18,29.1,35.0
18:38:27,29.1,35.1
18:38:37,29.1,35.1
18:38:47,29.1,35.1
18:38:57,29.1,35.0
18:39:07,29.1,34.9
18:39:17,29.1,34.8
18:39:27,29.1,34.8
18:39:37,29.2,34.8
18:39:47,29.2,34.8
18:39:57,29.1,34.8
18:40:07,29.2,34.8
18:40:17,29.2,34.8
18:40:27,29.2,34.7
18:40:37,29.2,34.7
18:40:47,29.2,34.6
18:40:57,29.2,34.4
18:41:07,29.2,34.6
18:41:17,29.2,34.7
18:41:27,29.2,34.7
18:41:37,29.2,34.7
18:41:47,29.2,34.7
18:41:57,29.2,34.6
18:42:07,29.2,34.6
18:42:17,29.2,34.5
18:42:27,29.2,34.5
18:42:37,29.2,34.5
18:42:47,29.2,34.5
18:42:57,29.2,34.4
18:43:07,29.2,34.4
18:46:10,29.2,34.4
18:46:20,29.2,34.3
18:46:30,29.3,34.3
18:46:40,29.3,34.4
18:46:50,29.3,34.5
18:47:00,29.3,34.4
18:47:10,29.3,34.4
18:47:20,29.3,34.3
18:47:30,29.3,34.2
18:47:40,29.3,34.2
18:47:50,29.3,34.2
18:48:00,29.3,34.3
18:48:10,29.3,34.3
18:48:20,29.3,34.3
18:48:30,29.3,34.2
18:48:40,29.3,34.1
18:48:50,29.3,34.0
18:49:00,29.3,34.0
18:49:10,29.3,34.0
18:49:20,29.3,33.9
18:49:30,29.3,33.9
18:49:40,29.3,34.0
18:49:50,29.3,33.9
18:50:00,29.3,34.0
18:50:10,29.3,33.9
18:50:20,29.3,34.0
18:50:30,29.3,33.9
18:50:40,29.3,34.0
18:50:50,29.3,34.1
18:51:02,29.3,34.3
18:51:10,29.3,34.3
18:51:20,29.3,34.2
18:51:30,29.3,34.1
18:51:40,29.3,34.2
18:51:50,29.3,34.1
18:52:00,29.3,34.1
18:52:10,29.3,34.0
18:52:20,29.3,34.0
18:52:30,29.3,34.1
18:52:40,29.3,34.1
18:52:50,29.3,34.2
18:53:00,29.3,34.2
18:53:10,29.3,34.1
18:53:20,29.3,34.1
18:53:30,29.3,34.0
18:53:40,29.3,33.9
18:53:50,29.3,33.9
18:55:10,29.3,33.8
18:55:20,29.3,33.8
18:55:30,29.3,33.9
18:55:40,29.3,33.8
18:55:50,29.3,33.9
18:56:00,29.3,33.9
18:56:10,29.3,33.9
18:56:20,29.3,33.9
18:56:30,29.3,33.9
18:56:40,29.3,33.9
18:56:50,29.3,33.9
18:57:00,29.3,34.0
18:57:10,29.3,34.0
18:57:20,29.3,33.9
18:57:30,29.3,33.8
18:57:40,29.3,33.7
18:57:50,29.3,33.7
18:58:00,29.3,33.7
18:58:10,29.3,33.6
18:58:20,29.3,33.6
18:58:30,29.3,33.7
18:58:40,29.3,33.7
18:58:50,29.3,33.7
18:59:00,29.3,33.8
18:59:10,29.3,33.8
18:59:20,29.3,33.7
18:59:30,29.3,33.6
18:59:40,29.3,33.6
18:59:50,29.4,33.7
19:00:00,29.4,33.6
19:00:10,29.3,33.6
19:00:20,29.3,33.5
19:00:30,29.4,33.6
19:00:40,29.3,33.7
19:00:50,29.4,33.7
19:01:00,29.4,33.7
19:01:10,29.4,33.8
19:01:20,29.4,33.9
19:01:30,29.4,33.9
19:01:40,29.4,33.9
19:01:50,29.4,34.0
19:02:00,29.4,34.0
19:02:10,29.4,34.0
19:02:20,29.4,33.9
19:02:30,29.4,33.9
19:02:40,29.4,33.9
19:02:50,29.4,33.9
19:03:00,29.4,33.9
19:03:10,29.4,33.9
19:03:20,29.4,34.0
19:03:30,29.4,34.0
19:03:40,29.4,33.9
19:03:50,29.4,33.9
19:04:00,29.4,34.0
19:04:10,29.4,33.9
19:04:20,29.4,34.0
19:04:30,29.4,34.0
19:04:40,29.4,34.0
19:04:50,29.4,34.0
19:05:00,29.4,34.0
19:05:10,29.4,34.0
19:05:20,29.4,33.9
19:05:30,29.4,33.9
19:05:40,29.4,33.9
19:05:50,29.4,33.9
19:06:00,29.4,33.9
19:06:10,29.4,33.9
19:06:20,29.4,33.9
19:06:30,29.4,33.9
19:06:40,29.4,33.9
19:06:50,29.4,33.9
19:07:00,29.4,33.9
19:07:10,29.4,33.9
19:07:20,29.4,33.8
19:07:30,29.4,33.8
19:07:40,29.4,33.7
19:07:50,29.4,33.6
19:08:00,29.4,33.6
19:08:10,29.4,33.5
19:08:20,29.4,33.5
19:08:30,29.4,33.5
19:08:40,29.4,33.5
19:08:50,29.4,33.5
19:09:00,29.4,33.4
19:09:10,29.4,33.4
19:09:20,29.4,33.3
19:09:30,29.4,33.2
19:09:40,29.4,33.2
19:09:50,29.4,33.2
19:10:00,29.4,33.3
19:10:10,29.4,33.3
19:10:20,29.4,33.2
19:10:30,29.4,33.2
19:10:40,29.4,33.2
19:10:50,29.4,33.3
19:11:00,29.4,33.4
19:11:10,29.4,33.4
19:11:20,29.4,33.5
19:11:30,29.4,33.5
19:11:40,29.4,33.5
19:11:50,29.4,33.6
19:12:00,29.4,33.7
19:12:10,29.4,33.8
19:12:20,29.4,33.8
19:12:30,29.4,33.6
19:12:40,29.4,33.5
19:12:50,29.4,33.3
19:13:00,29.4,33.3
19:13:10,29.4,33.2
19:13:20,29.4,33.2
19:13:30,29.4,33.2
19:13:40,29.4,33.2
19:13:50,29.4,33.2
19:14:00,29.4,33.2
19:14:10,29.4,33.2
19:14:20,29.5,33.3
19:14:30,29.4,33.3
19:14:40,29.5,33.3
19:14:50,29.4,33.3
19:15:00,29.5,33.3
19:15:10,29.4,33.3
19:15:20,29.4,33.3
19:15:30,29.4,33.4
19:15:40,29.5,33.4
19:15:50,29.5,33.4
19:16:00,29.4,33.4
19:16:10,29.5,33.3
19:16:20,29.5,33.3
19:16:30,29.4,33.3
19:16:40,29.5,33.3
19:16:50,29.5,33.3
19:17:00,29.5,33.3
19:17:10,29.4,33.3
19:17:20,29.5,33.3
19:17:30,29.5,33.2
19:17:40,29.5,33.3
19:17:50,29.4,33.4
19:18:00,29.5,33.4
19:18:10,29.5,33.4
19:18:20,29.5,33.5
19:18:30,29.5,33.4
19:18:40,29.5,33.5
19:18:50,29.5,33.5
19:19:00,29.4,33.5
19:19:10,29.5,33.5
19:19:20,29.5,33.5
19:19:30,29.5,33.6
19:19:40,29.5,33.5
19:19:50,29.5,33.5
19:20:00,29.4,33.3
19:20:10,29.5,33.3
19:20:20,29.5,33.3
19:20:30,29.5,33.3
19:20:40,29.5,33.3
19:20:50,29.5,33.2
19:21:00,29.4,33.1
19:21:10,29.5,33.1
19:21:20,29.5,33.2
19:21:30,29.4,33.1
19:21:40,29.5,33.1
19:21:50,29.5,33.2
19:22:00,29.5,33.2
19:22:10,29.5,33.2
19:22:20,29.5,33.3
19:22:30,29.5,33.2
19:22:40,29.5,33.3
19:22:50,29.5,33.3
19:23:00,29.5,33.3
19:23:10,29.5,33.4
19:23:20,29.5,33.4
19:23:30,29.5,33.4
19:23:40,29.5,33.5
19:23:50,29.5,33.4
19:24:00,29.5,33.5
19:24:10,29.5,33.4
19:24:20,29.5,33.4
19:24:30,29.5,33.5
19:24:40,29.5,33.5
19:24:50,29.5,33.5
19:25:00,29.5,33.5
19:25:10,29.5,33.5
19:25:20,29.5,33.5
19:25:30,29.5,33.3
19:25:40,29.5,33.3
19:25:50,29.5,33.3
19:26:00,29.5,33.2
19:26:10,29.5,33.1
19:26:20,29.5,32.7
19:26:30,29.5,32.5
19:26:40,29.5,32.3
19:26:50,29.5,32.3
19:27:00,29.5,32.3
19:27:10,29.5,32.3
19:27:20,29.5,32.3
19:27:30,29.5,32.3
19:27:40,29.5,32.3
19:27:50,29.5,32.3
19:28:00,29.5,32.4
19:28:10,29.5,32.4
19:28:20,29.5,32.4
19:28:30,29.5,32.6
19:28:40,29.5,32.6
19:28:50,29.5,32.7
19:29:00,29.5,32.7
19:29:10,29.5,32.7
19:29:20,29.5,32.6
19:29:30,29.5,32.6
19:29:40,29.5,32.6
19:29:50,29.5,32.5
19:30:00,29.5,32.5
19:30:10,29.5,32.5
19:30:20,29.5,32.5
19:30:30,29.5,32.5
19:30:40,29.5,32.5
19:30:50,29.5,32.5
19:31:00,29.5,32.5
19:31:10,29.5,32.5
19:31:20,29.5,32.5
19:31:30,29.5,32.5
19:31:40,29.5,32.5
19:31:50,29.5,32.5
19:32:00,29.5,32.5
19:32:10,29.5,32.5
19:32:21,29.5,32.5
19:32:30,29.5,32.6
19:32:40,29.5,32.5
19:32:50,29.5,32.5
19:33:00,29.5,32.5
19:33:10,29.5,32.5
19:33:20,29.5,32.5
19:33:30,29.5,32.6
19:33:40,29.5,32.6
19:33:50,29.5,32.6
19:34:00,29.5,32.6
19:34:10,29.5,32.6
19:34:20,29.5,32.7
19:34:30,29.5,32.6
19:34:40,29.5,32.6
19:34:50,29.5,32.6
19:35:00,29.5,32.6
19:35:10,29.5,32.6
19:35:20,29.5,32.7
19:35:30,29.5,32.7
19:35:40,29.5,32.6
19:35:50,29.5,32.7
19:36:00,29.5,32.6
19:36:10,29.5,32.7
19:36:20,29.5,32.7
19:36:30,29.5,32.7
19:36:40,29.5,32.6
19:36:50,29.5,32.7
19:37:00,29.5,32.6
19:37:10,29.5,32.7
19:37:20,29.5,32.7
19:37:30,29.5,32.7
19:37:40,29.5,32.6
19:37:50,29.5,32.4
19:38:00,29.5,32.4
19:38:10,29.5,32.6
19:38:20,29.5,32.6
19:38:30,29.5,32.6
19:38:40,29.5,32.6
19:38:50,29.5,32.5
19:39:00,29.5,32.5
19:39:10,29.5,32.6
19:39:20,29.5,32.5
19:39:30,29.5,32.5
19:40:56,29.5,32.5
19:41:00,29.5,32.5
19:41:10,29.5,32.5
19:41:20,29.5,32.5
19:41:30,29.5,32.5
19:41:40,29.5,32.6
19:41:50,29.5,32.7
19:42:00,29.5,32.7
19:42:10,29.5,32.8
19:42:20,29.5,32.8
19:42:30,29.5,32.8
19:42:40,29.5,32.7
19:42:50,29.5,32.8
19:43:00,29.5,32.8
19:43:10,29.5,32.7
19:43:20,29.5,32.8
19:43:31,29.5,32.8
19:43:40,29.5,32.8
19:43:50,29.5,32.8
19:44:00,29.6,32.9
19:44:10,29.5,32.8
19:44:20,29.5,32.9
19:44:30,29.5,32.9
19:44:40,29.5,32.9
19:44:50,29.5,32.9
19:45:00,29.5,32.9
19:45:10,29.5,32.9
19:45:20,29.6,32.9
19:45:30,29.5,32.7
19:45:40,29.5,32.8
19:45:50,29.6,32.8
19:46:00,29.5,32.8
19:46:10,29.5,32.8
19:46:20,29.5,32.8
19:46:30,29.6,32.9
19:46:40,29.5,32.9
19:46:50,29.5,32.9
19:47:00,29.5,32.9
19:47:10,29.6,32.9
19:47:20,29.5,32.9
19:47:30,29.5,32.9
19:47:40,29.6,32.9
19:47:50,29.6,32.9
19:48:00,29.6,32.9
19:48:10,29.5,33.0
19:48:20,29.5,32.9
19:48:30,29.6,32.9
19:48:40,29.5,32.8
19:48:50,29.6,32.7
19:49:00,29.5,32.7
19:49:10,29.6,32.7
19:49:20,29.6,32.8
19:49:30,29.6,32.8
19:49:40,29.5,32.8
19:49:50,29.6,32.8
19:50:00,29.6,32.8
19:50:10,29.6,32.8
19:50:20,29.6,32.8
19:50:30,29.6,32.9
19:50:40,29.6,32.8
19:50:50,29.5,32.8
19:51:00,29.5,32.8
19:51:10,29.6,32.8
19:51:20,29.6,32.8
19:51:30,29.6,32.8
19:51:40,29.6,32.7
19:51:50,29.6,32.7
19:52:00,29.5,32.7
19:52:10,29.6,32.7
19:52:20,29.6,32.8
19:52:30,29.6,32.7
19:52:40,29.6,32.7
19:52:50,29.5,32.9
19:53:00,29.5,33.1
19:53:10,29.5,33.3
19:53:20,29.5,33.4
19:53:30,29.5,33.6
19:53:40,29.5,33.8
19:53:50,29.5,33.8
19:54:00,29.5,34.0
19:54:10,29.4,34.2
19:54:20,29.4,34.3
19:54:30,29.4,34.5
19:54:40,29.4,34.6
19:54:50,29.4,34.7
19:55:00,29.4,34.9
19:55:10,29.3,35.0
19:55:20,29.3,35.2
19:55:30,29.3,35.3
19:55:40,29.3,35.4
19:55:50,29.2,35.6
19:56:00,29.3,35.7
19:56:10,29.2,35.7
19:56:20,29.2,35.9
19:56:33,29.2,36.0
19:56:40,29.2,36.1
19:56:50,29.1,36.1
19:57:00,29.1,36.2
19:57:10,29.1,36.3
19:57:20,29.1,36.4
19:57:30,29.1,36.5
19:57:40,29.0,36.6
19:57:50,29.0,36.8
19:58:00,29.0,36.8
19:58:10,29.0,36.9
19:58:20,29.0,36.9
19:58:30,29.0,36.9
19:58:40,29.0,37.0
19:58:50,28.9,37.2
19:59:00,28.9,37.2
19:59:10,28.9,37.4
19:59:20,28.9,37.4
19:59:30,28.9,37.5
19:59:40,28.9,37.6
19:59:50,28.8,37.6
20:00:00,28.8,37.7
20:00:10,28.8,37.7
20:00:20,28.8,37.9
20:00:30,28.8,38.0
20:00:40,28.7,38.0
20:00:50,28.7,38.1
20:01:00,28.7,38.1
20:01:10,28.7,38.2
20:01:20,28.7,38.3
20:01:30,28.7,38.4
20:01:40,28.6,38.4
20:01:50,28.6,38.5
20:02:00,28.6,38.5
20:02:10,28.6,38.5
20:02:20,28.6,38.6
20:02:30,28.6,38.6
20:02:40,28.6,38.6
20:02:50,28.6,38.6
20:03:00,28.6,38.7
20:03:10,28.6,38.7
20:03:20,28.6,38.7
20:03:30,28.6,38.8
20:03:40,28.5,38.7
20:03:50,28.6,38.8
20:04:00,28.6,38.8
20:04:10,28.6,38.9
20:04:20,28.5,38.9
20:04:30,28.6,38.8
20:04:40,28.5,38.9
20:04:50,28.5,38.9
20:05:00,28.5,38.9
20:05:10,28.5,39.0
20:05:20,28.5,39.0
20:05:30,28.5,39.1
20:05:40,28.5,39.1
20:05:50,28.5,39.2
20:06:00,28.5,39.1
20:06:10,28.5,39.2
20:06:20,28.5,39.3
20:06:30,28.5,39.4
20:06:40,28.4,39.4
20:06:50,28.4,39.4
20:07:00,28.4,39.4
20:07:10,28.4,39.3
20:07:20,28.4,39.4
20:07:30,28.4,39.3
20:07:40,28.4,39.4
20:07:50,28.4,39.5
20:08:00,28.4,39.4
20:08:10,28.4,39.5
20:08:20,28.4,39.6
20:08:30,28.4,39.6
20:08:40,28.4,39.6
20:08:50,28.3,39.6
20:09:00,28.3,39.7
20:09:10,28.3,39.8
20:09:20,28.3,39.8
20:09:30,28.3,39.9
20:09:40,28.3,39.8
20:09:50,28.3,39.7
20:10:00,28.3,39.7
20:10:10,28.3,39.7
20:10:20,28.3,39.8
20:10:30,28.3,39.8
20:10:40,28.3,39.7
20:10:50,28.3,39.8
20:11:00,28.3,39.8
20:11:10,28.3,39.8
20:11:20,28.3,39.8
20:11:30,28.3,39.9
20:11:40,28.2,40.0
20:11:50,28.2,40.0
20:12:00,28.2,40.0
20:12:10,28.2,40.0
20:12:20,28.2,40.0
20:12:30,28.2,39.9
20:12:40,28.2,40.0
20:12:50,28.2,40.0
20:13:00,28.2,40.0
20:13:10,28.2,40.0
20:13:20,28.2,40.0
20:13:30,28.2,40.1
20:13:40,28.2,40.2
20:13:50,28.2,40.2
20:14:00,28.2,40.2
20:14:10,28.2,40.3
20:14:20,28.2,40.3
20:14:30,28.2,40.3
20:14:40,28.1,40.3
20:14:50,28.1,40.4
20:15:00,28.1,40.4
20:15:10,28.1,40.4
20:15:20,28.1,40.4
20:15:30,28.1,40.4
20:15:40,28.1,40.4
20:15:50,28.1,40.4
20:16:00,28.1,40.5
20:16:10,28.1,40.4
20:16:20,28.1,40.4
20:16:30,28.1,40.4
20:16:40,28.1,40.5
20:16:50,28.1,40.4
20:17:00,28.1,40.4
20:17:10,28.1,40.4
20:17:20,28.1,40.5
20:17:30,28.1,40.5
20:17:40,28.1,40.5
20:17:50,28.1,40.5
20:18:00,28.0,40.5
20:18:10,28.0,40.6
20:18:20,28.0,40.6
20:18:30,28.0,40.6
20:18:40,28.0,40.6
20:18:50,28.0,40.6
20:19:00,28.0,40.7
20:19:10,28.0,40.7
20:19:20,28.0,40.7
20:19:30,28.0,40.8
20:19:40,28.0,40.7
20:19:50,28.0,40.7
20:20:00,28.0,40.7
20:20:10,28.0,40.7
20:20:20,28.0,40.7
20:20:30,28.0,40.6
20:20:40,28.0,40.8
20:20:50,28.0,40.8
20:21:00,28.0,40.9
20:21:10,28.0,40.8
20:21:20,28.0,40.9
20:21:30,28.0,40.9
20:21:40,28.0,40.9
20:21:50,28.0,40.9
20:22:00,27.9,41.0
20:22:10,27.9,40.9
20:22:20,28.0,41.0
20:22:30,27.9,40.9
20:22:40,27.9,41.1
20:22:50,27.9,41.1
20:23:00,27.9,41.1
20:23:10,27.9,41.1
20:23:20,27.9,41.1
20:23:30,27.9,41.1
20:23:40,27.9,41.1
20:23:50,27.9,41.1
20:24:00,27.9,41.2
20:24:10,27.9,41.1
20:24:20,27.9,41.1
20:24:30,27.9,41.1
20:24:40,27.9,41.1
20:24:50,27.9,41.1
20:25:00,27.9,41.2
20:25:10,27.9,41.2
20:25:20,27.9,41.2
20:25:30,27.8,41.2
20:25:40,27.9,41.2
20:25:50,27.8,41.2
20:26:00,27.9,41.3
20:26:10,27.9,41.3
20:26:20,27.8,41.3
20:26:30,27.9,41.3
20:26:40,27.8,41.4
20:26:50,27.8,41.4
20:27:00,27.8,41.4
20:27:10,27.8,41.4
20:27:20,27.8,41.4
20:27:30,27.8,41.5
20:27:40,27.8,41.5
20:27:50,27.8,41.5
20:28:00,27.8,41.5
20:28:10,27.8,41.5
20:28:20,27.8,41.5
20:28:30,27.8,41.5
20:28:40,27.8,41.6
20:28:50,27.8,41.6
20:29:00,27.8,41.6
20:29:10,27.8,41.6
20:29:20,27.8,41.7
20:29:30,27.8,41.6
20:29:40,27.8,41.6
20:29:50,27.8,41.6
20:30:00,27.8,41.6
20:30:10,27.8,41.6
20:30:20,27.8,41.6
20:30:30,27.8,41.6
20:30:40,27.8,41.6
20:30:50,27.8,41.7
20:31:00,27.8,41.7
20:31:10,27.8,41.7
20:31:20,27.7,41.6
20:31:30,27.8,41.7
20:31:40,27.8,41.6
20:31:50,27.7,41.7
20:32:00,27.7,41.7
20:32:10,27.7,41.6
20:32:20,27.7,41.6
20:32:30,27.7,41.7
20:32:40,27.7,41.7
20:32:50,27.7,41.7
20:33:00,27.8,41.7
20:33:10,27.7,41.7
20:33:20,27.7,41.6
20:33:30,27.7,41.7
20:33:40,27.7,41.7
20:33:50,27.7,41.7
20:34:00,27.7,41.7
20:34:10,27.7,41.7
20:34:20,27.7,41.8
20:34:30,27.7,41.8
20:34:40,27.7,41.8
20:34:50,27.7,41.8
20:35:00,27.7,41.8
20:35:10,27.7,41.8
20:35:20,27.7,41.9
20:35:30,27.7,41.9
20:35:40,27.7,41.7
20:35:50,27.7,41.8
20:36:00,27.7,41.8
20:36:10,27.7,41.8
20:36:20,27.7,41.9
20:36:30,27.7,41.9
20:36:40,27.7,41.9
20:36:50,27.7,41.9
20:37:00,27.7,41.9
20:37:10,27.6,41.9
20:37:20,27.7,42.0
20:37:30,27.7,42.0
20:37:40,27.6,41.9
20:37:50,27.7,42.0
20:38:00,27.6,42.0
20:38:10,27.6,42.0
20:38:20,27.6,42.1
20:38:30,27.6,42.0
20:38:40,27.6,42.0
20:38:50,27.6,42.1
20:39:00,27.6,42.1
20:39:10,27.6,42.1
20:39:20,27.6,42.2
20:39:30,27.6,42.2
20:39:40,27.6,42.2
20:39:50,27.6,42.2
20:40:00,27.6,42.3
20:40:10,27.6,42.3
20:40:20,27.6,42.2
20:40:30,27.6,42.3
20:40:40,27.6,42.2
20:40:50,27.5,42.3
20:41:00,27.5,42.3
20:41:10,27.5,42.3
20:41:21,27.5,42.3
20:41:30,27.5,42.4
20:41:40,27.5,42.3
20:41:50,27.5,42.4
20:42:00,27.5,42.3
20:42:10,27.5,42.3
20:42:20,27.5,42.3
20:42:30,27.5,42.3
20:42:40,27.5,42.3
20:42:50,27.5,42.3
20:43:00,27.6,42.4
20:43:10,27.5,42.4
20:43:20,27.5,42.4
20:43:30,27.5,42.5
20:43:40,27.5,42.5
20:43:50,27.5,42.5
20:44:00,27.5,42.5
20:44:10,27.5,42.5
20:44:20,27.5,42.5
20:44:30,27.5,42.6
20:44:40,27.5,42.6
20:44:50,27.5,42.5
20:45:00,27.5,42.6
20:45:10,27.5,42.6
20:45:20,27.5,42.6
20:45:30,27.5,42.6
20:45:40,27.5,42.7
20:45:50,27.5,42.7
20:46:00,27.5,42.7
20:46:10,27.5,42.7
20:46:20,27.5,42.6
20:46:30,27.5,42.7
20:46:40,27.5,42.7
20:46:50,27.5,42.7
20:47:00,27.5,42.7
20:47:10,27.5,42.8
20:47:20,27.5,42.7
20:47:30,27.5,42.8
20:47:40,27.5,42.7
20:47:50,27.5,42.7
20:48:00,27.4,42.7
20:48:10,27.4,42.7
20:48:20,27.5,42.8
20:48:30,27.4,42.8
20:48:40,27.4,42.8
20:48:50,27.4,42.9
20:49:00,27.4,42.9
20:49:10,27.4,42.9
20:49:20,27.4,42.9
20:49:30,27.4,42.9
20:49:40,27.4,42.9
20:49:50,27.4,42.9
20:50:00,27.4,42.9
20:50:10,27.4,42.9
20:50:20,27.4,42.9
20:50:30,27.4,42.9
20:50:40,27.4,42.9
20:50:50,27.4,42.9
20:51:00,27.4,43.0
20:51:10,27.4,42.9
20:51:20,27.4,42.9
20:51:30,27.4,43.0
20:51:40,27.4,42.9
20:51:50,27.4,43.0
20:52:00,27.4,43.0
20:52:10,27.4,42.9
20:52:20,27.4,43.0
20:52:30,27.4,43.0
20:52:40,27.4,43.0
20:52:50,27.4,43.0
20:53:00,27.4,43.1
20:53:10,27.4,43.0
20:53:20,27.3,43.1
20:53:30,27.3,43.1
20:53:40,27.3,43.1
20:53:50,27.3,43.0
20:54:00,27.3,43.1
20:54:10,27.3,43.2
20:54:20,27.3,43.1
20:54:30,27.3,42.9
20:54:40,27.3,42.8
20:54:50,27.2,42.7
20:55:00,27.2,42.8
20:55:10,27.2,42.9
20:55:20,27.2,42.8
20:55:30,27.2,42.9
20:55:40,27.2,42.9
20:55:50,27.2,43.1
20:56:00,27.2,43.1
20:56:10,27.2,43.1
20:56:20,27.2,43.3
20:56:30,27.2,43.3
20:56:40,27.1,43.3
20:56:50,27.1,43.4
20:57:00,27.1,43.4
20:57:10,27.1,43.5
20:57:20,27.1,43.4
20:57:30,27.1,43.5
20:57:40,27.1,43.5
20:57:50,27.0,43.6
20:58:00,27.0,43.6
20:58:13,27.0,43.6
20:58:20,27.1,43.6
20:58:33,27.0,43.6
20:58:40,27.0,43.7
20:58:50,27.0,43.7
20:59:00,27.0,43.7
20:59:10,27.0,43.7
20:59:20,27.0,43.7
20:59:30,27.0,43.7
20:59:40,27.0,43.7
20:59:50,27.0,43.8
21:00:00,27.0,43.8
21:00:10,27.0,43.8
21:00:20,27.0,43.8
21:00:30,27.0,43.9
21:00:40,27.0,43.8
21:00:50,27.0,43.8
21:01:00,27.0,43.8
21:01:10,27.0,43.8
21:01:20,27.0,43.8
21:01:30,27.0,43.7
21:01:40,27.0,43.7
21:01:50,27.1,43.7
21:02:00,27.1,43.7
21:02:10,27.1,43.8
21:02:20,27.1,43.8
21:02:30,27.1,43.8
21:02:40,27.1,43.8
21:02:50,27.1,43.7
21:03:00,27.1,43.8
21:03:10,27.2,43.7
21:03:20,27.2,43.8
21:03:30,27.2,43.8
21:03:40,27.2,43.8
21:03:50,27.2,43.8
21:04:00,27.2,43.8
21:04:10,27.2,43.8
21:04:20,27.2,43.8
21:04:30,27.2,43.8
21:04:40,27.2,43.8
21:04:50,27.3,43.8
21:05:00,27.2,43.8
21:05:10,27.2,43.8
21:05:20,27.3,43.9
21:05:30,27.2,43.9
21:05:40,27.2,44.0
21:05:50,27.2,44.0
21:06:00,27.2,44.0
21:06:10,27.2,43.9
21:06:20,27.2,44.0
21:06:30,27.2,44.0
21:06:41,27.3,44.0
21:06:51,27.2,43.9
21:07:00,27.2,43.9
21:07:10,27.2,44.0
21:07:20,27.2,43.9
21:07:30,27.3,44.0
21:07:40,27.2,44.1
21:07:50,27.2,44.1
21:08:00,27.2,44.1
21:08:10,27.2,44.1
21:08:20,27.2,44.2
21:08:30,27.2,44.1
21:08:40,27.2,44.2
21:08:50,27.2,44.1
21:09:00,27.2,44.2
21:09:10,27.2,44.2
21:09:20,27.2,44.3
21:09:30,27.2,44.4
21:09:40,27.2,44.4
21:09:50,27.2,44.5
21:10:00,27.2,44.5
21:10:10,27.2,44.5
21:10:20,27.2,44.5
21:10:30,27.2,44.6
21:10:40,27.2,44.6
21:10:50,27.2,44.5
21:11:00,27.2,44.6
21:11:10,27.2,44.5
21:11:20,27.2,44.5
21:11:30,27.3,44.5
21:11:40,27.2,44.5
21:11:50,27.2,44.5
21:12:00,27.2,44.5
21:12:10,27.2,44.5
21:12:20,27.3,44.5
21:12:30,27.2,44.4
21:12:40,27.3,44.4
21:12:50,27.2,44.4
21:13:00,27.2,44.4
21:13:10,27.2,44.4
21:13:20,27.3,44.3
21:13:30,27.2,44.4
21:13:40,27.3,44.4
21:13:50,27.3,44.4
21:14:00,27.3,44.4
21:14:10,27.3,44.5
21:14:20,27.3,44.5
21:14:30,27.2,44.5
21:14:40,27.2,44.4
21:14:50,27.2,44.5
21:15:00,27.2,44.5
21:15:10,27.2,44.6
21:15:20,27.2,44.6
21:15:30,27.2,44.6
21:15:40,27.2,44.5
21:15:50,27.2,44.6
21:16:00,27.2,44.6
21:16:10,27.2,44.5
21:16:20,27.2,44.6
21:16:30,27.2,44.6
21:16:40,27.2,44.7
21:16:50,27.2,44.7
21:17:00,27.2,44.7
21:17:10,27.2,44.6
21:17:20,27.2,44.6
21:17:30,27.2,44.6
21:17:40,27.2,44.6
21:17:50,27.2,44.6
21:18:00,27.2,44.6
21:18:10,27.2,44.6
21:18:20,27.2,44.6
21:18:30,27.2,44.6
21:18:40,27.2,44.7
21:18:50,27.2,44.6
21:19:00,27.2,44.6
21:19:10,27.2,44.7
21:19:20,27.2,44.6
21:19:30,27.2,44.7
21:19:40,27.2,44.7
21:19:50,27.2,44.7
21:20:00,27.2,44.7
21:20:10,27.2,44.6
21:20:20,27.2,44.7
21:20:30,27.2,44.7
21:20:40,27.2,44.7
21:20:50,27.2,44.7
21:21:00,27.2,44.8
21:21:10,27.2,44.8
21:21:20,27.2,44.8
21:21:30,27.2,44.8
21:21:40,27.2,44.8
21:21:50,27.2,44.7
21:22:00,27.2,44.8
21:22:10,27.2,44.8
21:22:20,27.2,44.9
21:22:30,27.2,44.8
21:22:40,27.2,44.8
21:22:50,27.2,44.9
21:23:00,27.2,44.9
21:23:10,27.2,44.9
21:23:20,27.2,44.8
21:23:30,27.2,44.8
21:23:40,27.2,44.8
21:23:50,27.2,44.9
21:24:00,27.2,44.9
21:24:10,27.2,44.8
21:24:20,27.2,44.9
21:24:30,27.2,44.9
21:24:40,27.2,45.0
21:24:50,27.2,44.9
21:25:00,27.2,44.9
21:25:10,27.2,44.9
21:25:20,27.2,44.9
21:25:30,27.2,45.0
21:25:40,27.2,45.1
21:25:50,27.2,45.0
21:26:00,27.2,45.0
21:26:10,27.1,45.1
21:26:20,27.1,45.1
21:26:30,27.2,45.1
21:26:40,27.1,45.2
21:26:50,27.1,45.2
21:27:00,27.1,45.2
21:27:10,27.2,45.3
21:27:20,27.1,45.3
21:27:30,27.1,45.3
21:27:40,27.1,45.2
21:27:50,27.1,45.2
21:28:00,27.1,45.3
21:28:10,27.1,45.3
21:28:20,27.1,45.3
21:28:30,27.1,45.3
21:28:40,27.1,45.3
21:28:50,27.1,45.4
21:29:00,27.1,45.3
21:29:10,27.1,45.3
21:29:20,27.1,45.4
21:29:30,27.1,45.3
21:29:40,27.1,45.3
21:29:50,27.1,45.3
21:30:00,27.1,45.3
21:30:10,27.1,45.4
21:30:20,27.1,45.4
21:30:30,27.1,45.4
21:30:40,27.1,45.5
21:30:50,27.1,45.5
21:31:00,27.1,45.5
21:31:10,27.1,45.6
21:31:20,27.1,45.6
21:31:30,27.1,45.6
21:31:40,27.1,45.6
21:31:50,27.1,45.6
21:32:00,27.1,45.7
21:32:10,27.0,45.7
21:32:20,27.0,45.7
21:32:30,27.0,45.7
21:32:40,27.0,45.7
21:32:50,27.0,45.8
21:33:00,27.0,45.8
21:33:10,27.0,45.9
21:33:20,27.0,45.9
21:33:30,27.0,45.9
21:33:40,27.0,46.0
21:33:50,27.0,46.0
21:34:00,27.0,46.0
21:34:10,27.0,46.0
21:34:20,27.0,46.0
21:34:30,27.0,45.9
21:34:40,27.0,46.0
21:34:50,27.0,46.0
21:35:00,27.0,46.0
21:35:10,27.0,46.0
21:35:20,27.0,46.0
21:35:30,27.0,46.0
21:35:40,27.0,46.0
21:35:50,27.0,46.0
21:36:00,27.0,46.1
21:36:10,27.0,46.0
21:36:20,27.0,46.0
21:36:30,27.0,46.0
21:36:40,27.0,46.0
21:36:50,27.0,45.9
21:37:00,27.0,45.9
21:37:10,27.0,46.1
21:37:20,27.0,46.0
21:37:30,27.1,46.0
21:37:40,27.0,46.0
21:37:50,27.1,46.0
21:38:00,27.1,46.0
21:38:10,27.1,46.0
21:38:20,27.1,46.0
21:38:30,27.1,46.0
21:38:40,27.1,46.1
21:38:50,27.1,46.1
21:39:00,27.1,46.1
21:39:10,27.1,46.1
21:39:20,27.1,46.1
21:39:30,27.0,46.1
21:39:40,27.0,46.1
21:39:50,27.1,46.1
21:40:00,27.0,46.1
21:40:10,27.0,46.1
21:40:20,27.1,46.1
21:40:30,27.0,46.1
21:40:40,27.1,46.1
21:40:50,27.1,46.2
21:41:00,27.1,46.2
21:41:10,27.0,46.2
21:41:20,27.0,46.1
21:41:30,27.0,46.2
21:41:40,27.0,46.1
21:41:50,27.0,46.2
21:42:00,27.0,46.3
21:42:10,27.0,46.3
21:42:20,27.0,46.3
21:42:30,27.0,46.3
21:42:40,27.0,46.3
21:42:50,27.0,46.3
21:43:00,27.0,46.4
21:43:10,27.1,46.3
21:43:20,27.1,46.4
21:43:30,27.1,46.4
21:43:40,27.1,46.4
21:43:50,27.1,46.4
21:44:00,27.0,46.4
21:44:10,27.0,46.4
21:44:20,27.0,46.4
21:44:30,27.0,46.4
21:44:40,27.0,46.4
21:44:50,27.0,46.5
21:45:00,27.0,46.5
21:45:10,27.0,46.5
21:45:20,27.1,46.5
21:45:30,27.0,46.5
21:45:40,27.0,46.5
21:45:50,27.0,46.5
21:46:00,27.0,46.5
21:46:10,27.0,46.5
21:46:20,27.0,46.5
21:46:30,27.0,46.5
21:46:40,27.0,46.5
21:46:50,27.0,46.6
21:47:00,27.0,46.6
21:47:10,27.0,46.5
21:47:20,27.0,46.6
21:47:30,27.0,46.6
21:47:40,27.0,46.7
21:47:50,27.0,46.7
21:48:00,27.0,46.7
21:48:10,27.0,46.7
21:48:20,27.0,46.6
21:48:30,27.0,46.7
21:48:40,27.0,46.7
21:48:50,27.0,46.7
21:49:00,27.0,46.7
21:49:10,27.0,46.7
21:49:20,27.0,46.7
21:49:30,27.0,46.8
21:49:40,27.0,46.8
21:49:50,27.0,46.7
21:50:00,27.0,46.8
21:50:10,27.0,46.8
21:50:20,27.0,46.8
21:50:30,27.0,46.8
21:50:40,27.0,46.8
21:50:50,27.0,46.8
21:51:00,27.0,46.8
21:51:10,27.0,46.8
21:51:20,27.0,46.8
21:51:30,27.0,46.9
21:51:40,27.0,46.9
21:51:50,27.0,46.9
21:52:00,27.0,46.9
21:52:10,27.0,46.9
21:52:20,27.0,46.9
21:52:30,27.0,47.0
21:52:40,27.0,46.9
21:52:50,27.0,46.9
21:53:00,27.0,46.9
21:53:10,27.0,46.9
21:53:20,27.0,46.9
21:53:30,27.0,46.9
21:53:40,27.0,46.9
21:53:50,27.0,46.9
21:54:00,27.0,47.0
21:54:10,27.0,47.0
21:54:20,27.0,47.0
21:54:30,27.0,46.9
21:54:40,27.0,47.0
21:54:50,27.0,47.0
21:55:00,27.0,47.0
21:55:10,27.0,47.0
21:55:20,27.0,47.0
21:55:30,27.0,47.0
21:55:40,27.0,47.0
21:55:50,27.0,47.0
21:56:00,27.0,47.0
21:56:10,27.0,47.0
21:56:20,27.0,47.0
21:56:30,27.0,47.0
21:56:40,27.0,47.0
21:56:50,27.0,47.0
21:57:00,27.0,47.0
21:57:10,27.0,47.0
21:57:20,27.0,47.1
21:57:30,27.0,47.1
21:57:40,27.0,47.1
21:57:50,27.0,47.1
21:58:00,27.0,47.0
21:58:10,27.0,47.1
21:58:20,27.0,47.0
21:58:30,27.0,47.1
21:58:40,27.0,47.0
21:58:50,27.0,47.0
21:59:00,27.0,47.1
21:59:10,27.0,47.0
21:59:20,27.0,47.0
21:59:30,27.0,47.1
21:59:40,27.0,47.1
21:59:50,27.0,47.1
22:00:00,27.0,47.1
22:00:10,27.0,47.1
22:00:20,27.0,47.1
22:00:30,27.0,47.2
22:00:40,27.0,47.2
22:00:50,27.0,47.2
22:01:00,27.0,47.2
22:01:10,27.0,47.2
22:01:20,27.0,47.3
22:01:30,26.9,47.3
22:01:40,26.9,47.3
22:01:50,26.9,47.3
22:02:00,26.9,47.3
22:02:10,26.9,47.3
22:02:20,27.0,47.3
22:02:30,27.0,47.3
22:02:40,27.0,47.3
22:02:50,26.9,47.2
22:03:00,26.9,47.3
22:03:10,27.0,47.4
22:03:20,26.9,47.4
22:03:30,26.9,47.4
22:03:40,26.9,47.4
22:03:50,26.9,47.4
22:04:00,26.9,47.4
22:04:10,26.9,47.4
22:04:20,27.0,47.5
22:04:30,26.9,47.4
22:04:40,26.9,47.4
22:04:50,26.9,47.4
22:05:00,27.0,47.5
22:05:10,27.0,47.5
22:05:20,27.0,47.5
22:05:30,26.9,47.5
22:05:40,26.9,47.4
22:05:50,26.9,47.5
22:06:00,27.0,47.5
22:06:10,26.9,47.5
22:06:20,26.9,47.5
22:06:30,27.0,47.4
22:06:40,27.0,47.4
22:06:50,27.0,47.5
22:07:00,27.0,47.5
22:07:10,27.0,47.5
22:07:20,27.0,47.5
22:07:30,26.9,47.5
22:07:40,27.0,47.5
22:07:50,27.0,47.5
22:08:00,27.0,47.5
22:08:10,26.9,47.5
22:08:20,27.0,47.5
22:08:30,27.0,47.5
22:08:40,27.0,47.5
22:08:50,26.9,47.5
22:09:00,26.9,47.6
22:09:10,26.9,47.4
22:09:20,27.0,47.5
22:09:30,27.0,47.5
22:09:40,27.0,47.6
22:09:50,27.0,47.5
22:10:00,27.0,47.6
22:10:10,26.9,47.6
22:10:20,27.0,47.6
22:10:30,27.0,47.6
22:10:40,26.9,47.6
22:10:50,27.0,47.6
22:11:00,26.9,47.7
22:11:10,26.9,47.6
22:11:20,27.0,47.6
22:11:30,26.9,47.6
22:11:40,26.9,47.7
22:11:50,26.9,47.7
22:12:00,26.9,47.7
22:12:10,26.9,47.7
22:12:20,26.9,47.7
22:12:30,27.0,47.7
22:12:40,26.9,47.7
22:12:50,26.9,47.8
22:13:00,26.9,47.7
22:13:10,26.9,47.7
22:13:20,26.9,47.7
22:13:30,26.9,47.8
22:13:40,26.9,47.8
22:13:50,26.9,47.8
22:14:00,26.9,47.7
22:14:10,26.9,47.8
22:14:20,26.9,47.8
22:14:30,26.9,47.8
22:14:40,26.9,47.8
22:14:50,26.9,47.8
22:15:00,26.9,47.8
22:15:10,26.9,47.8
22:15:20,26.9,47.7
22:15:30,26.9,47.8
22:15:40,26.9,47.8
22:15:50,26.9,47.7
22:16:00,26.9,47.8
22:16:10,27.0,47.8
22:16:20,26.9,47.8
22:16:30,27.0,47.8
22:16:40,26.9,47.9
22:16:50,26.9,47.9
22:17:00,27.0,47.9
22:17:10,26.9,47.9
22:17:20,26.9,47.9
22:17:30,26.9,48.0
22:17:40,26.9,47.9
22:17:50,26.9,47.9
22:18:00,26.9,47.9
22:18:10,26.9,48.0
22:18:20,26.9,48.0
22:18:30,26.9,48.0
22:18:40,26.9,48.0
22:18:50,26.9,48.0
22:19:00,26.9,48.1
22:19:10,26.9,48.0
22:19:20,26.9,48.1
22:19:30,26.9,48.1
22:19:40,26.9,48.0
22:19:50,26.9,48.1
22:20:00,26.9,48.1
22:20:10,26.9,48.1
22:20:20,26.9,48.2
22:20:30,26.9,48.1
22:20:40,26.9,48.2
22:20:50,26.9,48.1
22:21:00,26.9,48.1
22:21:10,26.9,48.2
22:21:20,26.9,48.2
22:21:30,26.9,48.2
22:21:40,26.9,48.2
22:21:50,26.9,48.2
22:22:00,26.9,48.2
22:22:10,26.9,48.1
22:22:20,26.9,48.2
22:22:30,26.9,48.2
22:22:40,26.9,48.2
22:22:50,26.9,48.2
22:23:00,26.9,48.2
22:23:10,26.9,48.3
22:23:20,26.9,48.3
22:23:30,26.9,48.3
22:23:40,26.9,48.3
22:23:50,26.9,48.3
22:24:00,26.9,48.3
22:24:10,26.9,48.3
22:24:20,26.9,48.4
22:24:30,26.8,48.3
22:24:40,26.8,48.3
22:24:50,26.8,48.3
22:25:00,26.8,48.4
22:25:10,26.9,48.4
22:25:20,26.8,48.3
22:25:30,26.9,48.4
22:25:40,26.9,48.4
22:25:50,26.9,48.4
22:26:00,26.9,48.4
22:26:10,26.9,48.4
22:26:20,26.9,48.5
22:26:30,26.9,48.4
22:26:40,26.9,48.4
22:26:50,26.9,48.4
22:27:00,26.9,48.4
22:27:10,26.9,48.4
22:27:20,26.9,48.4
22:27:30,26.9,48.4
22:27:40,26.9,48.4
22:27:50,26.9,48.4
22:28:00,26.9,48.5
22:28:10,26.9,48.5
22:28:20,26.8,48.5
22:28:30,26.9,48.4
22:28:40,26.9,48.4
22:28:50,26.9,48.4
22:29:00,26.8,48.5
22:29:10,26.8,48.5
22:29:20,26.9,48.6
22:29:30,26.8,48.6
22:29:40,26.8,48.5
22:29:50,26.8,48.5
22:30:00,26.8,48.6
22:30:10,26.9,48.5
22:30:20,26.9,48.6
22:30:30,26.9,48.6
22:30:40,26.9,48.7
22:30:50,26.9,48.6
22:31:00,26.8,48.6
22:31:10,26.9,48.6
22:31:20,26.9,48.7
22:31:30,26.8,48.7
22:31:40,26.8,48.7
22:31:50,26.9,48.7
22:32:00,26.9,48.8
22:32:10,26.8,48.7
22:32:20,26.8,48.8
22:32:30,26.9,48.8
22:32:40,26.8,48.8
22:32:50,26.8,48.8
22:33:00,26.8,48.8
22:33:10,26.8,48.9
22:33:20,26.8,48.9
22:33:30,26.8,48.8
22:33:40,26.8,48.9
22:33:50,26.8,48.9
22:34:00,26.8,48.8
22:34:10,26.8,48.9
22:34:20,26.8,48.9
22:34:30,26.8,48.8
22:34:40,26.8,48.9
22:34:50,26.8,48.9
22:35:00,26.9,48.9
22:35:10,26.9,48.8
22:35:20,26.9,48.7
22:35:30,26.9,48.5
22:35:40,26.9,48.4
22:35:50,26.9,48.3
22:36:00,26.9,48.2
22:36:10,26.9,48.4
22:36:20,26.9,48.3
22:36:30,27.0,48.0
22:36:40,27.0,47.9
22:36:50,27.0,48.0
22:37:00,27.0,48.1
22:37:10,27.1,48.0
22:37:20,27.1,47.8
22:37:30,27.1,47.8
22:37:40,27.1,47.7
22:37:50,27.1,47.7
22:38:00,27.2,47.7
22:38:10,27.2,47.7
22:38:20,27.2,47.6
22:38:30,27.2,47.5
22:38:40,27.2,47.5
22:38:50,27.2,47.4
22:39:00,27.3,47.4
22:39:10,27.3,47.3
22:39:20,27.3,47.2
22:39:30,27.3,47.2
22:39:40,27.3,47.1
22:39:50,27.4,47.0
22:40:00,27.4,46.9
22:40:10,27.4,46.8
22:40:20,27.4,46.7
22:40:30,27.4,46.7
22:40:40,27.4,46.6
22:40:50,27.4,46.3
22:41:00,27.5,46.1
22:41:10,27.5,46.1
22:41:20,27.5,46.3
22:41:30,27.5,46.5
22:41:40,27.5,46.4
22:41:50,27.6,46.4
22:42:00,27.6,46.2
22:42:10,27.6,45.8
22:42:20,27.6,45.6
22:42:30,27.6,45.6
22:42:40,27.6,45.6
22:42:50,27.6,45.6
22:43:00,27.6,45.4
22:43:10,27.7,45.3
22:43:20,27.7,45.3
22:43:30,27.7,45.4
22:43:40,27.7,45.4
22:43:50,27.7,45.5
22:44:00,27.7,45.4
22:44:10,27.7,45.4
22:44:20,27.8,45.5
22:44:30,27.8,45.5
22:44:40,27.8,45.4
22:44:50,27.8,45.2
22:45:00,27.8,45.2
22:45:10,27.8,45.1
22:45:20,27.8,45.0
22:45:30,27.9,45.2
22:45:40,27.8,45.1
22:45:50,27.9,45.1
22:46:00,27.9,45.0
22:46:10,27.9,44.8
22:46:20,27.9,44.6
22:46:30,27.9,44.6
22:46:40,27.9,44.6
22:46:50,27.9,44.4
22:47:00,28.0,44.4
22:47:10,27.9,44.6
22:47:20,27.9,44.7
22:47:30,28.0,44.7
22:47:40,28.0,45.0
22:47:50,28.0,44.7
22:48:00,28.0,44.5
22:48:10,28.0,45.0
22:48:20,28.0,45.4
22:48:30,28.0,45.5
22:48:40,28.0,45.2
22:48:50,28.0,44.9
22:49:00,28.0,44.6
22:49:10,28.1,44.9
22:49:20,28.0,44.8
22:49:30,28.1,44.7
22:49:40,28.1,44.5
22:49:50,28.1,44.3
22:50:00,28.1,44.3
22:50:10,28.1,44.5
22:50:20,28.1,44.4
22:50:30,28.1,44.3
22:50:40,28.1,44.1
22:50:50,28.1,44.2
22:51:00,28.1,44.1
22:51:10,28.1,44.0
22:51:20,28.1,44.0
22:51:30,28.1,44.0
22:51:40,28.1,43.9
22:51:50,28.1,43.6
22:52:00,28.1,43.6
22:52:10,28.2,43.7
22:52:20,28.2,43.9
22:52:30,28.2,44.0
22:52:40,28.2,43.8
22:52:50,28.2,43.7
22:53:00,28.2,43.6
22:53:10,28.2,43.9
22:53:20,28.2,44.2
22:53:30,28.2,44.4
22:53:40,28.2,44.2
22:53:50,28.2,43.6
22:54:00,28.2,43.4
22:54:10,28.2,43.2
22:54:20,28.2,43.2
22:54:30,28.2,43.0
22:54:40,28.2,42.9
22:54:50,28.2,42.9
22:55:00,28.2,42.8
22:55:10,28.2,42.7
22:55:20,28.2,42.8
22:55:30,28.2,43.0
22:55:40,28.3,43.3
22:55:50,28.2,43.5
22:56:00,28.2,43.6
22:56:10,28.3,43.7
