time,temperature,humidity
21:49:46,28.20,25.00
21:50:03,28.20,24.60
21:50:13,28.20,24.60
21:50:23,28.20,24.70
21:50:33,28.20,25.00
21:50:43,28.20,25.00
21:50:53,28.20,24.40
21:51:03,28.20,23.90
21:51:13,28.20,23.60
21:51:23,28.20,23.40
21:51:33,28.20,24.00
21:51:43,28.20,24.70
21:51:53,28.20,24.10
21:52:03,28.20,24.10
21:52:13,28.20,24.40
21:52:23,28.20,23.80
21:52:33,28.20,23.90
21:52:43,28.20,24.90
21:52:53,28.20,24.30
21:53:03,28.20,24.90
21:53:13,28.20,24.80
21:53:23,28.20,25.40
21:53:33,28.20,25.60
21:53:43,28.20,25.00
21:53:53,28.20,24.70
21:54:03,28.20,24.10
21:54:13,28.20,24.10
21:54:23,28.20,24.30
21:54:33,28.20,24.70
21:54:43,28.20,24.50
21:54:53,28.20,24.20
21:55:03,28.20,23.70
21:55:13,28.20,23.20
21:55:23,28.20,23.40
21:55:33,28.20,24.80
21:55:43,28.20,24.70
21:55:53,28.20,24.70
21:56:03,28.20,24.60
21:56:13,28.20,25.20
21:56:23,28.20,24.40
21:56:33,28.20,24.10
21:56:43,28.20,24.30
21:56:53,28.20,24.20
21:57:03,28.20,23.90
21:57:13,28.20,24.50
21:57:23,28.20,24.50
21:57:33,28.20,24.10
21:57:43,28.20,24.20
21:57:53,28.20,23.90
21:58:03,28.20,24.00
21:58:13,28.20,24.30
21:58:23,28.20,24.60
21:58:33,28.20,23.90
21:58:44,28.20,23.40
21:58:53,28.20,23.80
21:59:03,28.20,24.50
21:59:14,28.20,25.30
21:59:24,28.20,24.60
21:59:33,28.20,24.90
21:59:44,28.20,24.70
21:59:53,28.20,23.70
22:00:04,28.20,23.30
22:00:14,28.20,23.60
22:00:24,28.20,23.40
22:00:34,28.20,23.30
22:00:44,28.20,23.80
22:00:54,28.20,23.90
22:01:04,28.20,23.50
22:01:14,28.20,23.10
22:01:24,28.20,23.30
22:01:34,28.20,23.40
22:01:44,28.20,23.30
22:01:54,28.20,23.80
22:02:04,28.20,23.90
22:02:14,28.20,23.80
22:02:24,28.20,23.60
22:02:34,28.20,23.40
22:02:44,28.20,22.80
22:02:54,28.20,23.00
22:03:04,28.20,23.80
22:03:14,28.20,23.30
22:03:24,28.20,22.90
22:03:34,28.20,22.90
22:03:44,28.20,23.30
22:03:54,28.20,23.40
22:04:04,28.20,23.50
22:04:14,28.20,23.80
22:04:24,28.20,23.80
22:04:34,28.20,23.80
22:04:44,28.20,23.80
22:04:54,28.20,23.80
22:05:04,28.20,23.30
22:05:14,28.20,23.10
22:05:24,28.20,23.80
22:05:34,28.20,24.00
22:05:44,28.20,23.90
22:05:54,28.20,24.10
22:06:04,28.20,23.70
22:06:14,28.20,23.50
22:06:24,28.20,23.40
22:06:34,28.20,23.50
22:06:44,28.20,23.20
22:06:54,28.20,23.10
22:07:04,28.20,23.20
22:07:14,28.20,23.50
22:07:24,28.20,23.70
22:07:34,28.20,23.60
22:07:44,28.20,23.60
22:07:54,28.20,23.40
22:08:04,28.20,23.80
22:08:14,28.20,23.90
22:08:24,28.20,23.70
22:08:34,28.20,23.70
22:08:44,28.20,23.10
22:08:54,28.20,23.70
22:09:04,28.20,24.00
22:09:14,28.20,23.60
22:09:24,28.20,23.30
22:09:34,28.20,23.60
22:09:44,28.20,23.90
22:09:54,28.20,23.80
22:10:04,28.20,23.90
22:10:14,28.20,23.90
22:10:24,28.20,24.20
22:10:34,28.20,24.40
22:10:44,28.20,24.40
22:10:54,28.20,24.30
22:11:04,28.20,24.00
22:11:14,28.20,23.80
00:00:03,28.10,21.20
00:00:13,28.10,21.20
00:00:23,28.10,21.20
00:00:33,28.10,21.20
00:00:43,28.10,21.20
00:00:53,28.10,21.20
00:01:03,28.10,21.20
00:01:13,28.10,21.20
00:01:23,28.10,21.20
00:01:33,28.10,21.20
00:01:43,28.10,21.20
00:01:53,28.10,21.20
00:02:03,28.10,21.20
00:02:13,28.10,21.20
00:02:23,28.10,21.20
00:02:33,28.10,21.20
00:02:43,28.10,21.20
00:02:53,28.10,21.20
00:03:03,28.10,21.20
00:03:13,28.10,21.20
00:03:23,28.10,21.20
00:03:33,28.10,21.20
00:03:43,28.10,21.20
00:03:53,28.10,21.20
00:04:03,28.10,21.20
00:04:13,28.10,21.20
00:04:23,28.10,21.20
00:04:33,28.10,21.20
00:04:43,28.10,21.20
00:04:53,28.10,21.20
00:05:03,28.10,21.20
00:05:13,28.10,21.20
00:05:23,28.10,21.20
00:05:33,28.10,21.20
00:05:43,28.10,21.20
00:05:53,28.10,21.20
00:06:03,28.10,21.20
00:06:13,28.10,21.20
00:06:23,28.10,21.20
00:06:33,28.10,21.20
00:06:43,28.10,21.20
00:06:53,28.10,21.20
00:07:03,28.10,21.20
00:07:13,28.10,21.20
00:07:23,28.10,21.20
00:07:33,28.10,21.20
00:07:43,28.10,21.20
00:07:53,28.10,21.20
00:08:03,28.10,21.20
00:08:13,28.10,21.20
00:08:23,28.10,21.20
00:08:33,28.10,21.20
00:08:43,28.10,21.20
00:08:53,28.10,21.20
00:09:03,28.10,21.20
00:09:13,28.10,21.20
00:09:23,28.10,21.20
00:09:33,28.10,21.20
00:09:43,28.10,21.20
00:09:53,28.10,21.20
00:10:03,28.10,21.20
00:10:13,28.10,21.20
00:10:23,28.10,21.20
00:10:33,28.10,21.20
00:10:43,28.10,21.20
00:10:53,28.10,21.20
00:11:03,28.10,21.20
00:11:13,28.10,21.20
00:11:23,28.10,21.20
00:11:33,28.10,21.20
00:11:43,28.10,21.20
00:11:53,28.10,21.20
00:12:03,28.10,21.20
00:12:13,28.10,21.20
00:12:23,28.10,21.20
00:12:33,28.10,21.20
00:12:43,28.10,21.20
00:12:54,28.10,21.20
00:13:03,28.10,21.20
00:13:13,28.10,21.20
00:13:23,28.10,21.20
00:13:33,28.10,21.20
00:13:43,28.10,21.20
00:13:53,28.10,21.20
00:14:03,28.10,21.20
00:14:13,28.10,21.20
00:14:23,28.10,21.20
00:14:33,28.10,21.20
00:14:43,28.10,21.20
00:14:53,28.10,21.20
00:15:03,28.10,21.20
00:15:13,28.10,21.20
00:15:23,28.10,21.20
00:15:33,28.10,21.20
00:15:43,28.10,21.20
00:15:53,28.10,21.20
00:16:03,28.10,21.20
00:16:13,28.10,21.20
00:16:23,28.10,21.20
00:16:33,28.10,21.20
00:16:43,28.10,21.20
00:16:53,28.10,21.20
00:17:03,28.10,21.20
00:17:13,28.10,21.20
00:17:23,28.10,21.20
00:17:33,28.10,21.20
00:17:43,28.10,21.20
00:17:53,28.10,21.20
00:18:03,28.10,21.20
00:18:13,28.10,21.20
00:18:23,28.10,21.20
00:18:33,28.10,21.20
00:18:43,28.10,21.20
00:18:53,28.10,21.20
00:19:03,28.10,21.20
00:19:13,28.10,21.20
00:19:23,28.10,21.20
00:19:33,28.10,21.20
00:19:43,28.10,21.20
00:19:53,28.10,21.20
00:20:03,28.10,21.20
00:20:13,28.10,21.20
00:20:23,28.10,21.20
00:20:33,28.10,21.20
00:20:43,28.10,21.20
00:20:53,28.10,21.20
00:21:03,28.10,21.20
00:21:13,28.10,21.20
00:21:23,28.10,21.20
00:21:33,28.10,21.20
00:21:43,28.10,21.20
00:21:53,28.10,21.20
00:22:03,28.10,21.20
00:22:13,28.10,21.20
00:22:23,28.10,21.20
00:22:33,28.10,21.20
00:22:43,28.10,21.20
00:22:53,28.10,21.20
00:23:03,28.10,21.20
00:23:13,28.10,21.20
00:23:23,28.10,21.20
00:23:33,28.10,21.20
00:23:43,28.10,21.20
00:23:53,28.10,21.20
00:24:03,28.10,21.20
00:24:13,28.10,21.20
00:24:23,28.10,21.20
00:24:33,28.10,21.20
00:24:43,28.10,21.20
00:24:53,28.10,21.20
00:25:03,28.10,21.20
00:25:13,28.10,21.20
00:25:23,28.10,21.20
00:25:33,28.10,21.20
00:25:43,28.10,21.20
00:25:53,28.10,21.20
00:26:03,28.10,21.20
00:26:13,28.10,21.20
00:26:23,28.10,21.20
00:26:33,28.10,21.20
00:26:43,28.10,21.20
00:26:53,28.10,21.20
00:27:03,28.10,21.20
00:27:13,28.10,21.20
00:27:23,28.10,21.20
00:27:33,28.10,21.20
00:27:43,28.10,21.20
00:27:53,28.10,21.20
00:28:03,28.10,21.20
00:28:13,28.10,21.20
00:28:23,28.10,21.20
00:28:33,28.10,21.20
00:28:43,28.10,21.20
00:28:53,28.10,21.20
00:29:03,28.10,21.20
00:29:13,28.10,21.20
00:29:23,28.10,21.20
00:29:33,28.10,21.20
00:29:43,28.10,21.20
00:29:53,28.10,21.20
00:30:03,28.10,21.20
00:30:13,28.10,21.20
00:30:23,28.10,21.20
00:30:33,28.10,21.20
00:30:43,28.10,21.20
00:30:53,28.10,21.20
00:31:03,28.10,21.20
00:31:13,28.10,21.20
00:31:23,28.10,21.20
00:31:33,28.10,21.20
00:31:43,28.10,21.20
00:31:53,28.10,21.20
00:32:03,28.10,21.20
00:32:13,28.10,21.20
00:32:23,28.10,21.20
00:32:33,28.10,21.20
00:32:43,28.10,21.20
00:32:53,28.10,21.20
00:33:03,28.10,21.20
00:33:13,28.10,21.20
00:33:23,28.10,21.20
00:33:33,28.10,21.20
00:33:43,28.10,21.20
00:33:53,28.10,21.20
00:34:03,28.10,21.20
00:34:13,28.10,21.20
00:34:23,28.10,21.20
00:34:33,28.10,21.20
00:34:43,28.10,21.20
00:34:53,28.10,21.20
00:35:03,28.10,21.20
00:35:13,28.10,21.20
00:35:23,28.10,21.20
00:35:33,28.10,21.20
00:35:43,28.10,21.20
00:35:53,28.10,21.20
00:36:03,28.10,21.20
00:36:13,28.10,21.20
00:36:23,28.10,21.20
00:36:33,28.10,21.20
00:36:43,28.10,21.20
00:36:53,28.10,21.20
00:37:03,28.10,21.20
00:37:13,28.10,21.20
00:37:23,28.10,21.20
00:37:33,28.10,21.20
00:37:43,28.10,21.20
00:37:53,28.10,21.20
00:38:03,28.10,21.20
00:38:13,28.10,21.20
00:38:23,28.10,21.20
00:38:33,28.10,21.20
00:38:43,28.10,21.20
00:38:53,28.10,21.20
00:39:03,28.10,21.20
00:39:13,28.10,21.20
00:39:23,28.10,21.20
00:39:33,28.10,21.20
00:39:43,28.10,21.20
00:39:53,28.10,21.20
00:40:03,28.10,21.20
00:40:13,28.10,21.20
00:40:23,28.10,21.20
00:40:33,28.10,21.20
00:40:43,28.10,21.20
00:40:53,28.10,21.20
00:41:03,28.10,21.20
00:41:13,28.10,21.20
00:41:23,28.10,21.20
00:41:33,28.10,21.20
00:41:43,28.10,21.20
00:41:53,28.10,21.20
00:42:03,28.10,21.20
00:42:13,28.10,21.20
00:42:23,28.10,21.20
00:42:33,28.10,21.20
00:42:43,28.10,21.20
00:42:53,28.10,21.20
00:43:03,28.10,21.20
00:43:13,28.10,21.20
00:43:23,28.10,21.20
00:43:33,28.10,21.20
00:43:43,28.10,21.20
00:43:53,28.10,21.20
00:44:03,28.10,21.20
00:44:13,28.10,21.20
00:44:23,28.10,21.20
00:44:33,28.10,21.20
00:44:43,28.10,21.20
00:44:53,28.10,21.20
00:45:03,28.10,21.20
00:45:13,28.10,21.20
00:45:23,28.10,21.20
00:45:33,28.10,21.20
00:45:43,28.10,21.20
00:45:53,28.10,21.20
00:46:03,28.10,21.20
00:46:13,28.10,21.20
00:46:23,28.10,21.20
00:46:33,28.10,21.20
00:46:43,28.10,21.20
00:46:53,28.10,21.20
00:47:03,28.10,21.20
00:47:13,28.10,21.20
00:47:23,28.10,21.20
00:47:33,28.10,21.20
00:47:43,28.10,21.20
00:47:53,28.10,21.20
00:48:03,28.10,21.20
00:48:13,28.10,21.20
00:48:23,28.10,21.20
00:48:33,28.10,21.20
00:48:43,28.10,21.20
00:48:53,28.10,21.20
00:49:03,28.10,21.20
00:49:13,28.10,21.20
00:49:23,28.10,21.20
00:49:33,28.10,21.20
00:49:43,28.10,21.20
00:49:53,28.10,21.20
00:50:03,28.10,21.20
00:50:13,28.10,21.20
00:50:23,28.10,21.20
00:50:33,28.10,21.20
00:50:43,28.10,21.20
00:50:53,28.10,21.20
00:51:03,28.10,21.20
00:51:13,28.10,21.20
00:51:23,28.10,21.20
00:51:33,28.10,21.20
00:51:43,28.10,21.20
00:51:53,28.10,21.20
00:52:03,28.10,21.20
00:52:13,28.10,21.20
00:52:23,28.10,21.20
00:52:33,28.10,21.20
00:52:43,28.10,21.20
00:52:53,28.10,21.20
00:53:03,28.10,21.20
00:53:13,28.10,21.20
00:53:23,28.10,21.20
00:53:33,28.10,21.20
00:53:43,28.10,21.20
00:53:53,28.10,21.20
00:54:03,28.10,21.20
00:54:13,28.10,21.20
00:54:23,28.10,21.20
00:54:33,28.10,21.20
00:54:43,28.10,21.20
00:54:53,28.10,21.20
00:55:03,28.10,21.20
00:55:13,28.10,21.20
00:55:23,28.10,21.20
00:55:33,28.10,21.20
00:55:43,28.10,21.20
00:55:53,28.10,21.20
00:56:03,28.10,21.20
00:56:13,28.10,21.20
00:56:23,28.10,21.20
00:56:33,28.10,21.20
00:56:43,28.10,21.20
00:56:53,28.10,21.20
00:57:03,28.10,21.20
00:57:13,28.10,21.20
00:57:23,28.10,21.20
00:57:33,28.10,21.20
00:57:43,28.10,21.20
00:57:53,28.10,21.20
00:58:03,28.10,21.20
00:58:13,28.10,21.20
00:58:23,28.10,21.20
00:58:33,28.10,21.20
00:58:43,28.10,21.20
00:58:53,28.10,21.20
00:59:03,28.10,21.20
00:59:13,28.10,21.20
00:59:23,28.10,21.20
00:59:33,28.10,21.20
00:59:43,28.10,21.20
00:59:53,28.10,21.20
01:00:03,28.10,21.20
01:00:13,28.10,21.20
01:00:23,28.10,21.20
01:00:33,28.10,21.20
01:00:43,28.10,21.20
01:00:53,28.10,21.20
01:01:03,28.10,21.20
01:01:13,28.10,21.20
01:01:23,28.10,21.20
01:01:33,28.10,21.20
01:01:43,28.10,21.20
01:01:53,28.10,21.20
01:02:03,28.10,21.20
01:02:13,28.10,21.20
01:02:23,28.10,21.20
01:02:33,28.10,21.20
01:02:44,28.10,21.20
01:02:53,28.10,21.20
01:03:03,28.10,21.20
01:03:13,28.10,21.20
01:03:23,28.10,21.20
01:03:33,28.10,21.20
01:03:43,28.10,21.20
01:03:53,28.10,21.20
01:04:03,28.10,21.20
01:04:13,28.10,21.20
01:04:23,28.10,21.20
01:04:33,28.10,21.20
01:04:43,28.10,21.20
01:04:53,28.10,21.20
01:05:03,28.10,21.20
01:05:13,28.10,21.20
01:05:23,28.10,21.20
01:05:33,28.10,21.20
01:05:43,28.10,21.20
01:05:53,28.10,21.20
01:06:03,28.10,21.20
01:06:13,28.10,21.20
01:06:23,28.10,21.20
01:06:33,28.10,21.20
01:06:43,28.10,21.20
01:06:53,28.10,21.20
01:07:03,28.10,21.20
01:07:13,28.10,21.20
01:07:23,28.10,21.20
01:07:33,28.10,21.20
01:07:43,28.10,21.20
01:07:53,28.10,21.20
01:08:03,28.10,21.20
01:08:13,28.10,21.20
01:08:23,28.10,21.20
01:08:33,28.10,21.20
01:08:43,28.10,21.20
01:08:53,28.10,21.20
01:09:03,28.10,21.20
01:09:13,28.10,21.20
01:09:23,28.10,21.20
01:09:33,28.10,21.20
01:09:43,28.10,21.20
01:09:53,28.10,21.20
01:10:03,28.10,21.20
01:10:13,28.10,21.20
01:10:23,28.10,21.20
01:10:33,28.10,21.20
01:10:43,28.10,21.20
01:10:53,28.10,21.20
01:11:03,28.10,21.20
01:11:13,28.10,21.20
01:11:23,28.10,21.20
01:11:33,28.10,21.20
01:11:43,28.10,21.20
01:11:53,28.10,21.20
01:12:03,28.10,21.20
01:12:13,28.10,21.20
01:12:23,28.10,21.20
01:12:33,28.10,21.20
01:12:43,28.10,21.20
01:12:53,28.10,21.20
01:13:03,28.10,21.20
01:13:13,28.10,21.20
01:13:23,28.10,21.20
01:13:33,28.10,21.20
01:13:43,28.10,21.20
01:13:53,28.10,21.20
01:14:03,28.10,21.20
01:14:13,28.10,21.20
01:14:23,28.10,21.20
01:14:33,28.10,21.20
01:14:43,28.10,21.20
01:14:53,28.10,21.20
01:15:03,28.10,21.20
01:15:13,28.10,21.20
01:15:23,28.10,21.20
01:15:33,28.10,21.20
01:15:43,28.10,21.20
01:15:53,28.10,21.20
01:16:03,28.10,21.20
01:16:13,28.10,21.20
01:16:23,28.10,21.20
01:16:33,28.10,21.20
01:16:43,28.10,21.20
01:16:53,28.10,21.20
01:17:03,28.10,21.20
01:17:13,28.10,21.20
01:17:23,28.10,21.20
01:17:33,28.10,21.20
01:17:43,28.10,21.20
01:17:53,28.10,21.20
01:18:03,28.10,21.20
01:18:13,28.10,21.20
01:18:23,28.10,21.20
01:18:33,28.10,21.20
01:18:43,28.10,21.20
01:18:53,28.10,21.20
01:19:03,28.10,21.20
01:19:13,28.10,21.20
01:19:23,28.10,21.20
01:19:33,28.10,21.20
01:19:43,28.10,21.20
01:19:53,28.10,21.20
01:20:03,28.10,21.20
01:20:13,28.10,21.20
01:20:23,28.10,21.20
01:20:33,28.10,21.20
01:20:43,28.10,21.20
01:20:53,28.10,21.20
01:21:03,28.10,21.20
01:21:13,28.10,21.20
01:21:23,28.10,21.20
01:21:33,28.10,21.20
01:21:43,28.10,21.20
01:21:53,28.10,21.20
01:22:03,28.10,21.20
01:22:13,28.10,21.20
01:22:23,28.10,21.20
01:22:33,28.10,21.20
01:22:43,28.10,21.20
01:22:53,28.10,21.20
01:23:03,28.10,21.20
01:23:13,28.10,21.20
01:23:23,28.10,21.20
01:23:33,28.10,21.20
01:23:43,28.10,21.20
01:23:53,28.10,21.20
01:24:03,28.10,21.20
01:24:13,28.10,21.20
01:24:23,28.10,21.20
01:24:33,28.10,21.20
01:24:43,28.10,21.20
01:24:53,28.10,21.20
01:25:03,28.10,21.20
01:25:13,28.10,21.20
01:25:23,28.10,21.20
01:25:33,28.10,21.20
01:25:43,28.10,21.20
01:25:53,28.10,21.20
01:26:03,28.10,21.20
01:26:13,28.10,21.20
01:26:23,28.10,21.20
01:26:33,28.10,21.20
01:26:43,28.10,21.20
01:26:53,28.10,21.20
01:27:03,28.10,21.20
01:27:13,28.10,21.20
01:27:23,28.10,21.20
01:27:33,28.10,21.20
01:27:43,28.10,21.20
01:27:53,28.10,21.20
01:28:03,28.10,21.20
01:28:13,28.10,21.20
01:28:23,28.10,21.20
01:28:33,28.10,21.20
01:28:43,28.10,21.20
01:28:53,28.10,21.20
01:29:03,28.10,21.20
01:29:13,28.10,21.20
01:29:23,28.10,21.20
01:29:33,28.10,21.20
01:29:43,28.10,21.20
01:29:53,28.10,21.20
01:30:03,28.10,21.20
01:30:13,28.10,21.20
01:30:23,28.10,21.20
01:30:33,28.10,21.20
01:30:43,28.10,21.20
01:30:53,28.10,21.20
01:31:03,28.10,21.20
01:31:13,28.10,21.20
01:31:23,28.10,21.20
01:31:33,28.10,21.20
01:31:43,28.10,21.20
01:31:53,28.10,21.20
01:32:03,28.10,21.20
01:32:13,28.10,21.20
01:32:23,28.10,21.20
01:32:33,28.10,21.20
01:32:43,28.10,21.20
01:32:53,28.10,21.20
01:33:03,28.10,21.20
01:33:13,28.10,21.20
01:33:23,28.10,21.20
01:33:33,28.10,21.20
01:33:43,28.10,21.20
01:33:53,28.10,21.20
01:34:03,28.10,21.20
01:34:13,28.10,21.20
01:34:23,28.10,21.20
01:34:33,28.10,21.20
01:34:43,28.10,21.20
01:34:53,28.10,21.20
01:35:03,28.10,21.20
01:35:13,28.10,21.20
01:35:23,28.10,21.20
01:35:33,28.10,21.20
01:35:43,28.10,21.20
01:35:53,28.10,21.20
01:36:03,28.10,21.20
01:36:13,28.10,21.20
01:36:23,28.10,21.20
01:36:33,28.10,21.20
01:36:43,28.10,21.20
01:36:53,28.10,21.20
01:37:03,28.10,21.20
01:37:13,28.10,21.20
01:37:23,28.10,21.20
01:37:33,28.10,21.20
01:37:43,28.10,21.20
01:37:53,28.10,21.20
01:38:03,28.10,21.20
01:38:13,28.10,21.20
01:38:23,28.10,21.20
01:38:33,28.10,21.20
01:38:43,28.10,21.20
01:38:53,28.10,21.20
01:39:03,28.10,21.20
01:39:13,28.10,21.20
01:39:23,28.10,21.20
01:39:34,28.10,21.20
01:39:43,28.10,21.20
01:39:53,28.10,21.20
01:40:03,28.10,21.20
01:40:13,28.10,21.20
01:40:23,28.10,21.20
01:40:33,28.10,21.20
01:40:43,28.10,21.20
01:40:53,28.10,21.20
01:41:03,28.10,21.20
01:41:13,28.10,21.20
01:41:23,28.10,21.20
01:41:33,28.10,21.20
01:41:43,28.10,21.20
01:41:53,28.10,21.20
01:42:03,28.10,21.20
01:42:13,28.10,21.20
01:42:23,28.10,21.20
01:42:33,28.10,21.20
01:42:43,28.10,21.20
01:42:53,28.10,21.20
01:43:03,28.10,21.20
01:43:13,28.10,21.20
01:43:23,28.10,21.20
01:43:33,28.10,21.20
01:43:43,28.10,21.20
01:43:53,28.10,21.20
01:44:03,28.10,21.20
01:44:13,28.10,21.20
01:44:23,28.10,21.20
01:44:33,28.10,21.20
01:44:43,28.10,21.20
01:44:53,28.10,21.20
01:45:03,28.10,21.20
01:45:13,28.10,21.20
01:45:23,28.10,21.20
01:45:33,28.10,21.20
01:45:43,28.10,21.20
01:45:53,28.10,21.20
01:46:03,28.10,21.20
01:46:13,28.10,21.20
01:46:23,28.10,21.20
01:46:33,28.10,21.20
01:46:43,28.10,21.20
01:46:53,28.10,21.20
01:47:03,28.10,21.20
01:47:13,28.10,21.20
01:47:23,28.10,21.20
01:47:33,28.10,21.20
01:47:43,28.10,21.20
01:47:53,28.10,21.20
01:48:03,28.10,21.20
01:48:13,28.10,21.20
01:48:23,28.10,21.20
01:48:33,28.10,21.20
01:48:43,28.10,21.20
01:48:53,28.10,21.20
01:49:03,28.10,21.20
01:49:13,28.10,21.20
01:49:23,28.10,21.20
01:49:33,28.10,21.20
01:49:43,28.10,21.20
01:49:53,28.10,21.20
01:50:03,28.10,21.20
01:50:13,28.10,21.20
01:50:23,28.10,21.20
01:50:33,28.10,21.20
01:50:43,28.10,21.20
01:50:53,28.10,21.20
01:51:03,28.10,21.20
01:51:13,28.10,21.20
01:51:23,28.10,21.20
01:51:33,28.10,21.20
01:51:43,28.10,21.20
01:51:53,28.10,21.20
01:52:03,28.10,21.20
01:52:13,28.10,21.20
01:52:23,28.10,21.20
01:52:33,28.10,21.20
01:52:43,28.10,21.20
01:52:53,28.10,21.20
01:53:03,28.10,21.20
01:53:13,28.10,21.20
01:53:23,28.10,21.20
01:53:33,28.10,21.20
01:53:43,28.10,21.20
01:53:53,28.10,21.20
01:54:03,28.10,21.20
01:54:13,28.10,21.20
01:54:23,28.10,21.20
01:54:33,28.10,21.20
01:54:43,28.10,21.20
01:54:53,28.10,21.20
01:55:03,28.10,21.20
01:55:13,28.10,21.20
01:55:23,28.10,21.20
01:55:33,28.10,21.20
01:55:43,28.10,21.20
01:55:53,28.10,21.20
01:56:03,28.10,21.20
01:56:13,28.10,21.20
01:56:23,28.10,21.20
01:56:33,28.10,21.20
01:56:43,28.10,21.20
01:56:53,28.10,21.20
01:57:03,28.10,21.20
01:57:13,28.10,21.20
01:57:23,28.10,21.20
01:57:33,28.10,21.20
01:57:43,28.10,21.20
01:57:53,28.10,21.20
01:58:03,28.10,21.20
01:58:13,28.10,21.20
01:58:23,28.10,21.20
01:58:33,28.10,21.20
01:58:43,28.10,21.20
01:58:53,28.10,21.20
01:59:03,28.10,21.20
01:59:14,28.10,21.20
01:59:23,28.10,21.20
01:59:33,28.10,21.20
01:59:43,28.10,21.20
01:59:53,28.10,21.20
02:00:03,28.10,21.20
02:00:13,28.10,21.20
02:00:23,28.10,21.20
02:00:33,28.10,21.20
02:00:43,28.10,21.20
02:00:53,28.10,21.20
02:01:03,28.10,21.20
02:01:13,28.10,21.20
02:01:23,28.10,21.20
02:01:33,28.10,21.20
02:01:43,28.10,21.20
02:01:53,28.10,21.20
02:02:03,28.10,21.20
02:02:13,28.10,21.20
02:02:23,28.10,21.20
02:02:33,28.10,21.20
02:02:43,28.10,21.20
02:02:53,28.10,21.20
02:03:03,28.10,21.20
02:03:13,28.10,21.20
02:03:23,28.10,21.20
02:03:33,28.10,21.20
02:03:43,28.10,21.20
02:03:53,28.10,21.20
02:04:03,28.10,21.20
02:04:13,28.10,21.20
02:04:23,28.10,21.20
02:04:33,28.10,21.20
02:04:43,28.10,21.20
02:04:53,28.10,21.20
02:05:03,28.10,21.20
02:05:13,28.10,21.20
02:05:23,28.10,21.20
02:05:33,28.10,21.20
02:05:43,28.10,21.20
02:05:53,28.10,21.20
02:06:03,28.10,21.20
02:06:13,28.10,21.20
02:06:23,28.10,21.20
02:06:33,28.10,21.20
02:06:43,28.10,21.20
02:06:53,28.10,21.20
02:07:03,28.10,21.20
02:07:13,28.10,21.20
02:07:23,28.10,21.20
02:07:33,28.10,21.20
02:07:43,28.10,21.20
02:07:53,28.10,21.20
02:08:03,28.10,21.20
02:08:13,28.10,21.20
02:08:23,28.10,21.20
02:08:33,28.10,21.20
02:08:43,28.10,21.20
02:08:53,28.10,21.20
02:09:03,28.10,21.20
02:09:13,28.10,21.20
02:09:23,28.10,21.20
02:09:33,28.10,21.20
02:09:43,28.10,21.20
02:09:53,28.10,21.20
02:10:03,28.10,21.20
02:10:13,28.10,21.20
02:10:23,28.10,21.20
02:10:33,28.10,21.20
02:10:43,28.10,21.20
02:10:53,28.10,21.20
02:11:03,28.10,21.20
02:11:13,28.10,21.20
02:11:23,28.10,21.20
02:11:33,28.10,21.20
02:11:43,28.10,21.20
02:11:53,28.10,21.20
02:12:03,28.10,21.20
02:12:13,28.10,21.20
02:12:23,28.10,21.20
02:12:33,28.10,21.20
02:12:43,28.10,21.20
02:12:53,28.10,21.20
02:13:03,28.10,21.20
02:13:13,28.10,21.20
02:13:23,28.10,21.20
02:13:33,28.10,21.20
02:13:43,28.10,21.20
02:13:53,28.10,21.20
02:14:03,28.10,21.20
02:14:13,28.10,21.20
02:14:23,28.10,21.20
02:14:33,28.10,21.20
02:14:43,28.10,21.20
02:14:53,28.10,21.20
02:15:03,28.10,21.20
02:15:13,28.10,21.20
02:15:23,28.10,21.20
02:15:33,28.10,21.20
02:15:43,28.10,21.20
02:15:53,28.10,21.20
02:16:03,28.10,21.20
02:16:13,28.10,21.20
02:16:23,28.10,21.20
02:16:33,28.10,21.20
02:16:43,28.10,21.20
02:16:53,28.10,21.20
02:17:03,28.10,21.20
02:17:13,28.10,21.20
02:17:23,28.10,21.20
02:17:33,28.10,21.20
02:17:43,28.10,21.20
02:17:53,28.10,21.20
02:18:03,28.10,21.20
02:18:13,28.10,21.20
02:18:23,28.10,21.20
02:18:33,28.10,21.20
02:18:43,28.10,21.20
02:18:53,28.10,21.20
02:19:03,28.10,21.20
02:19:13,28.10,21.20
02:19:23,28.10,21.20
02:19:33,28.10,21.20
02:19:43,28.10,21.20
02:19:53,28.10,21.20
02:20:03,28.10,21.20
02:20:13,28.10,21.20
02:20:23,28.10,21.20
02:20:33,28.10,21.20
02:20:43,28.10,21.20
02:20:53,28.10,21.20
02:21:03,28.10,21.20
02:21:13,28.10,21.20
02:21:23,28.10,21.20
02:21:33,28.10,21.20
02:21:43,28.10,21.20
02:21:53,28.10,21.20
02:22:03,28.10,21.20
02:22:13,28.10,21.20
02:22:23,28.10,21.20
02:22:33,28.10,21.20
02:22:43,28.10,21.20
02:22:53,28.10,21.20
02:23:03,28.10,21.20
02:23:13,28.10,21.20
02:23:23,28.10,21.20
02:23:33,28.10,21.20
02:23:43,28.10,21.20
02:23:53,28.10,21.20
02:24:03,28.10,21.20
02:24:13,28.10,21.20
02:24:23,28.10,21.20
02:24:33,28.10,21.20
02:24:43,28.10,21.20
02:24:53,28.10,21.20
02:25:03,28.10,21.20
02:25:13,28.10,21.20
02:25:23,28.10,21.20
02:25:33,28.10,21.20
02:25:43,28.10,21.20
02:25:53,28.10,21.20
02:26:03,28.10,21.20
02:26:13,28.10,21.20
02:26:23,28.10,21.20
02:26:33,28.10,21.20
02:26:43,28.10,21.20
02:26:53,28.10,21.20
02:27:03,28.10,21.20
02:27:13,28.10,21.20
02:27:23,28.10,21.20
02:27:33,28.10,21.20
02:27:43,28.10,21.20
02:27:53,28.10,21.20
02:28:03,28.10,21.20
02:28:13,28.10,21.20
02:28:23,28.10,21.20
02:28:33,28.10,21.20
02:28:43,28.10,21.20
02:28:53,28.10,21.20
02:29:03,28.10,21.20
02:29:13,28.10,21.20
02:29:23,28.10,21.20
02:29:33,28.10,21.20
02:29:43,28.10,21.20
02:29:53,28.10,21.20
02:30:03,28.10,21.20
02:30:13,28.10,21.20
02:30:23,28.10,21.20
02:30:33,28.10,21.20
02:30:43,28.10,21.20
02:30:53,28.10,21.20
02:31:03,28.10,21.20
02:31:13,28.10,21.20
02:31:23,28.10,21.20
02:31:33,28.10,21.20
02:31:43,28.10,21.20
02:31:53,28.10,21.20
02:32:03,28.10,21.20
02:32:13,28.10,21.20
02:32:23,28.10,21.20
02:32:33,28.10,21.20
02:32:43,28.10,21.20
02:32:53,28.10,21.20
02:33:03,28.10,21.20
02:33:13,28.10,21.20
02:33:23,28.10,21.20
02:33:33,28.10,21.20
02:33:43,28.10,21.20
02:33:53,28.10,21.20
02:34:03,28.10,21.20
02:34:13,28.10,21.20
02:34:23,28.10,21.20
02:34:33,28.10,21.20
02:34:43,28.10,21.20
02:34:53,28.10,21.20
02:35:03,28.10,21.20
02:35:13,28.10,21.20
02:35:23,28.10,21.20
02:35:33,28.10,21.20
02:35:43,28.10,21.20
02:35:53,28.10,21.20
02:36:03,28.10,21.20
02:36:13,28.10,21.20
02:36:23,28.10,21.20
02:36:33,28.10,21.20
02:36:43,28.10,21.20
02:36:53,28.10,21.20
02:37:03,28.10,21.20
02:37:13,28.10,21.20
02:37:23,28.10,21.20
02:37:33,28.10,21.20
02:37:43,28.10,21.20
02:37:53,28.10,21.20
02:38:03,28.10,21.20
02:38:13,28.10,21.20
02:38:23,28.10,21.20
02:38:33,28.10,21.20
02:38:43,28.10,21.20
02:38:53,28.10,21.20
02:39:03,28.10,21.20
02:39:13,28.10,21.20
02:39:23,28.10,21.20
02:39:33,28.10,21.20
02:39:43,28.10,21.20
02:39:53,28.10,21.20
02:40:03,28.10,21.20
02:40:13,28.10,21.20
02:40:23,28.10,21.20
02:40:33,28.10,21.20
02:40:43,28.10,21.20
02:40:53,28.10,21.20
02:41:03,28.10,21.20
02:41:13,28.10,21.20
02:41:23,28.10,21.20
02:41:33,28.10,21.20
02:41:43,28.10,21.20
02:41:53,28.10,21.20
02:42:03,28.10,21.20
02:42:13,28.10,21.20
02:42:23,28.10,21.20
02:42:33,28.10,21.20
02:42:43,28.10,21.20
02:42:53,28.10,21.20
02:43:03,28.10,21.20
02:43:13,28.10,21.20
02:43:23,28.10,21.20
02:43:33,28.10,21.20
02:43:43,28.10,21.20
02:43:53,28.10,21.20
02:44:03,28.10,21.20
02:44:13,28.10,21.20
02:44:23,28.10,21.20
02:44:33,28.10,21.20
02:44:43,28.10,21.20
02:44:53,28.10,21.20
02:45:03,28.10,21.20
02:45:13,28.10,21.20
02:45:23,28.10,21.20
02:45:33,28.10,21.20
02:45:43,28.10,21.20
02:45:53,28.10,21.20
02:46:03,28.10,21.20
02:46:13,28.10,21.20
02:46:23,28.10,21.20
02:46:33,28.10,21.20
02:46:43,28.10,21.20
02:46:53,28.10,21.20
02:47:04,28.10,21.20
02:47:13,28.10,21.20
02:47:23,28.10,21.20
02:47:33,28.10,21.20
02:47:43,28.10,21.20
02:47:53,28.10,21.20
02:48:03,27.70,22.30
02:48:13,27.70,22.30
02:48:23,27.70,22.30
02:48:33,27.70,22.30
02:48:43,27.60,22.30
02:48:53,27.60,22.20
02:49:03,27.60,22.20
02:49:13,27.60,22.20
02:49:23,27.60,22.20
02:49:33,27.60,22.20
02:49:43,27.60,22.20
02:49:53,27.60,22.20
02:50:03,27.60,22.20
02:50:13,27.60,22.20
02:50:23,27.60,22.20
02:50:33,27.60,22.20
02:50:43,27.60,22.20
02:50:53,27.60,22.20
02:51:03,27.60,22.20
02:51:13,27.60,22.20
02:51:23,27.60,22.20
02:51:34,27.60,22.20
02:51:43,27.60,22.20
02:51:53,27.60,22.20
02:52:03,27.60,22.20
02:52:13,27.60,22.20
02:52:23,27.60,22.20
02:52:33,27.60,22.20
02:52:43,27.60,22.20
02:52:53,27.60,22.20
02:53:03,27.60,22.20
02:53:13,27.60,22.20
02:53:23,27.60,22.20
02:53:33,27.60,22.20
02:53:43,27.60,22.20
02:53:53,27.60,22.20
02:54:03,27.60,22.20
02:54:13,27.60,22.20
02:54:23,27.60,22.20
02:54:33,27.60,22.20
02:54:43,27.60,22.20
02:54:53,27.60,22.20
02:55:04,27.60,22.20
02:55:13,27.60,22.20
02:55:23,27.60,22.20
02:55:34,27.60,22.20
02:55:43,27.60,22.20
02:55:53,27.60,22.20
02:56:04,27.60,22.20
02:56:13,27.60,22.20
02:56:23,27.60,22.20
02:56:33,27.60,22.20
02:56:43,27.60,22.20
02:56:53,27.60,22.20
02:57:03,27.60,22.20
02:57:13,27.60,22.20
02:57:23,27.60,22.20
02:57:33,27.60,22.20
02:57:43,27.60,22.20
02:57:53,27.60,22.20
02:58:03,27.60,22.20
02:58:13,27.60,22.20
02:58:23,27.60,22.20
02:58:33,27.60,22.20
02:58:43,27.60,22.20
02:58:53,27.60,22.20
02:59:03,27.60,22.20
02:59:13,27.60,22.20
02:59:23,27.60,22.20
02:59:33,27.60,22.20
02:59:43,27.60,22.20
02:59:54,27.60,22.20
03:00:03,27.60,22.20
03:00:13,27.60,22.20
03:00:24,27.60,22.20
03:00:33,27.60,22.20
03:00:43,27.60,22.20
03:00:54,27.60,22.20
03:01:03,27.60,22.20
03:01:13,27.60,22.20
03:01:24,27.60,22.20
03:01:33,27.60,22.20
03:01:43,27.60,22.20
03:01:54,27.60,22.20
03:02:03,27.60,22.20
03:02:13,27.60,22.20
03:02:24,27.60,22.20
03:02:33,27.60,22.20
03:02:43,27.60,22.20
03:02:53,27.60,22.20
03:03:03,27.60,22.20
03:03:13,27.60,22.20
03:03:23,27.60,22.20
03:03:33,27.60,22.20
03:03:43,27.60,22.20
03:03:53,27.60,22.20
03:04:03,27.60,22.20
03:04:14,27.60,22.20
03:04:23,27.60,22.20
03:04:33,27.60,22.20
03:04:44,27.60,22.20
03:04:53,27.60,22.20
03:05:03,27.60,22.20
03:05:14,27.60,22.20
03:05:23,27.60,22.20
03:05:33,27.60,22.20
03:05:44,27.60,22.20
03:05:53,27.60,22.20
03:06:03,27.60,22.20
03:06:14,27.60,22.20
03:06:23,27.60,22.20
03:06:33,27.60,22.20
03:06:43,27.60,22.20
03:06:53,27.60,22.20
03:07:03,27.60,22.20
03:07:14,27.60,22.20
03:07:23,27.60,22.20
03:07:33,27.60,22.20
03:07:44,27.60,22.20
03:07:53,27.60,22.20
03:08:03,27.60,22.20
03:08:14,27.60,22.20
03:08:23,27.60,22.20
03:08:33,27.60,22.20
03:08:43,27.60,22.20
03:08:53,27.60,22.20
03:09:04,27.60,22.20
03:09:13,27.60,22.20
03:09:23,27.60,22.20
03:09:34,27.60,22.20
03:09:43,27.60,22.20
03:09:53,27.60,22.20
03:10:04,27.60,22.20
03:10:13,27.60,22.20
03:10:23,27.60,22.20
03:10:34,27.60,22.20
03:10:43,27.60,22.20
03:10:53,27.60,22.20
03:11:04,27.60,22.20
03:11:13,27.60,22.20
03:11:23,27.60,22.20
03:11:34,27.60,22.20
03:11:43,27.60,22.20
03:11:53,27.60,22.20
03:12:04,27.60,22.20
03:12:13,27.60,22.20
03:12:23,27.60,22.20
03:12:34,27.60,22.20
03:12:43,27.60,22.20
03:12:53,27.60,22.20
03:13:04,27.60,22.20
03:13:13,27.60,22.20
03:13:23,27.60,22.20
03:13:34,27.60,22.20
03:13:43,27.60,22.20
03:13:54,27.60,22.20
03:14:04,27.60,22.20
03:14:13,27.60,22.20
03:14:24,27.60,22.20
03:14:34,27.60,22.20
03:14:43,27.60,22.20
03:14:54,27.60,22.20
03:15:03,27.60,22.20
03:15:13,27.60,22.20
03:15:24,27.60,22.20
03:15:33,27.60,22.20
03:15:43,27.60,22.20
03:15:54,27.60,22.20
03:16:03,27.60,22.20
03:16:13,27.60,22.20
03:16:24,27.60,22.20
03:16:33,27.60,22.20
03:16:43,27.60,22.20
03:16:54,27.60,22.20
03:17:03,27.60,22.20
03:17:13,27.60,22.20
03:17:24,27.60,22.20
03:17:33,27.60,22.20
03:17:43,27.60,22.20
03:17:54,27.60,22.20
03:18:03,27.60,22.20
03:18:13,27.60,22.20
03:18:24,27.60,22.20
03:18:33,27.60,22.20
03:18:44,27.60,22.20
03:18:54,27.60,22.20
03:19:03,27.60,22.20
03:19:14,27.60,22.20
03:19:24,27.60,22.20
03:19:33,27.60,22.20
03:19:44,27.60,22.20
03:19:53,27.60,22.20
03:20:03,27.60,22.20
03:20:14,27.60,22.20
03:20:24,27.60,22.20
03:20:33,27.60,22.20
03:20:44,27.60,22.20
03:20:54,27.60,22.20
03:21:03,27.60,22.20
03:21:14,27.60,22.20
03:21:23,27.60,22.20
03:21:33,27.60,22.20
03:21:44,27.60,22.20
03:21:53,27.60,22.20
03:22:03,27.60,22.20
03:22:14,27.60,22.20
03:22:23,27.60,22.20
03:22:33,27.60,22.20
03:22:44,27.60,22.20
03:22:53,27.60,22.20
03:23:03,27.60,22.20
03:23:14,27.60,22.20
03:23:23,27.60,22.20
03:23:34,27.60,22.20
03:23:44,27.60,22.20
03:23:53,27.60,22.20
03:24:04,27.60,22.20
03:24:14,27.60,22.20
03:24:23,27.60,22.20
03:24:34,27.60,22.20
03:24:44,27.60,22.20
03:24:53,27.60,22.20
03:25:04,27.60,22.20
03:25:14,27.60,22.20
03:25:23,27.60,22.20
03:25:34,27.60,22.20
03:25:44,27.60,22.20
03:25:53,27.60,22.20
03:26:04,27.60,22.20
03:26:14,27.60,22.20
03:26:23,27.60,22.20
03:26:34,27.60,22.20
03:26:44,27.60,22.20
03:26:53,27.60,22.20
03:27:03,27.60,22.20
03:27:13,27.60,22.20
03:27:23,27.60,22.20
03:27:34,27.60,22.20
03:27:43,27.60,22.20
03:27:54,27.60,22.20
03:28:04,27.60,22.20
03:28:13,27.60,22.20
03:28:24,27.60,22.20
03:28:34,27.60,22.20
03:28:43,27.60,22.20
03:28:54,27.60,22.20
03:29:04,27.60,22.20
03:29:13,27.60,22.20
03:29:24,27.60,22.20
03:29:34,27.60,22.20
03:29:43,27.60,22.20
03:29:54,27.60,22.20
03:30:04,27.60,22.20
03:30:13,27.60,22.20
03:30:23,27.60,22.20
03:30:34,27.60,22.20
03:30:43,27.60,22.20
03:30:54,27.60,22.20
03:31:04,27.60,22.20
03:31:13,27.60,22.20
03:31:24,27.60,22.20
03:31:34,27.60,22.20
03:31:43,27.60,22.20
03:31:54,27.60,22.20
03:32:04,27.60,22.20
03:32:13,27.60,22.20
03:32:24,27.60,22.20
03:32:34,27.60,22.20
03:32:44,27.60,22.20
03:32:53,27.60,22.20
03:33:04,27.60,22.20
03:33:14,27.60,22.20
03:33:24,27.60,22.20
03:33:33,27.60,22.20
03:33:44,27.60,22.20
03:33:54,27.60,22.20
03:34:03,27.60,22.20
03:34:14,27.60,22.20
03:34:24,27.60,22.20
03:34:33,27.60,22.20
03:34:44,27.60,22.20
03:34:54,27.60,22.20
03:35:03,27.60,22.20
03:35:14,27.60,22.20
03:35:24,27.60,22.20
03:35:34,27.60,22.20
03:35:44,27.60,22.20
03:35:54,27.60,22.20
03:36:03,27.60,22.20
03:36:14,27.60,22.20
03:36:24,27.60,22.20
03:36:33,27.60,22.20
03:36:44,27.60,22.20
03:36:54,27.60,22.20
03:37:03,27.60,22.20
03:37:14,27.60,22.20
03:37:23,27.60,22.20
03:37:34,27.60,22.20
03:37:44,27.60,22.20
03:37:53,27.60,22.20
03:38:04,27.60,22.20
03:38:14,27.60,22.20
03:38:24,27.60,22.20
03:38:34,27.60,22.20
03:38:44,27.60,22.20
03:38:54,27.60,22.20
03:39:04,27.60,22.20
03:39:14,27.60,22.20
03:39:23,27.60,22.20
03:39:34,27.60,22.20
03:39:44,27.60,22.20
03:39:53,27.60,22.20
03:40:04,27.60,22.20
03:40:14,27.60,22.20
03:40:23,27.60,22.20
03:40:34,27.60,22.20
03:40:43,27.60,22.20
03:40:53,27.60,22.20
03:41:04,27.60,22.20
03:41:14,27.60,22.20
03:41:23,27.60,22.20
03:41:34,27.60,22.20
03:41:44,27.60,22.20
03:41:53,27.60,22.20
03:42:04,27.60,22.20
03:42:14,27.60,22.20
03:42:24,27.60,22.20
03:42:34,27.60,22.20
03:42:44,27.60,22.20
03:42:54,27.60,22.20
03:43:04,27.60,22.20
03:43:14,27.60,22.20
03:43:24,27.60,22.20
03:43:34,27.60,22.20
03:43:44,27.60,22.20
03:43:54,27.60,22.20
03:44:04,27.60,22.20
03:44:14,27.60,22.20
03:44:24,27.60,22.20
03:44:34,27.60,22.20
03:44:44,27.60,22.20
03:44:54,27.60,22.20
03:45:04,27.60,22.20
03:45:14,27.60,22.20
03:45:24,27.60,22.20
03:45:33,27.60,22.20
03:45:43,27.60,22.20
03:45:54,27.60,22.20
03:46:04,27.60,22.20
03:46:13,27.60,22.20
03:46:24,27.60,22.20
03:46:34,27.60,22.20
03:46:43,27.60,22.20
03:46:54,27.60,22.20
03:47:04,27.60,22.20
03:47:14,27.60,22.20
03:47:24,27.60,22.20
03:47:34,27.60,22.20
03:47:44,27.60,22.20
03:47:54,27.60,22.20
03:48:04,27.60,22.20
03:48:14,27.60,22.20
03:48:24,27.60,22.20
03:48:34,27.60,22.20
03:48:44,27.60,22.20
03:48:54,27.60,22.20
03:49:04,27.60,22.20
03:49:14,27.60,22.20
03:49:24,27.60,22.20
03:49:34,27.60,22.20
03:49:44,27.60,22.20
03:49:54,27.60,22.20
03:50:04,27.60,22.20
03:50:13,27.60,22.20
03:50:24,27.60,22.20
03:50:34,27.60,22.20
03:50:44,27.60,22.20
03:50:54,27.60,22.20
03:51:04,27.60,22.20
03:51:14,27.60,22.20
03:51:24,27.60,22.20
03:51:34,27.60,22.20
03:51:44,27.60,22.20
03:51:54,27.60,22.20
03:52:04,27.60,22.20
03:52:14,27.60,22.20
03:52:23,27.60,22.20
03:52:34,27.60,22.20
03:52:44,27.60,22.20
03:52:54,27.60,22.20
03:53:04,27.60,22.20
03:53:13,27.60,22.20
03:53:24,27.60,22.20
03:53:34,27.60,22.20
03:53:44,27.60,22.20
03:53:54,27.60,22.20
03:54:04,27.60,22.20
03:54:14,27.60,22.20
03:54:24,27.60,22.20
03:54:34,27.60,22.20
03:54:44,27.60,22.20
03:54:54,27.60,22.20
03:55:04,27.60,22.20
03:55:14,27.60,22.20
03:55:24,27.60,22.20
03:55:34,27.60,22.20
03:55:44,27.60,22.20
03:55:54,27.60,22.20
03:56:04,27.60,22.20
03:56:14,27.60,22.20
03:56:23,27.60,22.20
03:56:34,27.60,22.20
03:56:44,27.60,22.20
03:56:54,27.60,22.20
03:57:04,27.60,22.20
03:57:14,27.60,22.20
03:57:24,27.60,22.20
03:57:34,27.60,22.20
03:57:44,27.60,22.20
03:57:54,27.60,22.20
03:58:04,27.60,22.20
03:58:14,27.60,22.20
03:58:24,27.60,22.20
03:58:34,27.60,22.20
03:58:44,27.60,22.20
03:58:54,27.60,22.20
03:59:04,27.60,22.20
03:59:14,27.60,22.20
03:59:24,27.60,22.20
03:59:34,27.60,22.20
03:59:44,27.60,22.20
03:59:54,27.60,22.20
04:00:04,27.60,22.20
04:00:14,27.60,22.20
04:00:24,27.60,22.20
04:00:34,27.60,22.20
04:00:44,27.60,22.20
04:00:54,27.60,22.20
04:01:04,27.60,22.20
04:01:14,27.60,22.20
04:01:24,27.60,22.20
04:01:34,27.60,22.20
04:01:44,27.60,22.20
04:01:54,27.60,22.20
04:02:04,27.60,22.20
04:02:14,27.60,22.20
04:02:24,27.60,22.20
04:02:34,27.60,22.20
04:02:44,27.60,22.20
04:02:54,27.60,22.20
04:03:04,27.60,22.20
04:03:14,27.60,22.20
04:03:24,27.60,22.20
04:03:34,27.60,22.20
04:03:44,27.60,22.20
04:03:54,27.60,22.20
04:04:04,27.60,22.20
04:04:14,27.60,22.20
04:04:24,27.60,22.20
04:04:34,27.60,22.20
04:04:44,27.60,22.20
04:04:54,27.60,22.20
04:05:04,27.60,22.20
04:05:14,27.60,22.20
04:05:24,27.60,22.20
04:05:34,27.60,22.20
04:05:44,27.60,22.20
04:05:54,27.60,22.20
04:06:04,27.60,22.20
04:06:14,27.60,22.20
04:06:24,27.60,22.20
04:06:34,27.60,22.20
04:06:44,27.60,22.20
04:06:54,27.60,22.20
04:07:04,27.60,22.20
04:07:14,27.60,22.20
04:07:24,27.60,22.20
04:07:34,27.60,22.20
04:07:44,27.60,22.20
04:07:54,27.60,22.20
04:08:04,27.60,22.20
04:08:14,27.60,22.20
04:08:24,27.60,22.20
04:08:34,27.60,22.20
04:08:44,27.60,22.20
04:08:54,27.60,22.20
04:09:04,27.60,22.20
04:09:14,27.60,22.20
04:09:24,27.60,22.20
04:09:34,27.60,22.20
04:09:44,27.60,22.20
04:09:54,27.60,22.20
04:10:04,27.60,22.20
04:10:14,27.60,22.20
04:10:24,27.60,22.20
04:10:34,27.60,22.20
04:10:44,27.60,22.20
04:10:54,27.60,22.20
04:11:04,27.60,22.20
04:11:14,27.60,22.20
04:11:24,27.60,22.20
04:11:34,27.60,22.20
04:11:44,27.60,22.20
04:11:54,27.60,22.20
04:12:04,27.60,22.20
04:12:14,27.60,22.20
04:12:24,27.60,22.20
04:12:34,27.60,22.20
04:12:44,27.60,22.20
04:12:54,27.60,22.20
04:13:04,27.60,22.20
04:13:14,27.60,22.20
04:13:24,27.60,22.20
04:13:34,27.60,22.20
04:13:44,27.60,22.20
04:13:54,27.60,22.20
04:14:04,27.60,22.20
04:14:14,27.60,22.20
04:14:24,27.60,22.20
04:14:34,27.60,22.20
04:14:44,27.60,22.20
04:14:54,27.60,22.20
04:15:04,27.60,22.20
04:15:14,27.60,22.20
04:15:24,27.60,22.20
04:15:34,27.60,22.20
04:15:44,27.60,22.20
04:15:54,27.60,22.20
04:16:04,27.60,22.20
04:16:14,27.60,22.20
04:16:24,27.60,22.20
04:16:34,27.60,22.20
04:16:43,27.60,22.20
04:16:54,27.60,22.20
04:17:04,27.60,22.20
04:17:14,27.60,22.20
04:17:24,27.60,22.20
04:17:34,27.60,22.20
04:17:44,27.60,22.20
04:17:54,27.60,22.20
04:18:04,27.60,22.20
04:18:14,27.60,22.20
04:18:24,27.60,22.20
04:18:34,27.60,22.20
04:18:44,27.60,22.20
04:18:54,27.60,22.20
04:19:04,27.60,22.20
04:19:14,27.60,22.20
04:19:24,27.60,22.20
04:19:34,27.60,22.20
04:19:44,27.60,22.20
04:19:54,27.60,22.20
04:20:04,27.60,22.20
04:20:14,27.60,22.20
04:20:24,27.60,22.20
04:20:34,27.60,22.20
04:20:44,27.60,22.20
04:20:54,27.60,22.20
04:21:04,27.60,22.20
04:21:14,27.60,22.20
04:21:24,27.60,22.20
04:21:34,27.60,22.20
04:21:44,27.60,22.20
04:21:54,27.60,22.20
04:22:04,27.60,22.20
04:22:14,27.60,22.20
04:22:24,27.60,22.20
04:22:33,27.60,22.20
04:22:44,27.60,22.20
04:22:54,27.60,22.20
04:23:04,27.60,22.20
04:23:14,27.60,22.20
04:23:24,27.60,22.20
04:23:34,27.60,22.20
04:23:44,27.60,22.20
04:23:54,27.60,22.20
04:24:04,27.60,22.20
04:24:14,27.60,22.20
04:24:24,27.60,22.20
04:24:34,27.60,22.20
04:24:44,27.60,22.20
04:24:54,27.60,22.20
04:25:04,27.60,22.20
04:25:14,27.60,22.20
04:25:24,27.60,22.20
04:25:34,27.60,22.20
04:25:44,27.60,22.20
04:25:54,27.60,22.20
04:26:04,27.60,22.20
04:26:14,27.60,22.20
04:26:24,27.60,22.20
04:26:34,27.60,22.20
04:26:44,27.60,22.20
04:26:54,27.60,22.20
04:27:04,27.60,22.20
04:27:14,27.60,22.20
04:27:24,27.60,22.20
04:27:34,27.60,22.20
04:27:44,27.60,22.20
04:27:54,27.60,22.20
04:28:04,27.60,22.20
04:28:14,27.60,22.20
04:28:24,27.60,22.20
04:28:34,27.60,22.20
04:28:44,27.60,22.20
04:28:54,27.60,22.20
04:29:04,27.60,22.20
04:29:14,27.60,22.20
04:29:24,27.60,22.20
04:29:34,27.60,22.20
04:29:44,27.60,22.20
04:29:54,27.60,22.20
04:30:04,27.60,22.20
04:30:14,27.60,22.20
04:30:24,27.60,22.20
04:30:34,27.60,22.20
04:30:44,27.60,22.20
04:30:54,27.60,22.20
04:31:04,27.60,22.20
04:31:14,27.60,22.20
04:31:24,27.60,22.20
04:31:34,27.60,22.20
04:31:44,27.60,22.20
04:31:54,27.60,22.20
04:32:04,27.60,22.20
04:32:14,27.60,22.20
04:32:24,27.60,22.20
04:32:34,27.60,22.20
04:32:44,27.60,22.20
04:32:54,27.60,22.20
04:33:04,27.60,22.20
04:33:14,27.60,22.20
04:33:24,27.60,22.20
04:33:34,27.60,22.20
04:33:44,27.60,22.20
04:33:54,27.60,22.20
04:34:04,27.60,22.20
04:34:14,27.60,22.20
04:34:24,27.60,22.20
04:34:34,27.60,22.20
04:34:44,27.60,22.20
04:34:54,27.60,22.20
04:35:04,27.60,22.20
04:35:14,27.60,22.20
04:35:24,27.60,22.20
04:35:34,27.60,22.20
04:35:44,27.60,22.20
04:35:54,27.60,22.20
04:36:04,27.60,22.20
04:36:14,27.60,22.20
04:36:24,27.60,22.20
04:36:34,27.60,22.20
04:36:44,27.60,22.20
04:36:54,27.60,22.20
04:37:04,27.60,22.20
04:37:14,27.60,22.20
04:37:24,27.60,22.20
04:37:34,27.60,22.20
04:37:44,27.60,22.20
04:37:54,27.60,22.20
04:38:04,27.60,22.20
04:38:14,27.60,22.20
04:38:24,27.60,22.20
04:38:34,27.60,22.20
04:38:44,27.60,22.20
04:38:54,27.60,22.20
04:39:04,27.60,22.20
04:39:14,27.60,22.20
04:39:24,27.60,22.20
04:39:34,27.60,22.20
04:39:44,27.60,22.20
04:39:54,27.60,22.20
04:40:04,27.60,22.20
04:40:14,27.60,22.20
04:40:24,27.60,22.20
04:40:34,27.60,22.20
04:40:44,27.60,22.20
04:40:53,27.60,22.20
04:41:04,27.60,22.20
04:41:14,27.60,22.20
04:41:24,27.60,22.20
04:41:34,27.60,22.20
04:41:44,27.60,22.20
04:41:54,27.60,22.20
04:42:04,27.60,22.20
04:42:14,27.60,22.20
04:42:24,27.60,22.20
04:42:34,27.60,22.20
04:42:44,27.60,22.20
04:42:54,27.60,22.20
04:43:04,27.60,22.20
04:43:14,27.60,22.20
04:43:24,27.60,22.20
04:43:34,27.60,22.20
04:43:44,27.60,22.20
04:43:54,27.60,22.20
04:44:04,27.60,22.20
04:44:14,27.60,22.20
04:44:24,27.60,22.20
04:44:34,27.60,22.20
04:44:44,27.60,22.20
04:44:54,27.60,22.20
04:45:04,27.60,22.20
04:45:14,27.60,22.20
04:45:24,27.60,22.20
04:45:34,27.60,22.20
04:45:44,27.60,22.20
04:45:54,27.60,22.20
04:46:04,27.60,22.20
04:46:14,27.60,22.20
04:46:24,27.60,22.20
04:46:34,27.60,22.20
04:46:44,27.60,22.20
04:46:54,27.60,22.20
04:47:04,27.60,22.20
04:47:14,27.60,22.20
04:47:24,27.60,22.20
04:47:34,27.60,22.20
04:47:44,27.60,22.20
04:47:54,27.60,22.20
04:48:04,27.60,22.20
04:48:14,27.60,22.20
04:48:24,27.60,22.20
04:48:34,27.60,22.20
04:48:44,27.60,22.20
04:48:54,27.60,22.20
04:49:04,27.60,22.20
04:49:14,27.60,22.20
04:49:24,27.60,22.20
04:49:34,27.60,22.20
04:49:44,27.60,22.20
04:49:54,27.60,22.20
04:50:04,27.60,22.20
04:50:14,27.60,22.20
04:50:24,27.60,22.20
04:50:34,27.60,22.20
04:50:44,27.60,22.20
04:50:54,27.60,22.20
04:51:04,27.60,22.20
04:51:14,27.60,22.20
04:51:24,27.60,22.20
04:51:34,27.60,22.20
04:51:44,27.60,22.20
04:51:54,27.60,22.20
04:52:04,27.60,22.20
04:52:14,27.60,22.20
04:52:24,27.60,22.20
04:52:34,27.60,22.20
04:52:44,27.60,22.20
04:52:54,27.60,22.20
04:53:04,27.60,22.20
04:53:14,27.60,22.20
04:53:24,27.60,22.20
04:53:34,27.60,22.20
04:53:44,27.60,22.20
04:53:54,27.60,22.20
04:54:04,27.60,22.20
04:54:14,27.60,22.20
04:54:24,27.60,22.20
04:54:34,27.60,22.20
04:54:44,27.60,22.20
04:54:54,27.60,22.20
04:55:04,27.60,22.20
04:55:14,27.60,22.20
04:55:24,27.60,22.20
04:55:34,27.60,22.20
04:55:44,27.60,22.20
04:55:54,27.60,22.20
04:56:04,27.60,22.20
04:56:14,27.60,22.20
04:56:24,27.60,22.20
04:56:34,27.60,22.20
04:56:44,27.60,22.20
04:56:54,27.60,22.20
04:57:04,27.60,22.20
04:57:14,27.60,22.20
04:57:24,27.60,22.20
04:57:34,27.60,22.20
04:57:44,27.60,22.20
04:57:54,27.60,22.20
04:58:04,27.60,22.20
04:58:14,27.60,22.20
04:58:24,27.60,22.20
04:58:34,27.60,22.20
04:58:44,27.60,22.20
04:58:54,27.60,22.20
04:59:04,27.60,22.20
04:59:14,27.60,22.20
04:59:24,27.60,22.20
04:59:34,27.60,22.20
04:59:44,27.60,22.20
04:59:54,27.60,22.20
05:00:04,27.60,22.20
05:00:14,27.60,22.20
05:00:24,27.60,22.20
05:00:34,27.60,22.20
05:00:44,27.60,22.20
05:00:54,27.60,22.20
05:01:04,27.60,22.20
05:01:14,27.60,22.20
05:01:24,27.60,22.20
05:01:34,27.60,22.20
05:01:44,27.60,22.20
05:01:54,27.60,22.20
05:02:04,27.60,22.20
05:02:14,27.60,22.20
05:02:24,27.60,22.20
05:02:34,27.60,22.20
05:02:44,27.60,22.20
05:02:54,27.60,22.20
05:03:04,27.60,22.20
05:03:14,27.60,22.20
05:03:24,27.60,22.20
05:03:34,27.60,22.20
05:03:44,27.60,22.20
05:03:54,27.60,22.20
05:04:04,27.60,22.20
05:04:14,27.60,22.20
05:04:24,27.60,22.20
05:04:34,27.60,22.20
05:04:44,27.60,22.20
05:04:54,27.60,22.20
05:05:04,27.60,22.20
05:05:14,27.60,22.20
05:05:24,27.60,22.20
05:05:34,27.60,22.20
05:05:44,27.60,22.20
05:05:54,27.60,22.20
05:06:04,27.60,22.20
05:06:14,27.60,22.20
05:06:24,27.60,22.20
05:06:34,27.60,22.20
05:06:44,27.60,22.20
05:06:54,27.60,22.20
05:07:04,27.60,22.20
05:07:14,27.60,22.20
05:07:24,27.60,22.20
05:07:34,27.60,22.20
05:07:44,27.60,22.20
05:07:54,27.60,22.20
05:08:04,27.60,22.20
05:08:14,27.60,22.20
05:08:24,27.60,22.20
05:08:34,27.60,22.20
05:08:44,27.60,22.20
05:08:54,27.60,22.20
05:09:04,27.60,22.20
05:09:14,27.60,22.20
05:09:24,27.60,22.20
05:09:34,27.60,22.20
05:09:44,27.60,22.20
05:09:54,27.60,22.20
05:10:04,27.60,22.20
05:10:14,27.60,22.20
05:10:24,27.60,22.20
05:10:34,27.60,22.20
05:10:44,27.60,22.20
05:10:54,27.60,22.20
05:11:04,27.60,22.20
05:11:14,27.60,22.20
05:11:24,27.60,22.20
05:11:34,27.60,22.20
05:11:44,27.60,22.20
05:11:54,27.60,22.20
05:12:04,27.60,22.20
05:12:14,27.60,22.20
05:12:24,27.60,22.20
05:12:34,27.60,22.20
05:12:44,27.60,22.20
05:12:54,27.60,22.20
05:13:04,27.60,22.20
05:13:14,27.60,22.20
05:13:24,27.60,22.20
05:13:34,27.60,22.20
05:13:44,27.60,22.20
05:13:54,27.60,22.20
05:14:04,27.60,22.20
05:14:14,27.60,22.20
05:14:24,27.60,22.20
05:14:34,27.60,22.20
05:14:44,27.60,22.20
05:14:54,27.60,22.20
05:15:04,27.60,22.20
05:15:14,27.60,22.20
05:15:24,27.60,22.20
05:15:34,27.60,22.20
05:15:44,27.60,22.20
05:15:54,27.60,22.20
05:16:04,27.60,22.20
05:16:14,27.60,22.20
05:16:24,27.60,22.20
05:16:34,27.60,22.20
05:16:44,27.60,22.20
05:16:54,27.60,22.20
05:17:04,27.60,22.20
05:17:14,27.60,22.20
05:17:24,27.60,22.20
05:17:34,27.60,22.20
05:17:44,27.60,22.20
05:17:54,27.60,22.20
05:18:04,27.60,22.20
05:18:14,27.60,22.20
05:18:24,27.60,22.20
05:18:34,27.60,22.20
05:18:44,27.60,22.20
05:18:54,27.60,22.20
05:19:04,27.60,22.20
05:19:14,27.60,22.20
05:19:24,27.60,22.20
05:19:34,27.60,22.20
05:19:44,27.60,22.20
05:19:54,27.60,22.20
05:20:04,27.60,22.20
05:20:14,27.60,22.20
05:20:24,27.60,22.20
05:20:34,27.60,22.20
05:20:44,27.60,22.20
05:20:54,27.60,22.20
05:21:04,27.60,22.20
05:21:14,27.60,22.20
05:21:24,27.60,22.20
05:21:34,27.60,22.20
05:21:44,27.60,22.20
05:21:54,27.60,22.20
05:22:04,27.60,22.20
05:22:14,27.60,22.20
05:22:24,27.60,22.20
05:22:34,27.60,22.20
05:22:44,27.60,22.20
05:22:54,27.60,22.20
05:23:04,27.60,22.20
05:23:14,27.60,22.20
05:23:24,27.60,22.20
05:23:34,27.60,22.20
05:23:44,27.60,22.20
05:23:54,27.60,22.20
05:24:04,27.60,22.20
05:24:14,27.60,22.20
05:24:24,27.60,22.20
05:24:34,27.60,22.20
05:24:44,27.60,22.20
05:24:54,27.60,22.20
05:25:04,27.60,22.20
05:25:14,27.60,22.20
05:25:24,27.60,22.20
05:25:34,27.60,22.20
05:25:44,27.60,22.20
05:25:54,27.60,22.20
05:26:04,27.60,22.20
05:26:14,27.60,22.20
05:26:24,27.60,22.20
05:26:34,27.60,22.20
05:26:44,27.60,22.20
05:26:54,27.60,22.20
05:27:04,27.60,22.20
05:27:14,27.60,22.20
05:27:24,27.60,22.20
05:27:34,27.60,22.20
05:27:44,27.60,22.20
05:27:54,27.60,22.20
05:28:04,27.60,22.20
05:28:14,27.60,22.20
05:28:24,27.60,22.20
05:28:34,27.60,22.20
05:28:44,27.60,22.20
05:28:54,27.60,22.20
05:29:04,27.60,22.20
05:29:14,27.60,22.20
05:29:24,27.60,22.20
05:29:34,27.60,22.20
05:29:44,27.60,22.20
05:29:54,27.60,22.20
05:30:04,27.60,22.20
05:30:14,27.60,22.20
05:30:24,27.60,22.20
05:30:34,27.60,22.20
05:30:44,27.60,22.20
05:30:54,27.60,22.20
05:31:04,27.60,22.20
05:31:14,27.60,22.20
05:31:24,27.60,22.20
05:31:34,27.60,22.20
05:31:44,27.60,22.20
05:31:54,27.60,22.20
05:32:04,27.60,22.20
05:32:14,27.60,22.20
05:32:24,27.60,22.20
05:32:34,27.60,22.20
05:32:44,27.60,22.20
05:32:54,27.60,22.20
05:33:04,27.60,22.20
05:33:14,27.60,22.20
05:33:24,27.60,22.20
05:33:34,27.60,22.20
05:33:44,27.60,22.20
05:33:54,27.60,22.20
05:34:04,27.60,22.20
05:34:14,27.60,22.20
05:34:24,27.60,22.20
05:34:34,27.60,22.20
05:34:44,27.60,22.20
05:34:54,27.60,22.20
05:35:04,27.60,22.20
05:35:14,27.60,22.20
05:35:24,27.60,22.20
05:35:34,27.60,22.20
05:35:44,27.60,22.20
05:35:54,27.60,22.20
05:36:04,27.60,22.20
05:36:14,27.60,22.20
05:36:24,27.60,22.20
05:36:34,27.60,22.20
05:36:44,27.60,22.20
05:36:54,27.60,22.20
05:37:04,27.60,22.20
05:37:14,27.60,22.20
05:37:24,27.60,22.20
05:37:34,27.60,22.20
05:37:44,27.60,22.20
05:37:54,27.60,22.20
05:38:04,27.60,22.20
05:38:14,27.60,22.20
05:38:24,27.60,22.20
05:38:34,27.60,22.20
05:38:44,27.60,22.20
05:38:54,27.60,22.20
05:39:04,27.60,22.20
05:39:14,27.60,22.20
05:39:24,27.60,22.20
05:39:34,27.60,22.20
05:39:44,27.60,22.20
05:39:54,27.60,22.20
05:40:04,27.60,22.20
05:40:14,27.60,22.20
05:40:24,27.60,22.20
05:40:34,27.60,22.20
05:40:44,27.60,22.20
05:40:54,27.60,22.20
05:41:04,27.60,22.20
05:41:14,27.60,22.20
05:41:24,27.60,22.20
05:41:34,27.60,22.20
05:41:44,27.60,22.20
05:41:54,27.60,22.20
05:42:04,27.60,22.20
05:42:14,27.60,22.20
05:42:24,27.60,22.20
05:42:34,27.60,22.20
05:42:44,27.60,22.20
05:42:54,27.60,22.20
05:43:04,27.60,22.20
05:43:14,27.60,22.20
05:43:24,27.60,22.20
05:43:34,27.60,22.20
05:43:44,27.60,22.20
05:43:54,27.60,22.20
05:44:04,27.60,22.20
05:44:14,27.60,22.20
05:44:24,27.60,22.20
05:44:34,27.60,22.20
05:44:44,27.60,22.20
05:44:54,27.60,22.20
05:45:04,27.60,22.20
05:45:14,27.60,22.20
05:45:24,27.60,22.20
05:45:34,27.60,22.20
05:45:44,27.60,22.20
05:45:54,27.60,22.20
05:46:04,27.60,22.20
05:46:14,27.60,22.20
05:46:24,27.60,22.20
05:46:34,27.60,22.20
05:46:44,27.60,22.20
05:46:54,27.60,22.20
05:47:04,27.60,22.20
05:47:14,27.60,22.20
05:47:24,27.60,22.20
05:47:34,27.60,22.20
05:47:44,27.60,22.20
05:47:54,27.60,22.20
05:48:04,27.60,22.20
05:48:14,27.60,22.20
05:48:24,27.60,22.20
05:48:34,27.60,22.20
05:48:44,27.60,22.20
05:48:54,27.60,22.20
05:49:04,27.60,22.20
05:49:14,27.60,22.20
05:49:24,27.60,22.20
05:49:34,27.60,22.20
05:49:44,27.60,22.20
05:49:54,27.60,22.20
05:50:04,27.60,22.20
05:50:14,27.60,22.20
05:50:24,27.60,22.20
05:50:34,27.60,22.20
05:50:44,27.60,22.20
05:50:54,27.60,22.20
05:51:04,27.60,22.20
05:51:14,27.60,22.20
05:51:24,27.60,22.20
05:51:34,27.60,22.20
05:51:44,27.60,22.20
05:51:54,27.60,22.20
05:52:04,27.60,22.20
05:52:14,27.60,22.20
05:52:24,27.60,22.20
05:52:34,27.60,22.20
05:52:44,27.60,22.20
05:52:54,27.60,22.20
05:53:04,27.60,22.20
05:53:14,27.60,22.20
05:53:24,27.60,22.20
05:53:34,27.60,22.20
05:53:44,27.60,22.20
05:53:54,27.60,22.20
05:54:04,27.60,22.20
05:54:14,27.60,22.20
05:54:24,27.60,22.20
05:54:34,27.60,22.20
05:54:44,27.60,22.20
05:54:54,27.60,22.20
05:55:04,27.60,22.20
05:55:14,27.60,22.20
05:55:24,27.60,22.20
05:55:34,27.60,22.20
05:55:44,27.60,22.20
05:55:54,27.60,22.20
05:56:04,27.60,22.20
05:56:14,27.60,22.20
05:56:24,27.60,22.20
05:56:34,27.60,22.20
05:56:44,27.60,22.20
05:56:54,27.60,22.20
05:57:04,27.60,22.20
05:57:14,27.60,22.20
05:57:24,27.60,22.20
05:57:34,27.60,22.20
05:57:44,27.60,22.20
05:57:54,27.60,22.20
05:58:04,27.60,22.20
05:58:14,27.60,22.20
05:58:24,27.60,22.20
05:58:34,27.60,22.20
05:58:44,27.60,22.20
05:58:54,27.60,22.20
05:59:04,27.60,22.20
05:59:14,27.60,22.20
05:59:24,27.60,22.20
05:59:34,27.60,22.20
05:59:44,27.60,22.20
05:59:54,27.60,22.20
06:00:04,27.60,22.20
06:00:14,27.60,22.20
06:00:24,27.60,22.20
06:00:34,27.60,22.20
06:00:44,27.60,22.20
06:00:54,27.60,22.20
06:01:04,27.60,22.20
06:01:14,27.60,22.20
06:01:24,27.60,22.20
06:02:34,27.60,22.20
06:02:44,27.60,22.20
06:02:54,27.60,22.20
06:03:04,27.60,22.20
06:03:14,27.60,22.20
06:03:24,27.60,22.20
06:03:34,27.60,22.20
06:03:44,27.60,22.20
06:03:54,27.60,22.20
06:04:04,27.60,22.20
06:04:14,27.60,22.20
06:04:24,27.60,22.20
06:04:34,27.60,22.20
06:04:44,27.60,22.20
06:04:54,27.60,22.20
06:05:04,27.60,22.20
06:05:14,27.60,22.20
06:05:24,27.60,22.20
06:05:34,27.60,22.20
06:05:44,27.60,22.20
06:05:54,27.60,22.20
06:06:04,27.60,22.20
06:06:14,27.60,22.20
06:06:24,27.60,22.20
06:06:34,27.60,22.20
06:06:44,27.60,22.20
06:06:54,27.60,22.20
06:07:04,27.60,22.20
06:07:14,27.60,22.20
06:07:24,27.60,22.20
06:07:34,27.60,22.20
06:07:44,27.60,22.20
06:07:54,27.60,22.20
06:08:04,27.60,22.20
06:08:14,27.60,22.20
06:08:24,27.60,22.20
06:08:34,27.60,22.20
06:08:44,27.60,22.20
06:08:54,27.60,22.20
06:09:04,27.60,22.20
06:09:14,27.60,22.20
06:09:24,27.60,22.20
06:09:34,27.60,22.20
06:09:44,27.60,22.20
06:09:54,27.60,22.20
06:10:04,27.60,22.20
06:10:14,27.60,22.20
06:10:24,27.60,22.20
06:10:34,27.60,22.20
06:10:44,27.60,22.20
06:10:54,27.60,22.20
06:11:04,27.60,22.20
06:11:14,27.60,22.20
06:11:24,27.60,22.20
06:11:34,27.60,22.20
06:11:44,27.60,22.20
06:11:54,27.60,22.20
06:12:04,27.60,22.20
06:12:14,27.60,22.20
06:12:24,27.60,22.20
06:12:34,27.60,22.20
06:12:44,27.60,22.20
06:12:54,27.60,22.20
06:13:04,27.60,22.20
06:13:14,27.60,22.20
06:13:24,27.60,22.20
06:13:34,27.60,22.20
06:13:44,27.60,22.20
06:13:54,27.60,22.20
06:14:04,27.60,22.20
06:14:14,27.60,22.20
06:14:24,27.60,22.20
06:14:34,27.60,22.20
06:14:44,27.60,22.20
06:14:54,27.60,22.20
06:15:04,27.60,22.20
06:15:14,27.60,22.20
06:15:24,27.60,22.20
06:15:34,27.60,22.20
06:15:44,27.60,22.20
06:15:54,27.60,22.20
06:16:04,27.60,22.20
06:16:14,27.60,22.20
06:16:24,27.60,22.20
06:16:34,27.60,22.20
06:16:44,27.60,22.20
06:16:54,27.60,22.20
06:17:04,27.60,22.20
06:17:14,27.60,22.20
06:17:24,27.60,22.20
06:17:34,27.60,22.20
06:17:44,27.60,22.20
06:17:54,27.60,22.20
06:18:04,27.60,22.20
06:18:14,27.60,22.20
06:18:24,27.60,22.20
06:18:34,27.60,22.20
06:18:44,27.60,22.20
06:18:54,27.60,22.20
06:19:04,27.60,22.20
06:19:14,27.60,22.20
06:19:24,27.60,22.20
06:19:34,27.60,22.20
06:19:44,27.60,22.20
06:19:54,27.60,22.20
06:20:04,27.60,22.20
06:20:14,27.60,22.20
06:20:24,27.60,22.20
06:20:34,27.60,22.20
06:20:44,27.60,22.20
06:20:54,27.60,22.20
06:21:04,27.60,22.20
06:21:14,27.60,22.20
06:21:24,27.60,22.20
06:21:34,27.60,22.20
06:21:44,27.60,22.20
06:21:54,27.60,22.20
06:22:04,27.60,22.20
06:22:14,27.60,22.20
06:22:24,27.60,22.20
06:22:34,27.60,22.20
06:22:44,27.60,22.20
06:22:54,27.60,22.20
06:23:04,27.60,22.20
06:23:14,27.60,22.20
06:23:24,27.60,22.20
06:23:34,27.60,22.20
06:23:44,27.60,22.20
06:23:54,27.60,22.20
06:24:04,27.60,22.20
06:24:14,27.60,22.20
06:24:24,27.60,22.20
06:24:34,27.60,22.20
06:24:44,27.60,22.20
06:24:54,27.60,22.20
06:25:04,27.60,22.20
06:25:14,27.60,22.20
06:25:24,27.60,22.20
06:25:34,27.60,22.20
06:25:44,27.60,22.20
06:25:54,27.60,22.20
06:26:04,27.60,22.20
06:26:14,27.60,22.20
06:26:24,27.60,22.20
06:26:34,27.60,22.20
06:26:44,27.60,22.20
06:26:54,27.60,22.20
06:27:04,27.60,22.20
06:27:14,27.60,22.20
06:27:24,27.60,22.20
06:27:34,27.60,22.20
06:27:44,27.60,22.20
06:27:54,27.60,22.20
06:28:04,27.60,22.20
06:28:14,27.60,22.20
06:28:24,27.60,22.20
06:28:34,27.60,22.20
06:28:44,27.60,22.20
06:28:54,27.60,22.20
06:29:04,27.60,22.20
06:29:14,27.60,22.20
06:29:24,27.60,22.20
06:29:34,27.60,22.20
06:29:44,27.60,22.20
06:29:54,27.60,22.20
06:30:04,27.60,22.20
06:30:14,27.60,22.20
06:30:24,27.60,22.20
06:30:34,27.60,22.20
06:30:44,27.60,22.20
06:30:54,27.60,22.20
06:31:04,27.60,22.20
06:31:14,27.60,22.20
06:31:24,27.60,22.20
06:31:34,27.60,22.20
06:31:44,27.60,22.20
06:31:54,27.60,22.20
06:32:04,27.60,22.20
06:32:14,27.60,22.20
06:32:24,27.60,22.20
06:32:34,27.60,22.20
06:32:44,27.60,22.20
06:32:54,27.60,22.20
06:33:04,27.60,22.20
06:33:14,27.60,22.20
06:33:24,27.60,22.20
06:33:34,27.60,22.20
06:33:44,27.60,22.20
06:33:54,27.60,22.20
06:34:04,27.60,22.20
06:34:14,27.60,22.20
06:34:24,27.60,22.20
06:34:34,27.60,22.20
06:34:44,27.60,22.20
06:34:54,27.60,22.20
06:35:04,27.60,22.20
06:35:14,27.60,22.20
06:35:24,27.60,22.20
06:35:34,27.60,22.20
06:35:44,27.60,22.20
06:35:54,27.60,22.20
06:36:04,27.60,22.20
06:36:14,27.60,22.20
06:36:24,27.60,22.20
06:36:34,27.60,22.20
06:36:44,27.60,22.20
06:36:54,27.60,22.20
06:37:04,27.60,22.20
06:37:14,27.60,22.20
06:37:24,27.60,22.20
06:37:34,27.60,22.20
06:37:44,27.60,22.20
06:37:54,27.60,22.20
06:38:04,27.60,22.20
06:38:14,27.60,22.20
06:38:24,27.60,22.20
06:38:34,27.60,22.20
06:38:44,27.60,22.20
06:38:54,27.60,22.20
06:39:04,27.60,22.20
06:39:14,27.60,22.20
06:39:24,27.60,22.20
06:39:34,27.60,22.20
06:39:44,27.60,22.20
06:39:54,27.60,22.20
06:40:04,27.60,22.20
06:40:14,27.60,22.20
06:40:24,27.60,22.20
06:40:34,27.60,22.20
06:40:44,27.60,22.20
06:40:54,27.60,22.20
06:41:04,27.60,22.20
06:41:14,27.60,22.20
06:41:24,27.60,22.20
06:41:34,27.60,22.20
06:41:44,27.60,22.20
06:41:54,27.60,22.20
06:42:04,27.60,22.20
06:42:14,27.60,22.20
06:42:24,27.60,22.20
06:42:34,27.60,22.20
06:42:44,27.60,22.20
06:42:54,27.60,22.20
06:43:04,27.60,22.20
06:43:14,27.60,22.20
06:43:24,27.60,22.20
06:43:34,27.60,22.20
06:43:44,27.60,22.20
06:43:54,27.60,22.20
06:44:04,27.60,22.20
06:44:14,27.60,22.20
06:44:24,27.60,22.20
06:44:34,27.60,22.20
06:44:44,27.60,22.20
06:44:54,27.60,22.20
06:45:04,27.60,22.20
06:45:14,27.60,22.20
06:45:24,27.60,22.20
06:45:34,27.60,22.20
06:45:44,27.60,22.20
06:45:54,27.60,22.20
06:46:04,27.60,22.20
06:46:14,27.60,22.20
06:46:24,27.60,22.20
06:46:34,27.60,22.20
06:46:44,27.60,22.20
06:46:54,27.60,22.20
06:47:04,27.60,22.20
06:47:14,27.60,22.20
06:47:24,27.60,22.20
06:47:34,27.60,22.20
06:47:44,27.60,22.20
06:47:54,27.60,22.20
06:48:04,27.60,22.20
06:48:14,27.60,22.20
06:48:24,27.60,22.20
06:48:34,27.60,22.20
06:48:44,27.60,22.20
06:48:54,27.60,22.20
06:49:04,27.60,22.20
06:49:14,27.60,22.20
06:49:24,27.60,22.20
06:49:34,27.60,22.20
06:49:44,27.60,22.20
06:49:54,27.60,22.20
06:50:04,27.60,22.20
06:50:14,27.60,22.20
06:50:24,27.60,22.20
06:50:34,27.60,22.20
06:50:44,27.60,22.20
06:50:54,27.60,22.20
06:51:04,27.60,22.20
06:51:14,27.60,22.20
06:51:24,27.60,22.20
06:51:34,27.60,22.20
06:51:44,27.60,22.20
06:51:54,27.60,22.20
06:52:04,27.60,22.20
06:52:14,27.60,22.20
06:52:24,27.60,22.20
06:52:34,27.60,22.20
06:52:44,27.60,22.20
06:52:54,27.60,22.20
06:53:04,27.60,22.20
06:53:14,27.60,22.20
06:53:24,27.60,22.20
06:53:34,27.60,22.20
06:53:44,27.60,22.20
06:53:54,27.60,22.20
06:54:04,27.60,22.20
06:54:14,27.60,22.20
06:54:24,27.60,22.20
06:54:34,27.60,22.20
06:54:44,27.60,22.20
06:54:54,27.60,22.20
06:55:04,27.60,22.20
06:55:14,27.60,22.20
06:55:24,27.60,22.20
06:55:34,27.60,22.20
06:55:44,27.60,22.20
06:55:54,27.60,22.20
06:56:04,27.60,22.20
06:56:14,27.60,22.20
06:56:24,27.60,22.20
06:56:34,27.60,22.20
06:56:44,27.60,22.20
06:56:54,27.60,22.20
06:57:04,27.60,22.20
06:57:14,27.60,22.20
06:57:24,27.60,22.20
06:57:34,27.60,22.20
06:57:44,27.60,22.20
06:57:54,27.60,22.20
06:58:04,27.60,22.20
06:58:14,27.60,22.20
06:58:24,27.60,22.20
06:58:34,27.60,22.20
06:58:44,27.60,22.20
06:58:54,27.60,22.20
06:59:04,27.60,22.20
06:59:14,27.60,22.20
06:59:24,27.60,22.20
06:59:34,27.60,22.20
06:59:44,27.60,22.20
06:59:54,27.60,22.20
07:00:04,27.60,22.20
07:00:14,27.60,22.20
07:00:24,27.60,22.20
07:00:34,27.60,22.20
07:00:44,27.60,22.20
07:00:54,27.60,22.20
07:01:04,27.60,22.20
07:01:14,27.60,22.20
07:01:24,27.60,22.20
07:01:34,27.60,22.20
07:01:44,27.60,22.20
07:01:54,27.60,22.20
07:02:04,27.60,22.20
07:02:14,27.60,22.20
07:02:24,27.60,22.20
07:02:34,27.60,22.20
07:02:44,27.60,22.20
07:02:54,27.60,22.20
07:03:04,27.60,22.20
07:03:14,27.60,22.20
07:03:24,27.60,22.20
07:03:34,27.60,22.20
07:03:44,27.60,22.20
07:03:54,27.60,22.20
07:04:04,27.60,22.20
07:04:14,27.60,22.20
07:04:24,27.60,22.20
07:04:34,27.60,22.20
07:04:44,27.60,22.20
07:04:54,27.60,22.20
07:05:04,27.60,22.20
07:05:14,27.60,22.20
07:05:24,27.60,22.20
07:05:34,27.60,22.20
07:05:44,27.60,22.20
07:05:54,27.60,22.20
07:06:04,27.60,22.20
07:06:14,27.60,22.20
07:06:24,27.60,22.20
07:06:34,27.60,22.20
07:06:44,27.60,22.20
07:06:54,27.60,22.20
07:07:04,27.60,22.20
07:07:14,27.60,22.20
07:07:24,27.60,22.20
07:07:34,27.60,22.20
07:07:44,27.60,22.20
07:07:54,27.60,22.20
07:08:04,27.60,22.20
07:08:14,27.60,22.20
07:08:24,27.60,22.20
07:08:34,27.60,22.20
07:08:44,27.60,22.20
07:08:54,27.60,22.20
07:09:04,27.60,22.20
07:09:14,27.60,22.20
07:09:24,27.60,22.20
07:09:34,27.60,22.20
07:09:44,27.60,22.20
07:09:54,27.60,22.20
07:10:04,27.60,22.20
07:10:14,27.60,22.20
07:10:24,27.60,22.20
07:10:34,27.60,22.20
07:10:44,27.60,22.20
07:10:54,27.60,22.20
07:11:04,27.60,22.20
07:11:14,27.60,22.20
07:11:24,27.60,22.20
07:11:34,27.60,22.20
07:11:44,27.60,22.20
07:11:54,27.60,22.20
07:12:04,27.60,22.20
07:12:14,27.60,22.20
07:12:24,27.60,22.20
07:12:34,27.60,22.20
07:12:44,27.60,22.20
07:12:54,27.60,22.20
07:13:04,27.60,22.20
07:13:14,27.60,22.20
07:13:24,27.60,22.20
07:13:34,27.60,22.20
07:13:44,27.60,22.20
07:13:54,27.60,22.20
07:14:04,27.60,22.20
07:14:14,27.60,22.20
07:14:24,27.60,22.20
07:14:34,27.60,22.20
07:14:44,27.60,22.20
07:14:54,27.60,22.20
07:15:04,27.60,22.20
07:15:14,27.60,22.20
07:15:24,27.60,22.20
07:15:34,27.60,22.20
07:15:44,27.60,22.20
07:15:54,27.60,22.20
07:16:04,27.60,22.20
07:16:14,27.60,22.20
07:16:24,27.60,22.20
07:16:34,27.60,22.20
07:16:44,27.60,22.20
07:16:54,27.60,22.20
07:17:04,27.60,22.20
07:17:14,27.60,22.20
07:17:24,27.60,22.20
07:17:34,27.60,22.20
07:17:44,27.60,22.20
07:17:54,27.60,22.20
07:18:04,27.60,22.20
07:18:14,27.60,22.20
07:18:24,27.60,22.20
07:18:34,27.60,22.20
07:18:44,27.60,22.20
07:18:54,27.60,22.20
07:19:04,27.60,22.20
07:19:14,27.60,22.20
07:19:24,27.60,22.20
07:19:34,27.60,22.20
07:19:44,27.60,22.20
07:19:54,27.60,22.20
07:20:04,27.60,22.20
07:20:14,27.60,22.20
07:20:24,27.60,22.20
07:20:34,27.60,22.20
07:20:44,27.60,22.20
07:20:54,27.60,22.20
07:21:04,27.60,22.20
07:21:14,27.60,22.20
07:21:24,27.60,22.20
07:21:34,27.60,22.20
07:21:44,27.60,22.20
07:21:54,27.60,22.20
07:22:04,27.60,22.20
07:22:14,27.60,22.20
07:22:24,27.60,22.20
07:22:34,27.60,22.20
07:22:44,27.60,22.20
07:22:54,27.60,22.20
07:23:04,27.60,22.20
07:23:14,27.60,22.20
07:23:24,27.60,22.20
07:23:34,27.60,22.20
07:23:44,27.60,22.20
07:23:54,27.60,22.20
07:24:04,27.60,22.20
07:24:14,27.60,22.20
07:24:24,27.60,22.20
07:24:34,27.60,22.20
07:24:44,27.60,22.20
07:24:54,27.60,22.20
07:25:04,27.60,22.20
07:25:14,27.60,22.20
07:25:24,27.60,22.20
07:25:34,27.60,22.20
07:25:44,27.60,22.20
07:25:54,27.60,22.20
07:26:04,27.60,22.20
07:26:14,27.60,22.20
07:26:24,27.60,22.20
07:26:34,27.60,22.20
07:26:44,27.60,22.20
07:26:54,27.60,22.20
07:27:04,27.60,22.20
07:27:14,27.60,22.20
07:27:24,27.60,22.20
07:27:34,27.60,22.20
07:27:44,27.60,22.20
07:27:54,27.60,22.20
07:28:04,27.60,22.20
07:28:14,27.60,22.20
07:28:24,27.60,22.20
07:28:34,27.60,22.20
07:28:44,27.60,22.20
07:28:54,27.60,22.20
07:29:04,27.60,22.20
07:29:14,27.60,22.20
07:29:24,27.60,22.20
07:29:34,27.60,22.20
07:29:44,27.60,22.20
07:29:54,27.60,22.20
07:30:04,27.60,22.20
07:30:14,27.60,22.20
07:30:24,27.60,22.20
07:30:34,27.60,22.20
07:30:44,27.60,22.20
07:30:54,27.60,22.20
07:31:04,27.60,22.20
07:31:14,27.60,22.20
07:31:24,27.60,22.20
07:31:34,27.60,22.20
07:31:44,27.60,22.20
07:31:54,27.60,22.20
07:32:04,27.60,22.20
07:32:14,27.60,22.20
07:32:24,27.60,22.20
07:32:34,27.60,22.20
07:32:44,27.60,22.20
07:32:54,27.60,22.20
07:33:04,27.60,22.20
07:33:14,27.60,22.20
07:33:24,27.60,22.20
07:33:34,27.60,22.20
07:33:44,27.60,22.20
07:33:54,27.60,22.20
07:34:04,27.60,22.20
07:34:14,27.60,22.20
07:34:24,27.60,22.20
07:34:34,27.60,22.20
07:34:44,27.60,22.20
07:34:54,27.60,22.20
07:35:04,27.60,22.20
07:35:14,27.60,22.20
07:35:24,27.60,22.20
07:35:34,27.60,22.20
07:35:44,27.60,22.20
07:35:54,27.60,22.20
07:36:04,27.60,22.20
07:36:14,27.60,22.20
07:36:24,27.60,22.20
07:36:34,27.60,22.20
07:36:44,27.60,22.20
07:36:54,27.60,22.20
07:37:04,27.60,22.20
07:37:14,27.60,22.20
07:37:24,27.60,22.20
07:37:34,27.60,22.20
07:37:44,27.60,22.20
07:37:54,27.60,22.20
07:38:04,27.60,22.20
07:38:14,27.60,22.20
07:38:24,27.60,22.20
07:38:34,27.60,22.20
07:38:44,27.60,22.20
07:38:54,27.60,22.20
07:39:04,27.60,22.20
07:39:14,27.60,22.20
07:39:24,27.60,22.20
07:39:34,27.60,22.20
07:39:44,27.60,22.20
07:39:54,27.60,22.20
07:40:04,27.60,22.20
07:40:14,27.60,22.20
07:40:24,27.60,22.20
07:40:34,27.60,22.20
07:40:44,27.60,22.20
07:40:54,27.60,22.20
07:41:04,27.60,22.20
07:41:14,27.60,22.20
07:41:24,27.60,22.20
07:41:34,27.60,22.20
07:41:44,27.60,22.20
07:41:54,27.60,22.20
07:42:04,27.60,22.20
07:42:14,27.60,22.20
07:42:24,27.60,22.20
07:42:34,27.60,22.20
07:42:44,27.60,22.20
07:42:54,27.60,22.20
07:43:04,27.60,22.20
07:43:14,27.60,22.20
07:43:24,27.60,22.20
07:43:34,27.60,22.20
07:43:44,27.60,22.20
07:43:54,27.60,22.20
07:44:04,27.60,22.20
07:44:14,27.60,22.20
07:44:24,27.60,22.20
07:44:34,27.60,22.20
07:44:44,27.60,22.20
07:44:54,27.60,22.20
07:45:04,27.60,22.20
07:45:14,27.60,22.20
07:45:24,27.60,22.20
07:45:34,27.60,22.20
07:45:44,27.60,22.20
07:45:54,27.60,22.20
07:46:04,27.60,22.20
07:46:14,27.60,22.20
07:46:24,27.60,22.20
07:46:34,27.60,22.20
07:46:44,27.60,22.20
07:46:54,27.60,22.20
07:47:04,27.60,22.20
07:47:14,27.60,22.20
07:47:24,27.60,22.20
07:47:34,27.60,22.20
07:47:44,27.60,22.20
07:47:54,27.60,22.20
07:48:04,27.60,22.20
07:48:14,27.60,22.20
07:48:24,27.60,22.20
07:48:34,27.60,22.20
07:48:44,27.60,22.20
07:48:54,27.60,22.20
07:49:04,27.60,22.20
07:49:14,27.60,22.20
07:49:24,27.60,22.20
07:49:34,27.60,22.20
07:49:44,27.60,22.20
07:49:54,27.60,22.20
07:50:04,27.60,22.20
07:50:14,27.60,22.20
07:50:24,27.60,22.20
07:50:34,27.60,22.20
07:50:44,27.60,22.20
07:50:54,27.60,22.20
07:51:04,27.60,22.20
07:51:14,27.60,22.20
07:51:24,27.60,22.20
07:51:34,27.60,22.20
07:51:44,27.60,22.20
07:51:54,27.60,22.20
07:52:04,27.60,22.20
07:52:14,27.60,22.20
07:52:24,27.60,22.20
07:52:34,27.60,22.20
07:52:44,27.60,22.20
07:52:54,27.60,22.20
07:53:04,27.60,22.20
07:53:14,27.60,22.20
07:53:24,27.60,22.20
07:53:34,27.60,22.20
07:53:44,27.60,22.20
07:53:54,27.60,22.20
07:54:04,27.60,22.20
07:54:14,27.60,22.20
07:54:24,27.60,22.20
07:54:34,27.60,22.20
07:54:44,27.60,22.20
07:54:54,27.60,22.20
07:55:04,27.60,22.20
07:55:14,27.60,22.20
07:55:24,27.60,22.20
07:55:34,27.60,22.20
07:55:44,27.60,22.20
07:55:54,27.60,22.20
07:56:04,27.60,22.20
07:56:14,27.60,22.20
07:56:24,27.60,22.20
07:56:34,27.60,22.20
07:56:44,27.60,22.20
07:56:54,27.60,22.20
07:57:04,27.60,22.20
07:57:14,27.60,22.20
07:57:24,27.60,22.20
07:57:34,27.60,22.20
07:57:44,27.60,22.20
07:57:54,27.60,22.20
07:58:04,27.60,22.20
07:58:14,27.60,22.20
07:58:24,27.60,22.20
07:58:34,27.60,22.20
07:58:44,27.60,22.20
07:58:54,27.60,22.20
07:59:04,27.60,22.20
07:59:14,27.60,22.20
07:59:24,27.60,22.20
07:59:34,27.60,22.20
07:59:44,27.60,22.20
07:59:54,27.60,22.20
08:00:04,27.60,22.20
08:00:14,27.60,22.20
08:00:24,27.60,22.20
08:00:34,27.60,22.20
08:00:44,27.60,22.20
08:00:54,27.60,22.20
08:01:04,27.60,22.20
08:01:14,27.60,22.20
08:01:24,27.60,22.20
08:01:34,27.60,22.20
08:01:44,27.60,22.20
08:01:54,27.60,22.20
08:02:04,27.60,22.20
08:02:14,27.60,22.20
08:02:24,27.60,22.20
08:02:34,27.60,22.20
08:02:44,27.60,22.20
08:02:54,27.60,22.20
08:03:04,27.60,22.20
08:03:14,27.60,22.20
08:03:24,27.60,22.20
08:03:34,27.60,22.20
08:03:44,27.60,22.20
08:03:54,27.60,22.20
08:04:04,27.60,22.20
08:04:14,27.60,22.20
08:04:24,27.60,22.20
08:04:34,27.60,22.20
08:04:44,27.60,22.20
08:04:54,27.60,22.20
08:05:04,27.60,22.20
08:05:14,27.60,22.20
08:05:24,27.60,22.20
08:05:34,27.60,22.20
08:05:44,27.60,22.20
08:05:54,27.60,22.20
08:06:04,27.60,22.20
08:06:14,27.60,22.20
08:06:24,27.60,22.20
08:06:34,27.60,22.20
08:06:44,27.60,22.20
08:06:54,27.60,22.20
08:07:04,27.60,22.20
08:07:14,27.60,22.20
08:07:24,27.60,22.20
08:07:34,27.60,22.20
08:07:44,27.60,22.20
08:07:54,27.60,22.20
08:08:04,27.60,22.20
08:08:14,27.60,22.20
08:08:24,27.60,22.20
08:08:34,27.60,22.20
08:08:44,27.60,22.20
08:08:54,27.60,22.20
08:09:04,27.60,22.20
08:09:14,27.60,22.20
08:09:24,27.60,22.20
08:09:34,27.60,22.20
08:09:44,27.60,22.20
08:09:54,27.60,22.20
08:10:04,27.60,22.20
08:10:14,27.60,22.20
08:10:24,27.60,22.20
08:10:34,27.60,22.20
08:10:44,27.60,22.20
08:10:54,27.60,22.20
08:11:04,27.60,22.20
08:11:14,27.60,22.20
08:11:24,27.60,22.20
08:11:34,27.60,22.20
08:11:44,27.60,22.20
08:11:54,27.60,22.20
08:12:04,27.60,22.20
08:12:14,27.60,22.20
08:12:24,27.60,22.20
08:12:34,27.60,22.20
08:12:44,27.60,22.20
08:12:54,27.60,22.20
08:13:04,27.60,22.20
08:13:14,27.60,22.20
08:13:24,27.60,22.20
08:13:34,27.60,22.20
08:13:44,27.60,22.20
08:13:54,27.60,22.20
08:14:04,27.60,22.20
08:14:14,27.60,22.20
08:14:24,27.60,22.20
08:14:34,27.60,22.20
08:14:44,27.60,22.20
08:14:54,27.60,22.20
08:15:04,27.60,22.20
08:15:14,27.60,22.20
08:15:24,27.60,22.20
08:15:34,27.60,22.20
08:15:44,27.60,22.20
08:15:54,27.60,22.20
08:16:04,27.60,22.20
08:16:14,27.60,22.20
08:16:24,27.60,22.20
08:16:34,27.60,22.20
08:16:44,27.60,22.20
08:16:54,27.60,22.20
08:17:04,27.60,22.20
08:17:14,27.60,22.20
08:17:24,27.60,22.20
08:17:34,27.60,22.20
08:17:44,27.60,22.20
08:17:54,27.60,22.20
08:18:04,27.60,22.20
08:18:14,27.60,22.20
08:18:24,27.60,22.20
08:18:34,27.60,22.20
08:18:44,27.60,22.20
08:18:54,27.60,22.20
08:19:04,27.60,22.20
08:19:14,27.60,22.20
08:19:24,27.60,22.20
08:19:34,27.60,22.20
08:19:44,27.60,22.20
08:19:54,27.60,22.20
08:20:04,27.60,22.20
08:20:14,27.60,22.20
08:20:24,27.60,22.20
08:20:34,27.60,22.20
08:20:44,27.60,22.20
08:20:54,27.60,22.20
08:21:04,27.60,22.20
08:21:14,27.60,22.20
08:21:24,27.60,22.20
08:21:34,27.60,22.20
08:21:44,27.60,22.20
08:21:54,27.60,22.20
08:22:04,27.60,22.20
08:22:14,27.60,22.20
08:22:24,27.60,22.20
08:22:34,27.60,22.20
08:22:44,27.60,22.20
08:22:54,27.60,22.20
08:23:04,27.60,22.20
08:23:14,27.60,22.20
08:23:24,27.60,22.20
08:23:34,27.60,22.20
08:23:44,27.60,22.20
08:23:54,27.60,22.20
08:24:04,27.60,22.20
08:24:14,27.60,22.20
08:24:24,27.60,22.20
08:24:34,27.60,22.20
08:24:44,27.60,22.20
08:24:54,27.60,22.20
08:25:04,27.60,22.20
08:25:14,27.60,22.20
08:25:24,27.60,22.20
08:25:34,27.60,22.20
08:25:44,27.60,22.20
08:25:54,27.60,22.20
08:26:04,27.60,22.20
08:26:14,27.60,22.20
08:26:24,27.60,22.20
08:26:34,27.60,22.20
08:26:44,27.60,22.20
08:26:54,27.60,22.20
08:27:04,27.60,22.20
08:27:14,27.60,22.20
08:27:24,27.60,22.20
08:27:34,27.60,22.20
08:27:44,27.60,22.20
08:27:54,27.60,22.20
08:28:04,27.60,22.20
08:28:14,27.60,22.20
08:28:24,27.60,22.20
08:28:34,27.60,22.20
08:28:44,27.60,22.20
08:28:54,27.60,22.20
08:29:04,27.60,22.20
08:29:14,27.60,22.20
08:29:24,27.60,22.20
08:29:34,27.60,22.20
08:29:44,27.60,22.20
08:29:54,27.60,22.20
08:30:04,27.60,22.20
08:30:14,27.60,22.20
08:30:24,27.60,22.20
08:30:34,27.60,22.20
08:30:44,27.60,22.20
08:30:54,27.60,22.20
08:31:04,27.60,22.20
08:31:14,27.60,22.20
08:31:24,27.60,22.20
08:31:34,27.60,22.20
08:31:44,27.60,22.20
08:31:54,27.60,22.20
08:32:04,27.60,22.20
08:32:14,27.60,22.20
08:32:24,27.60,22.20
08:32:34,27.60,22.20
08:32:44,27.60,22.20
08:32:54,27.60,22.20
08:33:04,27.60,22.20
08:33:14,27.60,22.20
08:33:24,27.60,22.20
08:33:34,27.60,22.20
08:33:44,27.60,22.20
08:33:54,27.60,22.20
08:34:04,27.60,22.20
08:34:14,27.60,22.20
08:34:24,27.60,22.20
08:34:34,27.60,22.20
08:34:44,27.60,22.20
08:34:54,27.60,22.20
08:35:04,27.60,22.20
08:35:14,27.60,22.20
08:35:24,27.60,22.20
08:35:34,27.60,22.20
08:35:44,27.60,22.20
08:35:54,27.60,22.20
08:36:04,27.60,22.20
08:36:14,27.60,22.20
08:36:24,27.60,22.20
08:36:34,27.60,22.20
08:36:44,27.60,22.20
08:36:54,27.60,22.20
08:37:04,27.60,22.20
08:37:14,27.60,22.20
08:37:24,27.60,22.20
08:37:34,27.60,22.20
08:37:44,27.60,22.20
08:37:54,27.60,22.20
08:38:04,27.60,22.20
08:38:14,27.60,22.20
08:38:24,27.60,22.20
08:38:34,27.60,22.20
08:38:44,27.60,22.20
08:38:54,27.60,22.20
08:39:04,27.60,22.20
08:39:14,27.60,22.20
08:39:24,27.60,22.20
08:39:34,27.60,22.20
08:39:44,27.60,22.20
08:39:54,27.60,22.20
08:40:04,27.60,22.20
08:40:14,27.60,22.20
08:40:24,27.60,22.20
08:40:34,27.60,22.20
08:40:44,27.60,22.20
08:40:54,27.60,22.20
08:41:04,27.60,22.20
08:41:14,27.60,22.20
08:41:24,27.60,22.20
08:41:34,27.60,22.20
08:41:44,27.60,22.20
08:41:54,27.60,22.20
08:42:04,27.60,22.20
08:42:14,27.60,22.20
08:42:24,27.60,22.20
08:42:34,27.60,22.20
08:42:44,27.60,22.20
08:42:54,27.60,22.20
08:43:04,27.60,22.20
08:43:14,27.60,22.20
08:43:24,27.60,22.20
08:43:34,27.60,22.20
08:43:44,27.60,22.20
08:43:54,27.60,22.20
08:44:04,27.60,22.20
08:44:14,27.60,22.20
08:44:24,27.60,22.20
08:44:34,27.60,22.20
08:44:44,27.60,22.20
08:44:54,27.60,22.20
08:45:04,27.60,22.20
08:45:14,27.60,22.20
08:45:24,27.60,22.20
08:45:34,27.60,22.20
08:45:44,27.60,22.20
08:45:54,27.60,22.20
08:46:04,27.60,22.20
08:46:14,27.60,22.20
08:46:24,27.60,22.20
08:46:34,27.60,22.20
08:46:44,27.60,22.20
08:46:54,27.60,22.20
08:47:04,27.60,22.20
08:47:14,27.60,22.20
08:47:24,27.60,22.20
08:47:34,27.60,22.20
08:47:44,27.60,22.20
08:47:54,27.60,22.20
08:48:04,27.60,22.20
08:48:14,27.60,22.20
08:48:24,27.60,22.20
08:48:34,27.60,22.20
08:48:44,27.60,22.20
08:48:54,27.60,22.20
08:49:04,27.60,22.20
08:49:14,27.60,22.20
08:49:24,27.60,22.20
08:49:34,27.60,22.20
08:49:44,27.60,22.20
08:49:54,27.60,22.20
08:50:04,27.60,22.20
08:50:14,27.60,22.20
08:50:24,27.60,22.20
08:50:34,27.60,22.20
08:50:44,27.60,22.20
08:50:54,27.60,22.20
08:51:04,27.60,22.20
08:51:14,27.60,22.20
08:51:24,27.60,22.20
08:51:34,27.60,22.20
08:51:44,27.60,22.20
08:51:54,27.60,22.20
08:52:04,27.60,22.20
08:52:14,27.60,22.20
08:52:24,27.60,22.20
08:52:34,27.60,22.20
08:52:44,27.60,22.20
08:52:54,27.60,22.20
08:53:04,27.60,22.20
08:53:14,27.60,22.20
08:53:24,27.60,22.20
08:53:34,27.60,22.20
08:53:44,27.60,22.20
08:53:54,27.60,22.20
08:54:04,27.60,22.20
08:54:14,27.60,22.20
08:54:24,27.60,22.20
08:54:34,27.60,22.20
08:54:44,27.60,22.20
08:54:54,27.60,22.20
08:55:04,27.60,22.20
08:55:14,27.60,22.20
08:55:24,27.60,22.20
08:55:34,27.60,22.20
08:55:44,27.60,22.20
08:55:54,27.60,22.20
08:56:04,27.60,22.20
08:56:14,27.60,22.20
08:56:24,27.60,22.20
08:56:34,27.60,22.20
08:56:44,27.60,22.20
08:56:54,27.60,22.20
08:57:04,27.60,22.20
08:57:14,27.60,22.20
08:57:24,27.60,22.20
08:57:34,27.60,22.20
08:57:44,27.60,22.20
08:57:54,27.60,22.20
08:58:04,27.60,22.20
08:58:14,27.60,22.20
08:58:24,27.60,22.20
08:58:34,27.60,22.20
08:58:44,27.60,22.20
08:58:54,27.60,22.20
08:59:04,27.60,22.20
08:59:14,27.60,22.20
08:59:24,27.60,22.20
08:59:34,27.60,22.20
08:59:44,27.60,22.20
08:59:54,27.60,22.20
09:00:04,27.60,22.20
09:00:14,27.60,22.20
09:00:24,27.60,22.20
09:00:34,27.60,22.20
09:00:44,27.60,22.20
09:00:54,27.60,22.20
09:01:04,27.60,22.20
09:01:14,27.60,22.20
09:01:24,27.60,22.20
09:01:34,27.60,22.20
09:01:44,27.60,22.20
09:01:54,27.60,22.20
09:02:04,27.60,22.20
09:02:14,27.60,22.20
09:02:24,27.60,22.20
09:02:34,27.60,22.20
09:02:44,27.60,22.20
09:02:54,27.60,22.20
09:03:04,27.60,22.20
09:03:14,27.60,22.20
09:03:24,27.60,22.20
09:03:34,27.60,22.20
09:03:44,27.60,22.20
09:03:54,27.60,22.20
09:04:04,27.60,22.20
09:04:14,27.60,22.20
09:04:24,27.60,22.20
09:04:34,27.60,22.20
09:04:44,27.60,22.20
09:04:54,27.60,22.20
09:05:04,27.60,22.20
09:05:14,27.60,22.20
09:05:24,27.60,22.20
09:05:34,27.60,22.20
09:05:44,27.60,22.20
09:05:54,27.60,22.20
09:06:04,27.60,22.20
09:06:14,27.60,22.20
09:06:24,27.60,22.20
09:06:34,27.60,22.20
09:06:44,27.60,22.20
09:06:54,27.60,22.20
09:07:04,27.60,22.20
09:07:14,27.60,22.20
09:07:24,27.60,22.20
09:07:34,27.60,22.20
09:07:44,27.60,22.20
09:07:54,27.60,22.20
09:08:04,27.60,22.20
09:08:14,27.60,22.20
09:08:24,27.60,22.20
09:08:34,27.60,22.20
09:08:44,27.60,22.20
09:08:54,27.60,22.20
09:09:04,27.60,22.20
09:09:14,27.60,22.20
09:09:24,27.60,22.20
09:09:34,27.60,22.20
09:09:44,27.60,22.20
09:09:54,27.60,22.20
09:10:04,27.60,22.20
09:10:14,27.60,22.20
09:10:24,27.60,22.20
09:10:34,27.60,22.20
09:10:44,27.60,22.20
09:10:54,27.60,22.20
09:11:04,27.60,22.20
09:11:14,27.60,22.20
09:11:24,27.60,22.20
09:11:34,27.60,22.20
09:11:44,27.60,22.20
09:11:54,27.60,22.20
09:12:04,27.60,22.20
09:12:14,27.60,22.20
09:12:24,27.60,22.20
09:12:34,27.60,22.20
09:12:44,27.60,22.20
09:12:54,27.60,22.20
09:13:04,27.60,22.20
09:13:14,27.60,22.20
09:13:24,27.60,22.20
09:13:34,27.60,22.20
09:13:44,27.60,22.20
09:13:54,27.60,22.20
09:14:04,27.60,22.20
09:14:14,27.60,22.20
09:14:24,27.60,22.20
09:14:34,27.60,22.20
09:14:44,27.60,22.20
09:14:54,27.60,22.20
09:15:04,27.60,22.20
09:15:14,27.60,22.20
09:15:24,27.60,22.20
09:15:34,27.60,22.20
09:15:44,27.60,22.20
09:15:54,27.60,22.20
09:16:04,27.60,22.20
09:16:14,27.60,22.20
09:16:24,27.60,22.20
09:16:34,27.60,22.20
09:16:44,27.60,22.20
09:16:54,27.60,22.20
09:17:04,27.60,22.20
09:17:14,27.60,22.20
09:17:24,27.60,22.20
09:17:34,27.60,22.20
09:17:44,27.60,22.20
09:17:54,27.60,22.20
09:18:04,27.60,22.20
09:18:14,27.60,22.20
09:18:24,27.60,22.20
09:18:34,27.60,22.20
09:18:44,27.60,22.20
09:18:54,27.60,22.20
09:19:04,27.60,22.20
09:19:14,27.60,22.20
09:19:24,27.60,22.20
09:19:34,27.60,22.20
09:19:44,27.60,22.20
09:19:54,27.60,22.20
09:20:04,27.60,22.20
09:20:14,27.60,22.20
09:20:24,27.60,22.20
09:20:34,27.60,22.20
09:20:44,27.60,22.20
09:20:54,27.60,22.20
09:21:04,27.60,22.20
09:21:14,27.60,22.20
09:21:24,27.60,22.20
09:21:34,27.60,22.20
09:21:44,27.60,22.20
09:21:54,27.60,22.20
09:22:04,27.60,22.20
09:22:14,27.60,22.20
09:22:24,27.60,22.20
09:22:34,27.60,22.20
09:22:44,27.60,22.20
09:22:54,27.60,22.20
09:23:04,27.60,22.20
09:23:14,27.60,22.20
09:23:24,27.60,22.20
09:23:34,27.60,22.20
09:23:44,27.60,22.20
09:23:54,27.60,22.20
09:24:04,27.60,22.20
09:24:14,27.60,22.20
09:24:24,27.60,22.20
09:24:34,27.60,22.20
09:24:44,27.60,22.20
09:24:54,27.60,22.20
09:25:04,27.60,22.20
09:25:14,27.60,22.20
09:25:24,27.60,22.20
09:25:34,27.60,22.20
09:25:44,27.60,22.20
09:25:54,27.60,22.20
09:26:04,27.60,22.20
09:26:14,27.60,22.20
09:26:24,27.60,22.20
09:26:34,27.60,22.20
09:26:44,27.60,22.20
09:26:54,27.60,22.20
09:27:04,27.60,22.20
09:27:14,27.60,22.20
09:27:24,27.60,22.20
09:27:34,27.60,22.20
09:27:44,27.60,22.20
09:27:54,27.60,22.20
09:28:04,27.60,22.20
09:28:14,27.60,22.20
09:28:24,27.60,22.20
09:28:34,27.60,22.20
09:28:44,27.60,22.20
09:28:54,27.60,22.20
09:29:04,27.60,22.20
09:29:14,27.60,22.20
09:29:24,27.60,22.20
09:29:34,27.60,22.20
09:29:44,27.60,22.20
09:29:54,27.60,22.20
09:30:04,27.60,22.20
09:30:14,27.60,22.20
09:30:24,27.60,22.20
09:30:34,27.60,22.20
09:30:44,27.60,22.20
09:30:54,27.60,22.20
09:31:04,27.60,22.20
09:31:14,27.60,22.20
09:31:24,27.60,22.20
09:31:34,27.60,22.20
09:31:44,27.60,22.20
09:31:54,27.60,22.20
09:32:04,27.60,22.20
09:32:14,27.60,22.20
09:32:24,27.60,22.20
09:32:34,27.60,22.20
09:32:44,27.60,22.20
09:32:54,27.60,22.20
09:33:04,27.60,22.20
09:33:14,27.60,22.20
09:33:24,27.60,22.20
09:33:34,27.60,22.20
09:33:44,27.60,22.20
09:33:54,27.60,22.20
09:34:04,27.60,22.20
09:34:14,27.60,22.20
09:34:24,27.60,22.20
09:34:34,27.60,22.20
09:34:44,27.60,22.20
09:34:54,27.60,22.20
09:35:04,27.60,22.20
09:35:14,27.60,22.20
09:35:24,27.60,22.20
09:35:34,27.60,22.20
09:35:44,27.60,22.20
09:35:54,27.60,22.20
09:36:04,27.60,22.20
09:36:14,27.60,22.20
09:36:24,27.60,22.20
09:36:34,27.60,22.20
09:36:44,27.60,22.20
09:36:54,27.60,22.20
09:37:04,27.60,22.20
09:37:14,27.60,22.20
09:37:24,27.60,22.20
09:37:34,27.60,22.20
09:37:44,27.60,22.20
09:37:54,27.60,22.20
09:38:04,27.60,22.20
09:38:14,27.60,22.20
09:38:24,27.60,22.20
09:38:34,27.60,22.20
09:38:44,27.60,22.20
09:38:54,27.60,22.20
09:39:04,27.60,22.20
09:39:14,27.60,22.20
09:39:24,27.60,22.20
09:39:34,27.60,22.20
09:39:44,27.60,22.20
09:39:54,27.60,22.20
09:40:04,27.60,22.20
09:40:14,27.60,22.20
09:40:24,27.60,22.20
09:40:34,27.60,22.20
09:40:44,27.60,22.20
09:40:54,27.60,22.20
09:41:04,27.60,22.20
09:41:14,27.60,22.20
09:41:24,27.60,22.20
09:41:34,27.60,22.20
09:41:44,27.60,22.20
09:41:54,27.60,22.20
09:42:04,27.60,22.20
09:42:14,27.60,22.20
09:42:24,27.60,22.20
09:42:34,27.60,22.20
09:42:44,27.60,22.20
09:42:54,27.60,22.20
09:43:04,27.60,22.20
09:43:14,27.60,22.20
09:43:24,27.60,22.20
09:43:34,27.60,22.20
09:43:44,27.60,22.20
09:43:54,27.60,22.20
09:44:04,27.60,22.20
09:44:14,27.60,22.20
09:44:24,27.60,22.20
09:44:34,27.60,22.20
09:44:44,27.60,22.20
09:44:54,27.60,22.20
09:45:04,27.60,22.20
09:45:14,27.60,22.20
09:45:24,27.60,22.20
09:45:34,27.60,22.20
09:45:44,27.60,22.20
09:45:54,27.60,22.20
09:46:04,27.60,22.20
09:46:14,27.60,22.20
09:46:24,27.60,22.20
09:46:34,27.60,22.20
09:46:44,27.60,22.20
09:46:54,27.60,22.20
09:47:04,27.60,22.20
09:47:14,27.60,22.20
09:47:24,27.60,22.20
09:47:34,27.60,22.20
09:47:44,27.60,22.20
09:47:54,27.60,22.20
09:48:04,27.60,22.20
09:48:14,27.60,22.20
09:48:24,27.60,22.20
09:48:34,27.60,22.20
09:48:44,27.60,22.20
09:48:54,27.60,22.20
09:49:04,27.60,22.20
09:49:14,27.60,22.20
09:49:24,27.60,22.20
09:49:34,27.60,22.20
09:49:44,27.60,22.20
09:49:54,27.60,22.20
09:50:04,27.60,22.20
09:50:14,27.60,22.20
09:50:24,27.60,22.20
09:50:34,27.60,22.20
09:50:44,27.60,22.20
09:50:54,27.60,22.20
09:51:04,27.60,22.20
09:51:14,27.60,22.20
09:51:24,27.60,22.20
09:51:34,27.60,22.20
09:51:44,27.60,22.20
09:51:54,27.60,22.20
09:52:04,27.60,22.20
09:52:14,27.60,22.20
09:52:24,27.60,22.20
09:52:34,27.60,22.20
09:52:44,27.60,22.20
09:52:54,27.60,22.20
09:53:04,27.60,22.20
09:53:14,27.60,22.20
09:53:24,27.60,22.20
09:53:34,27.60,22.20
09:53:44,27.60,22.20
09:53:54,27.60,22.20
09:54:04,27.60,22.20
09:54:14,27.60,22.20
09:54:24,27.60,22.20
09:54:34,27.60,22.20
09:54:44,27.60,22.20
09:54:54,27.60,22.20
09:55:04,27.60,22.20
09:55:14,27.60,22.20
09:55:24,27.60,22.20
09:55:34,27.60,22.20
09:55:44,27.60,22.20
09:55:54,27.60,22.20
09:56:04,27.60,22.20
09:56:14,27.60,22.20
09:56:24,27.60,22.20
09:56:34,27.60,22.20
09:56:44,27.60,22.20
09:56:54,27.60,22.20
09:57:04,27.60,22.20
09:57:14,27.60,22.20
09:57:24,27.60,22.20
09:57:34,27.60,22.20
09:57:44,27.60,22.20
09:57:54,27.60,22.20
09:58:04,27.60,22.20
09:58:14,27.60,22.20
09:58:24,27.60,22.20
09:58:34,27.60,22.20
09:58:44,27.60,22.20
09:58:54,27.60,22.20
09:59:04,27.60,22.20
09:59:14,27.60,22.20
09:59:24,27.60,22.20
09:59:34,27.60,22.20
09:59:44,27.60,22.20
09:59:54,27.60,22.20
10:00:04,27.60,22.20
10:00:14,27.60,22.20
10:00:24,27.60,22.20
10:00:34,27.60,22.20
10:00:44,27.60,22.20
10:00:54,27.60,22.20
10:01:04,27.60,22.20
10:01:14,27.60,22.20
10:01:24,27.60,22.20
10:01:34,27.60,22.20
10:01:44,27.60,22.20
10:01:54,27.60,22.20
10:02:04,27.60,22.20
10:02:14,27.60,22.20
10:02:24,27.60,22.20
10:02:34,27.60,22.20
10:02:44,27.60,22.20
10:02:54,27.60,22.20
10:03:04,27.60,22.20
10:03:14,27.60,22.20
10:03:24,27.60,22.20
10:03:34,27.60,22.20
10:03:44,27.60,22.20
10:03:54,27.60,22.20
10:04:04,27.60,22.20
10:04:14,27.60,22.20
10:04:24,27.60,22.20
10:04:34,27.60,22.20
10:04:44,27.60,22.20
10:04:54,27.60,22.20
10:05:04,27.60,22.20
10:05:14,27.60,22.20
10:05:24,27.60,22.20
10:05:34,27.60,22.20
10:05:44,27.60,22.20
10:05:54,27.60,22.20
10:06:04,27.60,22.20
10:06:14,27.60,22.20
10:06:24,27.60,22.20
10:06:34,27.60,22.20
10:06:44,27.60,22.20
10:06:54,27.60,22.20
10:07:04,27.60,22.20
10:07:14,27.60,22.20
10:07:24,27.60,22.20
10:07:34,27.60,22.20
10:07:44,27.60,22.20
10:07:54,27.60,22.20
10:08:04,27.60,22.20
10:08:14,27.60,22.20
10:08:24,27.60,22.20
10:08:34,27.60,22.20
10:08:44,27.60,22.20
10:08:54,27.60,22.20
10:09:04,27.60,22.20
10:09:14,27.60,22.20
10:09:24,27.60,22.20
10:09:34,27.60,22.20
10:09:44,27.60,22.20
10:09:54,27.60,22.20
10:10:04,27.60,22.20
10:10:14,27.60,22.20
10:10:24,27.60,22.20
10:10:34,27.60,22.20
10:10:44,27.60,22.20
10:10:54,27.60,22.20
10:11:04,27.60,22.20
10:11:14,27.60,22.20
10:11:24,27.60,22.20
10:11:34,27.60,22.20
10:11:44,27.60,22.20
10:11:54,27.60,22.20
10:12:04,27.60,22.20
10:12:14,27.60,22.20
10:12:24,27.60,22.20
10:12:34,27.60,22.20
10:12:44,27.60,22.20
10:12:54,27.60,22.20
10:13:04,27.60,22.20
10:13:14,27.60,22.20
10:13:24,27.60,22.20
10:13:34,27.60,22.20
10:13:44,27.60,22.20
10:13:54,27.60,22.20
10:14:04,27.60,22.20
10:14:14,27.60,22.20
10:14:24,27.60,22.20
10:14:34,27.60,22.20
10:14:44,27.60,22.20
10:14:54,27.60,22.20
10:15:04,27.60,22.20
10:15:14,27.60,22.20
10:15:24,27.60,22.20
10:15:34,27.60,22.20
10:15:44,27.60,22.20
10:15:54,27.60,22.20
10:16:04,27.60,22.20
10:16:14,27.60,22.20
10:16:24,27.60,22.20
10:16:34,27.60,22.20
10:16:44,27.60,22.20
10:16:54,27.60,22.20
10:17:04,27.60,22.20
10:17:14,27.60,22.20
10:17:24,27.60,22.20
10:17:34,27.60,22.20
10:17:44,27.60,22.20
10:17:54,27.60,22.20
10:18:04,27.60,22.20
10:18:14,27.60,22.20
10:18:24,27.60,22.20
10:18:34,27.60,22.20
10:18:44,27.60,22.20
10:18:54,27.60,22.20
10:19:04,27.60,22.20
10:19:14,27.60,22.20
10:19:24,27.60,22.20
10:19:34,27.60,22.20
10:19:44,27.60,22.20
10:19:54,27.60,22.20
10:20:04,27.60,22.20
10:20:14,27.60,22.20
10:20:24,27.60,22.20
10:20:34,27.60,22.20
10:20:44,27.60,22.20
10:20:54,27.60,22.20
10:21:04,27.60,22.20
10:21:14,27.60,22.20
10:21:24,27.60,22.20
10:21:34,27.60,22.20
10:21:44,27.60,22.20
10:21:54,27.60,22.20
10:22:04,27.60,22.20
10:22:14,27.60,22.20
10:22:24,27.60,22.20
10:22:34,27.60,22.20
10:22:44,27.60,22.20
10:22:54,27.60,22.20
10:23:04,27.60,22.20
10:23:14,27.60,22.20
10:23:24,27.60,22.20
10:23:34,27.60,22.20
10:23:44,27.60,22.20
10:23:54,27.60,22.20
10:24:04,27.60,22.20
10:24:14,27.60,22.20
10:24:24,27.60,22.20
10:24:34,27.60,22.20
10:24:44,27.60,22.20
10:24:54,27.60,22.20
10:25:04,27.60,22.20
10:25:14,27.60,22.20
10:25:24,27.60,22.20
10:25:34,27.60,22.20
10:25:44,27.60,22.20
10:25:54,27.60,22.20
10:26:04,27.60,22.20
10:26:14,27.60,22.20
10:26:24,27.60,22.20
10:26:34,27.60,22.20
10:26:44,27.60,22.20
10:26:54,27.60,22.20
10:27:04,27.60,22.20
10:27:14,27.60,22.20
10:27:24,27.60,22.20
10:27:34,27.60,22.20
10:27:44,27.60,22.20
10:27:54,27.60,22.20
10:28:04,27.60,22.20
10:28:14,27.60,22.20
10:28:24,27.60,22.20
10:28:34,27.60,22.20
10:28:44,27.60,22.20
10:28:54,27.60,22.20
10:29:04,27.60,22.20
10:29:14,27.60,22.20
10:29:24,27.60,22.20
10:29:34,27.60,22.20
10:29:44,27.60,22.20
10:29:54,27.60,22.20
10:30:04,27.60,22.20
10:30:14,27.60,22.20
10:30:24,27.60,22.20
10:30:34,27.60,22.20
10:30:44,27.60,22.20
10:30:54,27.60,22.20
10:31:04,27.60,22.20
10:31:14,27.60,22.20
10:31:24,27.60,22.20
10:31:34,27.60,22.20
10:31:44,27.60,22.20
10:31:54,27.60,22.20
10:32:04,27.60,22.20
10:32:14,27.60,22.20
10:32:24,27.60,22.20
10:32:34,27.60,22.20
10:32:44,27.60,22.20
10:32:54,27.60,22.20
10:33:04,27.60,22.20
10:33:14,27.60,22.20
10:33:24,27.60,22.20
10:33:34,27.60,22.20
10:33:44,27.60,22.20
10:33:54,27.60,22.20
10:34:04,27.60,22.20
10:34:14,27.60,22.20
10:34:24,27.60,22.20
10:34:34,27.60,22.20
10:34:44,27.60,22.20
10:34:54,27.60,22.20
10:35:04,27.60,22.20
10:35:14,27.60,22.20
10:35:24,27.60,22.20
10:35:34,27.60,22.20
10:35:44,27.60,22.20
10:35:54,27.60,22.20
10:36:04,27.60,22.20
10:36:14,27.60,22.20
10:36:24,27.60,22.20
10:36:34,27.60,22.20
10:36:44,27.60,22.20
10:36:54,27.60,22.20
10:37:04,27.60,22.20
10:37:14,27.60,22.20
10:37:24,27.60,22.20
10:37:34,27.60,22.20
10:37:44,27.60,22.20
10:37:54,27.60,22.20
10:38:04,27.60,22.20
10:38:14,27.60,22.20
10:38:24,27.60,22.20
10:38:34,27.60,22.20
10:38:44,27.60,22.20
10:38:54,27.60,22.20
10:39:04,27.60,22.20
10:39:14,27.60,22.20
10:39:24,27.60,22.20
10:39:34,27.60,22.20
10:39:44,27.60,22.20
10:39:54,27.60,22.20
10:40:04,27.60,22.20
10:40:14,27.60,22.20
10:40:24,27.60,22.20
10:40:34,27.60,22.20
10:40:44,27.60,22.20
10:40:54,27.60,22.20
10:41:04,27.60,22.20
10:41:14,27.60,22.20
10:41:24,27.60,22.20
10:41:34,27.60,22.20
10:41:44,27.60,22.20
10:41:54,27.60,22.20
10:42:04,27.60,22.20
10:42:14,27.60,22.20
10:42:24,27.60,22.20
10:42:34,27.60,22.20
10:42:44,27.60,22.20
10:42:54,27.60,22.20
10:43:04,27.60,22.20
10:43:14,27.60,22.20
10:43:24,27.60,22.20
10:43:34,27.60,22.20
10:43:44,27.60,22.20
10:43:54,27.60,22.20
10:44:04,27.60,22.20
10:44:14,27.60,22.20
10:44:24,27.60,22.20
10:44:34,27.60,22.20
10:44:44,27.60,22.20
10:44:54,27.60,22.20
10:45:04,27.60,22.20
10:45:14,27.60,22.20
10:45:24,27.60,22.20
10:45:34,27.60,22.20
10:45:44,27.60,22.20
10:45:54,27.60,22.20
10:46:04,27.60,22.20
10:46:14,27.60,22.20
10:46:24,27.60,22.20
10:46:34,27.60,22.20
10:46:44,27.60,22.20
10:46:54,27.60,22.20
10:47:04,27.60,22.20
10:47:14,27.60,22.20
10:47:24,27.60,22.20
10:47:34,27.60,22.20
10:47:44,27.60,22.20
10:47:54,27.60,22.20
10:48:04,27.60,22.20
10:48:14,27.60,22.20
10:48:24,27.60,22.20
10:48:34,27.60,22.20
10:48:44,27.60,22.20
10:48:54,27.60,22.20
10:49:04,27.60,22.20
10:49:14,27.60,22.20
10:49:24,27.60,22.20
10:49:34,27.60,22.20
10:49:44,27.60,22.20
10:49:54,27.60,22.20
10:50:04,27.60,22.20
10:50:14,27.60,22.20
10:50:24,27.60,22.20
10:50:34,27.60,22.20
10:50:44,27.60,22.20
10:50:54,27.60,22.20
10:51:04,27.60,22.20
10:51:14,27.60,22.20
10:51:24,27.60,22.20
10:51:34,27.60,22.20
10:51:44,27.60,22.20
10:51:54,27.60,22.20
10:52:04,27.60,22.20
10:52:14,27.60,22.20
10:52:24,27.60,22.20
10:52:34,27.60,22.20
10:52:44,27.60,22.20
10:52:54,27.60,22.20
10:53:04,27.60,22.20
10:53:14,27.60,22.20
10:53:24,27.60,22.20
10:53:34,27.60,22.20
10:53:44,27.60,22.20
10:53:54,27.60,22.20
10:54:04,27.60,22.20
10:54:14,27.60,22.20
10:54:24,27.60,22.20
10:54:34,27.60,22.20
10:54:44,27.60,22.20
10:54:54,27.60,22.20
10:55:04,27.60,22.20
10:55:14,27.60,22.20
10:55:24,27.60,22.20
10:55:34,27.60,22.20
10:55:44,27.60,22.20
10:55:54,27.60,22.20
10:56:04,27.60,22.20
10:56:14,27.60,22.20
10:56:24,27.60,22.20
10:56:34,27.60,22.20
10:56:44,27.60,22.20
10:56:54,27.60,22.20
10:57:04,27.60,22.20
10:57:14,27.60,22.20
10:57:24,27.60,22.20
10:57:34,27.60,22.20
10:57:44,27.60,22.20
10:57:54,27.60,22.20
10:58:04,27.60,22.20
10:58:14,27.60,22.20
10:58:24,27.60,22.20
10:58:34,27.60,22.20
10:58:44,27.60,22.20
10:58:54,27.60,22.20
10:59:04,27.60,22.20
10:59:14,27.60,22.20
10:59:24,27.60,22.20
10:59:34,27.60,22.20
10:59:44,27.60,22.20
10:59:54,27.60,22.20
11:00:04,27.60,22.20
11:00:14,27.60,22.20
11:00:24,27.60,22.20
11:00:34,27.60,22.20
11:00:44,27.60,22.20
11:00:54,27.60,22.20
11:01:04,27.60,22.20
11:01:14,27.60,22.20
11:01:24,27.60,22.20
11:01:34,27.60,22.20
11:01:44,27.60,22.20
11:01:54,27.60,22.20
11:02:04,27.60,22.20
11:02:14,27.60,22.20
11:02:24,27.60,22.20
11:02:34,27.60,22.20
11:02:44,27.60,22.20
11:02:54,27.60,22.20
11:03:04,27.60,22.20
11:03:14,27.60,22.20
11:03:24,27.60,22.20
11:03:34,27.60,22.20
11:03:44,27.60,22.20
11:03:54,27.60,22.20
11:04:04,27.60,22.20
11:04:14,27.60,22.20
11:04:24,27.60,22.20
11:04:34,27.60,22.20
11:04:44,27.60,22.20
11:04:54,27.60,22.20
11:05:04,27.60,22.20
11:05:14,27.60,22.20
11:05:24,27.60,22.20
11:05:34,27.60,22.20
11:05:44,27.60,22.20
11:05:54,27.60,22.20
11:06:04,27.60,22.20
11:06:14,27.60,22.20
11:06:24,27.60,22.20
11:06:34,27.60,22.20
11:06:44,27.60,22.20
11:06:54,27.60,22.20
11:07:04,27.60,22.20
11:07:14,27.60,22.20
11:07:24,27.60,22.20
11:07:34,27.60,22.20
11:07:44,27.60,22.20
11:07:54,27.60,22.20
11:08:04,27.60,22.20
11:08:14,27.60,22.20
11:08:24,27.60,22.20
11:08:34,27.60,22.20
11:08:44,27.60,22.20
11:08:54,27.60,22.20
11:09:04,27.60,22.20
11:09:14,27.60,22.20
11:09:24,27.60,22.20
11:09:34,27.60,22.20
11:09:44,27.60,22.20
11:09:54,27.60,22.20
11:10:04,27.60,22.20
11:10:14,27.60,22.20
11:10:24,27.60,22.20
11:10:34,27.60,22.20
11:10:44,27.60,22.20
11:10:54,27.60,22.20
11:11:04,27.60,22.20
11:11:14,27.60,22.20
11:11:24,27.60,22.20
11:11:34,27.60,22.20
11:11:44,27.60,22.20
11:11:54,27.60,22.20
11:12:04,27.60,22.20
11:12:14,27.60,22.20
11:12:24,27.60,22.20
11:12:34,27.60,22.20
11:12:44,27.60,22.20
11:12:54,27.60,22.20
11:13:05,27.60,22.20
11:13:14,27.60,22.20
11:13:24,27.60,22.20
11:13:34,27.60,22.20
11:13:44,27.60,22.20
11:13:54,27.60,22.20
11:14:04,27.60,22.20
11:14:14,27.60,22.20
11:14:24,27.60,22.20
11:14:34,27.60,22.20
11:14:44,27.60,22.20
11:14:54,27.60,22.20
11:15:04,27.60,22.20
11:15:14,27.60,22.20
11:15:24,27.60,22.20
11:15:34,27.60,22.20
11:15:44,27.60,22.20
11:15:54,27.60,22.20
11:16:04,27.60,22.20
11:16:14,27.60,22.20
11:16:24,27.60,22.20
11:16:34,27.60,22.20
11:16:44,27.60,22.20
11:16:54,27.60,22.20
11:17:04,27.60,22.20
11:17:14,27.60,22.20
11:17:24,27.60,22.20
11:17:34,27.60,22.20
11:17:44,27.60,22.20
11:17:54,27.60,22.20
11:18:04,27.60,22.20
11:18:14,27.60,22.20
11:18:24,27.60,22.20
11:18:34,27.60,22.20
11:18:44,27.60,22.20
11:18:54,27.60,22.20
11:19:04,27.60,22.20
11:19:14,27.60,22.20
11:19:24,27.60,22.20
11:19:34,27.60,22.20
11:19:44,27.60,22.20
11:19:54,27.60,22.20
11:20:04,27.60,22.20
11:20:14,27.60,22.20
11:20:24,27.60,22.20
11:20:34,27.60,22.20
11:20:44,27.60,22.20
11:20:54,27.60,22.20
11:21:04,27.60,22.20
11:21:14,27.60,22.20
11:21:24,27.60,22.20
11:21:34,27.60,22.20
11:21:44,27.60,22.20
11:21:54,27.60,22.20
11:22:04,27.60,22.20
11:22:14,27.60,22.20
11:22:24,27.60,22.20
11:22:34,27.60,22.20
11:22:44,27.60,22.20
11:22:54,27.60,22.20
11:23:04,27.60,22.20
11:23:14,27.60,22.20
11:23:24,27.60,22.20
11:23:34,27.60,22.20
11:23:44,27.60,22.20
11:23:54,27.60,22.20
11:24:04,27.60,22.20
11:24:14,27.60,22.20
11:24:24,27.60,22.20
11:24:34,27.60,22.20
11:24:44,27.60,22.20
11:24:54,27.60,22.20
11:25:04,27.60,22.20
11:25:14,27.60,22.20
11:25:24,27.60,22.20
11:25:34,27.60,22.20
11:25:44,27.60,22.20
11:25:54,27.60,22.20
11:26:04,27.60,22.20
11:26:14,27.60,22.20
11:26:24,27.60,22.20
11:26:34,27.60,22.20
11:26:44,27.60,22.20
11:26:54,27.60,22.20
11:27:04,27.60,22.20
11:27:14,27.60,22.20
11:27:24,27.60,22.20
11:27:34,27.60,22.20
11:27:44,27.60,22.20
11:27:54,27.60,22.20
11:28:04,27.60,22.20
11:28:14,27.60,22.20
11:28:24,27.60,22.20
11:28:34,27.60,22.20
11:28:44,27.60,22.20
11:28:54,27.60,22.20
11:29:04,27.60,22.20
11:29:14,27.60,22.20
11:29:24,27.60,22.20
11:29:34,27.60,22.20
11:29:44,27.60,22.20
11:29:54,27.60,22.20
11:30:04,27.60,22.20
11:30:14,27.60,22.20
11:30:24,27.60,22.20
11:30:34,27.60,22.20
11:30:44,27.60,22.20
11:30:54,27.60,22.20
11:31:04,27.60,22.20
11:31:14,27.60,22.20
11:31:24,27.60,22.20
11:31:34,27.60,22.20
11:31:44,27.60,22.20
11:31:54,27.60,22.20
11:32:04,27.60,22.20
11:32:14,27.60,22.20
11:32:24,27.60,22.20
11:32:34,27.60,22.20
11:32:44,27.60,22.20
11:32:54,27.60,22.20
11:33:04,27.60,22.20
11:33:14,27.60,22.20
11:33:24,27.60,22.20
11:33:34,27.60,22.20
11:33:44,27.60,22.20
11:33:54,27.60,22.20
11:34:04,27.60,22.20
11:34:14,27.60,22.20
11:34:24,27.60,22.20
11:34:34,27.60,22.20
11:34:44,27.60,22.20
11:34:54,27.60,22.20
11:35:04,27.60,22.20
11:35:14,27.60,22.20
11:35:24,27.60,22.20
11:35:34,27.60,22.20
11:35:44,27.60,22.20
11:35:54,27.60,22.20
11:36:04,27.60,22.20
11:36:14,27.60,22.20
11:36:24,27.60,22.20
11:36:34,27.60,22.20
11:36:44,27.60,22.20
11:36:54,27.60,22.20
11:37:04,27.60,22.20
11:37:14,27.60,22.20
11:37:24,27.60,22.20
11:37:34,27.60,22.20
11:37:44,27.60,22.20
11:37:54,27.60,22.20
11:38:04,27.60,22.20
11:38:14,27.60,22.20
11:38:24,27.60,22.20
11:38:34,27.60,22.20
11:38:44,27.60,22.20
11:38:54,27.60,22.20
11:39:04,27.60,22.20
11:39:14,27.60,22.20
11:39:24,27.60,22.20
11:39:34,27.60,22.20
11:39:44,27.60,22.20
11:39:54,27.60,22.20
11:40:04,27.60,22.20
11:40:14,27.60,22.20
11:40:24,27.60,22.20
11:40:34,27.60,22.20
11:40:44,27.60,22.20
11:40:54,27.60,22.20
11:41:04,27.60,22.20
11:41:14,27.60,22.20
11:41:24,27.60,22.20
11:41:34,27.60,22.20
11:41:44,27.60,22.20
11:41:54,27.60,22.20
11:42:04,27.60,22.20
11:42:14,27.60,22.20
11:42:24,27.60,22.20
11:42:34,27.60,22.20
11:42:44,27.60,22.20
11:42:54,27.60,22.20
11:43:04,27.60,22.20
11:43:14,27.60,22.20
11:43:24,27.60,22.20
11:43:34,27.60,22.20
11:43:44,27.60,22.20
11:43:54,27.60,22.20
11:44:04,27.60,22.20
11:44:14,27.60,22.20
11:44:24,27.60,22.20
11:44:34,27.60,22.20
11:44:44,27.60,22.20
11:44:54,27.60,22.20
11:45:04,27.60,22.20
11:45:14,27.60,22.20
11:45:24,27.60,22.20
11:45:34,27.60,22.20
11:45:44,27.60,22.20
11:45:54,27.60,22.20
11:46:04,27.60,22.20
11:46:14,27.60,22.20
11:46:24,27.60,22.20
11:46:34,27.60,22.20
11:46:44,27.60,22.20
11:46:54,27.60,22.20
11:47:04,27.60,22.20
11:47:14,27.60,22.20
11:47:24,27.60,22.20
11:47:34,27.60,22.20
11:47:44,27.60,22.20
11:47:54,27.60,22.20
11:48:04,27.60,22.20
11:48:14,27.60,22.20
11:48:24,27.60,22.20
11:48:34,27.60,22.20
11:48:44,27.60,22.20
11:48:54,27.60,22.20
11:49:04,27.60,22.20
11:49:14,27.60,22.20
11:49:24,27.60,22.20
11:49:34,27.60,22.20
11:49:44,27.60,22.20
11:49:54,27.60,22.20
11:50:04,27.60,22.20
11:50:14,27.60,22.20
11:50:24,27.60,22.20
11:50:34,27.60,22.20
11:50:44,27.60,22.20
11:50:54,27.60,22.20
11:51:04,27.60,22.20
11:51:14,27.60,22.20
11:51:24,27.60,22.20
11:51:34,27.60,22.20
11:51:44,27.60,22.20
11:51:54,27.60,22.20
11:52:04,27.60,22.20
11:52:14,27.60,22.20
11:52:24,27.60,22.20
11:52:34,27.60,22.20
11:52:44,27.60,22.20
11:52:54,27.60,22.20
11:53:04,27.60,22.20
11:53:14,27.60,22.20
11:53:24,27.60,22.20
11:53:34,27.60,22.20
11:53:44,27.60,22.20
11:53:54,27.60,22.20
11:54:04,27.60,22.20
11:54:14,27.60,22.20
11:54:24,27.60,22.20
11:54:34,27.60,22.20
11:54:44,27.60,22.20
11:54:54,27.60,22.20
11:55:04,27.60,22.20
11:55:14,27.60,22.20
11:55:24,27.60,22.20
11:55:34,27.60,22.20
11:55:44,27.60,22.20
11:55:54,27.60,22.20
11:56:04,27.60,22.20
11:56:14,27.60,22.20
11:56:24,27.60,22.20
11:56:34,27.60,22.20
11:56:44,27.60,22.20
11:56:54,27.60,22.20
11:57:04,27.60,22.20
11:57:14,27.60,22.20
11:57:24,27.60,22.20
11:57:34,27.60,22.20
11:57:44,27.60,22.20
11:57:54,27.60,22.20
11:58:04,27.60,22.20
11:58:14,27.60,22.20
11:58:24,27.60,22.20
11:58:34,27.60,22.20
11:58:44,27.60,22.20
11:58:54,27.60,22.20
11:59:04,27.60,22.20
11:59:14,27.60,22.20
11:59:24,27.60,22.20
11:59:34,27.60,22.20
11:59:44,27.60,22.20
11:59:54,27.60,22.20
12:00:04,27.60,22.20
12:00:14,27.60,22.20
12:00:24,27.60,22.20
12:00:34,27.60,22.20
12:00:44,27.60,22.20
12:00:54,27.60,22.20
12:01:04,27.60,22.20
12:01:14,27.60,22.20
12:01:24,27.60,22.20
12:01:34,27.60,22.20
12:01:44,27.60,22.20
12:01:54,27.60,22.20
12:02:04,27.60,22.20
12:02:14,27.60,22.20
12:02:24,27.60,22.20
12:02:34,27.60,22.20
12:02:44,27.60,22.20
12:02:54,27.60,22.20
12:03:04,27.60,22.20
12:03:14,27.60,22.20
12:03:24,27.60,22.20
12:03:34,27.60,22.20
12:03:44,27.60,22.20
12:03:54,27.60,22.20
12:04:04,27.60,22.20
12:04:14,27.60,22.20
12:04:24,27.60,22.20
12:04:34,27.60,22.20
12:04:44,27.60,22.20
12:04:54,27.60,22.20
12:05:04,27.60,22.20
12:05:14,27.60,22.20
12:05:24,27.60,22.20
12:05:34,27.60,22.20
12:05:44,27.60,22.20
12:05:54,27.60,22.20
12:06:04,27.60,22.20
12:06:14,27.60,22.20
12:06:24,27.60,22.20
12:06:34,27.60,22.20
12:06:44,27.60,22.20
12:06:54,27.60,22.20
12:07:04,27.60,22.20
12:07:14,27.60,22.20
12:07:24,27.60,22.20
12:07:34,27.60,22.20
12:07:44,27.60,22.20
12:07:54,27.60,22.20
12:08:04,27.60,22.20
12:08:14,27.60,22.20
12:08:24,27.60,22.20
12:08:34,27.60,22.20
12:08:44,27.60,22.20
12:08:54,27.60,22.20
12:09:04,27.60,22.20
12:09:14,27.60,22.20
12:09:24,27.60,22.20
12:09:34,27.60,22.20
12:09:44,27.60,22.20
12:09:54,27.60,22.20
12:10:04,27.60,22.20
12:10:14,27.60,22.20
12:10:24,27.60,22.20
12:10:34,27.60,22.20
12:10:44,27.60,22.20
12:10:54,27.60,22.20
12:11:04,27.60,22.20
12:11:14,27.60,22.20
12:11:24,27.60,22.20
12:11:34,27.60,22.20
12:11:44,27.60,22.20
12:11:54,27.60,22.20
12:12:04,27.60,22.20
12:12:14,27.60,22.20
12:12:24,27.60,22.20
12:12:34,27.60,22.20
12:12:44,27.60,22.20
12:12:54,27.60,22.20
12:13:04,27.60,22.20
12:13:14,27.60,22.20
12:13:24,27.60,22.20
12:13:34,27.60,22.20
12:13:44,27.60,22.20
12:13:54,27.60,22.20
12:14:04,27.60,22.20
12:14:14,27.60,22.20
12:14:24,27.60,22.20
12:14:34,27.60,22.20
12:14:44,27.60,22.20
12:14:54,27.60,22.20
12:15:04,27.60,22.20
12:15:14,27.60,22.20
12:15:24,27.60,22.20
12:15:34,27.60,22.20
12:15:44,27.60,22.20
12:15:54,27.60,22.20
12:16:04,27.60,22.20
12:16:14,27.60,22.20
12:16:24,27.60,22.20
12:16:34,27.60,22.20
12:16:44,27.60,22.20
12:16:54,27.60,22.20
12:17:04,27.60,22.20
12:17:14,27.60,22.20
12:17:24,27.60,22.20
12:17:34,27.60,22.20
12:17:44,27.60,22.20
12:17:54,27.60,22.20
12:18:04,27.60,22.20
12:18:14,27.60,22.20
12:18:24,27.60,22.20
12:18:34,27.60,22.20
12:18:44,27.60,22.20
12:18:54,27.60,22.20
12:19:04,27.60,22.20
12:19:14,27.60,22.20
12:19:24,27.60,22.20
12:19:34,27.60,22.20
12:19:44,27.60,22.20
12:19:54,27.60,22.20
12:20:04,27.60,22.20
12:20:14,27.60,22.20
12:20:24,27.60,22.20
12:20:34,27.60,22.20
12:20:44,27.60,22.20
12:20:54,27.60,22.20
12:21:04,27.60,22.20
12:21:14,27.60,22.20
12:21:24,27.60,22.20
12:21:34,27.60,22.20
12:21:44,27.60,22.20
12:21:54,27.60,22.20
12:22:04,27.60,22.20
12:22:14,27.60,22.20
12:22:24,27.60,22.20
12:22:34,27.60,22.20
12:22:45,27.60,22.20
12:22:54,27.60,22.20
12:23:04,27.60,22.20
12:23:14,27.60,22.20
12:23:24,27.60,22.20
12:23:34,27.60,22.20
12:23:44,27.60,22.20
12:23:55,27.60,22.20
12:24:04,27.60,22.20
12:24:14,27.60,22.20
12:24:24,27.60,22.20
12:24:34,27.60,22.20
12:24:44,27.60,22.20
12:24:54,27.60,22.20
12:25:04,27.60,22.20
12:25:14,27.60,22.20
12:25:24,27.60,22.20
12:25:34,27.60,22.20
12:25:44,27.60,22.20
12:25:54,27.60,22.20
12:26:04,27.60,22.20
12:26:15,27.60,22.20
12:26:24,27.60,22.20
12:26:34,27.60,22.20
12:26:44,27.60,22.20
12:26:54,27.60,22.20
12:27:04,27.60,22.20
12:27:14,27.60,22.20
12:27:24,27.60,22.20
12:27:34,27.60,22.20
12:27:44,27.60,22.20
12:27:54,27.60,22.20
12:28:04,27.60,22.20
12:28:14,27.60,22.20
12:28:24,27.60,22.20
12:28:34,27.60,22.20
12:28:44,27.60,22.20
12:28:54,27.60,22.20
12:29:04,27.60,22.20
12:29:14,27.60,22.20
12:29:24,27.60,22.20
12:29:34,27.60,22.20
12:29:44,27.60,22.20
12:29:54,27.60,22.20
12:30:04,27.60,22.20
12:30:14,27.60,22.20
12:30:24,27.60,22.20
12:30:34,27.60,22.20
12:30:44,27.60,22.20
12:30:54,27.60,22.20
12:31:04,27.60,22.20
12:31:14,27.60,22.20
12:31:24,27.60,22.20
12:31:34,27.60,22.20
12:31:44,27.60,22.20
12:31:54,27.60,22.20
12:32:04,27.60,22.20
12:32:14,27.60,22.20
12:32:24,27.60,22.20
12:32:34,27.60,22.20
12:32:44,27.60,22.20
12:32:54,27.60,22.20
12:33:04,27.60,22.20
12:33:14,27.60,22.20
12:33:24,27.60,22.20
12:33:34,27.60,22.20
12:33:44,27.60,22.20
12:33:54,27.60,22.20
12:34:04,27.60,22.20
12:34:14,27.60,22.20
12:34:24,27.60,22.20
12:34:34,27.60,22.20
12:34:44,27.60,22.20
12:34:55,27.60,22.20
12:35:04,27.60,22.20
12:35:14,27.60,22.20
12:35:25,27.60,22.20
12:35:34,27.60,22.20
12:35:44,27.60,22.20
12:35:54,27.60,22.20
12:36:04,27.60,22.20
12:36:14,27.60,22.20
12:36:24,27.60,22.20
12:36:34,27.60,22.20
12:36:44,27.60,22.20
12:36:54,27.60,22.20
12:37:04,27.60,22.20
12:37:14,27.60,22.20
12:37:24,27.60,22.20
12:37:34,27.60,22.20
12:37:44,27.60,22.20
12:37:54,27.60,22.20
12:38:04,27.60,22.20
12:38:14,27.60,22.20
12:38:24,27.60,22.20
12:38:34,27.60,22.20
12:38:44,27.60,22.20
12:38:54,27.60,22.20
12:39:04,27.60,22.20
12:39:14,27.60,22.20
12:39:24,27.60,22.20
12:39:34,27.60,22.20
12:39:45,27.60,22.20
12:39:54,27.60,22.20
12:40:04,27.60,22.20
12:40:15,27.60,22.20
12:40:24,27.60,22.20
12:40:34,27.60,22.20
12:40:45,27.60,22.20
12:40:54,27.60,22.20
12:41:04,27.60,22.20
12:41:15,27.60,22.20
12:41:24,27.60,22.20
12:41:34,27.60,22.20
12:41:44,27.60,22.20
12:41:54,27.60,22.20
12:42:04,27.60,22.20
12:42:14,27.60,22.20
12:42:24,27.60,22.20
12:42:34,27.60,22.20
12:42:44,27.60,22.20
12:42:54,27.60,22.20
12:43:04,27.60,22.20
12:43:14,27.60,22.20
12:43:24,27.60,22.20
12:43:34,27.60,22.20
12:43:44,27.60,22.20
12:43:54,27.60,22.20
12:44:04,27.60,22.20
12:44:14,27.60,22.20
12:44:24,27.60,22.20
12:44:34,27.60,22.20
12:44:44,27.60,22.20
12:44:54,27.60,22.20
12:45:05,27.60,22.20
12:45:14,27.60,22.20
12:45:24,27.60,22.20
12:45:34,27.60,22.20
12:45:44,27.60,22.20
12:45:54,27.60,22.20
12:46:05,27.60,22.20
12:46:14,27.60,22.20
12:46:24,27.60,22.20
12:46:35,27.60,22.20
12:46:45,27.60,22.20
12:46:54,27.60,22.20
12:47:05,27.60,22.20
12:47:15,27.60,22.20
12:47:24,27.60,22.20
12:47:35,27.60,22.20
12:47:44,27.60,22.20
12:47:54,27.60,22.20
12:48:04,27.60,22.20
12:48:15,27.60,22.20
12:48:24,27.60,22.20
12:48:34,27.60,22.20
12:48:44,27.60,22.20
12:48:55,27.60,22.20
12:49:04,27.60,22.20
12:49:14,27.60,22.20
12:49:25,27.60,22.20
12:49:34,27.60,22.20
12:49:44,27.60,22.20
12:49:54,27.60,22.20
12:50:04,27.60,22.20
12:50:14,27.60,22.20
12:50:25,27.60,22.20
12:50:34,27.60,22.20
12:50:44,27.60,22.20
12:50:55,27.60,22.20
12:51:04,27.60,22.20
12:51:14,27.60,22.20
12:51:25,27.60,22.20
12:51:34,27.60,22.20
12:51:44,27.60,22.20
12:51:55,27.60,22.20
12:52:04,27.60,22.20
12:52:14,27.60,22.20
12:52:25,27.60,22.20
12:52:34,27.60,22.20
12:52:45,27.60,22.20
12:52:55,27.60,22.20
12:53:04,27.60,22.20
12:53:14,27.60,22.20
12:53:25,27.60,22.20
12:53:34,27.60,22.20
12:53:45,27.60,22.20
12:53:54,27.60,22.20
12:54:04,27.60,22.20
12:54:15,27.60,22.20
12:54:24,27.60,22.20
12:54:35,27.60,22.20
12:54:45,27.60,22.20
12:54:54,27.60,22.20
12:55:04,27.60,22.20
12:55:15,27.60,22.20
12:55:24,27.60,22.20
12:55:34,27.60,22.20
12:55:45,27.60,22.20
12:55:54,27.60,22.20
12:56:05,27.60,22.20
12:56:15,27.60,22.20
12:56:24,27.60,22.20
12:56:34,27.60,22.20
12:56:44,27.60,22.20
12:56:54,27.60,22.20
12:57:04,27.60,22.20
12:57:15,27.60,22.20
12:57:24,27.60,22.20
12:57:34,27.60,22.20
12:57:45,27.60,22.20
12:57:54,27.60,22.20
12:58:04,27.60,22.20
12:58:15,27.60,22.20
12:58:24,27.60,22.20
12:58:35,27.60,22.20
12:58:45,27.60,22.20
12:58:54,27.60,22.20
12:59:05,27.60,22.20
12:59:15,27.60,22.20
12:59:24,27.60,22.20
12:59:35,27.60,22.20
12:59:45,27.60,22.20
12:59:54,27.60,22.20
13:00:05,27.60,22.20
13:00:14,27.60,22.20
13:00:24,27.60,22.20
13:00:35,27.60,22.20
13:00:44,27.60,22.20
13:00:54,27.60,22.20
13:01:04,27.60,22.20
13:01:14,27.60,22.20
13:01:25,27.60,22.20
13:01:35,27.60,22.20
13:01:44,27.60,22.20
13:01:54,27.60,22.20
13:02:04,27.60,22.20
13:02:14,27.60,22.20
13:02:24,27.60,22.20
13:02:35,27.60,22.20
13:02:44,27.60,22.20
13:02:54,27.60,22.20
13:03:05,27.60,22.20
13:03:14,27.60,22.20
13:03:25,27.60,22.20
13:03:35,27.60,22.20
13:03:44,27.60,22.20
13:03:55,27.60,22.20
13:04:05,27.60,22.20
13:04:14,27.60,22.20
13:04:24,27.60,22.20
13:04:35,27.60,22.20
13:04:44,27.60,22.20
13:04:55,27.60,22.20
13:05:05,27.60,22.20
13:05:14,27.60,22.20
13:05:25,27.60,22.20
13:05:35,27.60,22.20
13:05:44,27.60,22.20
13:05:54,27.60,22.20
13:06:05,27.60,22.20
13:06:14,27.60,22.20
13:06:25,27.60,22.20
13:06:34,27.60,22.20
13:06:45,27.60,22.20
13:06:55,27.60,22.20
13:07:04,27.60,22.20
13:07:15,27.60,22.20
13:07:25,27.60,22.20
13:07:34,27.60,22.20
13:07:44,27.60,22.20
13:07:55,27.60,22.20
13:08:04,27.60,22.20
13:08:15,27.60,22.20
13:08:25,27.60,22.20
13:08:34,27.60,22.20
13:08:45,27.60,22.20
13:08:55,27.60,22.20
13:09:04,27.60,22.20
13:09:15,27.60,22.20
13:09:25,27.60,22.20
13:09:34,27.60,22.20
13:09:45,27.60,22.20
13:09:55,27.60,22.20
13:10:04,27.60,22.20
13:10:15,27.60,22.20
13:10:25,27.60,22.20
13:10:34,27.60,22.20
13:10:45,27.60,22.20
13:10:55,27.60,22.20
13:11:04,27.60,22.20
13:11:15,27.60,22.20
13:11:25,27.60,22.20
13:11:34,27.60,22.20
13:11:44,27.60,22.20
13:11:55,27.60,22.20
13:12:04,27.60,22.20
13:12:15,27.60,22.20
13:12:24,27.60,22.20
13:12:35,27.60,22.20
13:12:45,27.60,22.20
13:12:54,27.60,22.20
13:13:04,27.60,22.20
13:13:15,27.60,22.20
13:13:24,27.60,22.20
13:13:35,27.60,22.20
13:13:45,27.60,22.20
13:13:54,27.60,22.20
13:14:05,27.60,22.20
13:14:15,27.60,22.20
13:14:24,27.60,22.20
13:14:35,27.60,22.20
13:14:45,27.60,22.20
13:14:54,27.60,22.20
13:15:04,27.60,22.20
13:15:15,27.60,22.20
13:15:24,27.60,22.20
13:15:35,27.60,22.20
13:15:45,27.60,22.20
13:15:54,27.60,22.20
13:16:05,27.60,22.20
13:16:15,27.60,22.20
13:16:24,27.60,22.20
13:16:35,27.60,22.20
13:16:45,27.60,22.20
13:16:54,27.60,22.20
13:17:05,27.60,22.20
13:17:15,27.60,22.20
13:17:25,27.60,22.20
13:17:35,27.60,22.20
13:17:45,27.60,22.20
13:17:55,27.60,22.20
13:18:05,27.60,22.20
13:18:15,27.60,22.20
13:18:24,27.60,22.20
13:18:35,27.60,22.20
13:18:44,27.60,22.20
13:18:55,27.60,22.20
13:19:05,27.60,22.20
13:19:14,27.60,22.20
13:19:25,27.60,22.20
13:19:35,27.60,22.20
13:19:44,27.60,22.20
13:19:55,27.60,22.20
13:20:05,27.60,22.20
13:20:15,27.60,22.20
13:20:24,27.60,22.20
13:20:35,27.60,22.20
13:20:45,27.60,22.20
13:20:55,27.60,22.20
13:21:05,27.60,22.20
13:21:14,27.60,22.20
13:21:25,27.60,22.20
13:21:35,27.60,22.20
13:21:45,27.60,22.20
13:21:55,27.60,22.20
13:22:05,27.60,22.20
13:22:15,27.60,22.20
13:22:25,27.60,22.20
13:22:35,27.60,22.20
13:22:45,27.60,22.20
13:22:55,27.60,22.20
13:23:05,27.60,22.20
13:23:15,27.60,22.20
13:23:25,27.60,22.20
13:23:35,27.60,22.20
13:23:45,27.60,22.20
13:23:55,27.60,22.20
13:24:05,27.60,22.20
13:24:15,27.60,22.20
13:24:25,27.60,22.20
13:24:35,27.60,22.20
13:24:45,27.60,22.20
13:24:55,27.60,22.20
13:25:04,27.60,22.20
13:25:15,27.60,22.20
13:25:25,27.60,22.20
13:25:34,27.60,22.20
13:25:45,27.60,22.20
13:25:55,27.60,22.20
13:26:04,27.60,22.20
13:26:15,27.60,22.20
13:26:25,27.60,22.20
13:26:35,27.60,22.20
13:26:45,27.60,22.20
13:26:55,27.60,22.20
13:27:05,27.60,22.20
13:27:15,27.60,22.20
13:27:25,27.60,22.20
13:27:35,27.60,22.20
13:27:45,27.60,22.20
13:27:55,27.60,22.20
13:28:05,27.60,22.20
13:28:15,27.60,22.20
13:28:25,27.60,22.20
13:28:35,27.60,22.20
13:28:45,27.60,22.20
13:28:55,27.60,22.20
13:29:05,27.60,22.20
13:29:15,27.60,22.20
13:29:25,27.60,22.20
13:29:35,27.60,22.20
13:29:45,27.60,22.20
13:29:55,27.60,22.20
13:30:05,27.60,22.20
13:30:15,27.60,22.20
13:30:25,27.60,22.20
13:30:35,27.60,22.20
13:30:45,27.60,22.20
13:30:54,27.60,22.20
13:31:05,27.60,22.20
13:31:15,27.60,22.20
13:31:25,27.60,22.20
13:31:35,27.60,22.20
13:31:45,27.60,22.20
13:31:55,27.60,22.20
13:32:05,27.60,22.20
13:32:15,27.60,22.20
13:32:25,27.60,22.20
13:32:35,27.60,22.20
13:32:45,27.60,22.20
13:32:55,27.60,22.20
13:33:04,27.60,22.20
13:33:15,27.60,22.20
13:33:25,27.60,22.20
13:33:35,27.60,22.20
13:33:45,27.60,22.20
13:33:55,27.60,22.20
13:34:04,27.60,22.20
13:34:15,27.60,22.20
13:34:25,27.60,22.20
13:34:35,27.60,22.20
13:34:45,27.60,22.20
13:34:55,27.60,22.20
13:35:05,27.60,22.20
13:35:15,27.60,22.20
13:35:25,27.60,22.20
13:35:34,27.60,22.20
13:35:45,27.60,22.20
13:35:55,27.60,22.20
13:36:05,27.60,22.20
13:36:15,27.60,22.20
13:36:25,27.60,22.20
13:36:35,27.60,22.20
13:36:45,27.60,22.20
13:36:55,27.60,22.20
13:37:05,27.60,22.20
13:37:14,27.60,22.20
13:37:25,27.60,22.20
13:37:35,27.60,22.20
13:37:45,27.60,22.20
13:37:55,27.60,22.20
13:38:05,27.60,22.20
13:38:15,27.60,22.20
13:38:25,27.60,22.20
13:38:35,27.60,22.20
13:38:45,27.60,22.20
13:38:55,27.60,22.20
13:39:05,27.60,22.20
13:39:15,27.60,22.20
13:39:25,27.60,22.20
13:39:35,27.60,22.20
13:39:45,27.60,22.20
13:39:55,27.60,22.20
13:40:05,27.60,22.20
13:40:15,27.60,22.20
13:40:25,27.60,22.20
13:40:35,27.60,22.20
13:40:44,27.60,22.20
13:40:55,27.60,22.20
13:41:05,27.60,22.20
13:41:15,27.60,22.20
13:41:25,27.60,22.20
13:41:35,27.60,22.20
13:41:45,27.60,22.20
13:41:55,27.60,22.20
13:42:05,27.60,22.20
13:42:15,27.60,22.20
13:42:25,27.60,22.20
13:42:35,27.60,22.20
13:42:45,27.60,22.20
13:42:55,27.60,22.20
13:43:05,27.60,22.20
13:43:15,27.60,22.20
13:43:25,27.60,22.20
13:43:35,27.60,22.20
13:43:45,27.60,22.20
13:43:55,27.60,22.20
13:44:05,27.60,22.20
13:44:15,27.60,22.20
13:44:25,27.60,22.20
13:44:35,27.60,22.20
13:44:45,27.60,22.20
13:44:55,27.60,22.20
13:45:05,27.60,22.20
13:45:15,27.60,22.20
13:45:25,27.60,22.20
13:45:35,27.60,22.20
13:45:45,27.60,22.20
13:45:55,27.60,22.20
13:46:05,27.60,22.20
13:46:15,27.60,22.20
13:46:25,27.60,22.20
13:46:35,27.60,22.20
13:46:45,27.60,22.20
13:46:55,27.60,22.20
13:47:05,27.60,22.20
13:47:15,27.60,22.20
13:47:25,27.60,22.20
13:47:35,27.60,22.20
13:47:45,27.60,22.20
13:47:55,27.60,22.20
13:48:05,27.60,22.20
13:48:15,27.60,22.20
13:48:25,27.60,22.20
13:48:35,27.60,22.20
13:48:45,27.60,22.20
13:48:55,27.60,22.20
13:49:05,27.60,22.20
13:49:15,27.60,22.20
13:49:25,27.60,22.20
13:49:35,27.60,22.20
13:49:45,27.60,22.20
13:49:55,27.60,22.20
13:50:05,27.60,22.20
13:50:15,27.60,22.20
13:50:25,27.60,22.20
13:50:35,27.60,22.20
13:50:45,27.60,22.20
13:50:55,27.60,22.20
13:51:05,27.60,22.20
13:51:15,27.60,22.20
13:51:25,27.60,22.20
13:51:35,27.60,22.20
13:51:45,27.60,22.20
13:51:55,27.60,22.20
13:52:05,27.60,22.20
13:52:15,27.60,22.20
13:52:25,27.60,22.20
13:54:49,27.60,22.20
13:55:12,27.60,22.20
13:55:22,27.60,22.20
13:55:32,27.60,22.20
13:55:42,27.60,22.20
13:55:52,27.60,22.20
13:56:02,27.60,22.20
13:56:12,27.60,22.20
13:56:22,27.60,22.20
13:56:32,27.60,22.20
13:56:42,27.60,22.20
13:56:52,27.60,22.20
13:57:02,27.60,22.20
13:57:12,27.60,22.20
13:57:22,27.60,22.20
13:57:32,27.60,22.20
13:57:42,27.60,22.20
13:57:52,27.60,22.20
13:58:02,27.60,22.20
13:58:12,27.60,22.20
13:58:22,27.60,22.20
13:58:32,27.60,22.20
13:58:42,27.60,22.20
13:58:52,27.60,22.20
13:59:02,27.60,22.20
13:59:12,27.60,22.20
13:59:22,27.60,22.20
13:59:32,27.60,22.20
13:59:42,27.60,22.20
13:59:52,27.60,22.20
14:00:12,27.60,22.20
14:00:22,27.60,22.20
14:00:32,27.60,22.20
14:00:42,27.60,22.20
14:00:52,27.60,22.20
14:01:02,27.60,22.20
14:01:12,27.60,22.20
14:01:22,27.60,22.20
14:01:32,27.60,22.20
14:01:42,27.60,22.20
14:01:52,27.60,22.20
14:02:02,27.60,22.20
14:02:12,27.60,22.20
14:02:22,27.60,22.20
14:02:32,27.60,22.20
14:02:42,27.60,22.20
14:02:52,27.60,22.20
14:03:02,27.60,22.20
14:03:12,27.60,22.20
14:03:22,27.60,22.20
14:03:32,27.60,22.20
14:03:42,27.60,22.20
14:03:52,27.60,22.20
14:04:02,27.60,22.20
14:04:12,27.60,22.20
14:04:22,27.60,22.20
14:04:32,27.60,22.20
14:04:42,27.60,22.20
14:04:52,27.60,22.20
14:05:04,27.60,22.20
14:05:14,27.60,22.20
14:05:24,27.60,22.20
14:05:34,27.60,22.20
14:05:44,27.60,22.20
14:05:54,27.60,22.20
14:06:04,27.60,22.20
14:06:14,27.60,22.20
14:06:24,27.60,22.20
14:06:34,27.60,22.20
14:06:44,27.60,22.20
14:06:54,27.60,22.20
14:07:04,27.60,22.20
14:07:14,27.60,22.20
14:07:24,27.60,22.20
14:07:34,27.60,22.20
14:07:44,27.60,22.20
14:07:54,27.60,22.20
14:08:04,27.60,22.20
14:08:14,27.60,22.20
14:08:25,27.60,22.20
14:08:34,27.60,22.20
14:08:44,27.60,22.20
14:08:54,27.60,22.20
14:09:04,27.60,22.20
14:09:14,27.60,22.20
14:09:24,27.60,22.20
14:09:35,27.60,22.20
14:09:44,27.60,22.20
14:09:54,27.60,22.20
14:10:17,27.60,22.20
14:10:27,27.60,22.20
14:10:37,27.60,22.20
14:10:47,27.60,22.20
14:10:57,27.60,22.20
14:11:07,27.60,22.20
14:11:17,27.60,22.20
14:11:27,27.60,22.20
14:11:37,27.60,22.20
14:11:47,27.60,22.20
14:11:57,27.60,22.20
14:12:07,27.60,22.20
14:12:17,27.60,22.20
14:12:27,27.60,22.20
14:12:37,27.60,22.20
14:12:47,27.60,22.20
14:12:57,27.60,22.20
14:13:07,27.60,22.20
14:13:17,27.60,22.20
14:13:27,27.60,22.20
14:13:37,27.60,22.20
14:13:47,27.60,22.20
14:13:57,27.60,22.20
14:14:07,27.60,22.20
14:14:17,27.60,22.20
14:14:27,27.60,22.20
14:14:37,27.60,22.20
14:14:47,27.60,22.20
14:14:57,27.60,22.20
14:15:12,27.60,22.20
14:15:22,27.60,22.20
14:15:32,27.60,22.20
14:15:42,27.60,22.20
14:15:52,27.60,22.20
14:16:02,27.60,22.20
14:16:12,27.60,22.20
14:16:22,27.60,22.20
14:16:32,27.60,22.20
14:16:42,27.60,22.20
14:16:52,27.60,22.20
14:17:02,27.60,22.20
14:17:12,27.60,22.20
14:17:22,27.60,22.20
14:17:32,27.60,22.20
14:17:42,27.60,22.20
14:17:52,27.60,22.20
14:18:02,27.60,22.20
14:18:12,27.60,22.20
14:18:22,27.60,22.20
14:18:32,27.60,22.20
14:18:42,27.60,22.20
14:18:52,27.60,22.20
14:19:02,27.60,22.20
14:19:12,27.60,22.20
14:19:22,27.60,22.20
14:19:32,27.60,22.20
14:19:44,27.60,22.20
14:19:52,27.60,22.20
14:20:02,27.60,22.20
14:20:16,27.60,22.20
14:20:26,27.60,22.20
14:20:36,27.60,22.20
14:20:46,27.60,22.20
14:20:56,27.60,22.20
14:21:06,27.60,22.20
14:21:18,27.60,22.20
14:21:26,27.60,22.20
14:21:36,27.60,22.20
14:21:46,27.60,22.20
14:21:56,27.60,22.20
14:22:06,27.60,22.20
14:22:19,27.60,22.20
14:22:26,27.60,22.20
14:22:47,27.60,22.20
14:22:57,27.60,22.20
14:23:06,27.60,22.20
14:23:17,27.60,22.20
14:23:26,27.60,22.20
14:23:36,27.60,22.20
14:23:47,27.60,22.20
14:23:56,27.60,22.20
14:24:06,27.60,22.20
14:24:16,27.60,22.20
14:24:26,27.60,22.20
14:24:36,27.60,22.20
14:24:46,27.60,22.20
14:24:56,27.60,22.20
14:25:06,27.60,22.20
14:25:31,27.60,22.20
14:25:41,27.60,22.20
14:25:51,27.60,22.20
14:26:02,27.60,22.20
14:26:11,27.60,22.20
14:26:21,27.60,22.20
14:26:33,27.60,22.20
14:26:41,27.60,22.20
14:26:51,27.60,22.20
14:27:01,27.60,22.20
14:27:11,27.60,22.20
14:27:21,27.60,22.20
14:27:32,27.60,22.20
14:27:42,27.60,22.20
14:27:51,27.60,22.20
14:28:02,27.60,22.20
14:28:11,27.60,22.20
14:28:21,27.60,22.20
14:28:31,27.60,22.20
14:28:41,27.60,22.20
14:28:51,27.60,22.20
14:29:01,27.60,22.20
14:29:11,27.60,22.20
14:29:21,27.60,22.20
14:29:31,27.60,22.20
14:29:41,27.60,22.20
14:29:51,27.60,22.20
14:30:01,27.60,22.20
14:30:11,27.60,22.20
14:30:28,27.60,22.20
14:30:38,27.60,22.20
14:30:48,27.60,22.20
14:30:58,27.60,22.20
14:31:08,27.60,22.20
14:31:18,27.60,22.20
14:31:28,27.60,22.20
14:31:38,27.60,22.20
14:31:48,27.60,22.20
14:31:58,27.60,22.20
14:32:07,27.60,22.20
14:32:17,27.60,22.20
14:32:28,27.60,22.20
14:32:38,27.60,22.20
14:32:48,27.60,22.20
14:32:58,27.60,22.20
14:33:08,27.60,22.20
14:33:18,27.60,22.20
14:33:28,27.60,22.20
14:33:38,27.60,22.20
14:33:48,27.60,22.20
14:33:58,27.60,22.20
14:34:08,27.60,22.20
14:34:18,27.60,22.20
14:34:28,27.60,22.20
14:34:38,27.60,22.20
14:34:48,27.60,22.20
14:34:58,27.60,22.20
14:35:08,27.60,22.20
14:35:18,27.60,22.20
14:35:32,27.60,22.20
14:35:42,27.60,22.20
14:35:52,27.60,22.20
14:36:02,27.60,22.20
14:36:12,27.60,22.20
14:36:22,27.60,22.20
14:36:32,27.60,22.20
14:36:41,27.60,22.20
14:36:52,27.60,22.20
14:37:02,27.60,22.20
14:37:12,27.60,22.20
14:37:22,27.60,22.20
14:37:32,27.60,22.20
14:37:41,27.60,22.20
14:37:52,27.60,22.20
14:38:02,27.60,22.20
14:38:12,27.60,22.20
14:38:22,27.60,22.20
14:38:32,27.60,22.20
14:38:41,27.60,22.20
14:38:52,27.60,22.20
14:39:02,27.60,22.20
14:39:12,27.60,22.20
14:39:22,27.60,22.20
14:39:32,27.60,22.20
14:39:41,27.60,22.20
14:39:52,27.60,22.20
14:40:02,27.60,22.20
14:40:12,27.60,22.20
14:40:22,27.60,22.20
14:40:35,27.60,22.20
14:40:45,27.60,22.20
14:40:55,27.60,22.20
14:41:05,27.60,22.20
14:41:15,27.60,22.20
14:41:25,27.60,22.20
14:41:35,27.60,22.20
14:41:45,27.60,22.20
14:41:55,27.60,22.20
14:42:05,27.60,22.20
14:42:15,27.60,22.20
14:42:25,27.60,22.20
14:42:35,27.60,22.20
14:42:45,27.60,22.20
14:42:55,27.60,22.20
14:43:05,27.60,22.20
14:43:15,27.60,22.20
14:43:25,27.60,22.20
14:43:35,27.60,22.20
14:43:45,27.60,22.20
14:43:55,27.60,22.20
14:44:05,27.60,22.20
14:44:15,27.60,22.20
14:44:25,27.60,22.20
14:44:35,27.60,22.20
14:44:45,27.60,22.20
14:44:55,27.60,22.20
14:45:05,27.60,22.20
14:45:15,27.60,22.20
14:45:25,27.60,22.20
14:45:41,27.60,22.20
14:45:51,27.60,22.20
14:46:00,27.60,22.20
14:46:11,27.60,22.20
14:46:21,27.60,22.20
14:46:31,27.60,22.20
14:46:41,27.60,22.20
14:46:51,27.60,22.20
14:47:01,27.60,22.20
14:47:11,27.60,22.20
14:47:21,27.60,22.20
14:47:31,27.60,22.20
14:47:41,27.60,22.20
14:47:52,27.60,22.20
14:48:01,27.60,22.20
14:48:11,27.60,22.20
14:48:21,27.60,22.20
14:48:31,27.60,22.20
14:48:41,27.60,22.20
14:48:51,27.60,22.20
14:49:01,27.60,22.20
14:49:11,27.60,22.20
14:49:21,27.60,22.20
14:49:31,27.60,22.20
14:49:41,27.60,22.20
14:49:51,27.60,22.20
14:50:01,27.60,22.20
14:50:11,27.60,22.20
14:50:21,27.60,22.20
14:50:31,27.60,22.20
14:50:50,27.60,22.20
14:51:00,27.60,22.20
14:51:10,27.60,22.20
14:51:20,27.60,22.20
14:51:30,27.60,22.20
14:51:40,27.60,22.20
14:51:50,27.60,22.20
14:52:00,27.60,22.20
14:52:10,27.60,22.20
14:52:20,27.60,22.20
14:52:30,27.60,22.20
14:52:40,27.60,22.20
14:52:50,27.60,22.20
14:53:01,27.60,22.20
14:53:10,27.60,22.20
14:53:20,27.60,22.20
14:53:30,27.60,22.20
14:53:41,27.60,22.20
14:53:51,27.60,22.20
14:54:01,27.60,22.20
14:54:11,27.60,22.20
14:54:21,27.60,22.20
14:54:31,27.60,22.20
14:54:41,27.60,22.20
14:54:51,27.60,22.20
14:55:01,27.60,22.20
14:55:11,27.60,22.20
14:55:21,27.60,22.20
14:55:31,27.60,22.20
14:55:41,27.60,22.20
14:55:55,27.60,22.20
14:56:05,27.60,22.20
14:56:15,27.60,22.20
14:56:25,27.60,22.20
14:56:35,27.60,22.20
14:56:45,27.60,22.20
14:56:55,27.60,22.20
14:57:05,27.60,22.20
14:57:15,27.60,22.20
14:57:25,27.60,22.20
14:57:35,27.60,22.20
14:57:45,27.60,22.20
14:57:55,27.60,22.20
14:58:05,27.60,22.20
14:58:15,27.60,22.20
14:58:25,27.60,22.20
14:58:35,27.60,22.20
14:58:45,27.60,22.20
14:58:55,27.60,22.20
14:59:05,27.60,22.20
14:59:16,27.60,22.20
14:59:26,27.60,22.20
14:59:39,27.60,22.20
14:59:50,27.60,22.20
14:59:59,27.60,22.20
15:00:09,27.60,22.20
15:00:18,27.60,22.20
15:00:25,27.60,22.20
15:00:35,27.60,22.20
15:00:45,27.60,22.20
15:01:00,27.60,22.20
15:01:10,27.60,22.20
15:01:20,27.60,22.20
15:01:30,27.60,22.20
15:01:40,27.60,22.20
15:01:50,27.60,22.20
15:02:00,27.60,22.20
15:02:10,27.60,22.20
15:02:20,27.60,22.20
15:02:30,27.60,22.20
15:02:40,27.60,22.20
15:02:50,27.60,22.20
15:03:00,27.60,22.20
15:03:10,27.60,22.20
15:03:20,27.60,22.20
15:03:30,27.60,22.20
15:03:40,27.60,22.20
15:03:50,27.60,22.20
15:04:00,27.60,22.20
15:04:10,27.60,22.20
15:04:20,27.60,22.20
15:04:30,27.60,22.20
15:04:40,27.60,22.20
15:04:50,27.60,22.20
15:05:00,27.60,22.20
15:05:10,27.60,22.20
15:05:21,27.60,22.20
15:05:30,27.60,22.20
15:05:40,27.60,22.20
15:05:50,27.60,22.20
15:06:02,27.60,22.20
15:06:13,27.60,22.20
15:06:26,27.60,22.20
15:06:32,27.60,22.20
15:06:42,27.60,22.20
15:06:52,27.60,22.20
15:07:02,27.60,22.20
15:07:12,27.60,22.20
15:07:22,27.60,22.20
15:07:32,27.60,22.20
15:07:42,27.60,22.20
15:07:52,27.60,22.20
15:08:02,27.60,22.20
15:08:12,27.60,22.20
15:08:22,27.60,22.20
15:08:32,27.60,22.20
15:08:42,27.60,22.20
15:08:52,27.60,22.20
15:09:02,27.60,22.20
15:09:12,27.60,22.20
15:09:22,27.60,22.20
15:09:32,27.60,22.20
15:09:42,27.60,22.20
15:09:52,27.60,22.20
15:10:02,27.60,22.20
15:10:12,27.60,22.20
15:10:22,27.60,22.20
15:10:32,27.60,22.20
15:10:42,27.60,22.20
15:10:53,27.60,22.20
15:11:13,27.60,22.20
15:11:23,27.60,22.20
15:11:33,27.60,22.20
15:11:43,27.60,22.20
15:11:53,27.60,22.20
15:12:03,27.60,22.20
15:12:13,27.60,22.20
15:12:23,27.60,22.20
15:12:33,27.60,22.20
15:12:44,27.60,22.20
15:12:53,27.60,22.20
15:13:03,27.60,22.20
15:13:13,27.60,22.20
15:13:23,27.60,22.20
15:13:33,27.60,22.20
15:13:43,27.60,22.20
15:13:53,27.60,22.20
15:14:03,27.60,22.20
15:14:13,27.60,22.20
15:14:23,27.60,22.20
15:14:33,27.60,22.20
15:14:43,27.60,22.20
15:14:53,27.60,22.20
15:15:03,27.60,22.20
15:15:13,27.60,22.20
15:15:23,27.60,22.20
15:15:33,27.60,22.20
15:15:43,27.60,22.20
15:15:53,27.60,22.20
15:16:07,27.60,22.20
15:16:17,27.60,22.20
15:16:27,27.60,22.20
15:16:37,27.60,22.20
15:16:47,27.60,22.20
15:16:59,27.60,22.20
15:17:07,27.60,22.20
15:17:17,27.60,22.20
15:17:27,27.60,22.20
15:17:37,27.60,22.20
15:17:47,27.60,22.20
15:17:57,27.60,22.20
15:18:07,27.60,22.20
15:18:17,27.60,22.20
15:18:27,27.60,22.20
15:18:37,27.60,22.20
15:18:47,27.60,22.20
15:18:57,27.60,22.20
15:19:07,27.60,22.20
15:19:17,27.60,22.20
15:19:27,27.60,22.20
15:19:37,27.60,22.20
15:19:47,27.60,22.20
15:19:57,27.60,22.20
15:20:07,27.60,22.20
15:20:17,27.60,22.20
15:20:27,27.60,22.20
15:20:37,27.60,22.20
15:20:47,27.60,22.20
15:20:57,27.60,22.20
15:21:09,27.60,22.20
15:21:19,27.60,22.20
15:21:29,27.60,22.20
15:21:39,27.60,22.20
15:21:49,27.60,22.20
15:21:59,27.60,22.20
15:22:09,27.60,22.20
15:22:19,27.60,22.20
15:22:29,27.60,22.20
15:22:39,27.60,22.20
15:22:49,27.60,22.20
15:22:59,27.60,22.20
15:23:09,27.60,22.20
15:23:19,27.60,22.20
15:23:29,27.60,22.20
15:23:39,27.60,22.20
15:23:49,27.60,22.20
15:23:59,27.60,22.20
15:24:09,27.60,22.20
15:24:19,27.60,22.20
15:24:29,27.60,22.20
15:24:39,27.60,22.20
15:24:49,27.60,22.20
15:24:59,27.60,22.20
15:25:09,27.60,22.20
15:25:19,27.60,22.20
15:25:29,27.60,22.20
15:25:39,27.60,22.20
15:25:49,27.60,22.20
15:25:59,27.60,22.20
15:26:13,27.60,22.20
15:26:23,27.60,22.20
15:26:33,27.60,22.20
15:26:43,27.60,22.20
15:26:53,27.60,22.20
15:27:03,27.60,22.20
15:27:13,27.60,22.20
15:27:23,27.60,22.20
15:27:33,27.60,22.20
15:27:43,27.60,22.20
15:27:53,27.60,22.20
15:28:03,27.60,22.20
15:28:13,27.60,22.20
15:28:23,27.60,22.20
15:28:33,27.60,22.20
15:28:43,27.60,22.20
15:28:53,27.60,22.20
15:29:03,27.60,22.20
15:29:13,27.60,22.20
15:29:23,27.60,22.20
15:29:33,27.60,22.20
15:29:43,27.60,22.20
15:29:53,27.60,22.20
15:30:03,27.60,22.20
15:30:13,27.60,22.20
15:30:23,27.60,22.20
15:30:33,27.60,22.20
15:30:43,27.60,22.20
15:30:53,27.60,22.20
15:31:03,27.60,22.20
15:31:17,27.60,22.20
15:31:27,27.60,22.20
15:31:37,27.60,22.20
15:31:47,27.60,22.20
15:31:57,27.60,22.20
15:32:07,27.60,22.20
15:32:17,27.60,22.20
15:32:27,27.60,22.20
15:32:37,27.60,22.20
15:32:47,27.60,22.20
15:32:57,27.60,22.20
15:33:07,27.60,22.20
15:33:17,27.60,22.20
15:33:27,27.60,22.20
15:33:37,27.60,22.20
15:33:47,27.60,22.20
15:33:57,27.60,22.20
15:34:07,27.60,22.20
15:34:17,27.60,22.20
15:34:27,27.60,22.20
15:34:37,27.60,22.20
15:34:47,27.60,22.20
15:34:57,27.60,22.20
15:35:07,27.60,22.20
15:35:17,27.60,22.20
15:35:27,27.60,22.20
15:35:37,27.60,22.20
15:35:47,27.60,22.20
15:35:57,27.60,22.20
15:36:07,27.60,22.20
15:36:17,27.60,22.20
15:36:27,27.60,22.20
15:36:37,27.60,22.20
15:36:47,27.60,22.20
15:36:57,27.60,22.20
15:37:07,27.60,22.20
15:37:17,27.60,22.20
15:37:27,27.60,22.20
15:37:37,27.60,22.20
15:37:47,27.60,22.20
15:37:57,27.60,22.20
15:38:07,27.60,22.20
15:38:17,27.60,22.20
15:38:27,27.60,22.20
15:38:37,27.60,22.20
15:38:47,27.60,22.20
15:38:57,27.60,22.20
15:39:07,27.60,22.20
15:39:17,27.60,22.20
15:39:27,27.60,22.20
15:39:37,27.60,22.20
15:39:47,27.60,22.20
15:39:57,27.60,22.20
15:40:07,27.60,22.20
15:40:17,27.60,22.20
15:40:27,27.60,22.20
15:40:37,27.60,22.20
15:40:47,27.60,22.20
15:40:57,27.60,22.20
15:41:07,27.60,22.20
15:41:19,27.60,22.20
15:41:29,27.60,22.20
15:41:40,27.60,22.20
15:41:49,27.60,22.20
15:41:59,27.60,22.20
15:42:10,27.60,22.20
15:42:19,27.60,22.20
15:42:29,27.60,22.20
15:42:40,27.60,22.20
15:42:49,27.60,22.20
15:42:59,27.60,22.20
15:43:10,27.60,22.20
15:43:19,27.60,22.20
15:43:30,27.60,22.20
15:43:40,27.60,22.20
15:43:49,27.60,22.20
15:44:00,27.60,22.20
15:44:10,27.60,22.20
15:44:19,27.60,22.20
15:44:30,27.60,22.20
15:44:40,27.60,22.20
15:44:49,27.60,22.20
15:45:00,27.60,22.20
15:45:10,27.60,22.20
15:45:20,27.60,22.20
15:45:30,27.60,22.20
15:45:40,27.60,22.20
15:45:50,27.60,22.20
15:46:00,27.60,22.20
15:46:10,27.60,22.20
15:46:25,27.60,22.20
15:46:35,27.60,22.20
15:46:45,27.60,22.20
15:46:55,27.60,22.20
15:47:05,27.60,22.20
15:47:15,27.60,22.20
15:47:25,27.60,22.20
15:47:35,27.60,22.20
15:47:45,27.60,22.20
15:47:55,27.60,22.20
15:48:05,27.60,22.20
15:48:15,27.60,22.20
15:48:25,27.60,22.20
15:48:35,27.60,22.20
15:48:45,27.60,22.20
15:48:55,27.60,22.20
15:49:05,27.60,22.20
15:49:15,27.60,22.20
15:49:25,27.60,22.20
15:49:35,27.60,22.20
15:49:45,27.60,22.20
15:49:55,27.60,22.20
15:50:05,27.60,22.20
15:50:15,27.60,22.20
15:50:25,27.60,22.20
15:50:35,27.60,22.20
15:50:45,27.60,22.20
15:50:55,27.60,22.20
15:51:05,27.60,22.20
15:51:15,27.60,22.20
15:51:29,27.60,22.20
15:51:39,27.60,22.20
15:51:49,27.60,22.20
15:51:59,27.60,22.20
15:52:09,27.60,22.20
15:52:19,27.60,22.20
15:52:29,27.60,22.20
15:52:39,27.60,22.20
15:52:49,27.60,22.20
15:52:59,27.60,22.20
15:53:09,27.60,22.20
15:53:19,27.60,22.20
15:53:29,27.60,22.20
15:53:39,27.60,22.20
15:53:49,27.60,22.20
15:53:59,27.60,22.20
15:54:09,27.60,22.20
15:54:19,27.60,22.20
15:54:29,27.60,22.20
15:54:39,27.60,22.20
15:54:49,27.60,22.20
15:54:59,27.60,22.20
15:55:09,27.60,22.20
15:55:19,27.60,22.20
15:55:29,27.60,22.20
15:55:39,27.60,22.20
15:55:49,27.60,22.20
15:55:59,27.60,22.20
15:56:09,27.60,22.20
15:56:19,27.60,22.20
15:56:33,27.60,22.20
15:56:43,27.60,22.20
15:56:53,27.60,22.20
15:57:03,27.60,22.20
15:57:13,27.60,22.20
15:57:23,27.60,22.20
15:57:33,27.60,22.20
15:57:43,27.60,22.20
15:57:53,27.60,22.20
15:58:03,27.60,22.20
15:58:13,27.60,22.20
15:58:23,27.60,22.20
15:58:33,27.60,22.20
15:58:43,27.60,22.20
15:58:53,27.60,22.20
15:59:03,27.60,22.20
15:59:13,27.60,22.20
15:59:23,27.60,22.20
15:59:33,27.60,22.20
15:59:43,27.60,22.20
15:59:53,27.60,22.20
16:00:03,27.60,22.20
16:00:13,27.60,22.20
16:00:23,27.60,22.20
16:00:33,27.60,22.20
16:00:43,27.60,22.20
16:00:53,27.60,22.20
16:01:03,27.60,22.20
16:01:13,27.60,22.20
16:01:23,27.60,22.20
16:01:36,27.60,22.20
16:01:46,27.60,22.20
16:01:56,27.60,22.20
16:02:06,27.60,22.20
16:02:16,27.60,22.20
16:02:26,27.60,22.20
16:02:36,27.60,22.20
16:02:46,27.60,22.20
16:02:56,27.60,22.20
16:03:06,27.60,22.20
16:03:16,27.60,22.20
16:03:26,27.60,22.20
16:03:36,27.60,22.20
16:03:46,27.60,22.20
16:03:56,27.60,22.20
16:04:06,27.60,22.20
16:04:16,27.60,22.20
16:04:26,27.60,22.20
16:04:36,27.60,22.20
16:04:46,27.60,22.20
16:04:56,27.60,22.20
16:05:06,27.60,22.20
16:05:16,27.60,22.20
16:05:26,27.60,22.20
16:05:36,27.60,22.20
16:05:46,27.60,22.20
16:05:56,27.60,22.20
16:06:06,27.60,22.20
16:06:16,27.60,22.20
16:06:26,27.60,22.20
16:06:39,27.60,22.20
16:06:49,27.60,22.20
16:06:59,27.60,22.20
16:07:09,27.60,22.20
16:07:19,27.60,22.20
16:07:29,27.60,22.20
16:07:39,27.60,22.20
16:07:49,27.60,22.20
16:07:59,27.60,22.20
16:08:09,27.60,22.20
16:08:19,27.60,22.20
16:08:29,27.60,22.20
16:08:39,27.60,22.20
16:08:49,27.60,22.20
16:08:59,27.60,22.20
16:09:09,27.60,22.20
16:09:19,27.60,22.20
16:09:29,27.60,22.20
16:09:39,27.60,22.20
16:09:49,27.60,22.20
16:09:59,27.60,22.20
16:10:09,27.60,22.20
16:10:19,27.60,22.20
16:10:29,27.60,22.20
16:10:39,27.60,22.20
16:10:49,27.60,22.20
16:10:59,27.60,22.20
16:11:09,27.60,22.20
16:11:19,27.60,22.20
16:11:29,27.60,22.20
16:11:41,27.60,22.20
16:11:51,27.60,22.20
16:12:01,27.60,22.20
16:12:11,27.60,22.20
16:12:21,27.60,22.20
16:12:31,27.60,22.20
16:12:41,27.60,22.20
16:12:51,27.60,22.20
16:13:01,27.60,22.20
16:13:11,27.60,22.20
16:13:21,27.60,22.20
16:13:31,27.60,22.20
16:13:41,27.60,22.20
16:13:51,27.60,22.20
16:14:01,27.60,22.20
16:14:11,27.60,22.20
16:14:21,27.60,22.20
16:14:31,27.60,22.20
16:14:41,27.60,22.20
16:14:51,27.60,22.20
16:15:01,27.60,22.20
16:15:11,27.60,22.20
16:15:21,27.60,22.20
16:15:31,27.60,22.20
16:15:41,27.60,22.20
16:15:51,27.60,22.20
16:16:01,27.60,22.20
16:16:11,27.60,22.20
16:16:21,27.60,22.20
16:16:31,27.60,22.20
16:16:44,27.60,22.20
16:16:55,27.60,22.20
16:17:04,27.60,22.20
16:17:14,27.60,22.20
16:17:25,27.60,22.20
16:17:34,27.60,22.20
16:17:45,27.60,22.20
16:17:55,27.60,22.20
16:18:04,27.60,22.20
16:18:14,27.60,22.20
16:18:25,27.60,22.20
16:18:34,27.60,22.20
16:18:44,27.60,22.20
16:18:55,27.60,22.20
16:19:04,27.60,22.20
16:19:15,27.60,22.20
16:19:25,27.60,22.20
16:19:34,27.60,22.20
16:19:44,27.60,22.20
16:19:55,27.60,22.20
16:20:04,27.60,22.20
16:20:15,27.60,22.20
16:20:25,27.60,22.20
16:20:34,27.60,22.20
16:20:45,27.60,22.20
16:20:55,27.60,22.20
16:21:04,27.60,22.20
16:21:15,27.60,22.20
16:21:25,27.60,22.20
16:21:34,27.60,22.20
16:21:47,27.60,22.20
16:21:57,27.60,22.20
16:22:07,27.60,22.20
16:22:17,27.60,22.20
16:22:27,27.60,22.20
16:22:37,27.60,22.20
16:22:47,27.60,22.20
16:22:57,27.60,22.20
16:23:07,27.60,22.20
16:23:17,27.60,22.20
16:23:27,27.60,22.20
16:23:37,27.60,22.20
16:23:47,27.60,22.20
16:23:57,27.60,22.20
16:24:07,27.60,22.20
16:24:17,27.60,22.20
16:24:27,27.60,22.20
16:24:37,27.60,22.20
16:24:47,27.60,22.20
16:24:57,27.60,22.20
16:25:07,27.60,22.20
16:25:17,27.60,22.20
16:25:27,27.60,22.20
16:25:37,27.60,22.20
16:25:47,27.60,22.20
16:25:57,27.60,22.20
16:26:07,27.60,22.20
16:26:17,27.60,22.20
16:26:27,27.60,22.20
16:26:37,27.60,22.20
