time,temperature,humidity
00:00:06,27.20,36.00
00:00:16,27.20,36.10
00:00:26,27.20,36.10
00:00:36,27.20,36.10
00:00:46,27.20,36.00
00:00:56,27.30,36.10
00:01:06,27.20,36.00
00:01:16,27.20,36.00
00:01:26,27.20,36.10
00:01:36,27.20,36.10
00:01:46,27.30,36.20
00:01:56,27.20,36.10
00:02:06,27.30,36.10
00:02:16,27.30,36.10
00:02:26,27.30,36.10
00:02:36,27.30,36.10
00:02:46,27.30,36.10
00:02:56,27.30,36.10
00:03:06,27.30,36.00
00:03:16,27.30,36.10
00:03:26,27.30,36.10
00:03:36,27.30,36.20
00:03:46,27.30,36.10
00:03:56,27.30,36.00
00:04:06,27.30,36.00
00:04:16,27.30,36.00
00:04:26,27.30,36.00
00:04:36,27.30,36.00
00:04:46,27.30,36.00
00:04:56,27.30,36.00
00:05:06,27.30,36.00
00:05:16,27.30,36.10
00:05:26,27.30,36.00
00:05:36,27.30,36.00
00:05:46,27.30,36.00
00:05:56,27.30,36.00
00:06:06,27.30,36.00
00:06:16,27.40,35.90
00:06:26,27.30,36.00
00:06:36,27.30,35.90
00:06:46,27.40,36.00
00:06:56,27.40,36.00
00:07:06,27.40,36.00
00:07:16,27.40,36.00
00:07:26,27.30,36.00
00:07:36,27.40,36.00
00:07:46,27.40,36.00
00:07:56,27.40,36.00
00:08:06,27.40,36.00
00:08:16,27.40,36.00
00:08:26,27.40,36.00
00:08:36,27.40,36.00
00:08:46,27.40,36.00
00:08:56,27.40,36.00
00:09:06,27.40,36.00
00:09:16,27.40,36.00
00:09:26,27.40,36.00
00:09:36,27.40,35.90
00:09:46,27.40,36.00
00:09:56,27.40,35.90
00:10:06,27.40,36.00
00:10:16,27.40,36.00
00:10:26,27.40,36.00
00:10:36,27.40,35.90
00:10:46,27.40,36.00
00:10:56,27.40,36.10
00:11:06,27.50,36.00
00:11:16,27.40,36.00
00:11:26,27.40,36.00
00:11:36,27.40,36.00
00:11:46,27.50,36.00
00:11:56,27.50,36.00
00:12:06,27.50,35.90
00:12:16,27.50,36.00
00:12:26,27.50,36.00
00:12:36,27.50,36.00
00:12:46,27.50,36.10
00:12:56,27.50,36.10
00:13:06,27.50,36.10
00:13:16,27.50,36.10
00:13:26,27.50,36.10
00:13:36,27.50,36.10
00:13:46,27.50,36.20
00:13:56,27.50,36.10
00:14:06,27.50,36.10
00:14:16,27.50,36.10
00:14:26,27.50,36.20
00:14:36,27.50,36.10
00:14:46,27.50,36.10
00:14:56,27.50,36.00
00:15:06,27.50,36.10
00:15:16,27.50,36.00
00:15:26,27.50,36.10
00:15:36,27.50,36.10
00:15:46,27.50,36.10
00:15:56,27.50,36.10
00:16:06,27.50,36.00
00:16:16,27.50,36.10
00:16:26,27.50,36.10
00:16:36,27.50,36.00
00:16:46,27.60,36.20
00:16:56,27.50,36.10
00:17:06,27.50,36.10
00:17:16,27.60,36.10
00:17:26,27.60,36.10
00:17:36,27.60,36.10
00:17:46,27.60,36.10
00:17:56,27.60,36.10
00:18:06,27.60,36.10
00:18:16,27.60,36.10
00:18:26,27.60,36.10
00:18:36,27.60,36.20
00:18:46,27.60,36.10
00:18:56,27.60,36.10
00:19:06,27.60,36.10
00:19:16,27.60,36.10
00:19:26,27.60,36.10
00:19:36,27.60,36.10
00:19:46,27.60,36.20
00:19:56,27.60,36.10
00:20:06,27.60,36.20
00:20:16,27.60,36.10
00:20:26,27.60,36.10
00:20:36,27.60,36.20
00:20:46,27.60,36.10
00:20:56,27.60,36.10
00:21:06,27.60,36.00
00:21:16,27.60,36.00
00:21:26,27.60,36.10
00:21:36,27.60,36.00
00:21:46,27.60,36.00
00:21:56,27.60,36.00
00:22:06,27.60,36.10
00:22:16,27.60,36.00
00:22:26,27.60,36.00
00:22:36,27.60,36.10
00:22:46,27.60,36.10
00:22:56,27.60,36.00
00:23:06,27.60,36.10
00:23:16,27.60,36.10
00:23:26,27.60,36.00
00:23:36,27.60,36.00
00:23:46,27.60,36.00
00:23:56,27.60,36.00
00:24:06,27.60,36.00
00:24:16,27.60,36.00
00:24:26,27.60,36.00
00:24:36,27.60,36.10
00:24:46,27.60,36.10
00:24:56,27.60,36.10
00:25:06,27.60,36.10
00:25:16,27.70,36.10
00:25:26,27.60,36.10
00:25:36,27.60,36.00
00:25:46,27.60,36.10
00:25:56,27.60,36.00
00:26:06,27.60,36.00
00:26:16,27.70,36.00
00:26:26,27.70,36.10
00:26:36,27.70,36.10
00:26:46,27.70,36.00
00:26:56,27.70,36.00
00:27:06,27.70,36.00
00:27:16,27.70,36.00
00:27:26,27.70,36.00
00:27:36,27.70,36.00
00:27:46,27.70,36.00
00:27:56,27.70,35.90
00:28:06,27.70,36.10
00:28:16,27.70,36.10
00:28:26,27.70,36.00
00:28:36,27.70,36.00
00:28:46,27.70,36.00
00:28:56,27.70,36.00
00:29:06,27.70,36.00
00:29:16,27.70,36.00
00:29:26,27.70,36.00
00:29:36,27.70,35.90
00:29:46,27.70,36.00
00:29:56,27.70,36.00
00:30:06,27.70,36.00
00:30:16,27.70,36.00
00:30:26,27.70,36.00
00:30:36,27.70,36.00
00:30:46,27.70,36.00
00:30:56,27.70,36.00
00:31:06,27.70,35.90
00:31:16,27.70,36.00
00:31:26,27.70,35.90
00:31:36,27.70,36.00
00:31:46,27.70,35.90
00:31:56,27.70,35.90
00:32:06,27.70,36.00
00:32:16,27.70,36.00
00:32:26,27.70,36.00
00:32:36,27.70,35.90
00:32:46,27.70,35.90
00:32:56,27.70,36.00
00:33:06,27.70,36.00
00:33:16,27.70,36.00
00:33:26,27.70,36.00
00:33:36,27.70,36.00
00:33:46,27.70,36.00
00:33:56,27.70,36.00
00:34:06,27.70,35.90
00:34:16,27.70,36.00
00:34:26,27.80,36.00
00:34:36,27.70,36.00
00:34:46,27.70,35.90
00:34:56,27.70,35.90
00:35:06,27.70,35.90
00:35:16,27.70,36.00
00:35:26,27.80,35.90
00:35:36,27.80,35.90
00:35:46,27.80,36.00
00:35:56,27.80,36.00
00:36:06,27.80,36.00
00:36:16,27.80,36.00
00:36:26,27.80,36.10
00:36:36,27.80,36.00
00:36:46,27.80,36.00
00:36:56,27.80,36.00
00:37:06,27.80,35.90
00:37:16,27.80,35.90
00:37:26,27.80,36.00
00:37:36,27.80,36.00
00:37:46,27.80,36.00
00:37:56,27.80,36.00
00:38:06,27.80,35.90
00:38:16,27.80,35.90
00:38:26,27.80,35.90
00:38:36,27.80,35.90
00:38:46,27.80,35.80
00:38:56,27.80,35.90
00:39:06,27.80,35.90
00:39:16,27.80,35.90
00:39:26,27.80,35.80
00:39:36,27.80,35.90
00:39:46,27.80,35.80
00:39:56,27.80,35.80
00:40:06,27.80,35.80
00:40:16,27.80,35.90
00:40:26,27.80,35.80
00:40:36,27.80,35.90
00:40:46,27.80,35.80
00:40:56,27.80,35.80
00:41:06,27.80,35.80
00:41:16,27.80,35.80
00:41:26,27.80,35.80
00:41:36,27.80,35.80
00:41:46,27.80,35.90
00:41:56,27.80,35.90
00:42:06,27.80,35.80
00:42:16,27.80,35.80
00:42:26,27.80,35.90
00:42:36,27.80,35.80
00:42:46,27.80,35.90
00:42:56,27.80,35.90
00:43:06,27.80,35.80
00:43:16,27.80,35.80
00:43:26,27.80,35.90
00:43:36,27.80,35.90
00:43:46,27.80,36.00
00:43:56,27.80,35.90
00:44:06,27.80,35.80
00:44:16,27.80,35.80
00:44:26,27.80,35.90
00:44:36,27.80,35.90
00:44:46,27.80,35.90
00:44:56,27.80,35.90
00:45:06,27.80,35.90
00:45:16,27.80,35.90
00:45:26,27.80,35.90
00:45:36,27.80,35.90
00:45:46,27.90,36.00
00:45:56,27.80,36.00
00:46:06,27.80,35.90
00:46:16,27.90,35.90
00:46:26,27.80,35.80
00:46:36,27.90,35.90
00:46:46,27.90,36.00
00:46:56,27.90,35.90
00:47:06,27.90,35.90
00:47:16,27.90,35.90
00:47:26,27.90,35.90
00:47:36,27.90,36.00
00:47:46,27.90,35.90
00:47:56,27.90,35.90
00:48:06,27.80,36.00
00:48:16,27.90,35.90
00:48:26,27.90,36.00
00:48:36,27.90,35.90
00:48:46,27.90,36.00
00:48:56,27.90,36.00
00:49:06,27.90,35.90
00:49:16,27.90,35.90
00:49:26,27.90,35.90
00:49:36,27.90,35.90
00:49:46,27.90,35.90
00:49:56,27.90,35.90
00:50:06,27.90,36.00
00:50:16,27.90,36.00
00:50:26,27.90,35.90
00:50:36,27.90,35.90
00:50:46,27.90,35.90
00:50:56,27.90,35.90
00:51:06,27.90,35.90
00:51:16,27.90,36.00
00:51:27,27.90,35.90
00:51:36,27.90,35.90
00:51:46,27.90,35.90
00:51:56,27.90,35.90
00:52:06,27.90,35.90
00:52:16,27.90,35.90
00:52:26,27.90,35.90
00:52:36,27.90,35.90
00:52:46,27.90,35.90
00:52:56,27.90,36.10
00:53:06,27.90,35.90
00:53:16,27.90,35.90
00:53:26,27.90,35.90
00:53:36,27.90,35.90
00:53:46,27.90,36.00
00:53:56,27.90,36.00
00:54:06,27.90,35.90
00:54:16,27.90,35.90
00:54:26,27.90,35.90
00:54:36,27.90,35.80
00:54:46,27.90,35.80
00:54:56,27.90,35.80
00:55:06,27.90,35.80
00:55:16,27.90,35.80
00:55:26,27.90,35.80
00:55:36,27.90,35.90
00:55:46,27.90,35.80
00:55:56,27.90,35.80
00:56:06,27.90,35.80
00:56:16,27.90,35.80
00:56:26,27.90,35.80
00:56:36,27.90,35.90
00:56:46,27.90,35.80
00:56:56,27.90,35.90
00:57:06,27.90,35.90
00:57:16,27.90,36.10
00:57:26,27.90,35.80
00:57:36,27.90,35.90
00:57:46,27.90,35.90
00:57:56,27.90,35.80
00:58:06,27.90,35.90
00:58:16,27.90,35.90
00:58:26,27.90,36.00
00:58:36,27.90,35.90
00:58:46,27.90,35.90
00:58:56,27.90,35.90
00:59:06,27.90,35.90
00:59:16,27.90,35.90
00:59:26,27.90,35.90
00:59:36,27.90,35.90
00:59:46,27.90,35.90
00:59:56,27.90,35.90
01:00:06,28.00,35.90
01:00:16,28.00,35.90
01:00:26,27.90,35.90
01:00:36,28.00,35.90
01:00:46,28.00,36.10
01:00:56,27.90,36.00
01:01:07,27.90,35.90
01:01:16,27.90,35.90
01:01:26,27.90,35.90
01:01:36,27.90,36.00
01:01:46,27.90,35.90
01:01:56,28.00,35.90
01:02:06,27.90,35.90
01:02:16,27.90,35.90
01:02:26,27.90,35.90
01:02:36,27.90,35.90
01:02:46,27.90,35.80
01:02:56,28.00,35.90
01:03:06,27.90,35.90
01:03:16,27.90,36.00
01:03:26,28.00,35.90
01:03:36,28.00,36.00
01:03:46,28.00,36.10
01:03:56,28.00,35.90
01:04:06,28.00,35.90
01:04:16,28.00,35.90
01:04:26,28.00,36.00
01:04:36,28.00,35.90
01:04:46,28.00,35.90
01:04:56,27.90,35.90
01:05:06,27.90,36.00
01:05:16,28.00,36.00
01:05:26,28.00,36.00
01:05:36,28.00,36.00
01:05:46,28.00,36.00
01:05:56,28.00,36.00
01:06:06,28.00,35.90
01:06:16,28.00,35.90
01:06:26,28.00,36.00
01:06:36,28.00,36.00
01:06:46,28.00,36.00
01:06:56,28.00,36.00
01:07:06,28.00,36.00
01:07:16,28.00,36.00
01:07:26,28.00,36.00
01:07:36,28.00,36.00
01:07:46,28.00,35.90
01:07:56,28.00,36.00
01:08:06,28.00,36.00
01:08:16,28.00,36.10
01:08:26,28.00,36.00
01:08:36,28.00,36.00
01:08:47,28.00,36.00
01:08:56,28.00,36.00
01:09:06,28.00,36.00
01:09:17,28.00,36.00
01:09:26,28.00,36.00
01:09:36,28.00,36.00
01:09:46,28.00,36.00
01:09:56,28.00,36.00
01:10:06,28.00,36.00
01:10:16,28.00,36.10
01:10:26,28.00,36.10
01:10:36,28.00,36.10
01:10:46,28.00,36.00
01:10:56,28.00,36.10
01:11:06,28.00,36.20
01:11:16,28.00,36.10
01:11:26,28.00,36.10
01:11:36,28.00,36.20
01:11:46,28.00,36.10
01:11:56,28.00,36.10
01:12:06,28.00,36.10
01:12:16,28.00,36.10
01:12:26,28.00,36.10
01:12:37,28.00,36.20
01:12:46,28.00,36.20
01:12:56,28.00,36.20
01:13:07,28.00,36.10
01:13:16,28.00,36.10
01:13:26,28.00,36.10
01:13:36,28.00,36.10
01:13:46,28.00,36.10
01:13:56,28.00,36.10
01:14:07,28.00,36.10
01:14:16,28.00,36.10
01:14:26,28.00,36.10
01:14:37,28.00,36.10
01:14:46,28.00,36.10
01:14:56,28.00,36.10
01:15:07,28.00,36.10
01:15:16,28.00,36.10
01:15:26,28.00,36.00
01:15:37,28.00,36.10
01:15:46,28.00,36.10
01:15:56,28.00,36.10
01:16:07,28.00,36.10
01:16:16,28.00,36.10
01:16:26,28.00,36.10
01:16:36,28.00,36.10
01:16:46,28.00,36.10
01:16:56,28.00,36.10
01:17:06,28.00,36.10
01:17:16,28.00,36.10
01:17:26,28.10,36.10
01:17:36,28.00,36.10
01:17:46,28.00,36.10
01:17:56,28.00,36.10
01:18:06,28.00,36.10
01:18:16,28.10,36.10
01:18:27,28.10,36.10
01:18:36,28.10,36.10
01:18:46,28.00,36.10
01:18:56,28.10,36.10
01:19:06,28.10,36.10
01:19:16,28.10,36.10
01:19:27,28.10,36.10
01:19:36,28.10,36.20
01:19:46,28.10,36.10
01:19:57,28.10,36.10
01:20:06,28.00,36.10
01:20:16,28.10,36.20
01:20:27,28.10,36.10
01:20:36,28.10,36.10
01:20:46,28.10,36.10
01:20:57,28.10,36.10
01:21:06,28.10,36.20
01:21:16,28.10,36.20
01:21:27,28.10,36.20
01:21:36,28.00,36.20
01:21:46,28.00,36.20
01:21:57,28.10,36.20
01:22:06,28.10,36.10
01:22:16,28.10,36.20
01:22:27,28.10,36.20
01:22:36,28.10,36.20
01:22:46,28.10,36.20
01:22:57,28.10,36.20
01:23:06,28.10,36.20
01:23:16,28.10,36.20
01:23:27,28.10,36.20
01:23:36,28.10,36.20
01:23:46,28.10,36.20
01:23:56,28.10,36.20
01:24:06,28.10,36.20
01:24:17,28.10,36.30
01:24:26,28.10,36.30
01:24:36,28.10,36.30
01:24:46,28.10,36.30
01:24:56,28.10,36.20
01:25:06,28.10,36.20
01:25:17,28.10,36.20
01:25:26,28.10,36.30
01:25:36,28.10,36.20
01:25:47,28.10,36.20
01:25:56,28.10,36.20
01:26:07,28.10,36.30
01:26:17,28.10,36.30
01:26:26,28.10,36.30
01:26:36,28.10,36.30
01:26:47,28.10,36.30
01:26:56,28.10,36.30
01:27:06,28.10,36.30
01:27:17,28.10,36.20
01:27:26,28.10,36.30
01:27:36,28.10,36.30
01:27:47,28.10,36.30
01:27:56,28.10,36.40
01:28:06,28.10,36.40
01:28:17,28.10,36.30
01:28:26,28.10,36.30
01:28:36,28.10,36.30
01:28:47,28.10,36.30
01:28:56,28.10,36.30
01:29:06,28.10,36.30
01:29:17,28.10,36.30
01:29:26,28.10,36.30
01:29:37,28.10,36.30
01:29:47,28.10,36.30
01:29:56,28.10,36.30
01:30:07,28.10,36.40
01:30:17,28.10,36.40
01:30:26,28.10,36.30
01:30:37,28.10,36.40
01:30:46,28.10,36.40
01:30:56,28.10,36.30
01:31:07,28.10,36.30
01:31:16,28.10,36.30
01:31:26,28.10,36.30
01:31:37,28.10,36.30
01:31:46,28.10,36.40
01:31:56,28.10,36.40
01:32:07,28.10,36.40
01:32:16,28.10,36.40
01:32:26,28.10,36.30
01:32:37,28.10,36.30
01:32:46,28.10,36.30
01:32:56,28.10,36.40
01:33:07,28.10,36.40
01:33:17,28.10,36.40
01:33:27,28.10,36.40
01:33:37,28.10,36.30
01:33:46,28.10,36.30
01:33:57,28.10,36.40
01:34:07,28.10,36.30
01:34:16,28.10,36.40
01:34:27,28.10,36.30
01:34:37,28.10,36.30
01:34:46,28.10,36.40
01:34:57,28.10,36.40
01:35:07,28.10,36.40
01:35:16,28.10,36.40
01:35:27,28.10,36.40
01:35:37,28.10,36.30
01:35:46,28.10,36.30
01:35:57,28.10,36.40
01:36:07,28.10,36.30
01:36:16,28.10,36.40
01:36:27,28.10,36.30
01:36:37,28.10,36.40
01:36:47,28.10,36.30
01:36:57,28.10,36.30
01:37:07,28.10,36.40
01:37:16,28.10,36.40
01:37:27,28.10,36.40
01:37:36,28.10,36.30
01:37:47,28.10,36.40
01:37:57,28.10,36.40
01:38:06,28.10,36.50
01:38:17,28.10,36.50
01:38:27,28.10,36.50
01:38:36,28.10,36.40
01:38:47,28.10,36.40
01:38:57,28.10,36.50
01:39:06,28.10,36.40
01:39:17,28.20,36.40
01:39:27,28.20,36.40
01:39:36,28.20,36.40
01:39:47,28.10,36.30
01:39:57,28.10,36.40
01:40:06,28.10,36.40
01:40:17,28.10,36.50
01:40:27,28.10,36.50
01:40:36,28.10,36.50
01:40:47,28.10,36.50
01:40:57,28.10,36.40
01:41:07,28.10,36.50
01:41:17,28.20,36.50
01:41:27,28.10,36.60
01:41:36,28.20,36.50
01:41:47,28.10,36.60
01:41:57,28.20,36.60
01:42:06,28.20,36.60
01:42:17,28.10,36.80
01:42:27,28.20,36.80
01:42:36,28.20,36.70
01:42:47,28.10,36.70
01:42:57,28.20,36.70
01:43:06,28.20,36.80
01:43:17,28.20,36.80
01:43:27,28.20,36.70
01:43:37,28.20,36.70
01:43:47,28.20,36.80
01:43:57,28.20,36.80
01:44:07,28.20,36.70
01:44:17,28.20,36.70
01:44:27,28.20,36.70
01:44:37,28.20,36.80
01:44:47,28.20,36.80
01:44:56,28.20,36.80
01:45:07,28.20,36.70
01:45:17,28.20,36.70
01:45:26,28.20,36.70
01:45:37,28.20,36.70
01:45:47,28.20,36.70
01:45:56,28.20,36.70
01:46:07,28.20,36.70
01:46:17,28.20,36.80
01:46:26,28.20,36.70
01:46:37,28.20,36.80
01:46:47,28.20,36.80
01:46:56,28.20,36.80
01:47:07,28.20,36.80
01:47:17,28.20,36.80
01:47:26,28.20,36.80
01:47:37,28.20,36.80
01:47:47,28.20,36.90
01:47:56,28.20,36.80
01:48:07,28.20,36.90
01:48:17,28.20,36.80
01:48:27,28.20,36.90
01:48:36,28.20,36.90
01:48:47,28.20,36.90
01:48:57,28.20,36.90
01:49:07,28.20,36.80
01:49:17,28.20,36.90
01:49:27,28.20,36.90
01:49:37,28.20,36.80
01:49:47,28.20,36.80
01:49:57,28.20,36.80
01:50:07,28.20,36.80
01:50:17,28.20,36.80
01:50:27,28.20,36.90
01:50:37,28.20,36.80
01:50:47,28.20,36.80
01:50:57,28.20,36.80
01:51:07,28.20,36.90
01:51:17,28.20,37.00
01:51:27,28.20,36.90
01:51:37,28.20,36.90
01:51:47,28.20,36.80
01:51:57,28.20,36.90
01:52:07,28.20,37.00
01:52:16,28.20,36.90
01:52:27,28.20,36.90
01:52:37,28.20,36.90
01:52:46,28.20,36.90
01:52:57,28.20,36.80
01:53:07,28.20,36.90
01:53:17,28.20,37.00
01:53:26,28.20,36.90
01:53:37,28.20,37.00
01:53:47,28.20,37.00
01:53:57,28.20,36.90
01:54:07,28.20,36.90
01:54:17,28.20,36.80
01:54:27,28.20,37.00
01:54:37,28.20,36.90
01:54:47,28.20,37.00
01:54:57,28.20,37.00
01:55:07,28.20,37.10
01:55:17,28.20,37.00
01:55:26,28.20,36.90
01:55:37,28.20,37.00
01:55:47,28.20,36.90
01:55:57,28.20,37.00
01:56:07,28.20,36.90
01:56:17,28.20,37.00
01:56:27,28.20,36.90
01:56:37,28.20,37.00
01:56:47,28.20,36.90
01:56:57,28.20,37.00
01:57:07,28.20,37.10
01:57:17,28.20,37.10
01:57:27,28.20,37.00
01:57:37,28.20,37.00
01:57:47,28.20,37.20
01:57:57,28.20,37.10
01:58:07,28.20,37.00
01:58:17,28.20,36.90
01:58:27,28.20,36.90
01:58:36,28.20,36.90
01:58:47,28.20,37.00
01:58:57,28.20,37.10
01:59:07,28.20,37.10
01:59:17,28.20,37.10
01:59:27,28.20,37.00
01:59:37,28.20,37.10
01:59:47,28.20,37.30
01:59:57,28.20,37.20
02:00:07,28.20,37.30
02:00:16,28.20,37.10
02:00:27,28.20,37.10
02:00:37,28.20,37.10
02:00:47,28.20,37.10
02:00:57,28.20,37.20
02:01:07,28.20,37.10
02:01:17,28.20,37.10
02:01:27,28.20,37.00
02:01:37,28.20,37.10
02:01:47,28.20,37.00
02:01:57,28.20,37.10
02:02:07,28.20,37.20
02:02:17,28.20,37.00
02:02:27,28.20,37.40
02:02:37,28.20,37.40
02:02:47,28.20,37.40
02:02:57,28.20,37.30
02:03:07,28.20,37.20
02:03:17,28.20,37.20
02:03:27,28.20,37.50
02:03:37,28.20,37.30
02:03:47,28.20,37.40
02:03:57,28.20,37.30
02:04:07,28.20,37.30
02:04:17,28.20,37.20
02:04:27,28.20,37.20
02:04:37,28.20,37.10
02:04:47,28.20,37.10
02:04:57,28.20,37.20
02:05:07,28.20,37.10
02:05:17,28.20,37.20
02:05:27,28.20,37.10
02:05:37,28.20,37.20
02:05:47,28.20,37.20
02:05:57,28.20,37.20
02:06:07,28.20,37.20
02:06:17,28.20,37.70
02:06:27,28.20,37.50
02:06:37,28.20,37.30
02:06:47,28.20,37.20
02:06:57,28.20,37.20
02:07:07,28.20,37.20
02:07:17,28.20,37.40
02:07:27,28.20,37.30
02:07:37,28.20,37.30
02:07:47,28.20,37.20
02:07:57,28.20,37.20
02:08:07,28.20,37.10
02:08:17,28.20,37.20
02:08:27,28.20,37.20
02:08:37,28.20,37.30
02:08:47,28.30,37.20
02:08:57,28.20,37.20
02:09:07,28.20,37.50
02:09:17,28.20,37.40
02:09:27,28.20,37.30
02:09:37,28.20,37.30
02:09:47,28.20,37.30
02:09:57,28.20,37.30
02:10:07,28.20,37.30
02:10:17,28.30,37.30
02:10:27,28.20,37.30
02:10:37,28.30,37.20
02:10:47,28.30,37.30
02:10:57,28.20,37.20
02:11:07,28.30,37.30
02:11:17,28.30,37.20
02:11:27,28.20,37.40
02:11:37,28.20,37.30
02:11:47,28.20,37.30
02:11:57,28.30,37.30
02:12:07,28.20,37.30
02:12:17,28.20,37.40
02:12:27,28.20,37.30
02:12:37,28.20,37.40
02:12:47,28.20,37.30
02:12:57,28.20,37.30
02:13:07,28.30,37.20
02:13:17,28.20,37.20
02:13:27,28.20,37.20
02:13:37,28.20,37.20
02:13:47,28.20,37.20
02:13:57,28.20,37.30
02:14:07,28.20,37.20
02:14:17,28.20,37.20
02:14:27,28.20,37.30
02:14:37,28.30,37.30
02:14:47,28.20,37.20
02:14:57,28.20,37.30
02:15:07,28.30,37.40
02:15:17,28.30,37.40
02:15:27,28.20,37.30
02:15:37,28.20,37.40
02:15:47,28.30,37.40
02:15:57,28.30,37.30
02:16:07,28.30,37.30
02:16:17,28.30,37.30
02:16:27,28.30,37.30
02:16:37,28.30,37.30
02:16:47,28.30,37.30
02:16:57,28.30,37.30
02:17:07,28.30,37.30
02:17:17,28.30,37.30
02:17:27,28.30,37.30
02:17:37,28.30,37.20
02:17:47,28.30,37.40
02:17:57,28.30,37.50
02:18:07,28.30,37.40
02:18:17,28.30,37.40
02:18:27,28.30,37.40
02:18:37,28.30,37.40
02:18:47,28.30,37.40
02:18:57,28.30,37.40
02:19:07,28.30,37.30
02:19:17,28.30,37.30
02:19:27,28.30,37.30
02:19:37,28.30,37.20
02:19:47,28.30,37.20
02:19:57,28.30,37.30
02:20:07,28.30,37.50
02:20:17,28.30,37.40
02:20:27,28.30,37.20
02:20:37,28.30,37.10
02:20:47,28.30,37.30
02:20:57,28.30,37.20
02:21:07,28.30,37.20
02:21:17,28.30,37.30
02:21:27,28.30,37.30
02:21:37,28.30,37.30
02:21:47,28.30,37.30
02:21:57,28.30,37.30
02:22:07,28.30,37.30
02:22:17,28.30,37.30
02:22:27,28.30,37.20
02:22:37,28.30,37.20
02:22:47,28.30,37.30
02:22:57,28.30,37.40
02:23:07,28.30,37.40
02:23:17,28.30,37.20
02:23:27,28.30,37.20
02:23:37,28.30,37.20
02:23:47,28.30,37.20
02:23:57,28.30,37.20
02:24:07,28.30,37.30
02:24:17,28.30,37.20
02:24:27,28.30,37.20
02:24:37,28.30,37.20
02:24:47,28.30,37.10
02:24:57,28.30,37.10
02:25:07,28.30,37.20
02:25:17,28.30,37.20
02:25:27,28.30,37.40
02:25:37,28.30,37.50
02:25:47,28.30,37.50
02:25:57,28.30,37.40
02:26:07,28.30,37.40
02:26:17,28.30,37.40
02:26:27,28.30,37.20
02:26:37,28.30,37.30
02:26:47,28.30,37.40
02:26:57,28.30,37.30
02:27:07,28.30,37.20
02:27:17,28.30,37.20
02:27:27,28.30,37.20
02:27:37,28.30,37.20
02:27:47,28.30,37.20
02:27:57,28.30,37.10
02:28:07,28.30,37.20
02:28:17,28.30,37.20
02:28:27,28.30,37.40
02:28:37,28.30,37.40
02:28:47,28.30,37.20
02:28:57,28.30,37.30
02:29:07,28.30,37.30
02:29:17,28.30,37.20
02:29:27,28.30,37.30
02:29:37,28.30,37.20
02:29:47,28.30,37.30
02:29:57,28.30,37.20
02:30:07,28.30,37.10
02:30:17,28.30,37.10
02:30:27,28.30,37.20
02:30:37,28.30,37.20
02:30:47,28.30,37.20
02:30:57,28.30,37.20
02:31:07,28.30,37.20
02:31:17,28.30,37.10
02:31:27,28.30,37.20
02:31:37,28.30,37.20
02:31:47,28.30,37.30
02:31:57,28.30,37.20
02:32:07,28.30,37.10
02:32:17,28.30,37.10
02:32:27,28.30,37.20
02:32:37,28.30,37.20
02:32:47,28.30,37.20
02:32:57,28.30,37.20
02:33:07,28.30,37.10
02:33:17,28.30,37.20
02:33:27,28.30,37.20
02:33:37,28.30,37.20
02:33:47,28.30,37.10
02:33:57,28.30,37.10
02:34:07,28.30,37.10
02:34:17,28.30,37.20
02:34:27,28.30,37.20
02:34:37,28.30,37.10
02:34:47,28.30,37.10
02:34:57,28.30,37.20
02:35:07,28.30,37.20
02:35:17,28.30,37.20
02:35:27,28.30,37.10
02:35:37,28.30,37.10
02:35:47,28.30,37.20
02:35:57,28.30,37.20
02:36:07,28.30,37.10
02:36:17,28.30,37.10
02:36:27,28.30,37.10
02:36:37,28.30,37.10
02:36:47,28.30,37.10
02:36:57,28.30,37.10
02:37:07,28.30,37.00
02:37:17,28.30,37.20
02:37:27,28.30,37.10
02:37:37,28.30,37.20
02:37:47,28.30,37.10
02:37:57,28.30,37.00
02:38:07,28.30,37.10
02:38:17,28.30,37.10
02:38:27,28.30,37.10
02:38:37,28.30,37.20
02:38:47,28.30,37.10
02:39:00,28.30,37.20
02:39:07,28.30,37.00
02:39:18,28.30,37.10
02:39:27,28.30,37.20
02:39:37,28.30,37.20
02:39:47,28.30,37.20
02:39:57,28.30,37.20
02:40:07,28.30,37.10
02:40:17,28.30,37.10
02:40:27,28.30,37.10
02:40:37,28.30,37.10
02:40:47,28.30,37.00
02:40:57,28.30,37.10
02:41:07,28.30,37.10
02:41:17,28.30,37.10
02:41:27,28.30,37.10
02:41:37,28.30,37.00
02:41:47,28.30,37.00
02:41:57,28.30,37.00
02:42:07,28.30,37.00
02:42:17,28.30,36.90
02:42:27,28.30,37.00
02:42:37,28.30,37.00
02:42:47,28.30,37.00
02:42:57,28.30,37.00
02:43:07,28.30,36.90
02:43:17,28.30,36.90
02:43:27,28.30,36.90
02:43:37,28.30,36.90
02:43:47,28.30,36.90
02:43:57,28.30,36.80
02:44:07,28.30,36.80
02:44:17,28.30,36.90
02:44:27,28.30,37.00
02:44:37,28.30,36.90
02:44:47,28.30,36.90
02:44:57,28.30,36.80
02:45:07,28.30,36.80
02:45:17,28.30,36.80
02:45:27,28.30,36.70
02:45:37,28.30,36.70
02:45:47,28.30,36.80
02:45:57,28.30,36.70
02:46:07,28.30,36.70
02:46:17,28.30,36.70
02:46:27,28.30,36.70
02:46:37,28.30,36.70
02:46:47,28.30,36.60
02:46:57,28.30,36.60
02:47:07,28.30,36.60
02:47:17,28.30,36.60
02:47:27,28.30,36.50
02:47:37,28.30,36.60
02:47:47,28.30,36.50
02:47:57,28.30,36.60
02:48:07,28.30,36.60
02:48:17,28.30,36.60
02:48:27,28.30,36.60
02:48:37,28.30,36.60
02:48:47,28.30,36.60
02:48:57,28.30,36.60
02:49:07,28.30,36.50
02:49:17,28.30,36.50
02:49:27,28.30,36.50
02:49:37,28.30,36.60
02:49:47,28.30,36.60
02:49:57,28.30,36.50
02:50:07,28.30,36.50
02:50:17,28.30,36.40
02:50:27,28.30,36.40
02:50:37,28.30,36.40
02:50:47,28.30,36.40
02:50:57,28.30,36.40
02:51:07,28.30,36.30
02:51:17,28.30,36.40
02:51:27,28.30,36.40
02:51:37,28.30,36.40
02:51:47,28.30,36.40
02:51:57,28.30,36.40
02:52:07,28.30,36.30
02:52:17,28.30,36.30
02:52:27,28.30,36.40
02:52:37,28.30,36.30
02:52:47,28.30,36.30
02:52:57,28.30,36.20
02:53:07,28.30,36.20
02:53:17,28.40,36.20
02:53:27,28.30,36.20
02:53:37,28.30,36.20
02:53:47,28.30,36.30
02:53:57,28.30,36.20
02:54:07,28.40,36.20
02:54:17,28.30,36.30
02:54:27,28.30,36.30
02:54:37,28.40,36.20
02:54:47,28.30,36.20
02:54:57,28.40,36.30
02:55:07,28.30,36.20
02:55:17,28.30,36.10
02:55:27,28.30,36.20
02:55:37,28.30,36.20
02:55:47,28.30,36.20
02:55:57,28.30,36.20
02:56:07,28.30,36.20
02:56:17,28.30,36.10
02:56:27,28.30,36.10
02:56:37,28.30,36.10
02:56:47,28.40,36.20
02:56:57,28.30,36.10
02:57:07,28.30,36.10
02:57:17,28.30,36.10
02:57:27,28.30,36.10
02:57:37,28.30,36.10
02:57:47,28.30,36.10
02:57:57,28.30,36.10
02:58:07,28.40,36.20
02:58:17,28.40,36.10
02:58:27,28.30,36.00
02:58:37,28.30,36.10
02:58:47,28.40,36.10
02:58:57,28.30,36.00
02:59:07,28.40,36.10
02:59:17,28.30,36.10
02:59:27,28.40,36.10
02:59:37,28.30,36.10
02:59:47,28.30,36.10
02:59:57,28.30,36.10
03:00:07,28.30,36.10
03:00:17,28.30,36.00
03:00:27,28.30,36.10
03:00:37,28.30,36.00
03:00:47,28.30,36.10
03:00:57,28.40,36.00
03:01:07,28.30,36.00
03:01:17,28.30,36.00
03:01:27,28.30,36.10
03:01:37,28.40,36.10
03:01:47,28.40,36.10
03:01:57,28.40,36.00
03:02:07,28.40,36.00
03:02:17,28.40,36.00
03:02:27,28.40,36.00
03:02:37,28.30,36.00
03:02:47,28.30,36.00
03:02:57,28.30,36.00
03:03:07,28.30,36.00
03:03:17,28.30,36.00
03:03:27,28.30,35.90
03:03:37,28.30,35.90
03:03:47,28.30,35.90
03:03:57,28.30,35.90
03:04:07,28.40,35.90
03:04:17,28.30,35.90
03:04:27,28.40,35.90
03:04:37,28.40,35.90
03:04:47,28.40,36.00
03:04:57,28.30,36.00
03:05:07,28.30,35.90
03:05:17,28.30,35.90
03:05:27,28.40,35.90
03:05:37,28.40,35.90
03:05:47,28.40,35.80
03:05:57,28.40,35.80
03:06:07,28.40,35.80
03:06:17,28.40,35.80
03:06:27,28.40,35.90
03:06:37,28.40,35.90
03:06:47,28.40,35.90
03:06:57,28.40,35.90
03:07:07,28.30,35.90
03:07:17,28.40,35.90
03:07:27,28.40,35.90
03:07:37,28.40,35.90
03:07:47,28.40,35.90
03:07:57,28.40,35.90
03:08:07,28.40,35.90
03:08:17,28.40,36.00
03:08:27,28.40,35.90
03:08:37,28.40,35.90
03:08:47,28.40,35.90
03:08:57,28.40,35.80
03:09:07,28.40,35.80
03:09:17,28.40,35.80
03:09:27,28.40,35.80
03:09:37,28.30,35.80
03:09:47,28.40,35.80
03:09:57,28.40,35.80
03:10:07,28.40,35.80
03:10:17,28.40,35.80
03:10:27,28.40,35.70
03:10:37,28.40,35.80
03:10:47,28.40,35.80
03:10:57,28.40,35.80
03:11:07,28.40,35.80
03:11:17,28.40,35.80
03:11:27,28.40,35.80
03:11:37,28.40,35.80
03:11:47,28.40,35.90
03:11:57,28.30,35.80
03:12:07,28.40,35.90
03:12:17,28.30,35.80
03:12:27,28.40,35.80
03:12:37,28.40,35.80
03:12:47,28.40,35.90
03:12:57,28.40,35.80
03:13:07,28.40,35.80
03:13:17,28.40,35.80
03:13:27,28.40,35.80
03:13:37,28.40,35.70
03:13:47,28.40,35.80
03:13:57,28.40,35.70
03:14:07,28.40,35.80
03:14:17,28.40,35.70
03:14:27,28.40,35.70
03:14:37,28.40,35.80
03:14:47,28.40,35.80
03:14:57,28.40,35.90
03:15:07,28.40,35.80
03:15:17,28.40,35.80
03:15:27,28.40,35.70
03:15:37,28.40,35.70
03:15:47,28.40,35.70
03:15:57,28.40,35.70
03:16:07,28.40,35.70
03:16:17,28.40,35.70
03:16:27,28.40,35.70
03:16:37,28.40,35.70
03:16:47,28.40,35.70
03:16:57,28.40,35.80
03:17:07,28.40,35.70
03:17:17,28.40,35.70
03:17:27,28.40,35.70
03:17:37,28.40,35.70
03:17:47,28.40,35.70
03:17:57,28.40,35.70
03:18:07,28.40,35.70
03:18:17,28.40,35.70
03:18:27,28.40,35.60
03:18:37,28.40,35.70
03:18:47,28.40,35.60
03:18:57,28.40,35.70
03:19:07,28.40,35.60
03:19:17,28.40,35.70
03:19:27,28.40,35.70
03:19:37,28.40,35.70
03:19:47,28.40,35.70
03:19:57,28.40,35.70
03:20:07,28.40,35.60
03:20:17,28.40,35.60
03:20:27,28.40,35.70
03:20:37,28.40,35.60
03:20:47,28.40,35.60
03:20:57,28.40,35.60
03:21:07,28.40,35.60
03:21:17,28.40,35.50
03:21:27,28.40,35.50
03:21:37,28.40,35.60
03:21:47,28.40,35.50
03:21:57,28.40,35.60
03:22:07,28.40,35.60
03:22:17,28.40,35.60
03:22:27,28.40,35.60
03:22:37,28.40,35.70
03:22:47,28.40,35.60
03:22:57,28.40,35.70
03:23:07,28.40,35.70
03:23:17,28.40,35.70
03:23:27,28.40,35.70
03:23:37,28.40,35.70
03:23:47,28.40,35.70
03:23:57,28.40,35.70
03:24:07,28.40,35.70
03:24:17,28.40,35.70
03:24:27,28.40,35.70
03:24:37,28.40,35.70
03:24:47,28.40,35.70
03:24:57,28.40,35.70
03:25:07,28.40,35.70
03:25:17,28.40,35.60
03:25:27,28.40,35.70
03:25:37,28.40,35.60
03:25:47,28.40,35.70
03:25:57,28.40,35.60
03:26:07,28.40,35.70
03:26:17,28.40,35.70
03:26:27,28.40,35.60
03:26:37,28.40,35.70
03:26:47,28.40,35.70
03:26:57,28.40,35.70
03:27:07,28.40,35.60
03:27:17,28.40,35.70
03:27:27,28.40,35.60
03:27:37,28.40,35.50
03:27:47,28.40,35.60
03:27:57,28.40,35.60
03:28:07,28.40,35.60
03:28:17,28.40,35.60
03:28:27,28.40,35.60
03:28:37,28.40,35.60
03:28:47,28.40,35.60
03:28:57,28.40,35.60
03:29:07,28.40,35.50
03:29:17,28.40,35.50
03:29:27,28.40,35.60
03:29:37,28.40,35.70
03:29:47,28.40,35.70
03:29:57,28.40,35.60
03:30:07,28.40,35.70
03:30:17,28.40,35.60
03:30:27,28.40,35.60
03:30:37,28.40,35.70
03:30:47,28.40,35.60
03:30:57,28.40,35.60
03:31:07,28.40,35.70
03:31:17,28.40,35.70
03:31:27,28.40,35.50
03:31:37,28.40,35.50
03:31:47,28.40,35.60
03:31:57,28.40,35.60
03:32:07,28.40,35.60
03:32:17,28.40,35.70
03:32:27,28.40,35.60
03:32:37,28.40,35.70
03:32:47,28.40,35.60
03:32:57,28.40,35.60
03:33:07,28.40,35.60
03:33:17,28.40,35.60
03:33:27,28.40,35.70
03:33:37,28.40,35.70
03:33:47,28.40,35.70
03:33:57,28.40,35.70
03:34:07,28.40,35.60
03:34:17,28.40,35.70
03:34:27,28.40,35.70
03:34:37,28.40,35.70
03:34:47,28.40,35.70
03:34:57,28.40,35.60
03:35:07,28.40,35.70
03:35:17,28.40,35.70
03:35:27,28.40,35.80
03:35:37,28.40,35.80
03:35:47,28.40,35.70
03:35:57,28.40,35.70
03:36:07,28.40,35.80
03:36:17,28.40,35.70
03:36:27,28.40,35.70
03:36:37,28.40,35.70
03:36:47,28.40,35.70
03:36:57,28.40,35.80
03:37:07,28.40,35.70
03:37:17,28.40,35.80
03:37:27,28.40,35.70
03:37:37,28.40,35.80
03:37:47,28.40,35.80
03:37:57,28.40,35.80
03:38:07,28.40,35.80
03:38:17,28.40,35.80
03:38:27,28.40,35.70
03:38:37,28.40,35.80
03:38:47,28.40,35.80
03:38:57,28.40,35.70
03:39:07,28.40,35.80
03:39:17,28.40,35.80
03:39:27,28.40,35.80
03:39:37,28.40,35.70
03:39:47,28.40,35.70
03:39:57,28.40,35.70
03:40:07,28.40,35.70
03:40:17,28.40,35.70
03:40:27,28.40,35.70
03:40:37,28.40,35.70
03:40:47,28.40,35.70
03:40:57,28.40,35.80
03:41:07,28.40,35.80
03:41:17,28.40,35.70
03:41:27,28.40,35.70
03:41:37,28.40,35.70
03:41:47,28.40,35.80
03:41:57,28.40,35.80
03:42:07,28.40,35.80
03:42:17,28.40,35.90
03:42:27,28.40,35.80
03:42:37,28.40,35.80
03:42:47,28.40,35.80
03:42:57,28.40,35.90
03:43:07,28.40,35.70
03:43:17,28.40,35.70
03:43:27,28.40,35.80
03:43:37,28.40,35.80
03:43:47,28.40,35.80
03:43:57,28.40,35.80
03:44:07,28.40,35.90
03:44:17,28.40,35.90
03:44:27,28.40,35.90
03:44:37,28.40,35.80
03:44:47,28.40,35.80
03:44:57,28.40,35.80
03:45:07,28.40,35.70
03:45:17,28.40,35.80
03:45:27,28.40,35.80
03:45:37,28.40,35.80
03:45:47,28.40,35.80
03:45:57,28.40,35.80
03:46:07,28.40,35.80
03:46:17,28.40,35.90
03:46:27,28.40,35.80
03:46:37,28.40,35.90
03:46:47,28.40,35.90
03:46:57,28.40,35.80
03:47:07,28.40,35.80
03:47:17,28.40,35.90
03:47:27,28.40,35.80
03:47:37,28.40,35.90
03:47:47,28.40,35.90
03:47:57,28.40,35.90
03:48:07,28.40,35.80
03:48:17,28.40,35.70
03:48:27,28.40,35.70
03:48:37,28.40,35.80
03:48:47,28.40,35.90
03:48:57,28.40,35.90
03:49:07,28.40,35.90
03:49:17,28.40,35.90
03:49:27,28.40,35.80
03:49:37,28.40,35.70
03:49:47,28.40,35.80
03:49:57,28.40,35.80
03:50:07,28.40,35.80
03:50:17,28.40,35.80
03:50:27,28.40,35.80
03:50:37,28.40,35.90
03:50:47,28.40,35.80
03:50:57,28.40,35.80
03:51:07,28.40,35.80
03:51:17,28.40,35.80
03:51:27,28.40,35.80
03:51:37,28.40,35.70
03:51:47,28.40,35.70
03:51:57,28.40,35.80
03:52:07,28.40,35.80
03:52:17,28.40,35.80
03:52:27,28.40,35.80
03:52:37,28.40,35.80
03:52:47,28.40,35.80
03:52:57,28.40,35.80
03:53:07,28.40,35.80
03:53:17,28.40,35.80
03:53:27,28.40,35.80
03:53:37,28.40,35.70
03:53:47,28.40,35.70
03:53:57,28.40,35.80
03:54:07,28.40,35.80
03:54:17,28.40,35.80
03:54:27,28.40,35.80
03:54:37,28.40,35.80
03:54:47,28.40,35.90
03:54:57,28.40,35.90
03:55:07,28.40,35.80
03:55:17,28.40,35.80
03:55:27,28.40,35.80
03:55:37,28.40,35.80
03:55:47,28.40,35.70
03:55:57,28.40,35.80
03:56:07,28.40,35.70
03:56:17,28.40,35.70
03:56:27,28.40,35.80
03:56:37,28.40,35.70
03:56:47,28.40,35.90
03:56:57,28.40,36.00
03:57:07,28.40,35.90
03:57:17,28.40,35.80
03:57:27,28.40,35.90
03:57:37,28.40,35.70
03:57:47,28.40,35.70
03:57:57,28.40,35.70
03:58:07,28.40,35.70
03:58:17,28.40,35.90
03:58:27,28.40,35.80
03:58:37,28.40,35.80
03:58:47,28.40,35.80
03:58:57,28.40,35.80
03:59:07,28.40,35.80
03:59:17,28.40,35.80
03:59:27,28.40,35.80
03:59:37,28.40,35.80
03:59:47,28.40,35.80
03:59:57,28.40,35.80
04:00:07,28.40,35.80
04:00:17,28.40,35.90
04:00:27,28.40,35.80
04:00:37,28.40,35.70
04:00:47,28.40,35.80
04:00:57,28.40,35.80
04:01:07,28.40,35.80
04:01:17,28.40,35.80
04:01:27,28.40,35.80
04:01:37,28.40,35.80
04:01:47,28.40,35.80
04:01:57,28.40,35.80
04:02:07,28.40,35.80
04:02:17,28.40,35.80
04:02:27,28.40,35.80
04:02:37,28.40,35.70
04:02:47,28.40,35.70
04:02:57,28.40,35.80
04:03:07,28.40,35.80
04:03:17,28.40,35.80
04:03:27,28.40,35.80
04:03:37,28.40,35.80
04:03:47,28.40,35.80
04:03:57,28.40,35.80
04:04:07,28.40,35.80
04:04:17,28.40,35.80
04:04:27,28.40,35.80
04:04:37,28.40,35.80
04:04:47,28.40,35.80
04:04:57,28.40,35.80
04:05:07,28.40,35.90
04:05:17,28.40,36.00
04:05:27,28.40,35.90
04:05:37,28.40,35.90
04:05:47,28.40,35.90
04:05:57,28.40,35.90
04:06:07,28.40,35.90
04:06:17,28.40,35.90
04:06:27,28.40,35.90
04:06:37,28.40,36.00
04:06:47,28.40,35.90
04:06:57,28.40,35.90
04:07:07,28.40,35.90
04:07:17,28.40,35.90
04:07:27,28.40,35.90
04:07:37,28.40,35.80
04:07:47,28.40,35.90
04:07:57,28.40,35.80
04:08:07,28.40,35.80
04:08:17,28.40,36.00
04:08:27,28.40,36.00
04:08:37,28.40,36.00
04:08:47,28.40,35.90
04:08:57,28.40,35.90
04:09:07,28.40,35.90
04:09:17,28.40,35.90
04:09:27,28.40,35.90
04:09:37,28.40,35.90
04:09:47,28.40,36.00
04:09:57,28.40,36.10
04:10:07,28.40,36.00
04:10:17,28.40,36.00
04:10:27,28.40,36.00
04:10:37,28.50,36.10
04:10:47,28.40,36.00
04:10:57,28.40,36.00
04:11:07,28.40,36.00
04:11:17,28.40,36.00
04:11:27,28.40,36.00
04:11:37,28.40,35.90
04:11:47,28.40,35.90
04:11:57,28.40,35.90
04:12:07,28.40,35.80
04:12:17,28.40,35.90
04:12:27,28.40,35.90
04:12:37,28.40,35.90
04:12:47,28.40,35.80
04:12:57,28.40,35.90
04:13:07,28.40,35.90
04:13:17,28.40,35.90
04:13:27,28.40,35.90
04:13:37,28.40,35.90
04:13:47,28.40,35.90
04:13:57,28.40,35.80
04:14:07,28.40,35.90
04:14:17,28.40,35.90
04:14:27,28.40,35.80
04:14:37,28.40,35.90
04:14:47,28.40,35.80
04:14:57,28.40,35.90
04:15:07,28.40,35.90
04:15:17,28.40,35.90
04:15:27,28.40,35.90
04:15:37,28.50,35.90
04:15:47,28.50,35.90
04:15:57,28.50,35.90
04:16:07,28.40,35.90
04:16:17,28.40,35.90
04:16:27,28.50,35.90
04:16:37,28.50,36.00
04:16:47,28.50,36.00
04:16:57,28.40,35.90
04:17:07,28.50,35.90
04:17:17,28.40,35.90
04:17:27,28.40,35.90
04:17:37,28.40,35.90
04:17:47,28.40,35.90
04:17:57,28.40,35.80
04:18:07,28.50,35.80
04:18:17,28.50,35.80
04:18:27,28.40,35.80
04:18:37,28.40,35.70
04:18:47,28.40,35.70
04:18:57,28.40,35.80
04:19:07,28.40,35.70
04:19:17,28.40,35.70
04:19:27,28.40,35.70
04:19:37,28.40,35.60
04:19:47,28.40,35.70
04:19:57,28.40,35.70
04:20:07,28.40,35.70
04:20:17,28.50,35.70
04:20:27,28.40,35.80
04:20:37,28.40,35.80
04:20:47,28.50,35.80
04:20:57,28.50,35.70
04:21:07,28.40,35.80
04:21:17,28.40,35.70
04:21:27,28.40,35.70
04:21:37,28.40,35.80
04:21:47,28.40,35.80
04:21:57,28.50,35.80
04:22:07,28.50,35.70
04:22:17,28.40,35.70
04:22:27,28.50,35.70
04:22:37,28.40,35.70
04:22:47,28.50,35.80
04:22:57,28.40,35.70
04:23:07,28.40,35.70
04:23:17,28.40,35.70
04:23:27,28.40,35.70
04:23:37,28.40,35.60
04:23:47,28.40,35.60
04:23:57,28.40,35.70
04:24:07,28.40,35.60
04:24:17,28.40,35.50
04:24:27,28.50,35.50
04:24:37,28.40,35.60
04:24:47,28.40,35.50
04:24:57,28.40,35.50
04:25:07,28.40,35.60
04:25:17,28.50,35.60
04:25:27,28.40,35.60
04:25:37,28.40,35.60
04:25:47,28.40,35.60
04:25:57,28.50,35.60
04:26:07,28.40,35.60
04:26:17,28.40,35.60
04:26:27,28.50,35.60
04:26:37,28.50,35.60
04:26:47,28.40,35.60
04:26:57,28.40,35.60
04:27:07,28.50,35.60
04:27:17,28.40,35.60
04:27:27,28.40,35.50
04:27:37,28.40,35.60
04:27:47,28.50,35.60
04:27:57,28.40,35.60
04:28:07,28.40,35.50
04:28:17,28.40,35.50
04:28:27,28.50,35.70
04:28:37,28.40,35.60
04:28:47,28.40,35.60
04:28:57,28.40,35.70
04:29:07,28.40,35.50
04:29:17,28.50,35.50
04:29:27,28.40,35.50
04:29:37,28.40,35.50
04:29:47,28.40,35.40
04:29:57,28.40,35.50
04:30:07,28.40,35.40
04:30:17,28.50,35.50
04:30:27,28.40,35.40
04:30:37,28.40,35.40
04:30:47,28.50,35.40
04:30:57,28.40,35.40
04:31:07,28.50,35.30
04:31:17,28.50,35.30
04:31:27,28.50,35.30
04:31:37,28.40,35.30
04:31:47,28.40,35.40
04:31:57,28.50,35.40
04:32:07,28.40,35.40
04:32:17,28.40,35.50
04:32:27,28.50,35.40
04:32:37,28.50,35.50
04:32:47,28.40,35.50
04:32:57,28.50,35.50
04:33:07,28.50,35.50
04:33:17,28.40,35.50
04:33:27,28.50,35.50
04:33:37,28.50,35.50
04:33:47,28.50,35.50
04:33:57,28.50,35.40
04:34:07,28.40,35.30
04:34:17,28.50,35.40
04:34:27,28.50,35.40
04:34:37,28.50,35.40
04:34:47,28.50,35.40
04:34:57,28.50,35.40
04:35:07,28.40,35.40
04:35:17,28.50,35.40
04:35:27,28.40,35.30
04:35:37,28.50,35.40
04:35:47,28.50,35.30
04:35:57,28.50,35.30
04:36:07,28.40,35.30
04:36:17,28.40,35.30
04:36:27,28.40,35.30
04:36:37,28.40,35.40
04:36:47,28.50,35.40
04:36:57,28.50,35.30
04:37:07,28.40,35.30
04:37:17,28.50,35.30
04:37:27,28.40,35.20
04:37:37,28.40,35.30
04:37:47,28.40,35.30
04:37:57,28.40,35.20
04:38:07,28.40,35.20
04:38:17,28.40,35.20
04:38:27,28.40,35.20
04:38:37,28.40,35.30
04:38:47,28.50,35.30
04:38:57,28.40,35.20
04:39:07,28.50,35.30
04:39:17,28.40,35.20
04:39:27,28.40,35.20
04:39:37,28.40,35.40
04:39:47,28.40,35.20
04:39:57,28.40,35.20
04:40:07,28.40,35.10
04:40:17,28.50,35.20
04:40:27,28.40,35.20
04:40:37,28.40,35.10
04:40:47,28.40,35.10
04:40:57,28.50,35.10
04:41:07,28.50,35.10
04:41:17,28.40,35.20
04:41:27,28.40,35.20
04:41:37,28.40,35.20
04:41:47,28.40,35.10
04:41:57,28.40,35.30
04:42:07,28.40,35.20
04:42:17,28.40,35.20
04:42:27,28.40,35.10
04:42:37,28.40,35.10
04:42:47,28.50,35.10
04:42:57,28.40,35.20
04:43:07,28.40,35.10
04:43:17,28.50,35.10
04:43:27,28.40,35.10
04:43:37,28.50,35.10
04:43:47,28.40,35.10
04:43:57,28.50,35.20
04:44:07,28.50,35.20
04:44:17,28.50,35.20
04:44:27,28.40,35.10
04:44:37,28.40,35.10
04:44:47,28.40,35.20
04:44:57,28.40,35.20
04:45:07,28.50,35.10
04:45:17,28.50,35.10
04:45:27,28.50,35.10
04:45:37,28.50,35.10
04:45:47,28.40,35.10
04:45:57,28.50,35.00
04:46:07,28.40,35.00
04:46:17,28.40,35.10
04:46:27,28.40,35.10
04:46:37,28.40,35.00
04:46:47,28.40,35.10
04:46:57,28.40,35.20
04:47:07,28.40,35.10
04:47:17,28.40,35.20
04:47:27,28.40,35.10
04:47:37,28.40,35.10
04:47:47,28.50,35.20
04:47:57,28.50,35.20
04:48:07,28.40,35.20
04:48:17,28.50,35.20
04:48:27,28.50,35.20
04:48:37,28.40,35.00
04:48:47,28.40,35.10
04:48:57,28.40,35.20
04:49:07,28.40,35.20
04:49:17,28.40,35.10
04:49:27,28.50,35.10
04:49:37,28.40,35.10
04:49:47,28.50,35.10
04:49:57,28.50,35.20
04:50:07,28.40,35.20
04:50:17,28.40,35.20
04:50:27,28.40,35.20
04:50:37,28.40,35.20
04:50:47,28.50,35.20
04:50:57,28.50,35.20
04:51:07,28.40,35.20
04:51:17,28.40,35.10
04:51:27,28.40,35.10
04:51:37,28.40,35.10
04:51:47,28.40,35.10
04:51:57,28.40,35.10
04:52:07,28.40,35.10
04:52:17,28.40,35.10
04:52:27,28.50,35.10
04:52:37,28.40,35.10
04:52:47,28.40,35.10
04:52:57,28.40,35.10
04:53:07,28.40,35.10
04:53:17,28.50,35.10
04:53:27,28.50,35.00
04:53:37,28.50,35.10
04:53:47,28.50,35.00
04:53:57,28.40,35.10
04:54:07,28.40,35.10
04:54:17,28.40,35.00
04:54:27,28.50,35.00
04:54:37,28.40,35.10
04:54:47,28.50,35.00
04:54:57,28.50,35.10
04:55:07,28.50,35.10
04:55:17,28.40,35.10
04:55:27,28.50,35.10
04:55:37,28.50,35.10
04:55:47,28.50,35.10
04:55:57,28.50,35.10
04:56:07,28.50,35.10
04:56:17,28.50,35.10
04:56:27,28.50,34.90
04:56:37,28.50,34.90
04:56:47,28.40,35.00
04:56:57,28.50,35.00
04:57:07,28.50,35.10
04:57:17,28.50,34.90
04:57:27,28.50,35.00
04:57:37,28.50,35.00
04:57:47,28.50,35.00
04:57:57,28.50,35.00
04:58:07,28.40,35.10
04:58:17,28.50,35.00
04:58:27,28.40,35.00
04:58:37,28.40,35.00
04:58:47,28.50,34.90
04:58:57,28.40,34.90
04:59:07,28.50,34.80
04:59:17,28.50,34.90
04:59:27,28.50,34.90
04:59:37,28.50,34.90
04:59:47,28.50,34.90
04:59:57,28.50,34.80
05:00:07,28.50,34.80
05:00:17,28.50,34.70
05:00:27,28.50,34.90
05:00:37,28.50,34.90
05:00:47,28.50,34.90
05:00:57,28.50,34.80
05:01:07,28.50,35.00
05:01:17,28.50,34.90
05:01:27,28.50,35.00
05:01:37,28.50,34.90
05:01:47,28.50,34.80
05:01:57,28.50,35.00
05:02:07,28.50,34.90
05:02:17,28.50,35.00
05:02:27,28.50,34.90
05:02:37,28.50,34.80
05:02:47,28.50,34.90
05:02:57,28.50,34.80
05:03:07,28.50,34.80
05:03:17,28.50,34.80
05:03:27,28.50,34.90
05:03:37,28.50,34.90
05:03:47,28.50,34.90
05:03:57,28.50,34.80
05:04:07,28.50,34.90
05:04:17,28.50,34.80
05:04:27,28.50,34.80
05:04:37,28.50,34.90
05:04:47,28.50,34.80
05:04:57,28.50,34.80
05:05:07,28.50,34.80
05:05:17,28.50,34.80
05:05:27,28.50,34.80
05:05:37,28.50,34.80
05:05:47,28.40,34.70
05:05:57,28.40,34.80
05:06:07,28.50,34.70
05:06:17,28.50,34.80
05:06:27,28.50,34.80
05:06:37,28.50,34.80
05:06:47,28.50,34.80
05:06:57,28.50,34.90
05:07:07,28.50,34.90
05:07:17,28.50,35.00
05:07:27,28.50,34.90
05:07:37,28.50,35.00
05:07:47,28.50,34.90
05:07:57,28.40,34.80
05:08:07,28.50,34.90
05:08:17,28.50,35.00
05:08:27,28.50,34.90
05:08:37,28.50,34.90
05:08:47,28.50,34.80
05:08:57,28.50,34.80
05:09:07,28.50,34.80
05:09:17,28.50,34.70
05:09:27,28.50,34.80
05:09:37,28.50,34.90
05:09:47,28.50,34.90
05:09:57,28.50,34.90
05:10:07,28.50,34.90
05:10:17,28.50,34.80
05:10:27,28.50,34.90
05:10:37,28.50,34.80
05:10:47,28.50,34.80
05:10:57,28.50,34.80
05:11:07,28.50,34.80
05:11:17,28.50,34.90
05:11:27,28.50,34.90
05:11:37,28.50,34.90
05:11:47,28.50,34.90
05:11:57,28.50,34.80
05:12:07,28.50,34.90
05:12:17,28.50,34.80
05:12:27,28.50,34.80
05:12:37,28.50,34.80
05:12:47,28.50,34.80
05:12:57,28.40,34.80
05:13:07,28.50,35.00
05:13:17,28.50,34.90
05:13:27,28.50,34.90
05:13:37,28.50,34.80
05:13:47,28.50,34.80
05:13:57,28.40,34.90
05:14:07,28.50,35.00
05:14:17,28.50,34.90
05:14:27,28.50,35.00
05:14:37,28.50,35.00
05:14:47,28.50,34.80
05:14:57,28.50,34.80
05:15:07,28.50,34.80
05:15:17,28.50,34.90
05:15:27,28.50,34.80
05:15:37,28.50,34.90
05:15:47,28.50,34.80
05:15:57,28.50,34.70
05:16:07,28.50,34.80
05:16:17,28.50,34.90
05:16:27,28.50,34.90
05:16:37,28.50,34.90
05:16:47,28.50,34.80
05:16:57,28.50,34.80
05:17:07,28.50,34.80
05:17:17,28.50,34.70
05:17:27,28.50,34.90
05:17:37,28.50,34.80
05:17:47,28.50,34.80
05:17:57,28.50,34.90
05:18:07,28.50,34.80
05:18:17,28.50,34.80
05:18:27,28.50,34.80
05:18:37,28.50,34.80
05:18:47,28.50,34.80
05:18:57,28.50,34.80
05:19:07,28.50,35.20
05:19:17,28.50,35.10
05:19:27,28.50,35.00
05:19:37,28.50,35.00
05:19:47,28.50,35.10
05:19:57,28.50,35.10
05:20:07,28.50,35.20
05:20:17,28.50,34.90
05:20:27,28.50,35.00
05:20:37,28.50,35.00
05:20:47,28.50,34.80
05:20:57,28.50,34.80
05:21:07,28.50,34.90
05:21:17,28.50,35.00
05:21:27,28.50,35.00
05:21:37,28.50,34.90
05:21:47,28.50,35.00
05:21:57,28.50,34.90
05:22:07,28.50,35.00
05:22:17,28.50,34.90
05:22:27,28.50,34.90
05:22:37,28.50,34.90
05:22:47,28.50,34.90
05:22:57,28.50,34.90
05:23:07,28.50,34.90
05:23:17,28.50,34.70
05:23:27,28.50,34.90
05:23:37,28.50,34.80
05:23:47,28.50,34.80
05:23:57,28.50,34.80
05:24:07,28.50,34.80
05:24:17,28.50,34.70
05:24:27,28.50,34.80
05:24:37,28.50,35.00
05:24:47,28.50,34.80
05:24:57,28.50,34.80
05:25:07,28.50,34.70
05:25:17,28.50,34.70
05:25:27,28.50,34.80
05:25:37,28.50,34.80
05:25:47,28.50,34.90
05:25:57,28.50,34.70
05:26:07,28.50,34.70
05:26:17,28.50,34.80
05:26:27,28.50,34.70
05:26:37,28.50,34.70
05:26:47,28.50,34.70
05:26:57,28.50,34.70
05:27:07,28.50,34.70
05:27:17,28.50,34.70
05:27:27,28.50,34.70
05:27:37,28.50,34.80
05:27:47,28.50,34.70
05:27:57,28.50,34.60
05:28:07,28.50,34.70
05:28:17,28.50,34.80
05:28:27,28.50,34.60
05:28:37,28.50,34.70
05:28:47,28.50,34.70
05:28:57,28.50,34.80
05:29:07,28.50,34.70
05:29:17,28.50,34.70
05:29:27,28.50,34.70
05:29:37,28.50,34.70
05:29:47,28.50,34.60
05:29:57,28.50,34.60
05:30:07,28.50,34.60
05:30:17,28.50,34.70
05:30:27,28.50,34.70
05:30:37,28.50,34.70
05:30:47,28.50,34.70
05:30:57,28.50,34.70
05:31:07,28.50,34.70
05:31:17,28.50,34.70
05:31:27,28.50,34.70
05:31:37,28.50,34.70
05:31:47,28.50,34.70
05:31:57,28.50,34.70
05:32:07,28.50,34.60
05:32:17,28.50,34.60
05:32:27,28.50,34.70
05:32:37,28.50,34.70
05:32:47,28.50,34.80
05:32:57,28.50,34.70
05:33:07,28.50,34.70
05:33:17,28.50,34.60
05:33:27,28.50,34.50
05:33:37,28.50,34.50
05:33:47,28.50,34.60
05:33:57,28.50,34.60
05:34:07,28.50,34.60
05:34:17,28.50,34.70
05:34:27,28.50,34.70
05:34:37,28.50,34.60
05:34:47,28.50,34.50
05:34:57,28.50,34.60
05:35:07,28.50,34.50
05:35:17,28.50,34.50
05:35:27,28.50,34.50
05:35:37,28.50,34.50
05:35:47,28.50,34.50
05:35:57,28.50,34.70
05:36:07,28.50,34.70
05:36:17,28.50,34.50
05:36:27,28.50,34.50
05:36:37,28.50,34.60
05:36:47,28.50,34.60
05:36:57,28.50,34.50
05:37:07,28.50,34.50
05:37:17,28.50,34.70
05:37:27,28.50,34.50
05:37:37,28.50,34.40
05:37:47,28.50,34.40
05:37:57,28.50,34.50
05:38:07,28.50,34.40
05:38:17,28.50,34.60
05:38:27,28.50,34.40
05:38:37,28.50,34.40
05:38:47,28.50,34.40
05:38:57,28.50,34.40
05:39:07,28.50,34.40
05:39:17,28.50,34.40
05:39:27,28.50,34.40
05:39:37,28.50,34.40
05:39:47,28.50,34.40
05:39:57,28.50,34.30
05:40:07,28.50,34.30
05:40:17,28.50,34.40
05:40:27,28.50,34.30
05:40:37,28.50,34.30
05:40:47,28.50,34.30
05:40:57,28.50,34.30
05:41:07,28.50,34.40
05:41:17,28.50,34.40
05:41:27,28.50,34.40
05:41:37,28.50,34.40
05:41:47,28.50,34.40
05:41:57,28.50,34.40
05:42:07,28.50,34.30
05:42:17,28.50,34.40
05:42:27,28.50,34.30
05:42:37,28.50,34.30
05:42:47,28.50,34.20
05:42:57,28.50,34.20
05:43:07,28.50,34.30
05:43:17,28.50,34.20
05:43:27,28.50,34.20
05:43:37,28.50,34.10
05:43:47,28.50,34.10
05:43:57,28.50,34.20
05:44:07,28.50,34.10
05:44:17,28.50,34.20
05:44:27,28.50,34.20
05:44:37,28.50,34.10
05:44:47,28.50,34.10
05:44:57,28.50,34.10
05:45:07,28.50,34.10
05:45:17,28.50,34.00
05:45:27,28.50,34.10
05:45:37,28.50,34.10
05:45:47,28.50,34.10
05:45:57,28.50,34.20
05:46:07,28.50,34.20
05:46:17,28.50,34.10
05:46:27,28.50,34.20
05:46:37,28.50,34.10
05:46:47,28.50,34.10
05:46:57,28.50,34.00
05:47:07,28.50,34.00
05:47:17,28.50,34.00
05:47:27,28.50,34.00
05:47:37,28.50,34.00
05:47:47,28.50,34.10
05:47:57,28.50,34.00
05:48:07,28.50,34.00
05:48:17,28.50,34.00
05:48:27,28.50,34.00
05:48:37,28.50,34.00
05:48:47,28.50,34.10
05:48:57,28.50,34.10
05:49:07,28.50,34.00
05:49:17,28.50,34.00
05:49:27,28.50,34.00
05:49:37,28.50,33.90
05:49:47,28.50,33.90
05:49:57,28.50,34.00
05:50:07,28.50,33.90
05:50:17,28.50,34.10
05:50:27,28.50,33.90
05:50:37,28.50,33.90
05:50:47,28.50,33.90
05:50:57,28.50,33.90
05:51:07,28.50,33.90
05:51:17,28.50,33.90
05:51:27,28.50,33.90
05:51:37,28.50,34.00
05:51:47,28.50,34.00
05:51:57,28.50,34.00
05:52:07,28.50,33.90
05:52:17,28.50,33.90
05:52:27,28.50,33.90
05:52:37,28.50,33.40
05:52:47,28.50,33.90
05:52:57,28.50,33.90
05:53:07,28.50,33.80
05:53:17,28.50,33.70
05:53:27,28.50,33.60
05:53:37,28.50,33.60
05:53:47,28.50,33.70
05:53:57,28.50,33.60
05:54:07,28.50,33.50
05:54:17,28.50,33.50
05:54:27,28.50,33.40
05:54:37,28.50,33.40
05:54:47,28.50,33.30
05:54:57,28.50,33.20
05:55:07,28.50,33.10
05:55:17,28.50,33.10
05:55:27,28.50,33.10
05:55:37,28.50,33.10
05:55:47,28.50,32.90
05:55:57,28.50,32.90
05:56:07,28.50,32.60
05:56:17,28.50,32.60
05:56:27,28.50,32.60
05:56:37,28.50,32.50
05:56:47,28.50,32.50
05:56:57,28.50,32.40
05:57:07,28.50,32.20
05:57:17,28.50,32.30
05:57:27,28.50,32.40
05:57:37,28.50,32.20
05:57:47,28.50,31.90
05:57:57,28.50,31.90
05:58:07,28.50,32.10
05:58:17,28.50,31.90
05:58:27,28.50,31.90
05:58:37,28.40,31.70
05:58:47,28.50,35.10
05:58:57,28.50,33.00
05:59:07,28.50,34.30
05:59:17,28.50,34.10
05:59:27,28.50,35.10
05:59:37,28.50,35.00
05:59:47,28.50,35.00
05:59:57,28.50,36.10
06:00:07,28.50,36.30
06:00:17,28.50,35.50
06:00:27,28.50,35.60
06:00:37,28.50,34.90
06:00:47,28.50,37.90
06:01:47,28.50,38.40
06:01:57,28.50,37.90
06:02:07,28.50,35.90
06:02:17,28.50,36.30
06:02:27,28.50,37.20
06:02:37,28.50,35.50
06:02:47,28.50,35.60
06:02:57,28.50,36.30
06:03:11,28.50,36.80
06:03:17,28.50,36.70
06:03:27,28.50,35.20
06:03:37,28.40,34.80
06:03:47,28.50,37.00
06:03:57,28.40,37.60
06:04:07,28.40,34.60
06:04:17,28.40,34.80
06:04:27,28.40,34.30
06:04:37,28.40,33.70
06:04:47,28.40,34.50
06:04:57,28.40,34.60
06:05:07,28.40,34.60
06:05:17,28.40,33.80
06:05:27,28.40,33.90
06:05:37,28.40,33.80
06:05:47,28.40,33.90
06:05:57,28.40,34.10
06:06:07,28.40,33.80
06:06:17,28.40,34.00
06:06:27,28.40,34.10
06:06:37,28.40,35.50
06:06:47,28.40,34.10
06:06:57,28.40,33.70
06:07:07,28.40,33.50
06:07:17,28.40,34.50
06:07:27,28.40,33.40
06:07:37,28.40,33.20
06:07:59,28.40,34.00
06:08:09,28.40,33.40
06:08:18,28.40,35.00
06:08:29,28.40,33.60
06:08:39,28.40,33.40
06:08:48,28.40,34.20
06:08:59,28.40,34.10
06:09:09,28.40,33.80
06:09:18,28.40,33.90
06:09:29,28.40,35.00
06:09:39,28.40,33.90
06:09:48,28.40,34.50
06:09:59,28.40,35.00
06:10:09,28.30,34.20
06:10:19,28.40,34.40
06:10:29,28.30,33.50
06:10:39,28.40,34.50
06:10:48,28.30,33.80
06:10:59,28.30,33.80
06:11:09,28.30,33.30
06:11:19,28.30,34.00
06:11:29,28.30,34.90
06:11:39,28.30,33.70
06:11:49,28.30,33.70
06:11:59,28.30,33.30
06:12:09,28.40,33.50
06:12:19,28.30,33.70
06:12:29,28.30,33.90
06:12:39,28.40,34.90
06:12:49,28.30,34.40
06:12:59,28.30,34.90
06:13:09,28.40,34.10
06:13:19,28.30,33.10
06:13:29,28.30,33.50
06:13:39,28.30,33.00
06:13:49,28.30,34.30
06:13:59,28.30,33.30
06:14:09,28.30,35.90
06:14:19,28.30,33.70
06:14:29,28.30,34.40
06:14:38,28.30,36.10
06:14:49,28.30,33.10
06:14:59,28.30,34.70
06:15:08,28.30,34.60
06:15:19,28.30,33.40
06:15:29,28.30,34.30
06:15:38,28.30,33.30
06:15:49,28.30,32.80
06:15:59,28.30,34.20
06:16:08,28.30,34.40
06:16:19,28.30,33.40
06:16:29,28.30,33.50
06:16:39,28.30,34.50
06:16:49,28.30,33.20
06:16:58,28.30,34.10
06:17:09,28.30,36.10
06:17:19,28.30,37.10
06:17:29,28.30,34.10
06:17:39,28.30,34.70
06:17:49,28.30,34.40
06:17:59,28.30,35.00
06:18:09,28.30,36.20
06:18:19,28.30,33.20
06:18:29,28.30,33.70
06:18:39,28.30,33.10
06:18:49,28.30,33.50
06:18:59,28.30,33.40
06:19:09,28.30,33.80
06:19:19,28.30,34.20
06:19:29,28.30,34.60
06:19:39,28.30,33.70
06:19:49,28.30,33.00
06:19:59,28.30,34.10
06:20:09,28.30,35.40
06:20:19,28.30,33.10
06:20:29,28.30,36.00
06:20:39,28.30,34.30
06:20:49,28.30,35.20
06:20:59,28.30,35.10
06:21:09,28.30,32.80
06:21:19,28.30,34.20
06:21:29,28.30,33.60
06:21:39,28.30,33.20
06:21:49,28.30,33.20
06:21:59,28.20,33.20
06:22:09,28.20,33.70
06:22:19,28.30,35.70
06:22:29,28.30,33.80
06:22:39,28.20,33.50
06:22:49,28.30,33.30
06:22:59,28.30,33.00
06:23:09,28.30,34.70
06:23:19,28.20,33.70
06:23:29,28.20,33.50
06:23:39,28.30,35.20
06:23:49,28.30,33.40
06:23:59,28.30,33.30
06:24:09,28.20,34.70
06:24:19,28.20,32.70
06:24:29,28.20,34.90
06:24:39,28.20,34.10
06:24:49,28.20,34.20
06:24:59,28.20,32.50
06:25:09,28.20,32.70
06:25:19,28.20,35.60
06:25:29,28.20,32.70
06:25:39,28.20,34.10
06:25:49,28.20,34.10
06:25:59,28.20,35.20
06:26:09,28.20,33.80
06:26:19,28.30,32.90
06:26:29,28.20,33.10
06:26:39,28.30,33.90
06:26:49,28.20,33.50
06:26:59,28.20,32.60
06:27:09,28.20,32.90
06:27:19,28.20,33.40
06:27:29,28.20,33.10
06:27:39,28.20,33.90
06:28:01,28.30,33.80
06:28:11,28.20,32.90
06:28:21,28.20,32.30
06:28:31,28.20,34.00
06:28:41,28.30,33.60
06:28:51,28.20,33.40
06:29:01,28.20,33.80
06:29:11,28.20,33.20
06:29:21,28.20,34.60
06:29:31,28.20,32.60
06:29:41,28.20,33.10
06:29:51,28.20,32.30
06:30:01,28.20,32.20
06:30:11,28.20,33.60
06:30:21,28.20,34.20
06:30:31,28.20,32.60
06:30:41,28.20,32.70
06:30:51,28.20,35.60
06:31:01,28.30,34.00
06:31:11,28.20,32.80
06:31:21,28.20,32.20
06:31:31,28.20,34.40
06:31:41,28.20,32.30
06:31:51,28.20,32.40
06:32:01,28.30,35.50
06:32:11,28.20,32.40
06:32:21,28.30,32.90
06:32:31,28.30,34.50
06:32:41,28.30,33.40
06:33:06,28.30,33.50
06:33:16,28.20,32.60
06:33:26,28.20,32.50
06:33:36,28.30,32.60
06:33:46,28.30,32.40
06:33:56,28.30,33.00
06:34:06,28.20,32.30
06:34:16,28.20,33.30
06:34:26,28.30,33.80
06:34:36,28.30,33.00
06:34:46,28.30,32.80
06:34:56,28.30,33.70
06:35:06,28.30,33.30
06:35:16,28.30,32.70
06:35:26,28.30,34.20
06:35:36,28.30,32.50
06:35:46,28.30,32.20
06:35:56,28.30,34.60
06:36:06,28.30,33.50
06:36:16,28.30,34.20
06:36:26,28.30,33.20
06:36:36,28.30,32.70
06:36:46,28.30,33.40
06:36:56,28.30,32.70
06:37:06,28.30,33.10
06:37:16,28.30,34.00
06:37:26,28.20,32.30
06:37:36,28.30,34.60
06:37:46,28.20,32.40
06:37:58,28.30,32.80
06:38:08,28.30,32.90
06:38:18,28.20,33.00
06:38:28,28.30,33.30
06:38:38,28.30,32.20
06:38:48,28.30,34.00
06:38:58,28.30,33.60
06:39:08,28.30,32.30
06:39:18,28.30,32.80
06:39:28,28.30,32.90
06:39:38,28.30,32.60
06:39:48,28.30,32.60
06:39:58,28.30,32.30
06:40:08,28.30,32.90
06:40:18,28.30,33.30
06:40:28,28.30,32.90
06:40:38,28.30,32.90
06:40:48,28.30,32.90
06:40:58,28.30,33.30
06:41:08,28.30,32.80
06:41:18,28.20,32.60
06:41:28,28.30,33.20
06:41:38,28.20,32.80
06:41:48,28.20,32.10
06:41:58,28.30,33.10
06:42:08,28.30,33.70
06:42:18,28.30,33.40
06:42:28,28.30,33.30
06:42:38,28.30,33.30
06:42:48,28.30,33.10
06:43:11,28.30,33.30
06:43:21,28.30,32.30
06:43:31,28.30,32.80
06:43:41,28.30,33.00
06:43:51,28.30,33.00
06:44:01,28.30,33.10
06:44:11,28.30,32.10
06:44:21,28.30,32.90
06:44:31,28.30,34.00
06:44:41,28.30,33.00
06:44:51,28.30,33.20
06:45:01,28.30,32.90
06:45:11,28.30,32.50
06:45:21,28.30,33.80
06:45:31,28.30,32.70
06:45:41,28.30,32.90
06:45:51,28.30,32.40
06:46:01,28.30,32.00
06:46:11,28.30,32.80
06:46:21,28.30,32.70
06:46:31,28.30,32.70
06:46:41,28.30,32.70
06:46:51,28.30,33.60
06:47:01,28.30,33.60
06:47:11,28.30,32.70
06:47:21,28.30,32.50
06:47:31,28.30,32.00
06:47:41,28.30,32.20
06:47:51,28.30,32.90
06:48:09,28.30,33.30
06:48:19,28.20,33.30
06:48:29,28.30,32.90
06:48:39,28.20,32.40
06:48:49,28.30,32.50
06:48:59,28.30,32.30
06:49:09,28.30,31.90
06:49:19,28.30,32.70
06:49:29,28.30,32.00
06:49:39,28.20,32.30
06:49:49,28.30,34.60
06:49:59,28.30,32.80
06:50:09,28.30,32.50
06:50:19,28.30,33.40
06:50:29,28.30,33.50
06:50:39,28.30,32.40
06:50:49,28.30,32.70
06:50:59,28.30,33.00
06:51:09,28.30,33.60
06:51:19,28.30,32.50
06:51:29,28.30,32.10
06:51:39,28.30,33.30
06:51:49,28.30,32.50
06:51:59,28.30,32.50
06:52:09,28.30,32.70
06:52:19,28.30,32.90
06:52:29,28.30,32.20
06:52:39,28.30,33.00
06:52:49,28.30,33.30
06:52:59,28.30,33.90
06:53:16,28.30,32.10
06:53:26,28.30,32.40
06:53:36,28.30,31.90
06:53:46,28.30,33.20
06:53:56,28.30,32.00
06:54:06,28.30,33.70
06:54:16,28.30,33.30
06:54:26,28.30,34.40
06:54:36,28.30,33.60
06:54:46,28.30,33.10
06:54:56,28.30,32.20
06:55:06,28.30,34.20
06:55:16,28.30,32.20
06:55:26,28.30,32.00
06:55:36,28.30,32.50
06:55:46,28.30,32.20
06:55:56,28.30,32.00
06:56:06,28.30,32.10
06:56:16,28.30,33.10
06:56:26,28.30,33.50
06:56:36,28.30,32.70
06:56:46,28.30,33.40
06:56:56,28.30,33.10
06:57:06,28.30,32.40
06:57:16,28.30,32.10
06:57:26,28.30,32.40
06:57:36,28.30,33.50
06:57:46,28.30,32.50
06:57:56,28.30,32.10
06:58:06,28.30,32.60
06:58:29,28.30,32.40
06:58:39,28.30,33.60
06:58:49,28.30,32.80
06:58:59,28.30,33.70
06:59:09,28.30,33.40
06:59:19,28.30,33.70
06:59:29,28.30,32.50
06:59:39,28.30,33.20
06:59:49,28.30,32.70
06:59:59,28.30,33.00
07:00:09,28.30,33.20
07:00:19,28.30,33.00
07:00:29,28.30,32.40
07:00:39,28.30,32.60
07:00:49,28.30,32.70
07:00:59,28.30,33.50
07:01:09,28.30,32.70
07:01:19,28.30,34.40
07:01:29,28.30,33.00
07:01:39,28.30,33.20
07:01:49,28.30,33.90
07:01:59,28.30,32.70
07:02:09,28.30,33.60
07:02:19,28.30,32.50
07:02:29,28.30,32.70
07:02:39,28.30,32.50
07:02:49,28.30,32.30
07:02:59,28.30,32.20
07:03:09,28.30,32.50
07:03:19,28.30,32.30
07:03:29,28.30,33.10
07:03:41,28.30,32.30
07:03:49,28.30,33.30
07:03:59,28.30,32.30
07:04:09,28.30,32.20
07:04:19,28.30,32.50
07:04:29,28.30,32.40
07:04:39,28.30,32.80
07:04:49,28.30,32.20
07:04:59,28.30,32.40
07:05:09,28.30,32.30
07:05:21,28.30,32.90
07:05:29,28.30,32.30
07:05:39,28.30,32.90
07:05:49,28.30,32.40
07:05:59,28.30,32.20
07:06:09,28.30,32.70
07:06:21,28.30,32.60
07:06:29,28.30,32.40
07:06:39,28.30,34.00
07:06:51,28.30,32.40
07:06:59,28.30,32.80
07:07:09,28.30,32.80
07:07:21,28.30,32.40
07:07:31,28.30,32.40
07:07:39,28.30,32.50
07:07:51,28.30,32.80
07:07:59,28.30,32.50
07:08:09,28.30,32.20
07:08:21,28.30,32.70
07:08:29,28.30,32.50
07:08:39,28.30,34.40
07:08:51,28.30,32.50
07:08:59,28.30,32.40
07:09:11,28.30,33.00
07:09:21,28.30,32.50
07:09:31,28.30,32.30
07:09:41,28.30,33.60
07:09:49,28.30,33.20
07:10:01,28.30,32.40
07:10:11,28.30,32.90
07:10:19,28.30,33.40
07:10:29,28.30,34.50
07:10:41,28.30,32.60
07:10:49,28.30,33.30
07:11:00,28.30,33.60
07:11:11,28.30,32.90
07:11:21,28.30,32.70
07:11:31,28.30,32.70
07:11:41,28.30,32.70
07:11:49,28.30,32.40
07:11:59,28.30,32.30
07:12:11,28.30,33.20
07:12:21,28.30,33.60
07:12:31,28.30,32.70
07:12:41,28.30,32.50
07:12:49,28.30,32.80
07:13:01,28.30,32.70
07:13:11,28.30,32.80
07:13:21,28.30,32.60
07:13:31,28.30,32.60
07:13:41,28.30,32.90
07:13:51,28.30,33.40
07:14:01,28.30,33.00
07:14:11,28.30,32.70
07:14:21,28.30,33.00
07:14:31,28.30,32.90
07:14:41,28.30,32.80
07:14:51,28.30,32.70
07:15:01,28.30,33.00
07:15:11,28.30,34.50
07:15:21,28.30,32.70
07:15:31,28.30,32.70
07:15:41,28.30,32.60
07:15:51,28.30,32.80
07:16:01,28.30,32.50
07:16:11,28.30,32.60
07:16:21,28.30,32.50
07:16:31,28.30,32.40
07:16:41,28.30,32.90
07:16:51,28.40,33.40
07:17:01,28.40,33.60
07:17:11,28.40,32.90
07:17:21,28.40,32.60
07:17:31,28.30,33.30
07:17:41,28.30,32.60
07:17:51,28.30,32.50
07:18:01,28.30,32.50
07:18:11,28.30,32.60
07:18:21,28.30,32.50
07:18:31,28.30,32.30
07:18:41,28.30,32.40
07:18:51,28.40,33.00
07:19:01,28.30,32.30
07:19:11,28.30,32.40
07:19:21,28.40,32.50
07:19:31,28.30,32.70
07:19:41,28.30,32.90
07:19:51,28.40,32.90
07:20:01,28.40,33.40
07:20:11,28.30,32.80
07:20:21,28.40,32.40
07:20:31,28.40,32.30
07:20:41,28.40,32.40
07:20:51,28.40,32.40
07:21:01,28.40,32.50
07:21:11,28.40,32.90
07:21:21,28.30,32.70
07:21:31,28.30,32.70
07:21:41,28.40,33.20
07:21:51,28.40,32.80
07:22:01,28.40,32.40
07:22:11,28.40,32.30
07:22:21,28.40,32.40
07:22:31,28.40,32.40
07:22:41,28.40,32.70
07:22:51,28.40,32.30
07:23:01,28.40,32.20
07:23:11,28.40,32.70
07:23:21,28.40,32.40
07:23:31,28.40,32.40
07:23:41,28.40,32.70
07:23:51,28.40,32.60
07:24:01,28.40,33.30
07:24:11,28.40,32.50
07:24:21,28.40,32.60
07:24:31,28.40,33.10
07:24:41,28.40,32.50
07:24:51,28.40,32.80
07:25:01,28.40,32.60
07:25:11,28.40,33.10
07:25:21,28.40,32.60
07:25:31,28.40,32.60
07:25:41,28.40,32.80
07:25:51,28.40,33.00
07:26:01,28.40,32.70
07:26:11,28.40,33.00
07:26:21,28.40,33.00
07:26:31,28.40,32.60
07:26:41,28.40,33.80
07:26:51,28.40,33.20
07:27:01,28.40,32.70
07:27:11,28.40,32.40
07:27:21,28.40,32.80
07:27:31,28.40,32.50
07:27:41,28.40,32.60
07:27:51,28.40,32.50
07:28:01,28.40,32.50
07:28:11,28.40,32.60
07:28:21,28.40,32.50
07:28:31,28.40,32.50
07:28:41,28.40,32.50
07:28:51,28.40,32.50
07:29:01,28.40,32.60
07:29:11,28.40,32.50
07:29:21,28.40,33.00
07:29:31,28.40,32.50
07:29:41,28.40,33.10
07:29:51,28.40,32.50
07:30:01,28.40,32.50
07:30:11,28.40,32.40
07:30:21,28.40,32.60
07:30:31,28.40,32.50
07:30:41,28.40,32.60
07:30:51,28.40,33.30
07:31:01,28.40,33.10
07:31:11,28.40,32.70
07:31:21,28.40,33.40
07:31:31,28.40,33.50
07:31:41,28.40,32.80
07:31:51,28.40,32.70
07:32:01,28.40,32.60
07:32:11,28.40,33.20
07:32:21,28.40,32.70
07:32:31,28.40,32.70
07:32:41,28.40,32.60
07:32:51,28.40,33.20
07:33:01,28.40,32.70
07:33:11,28.40,32.90
07:33:36,28.40,33.00
07:33:46,28.40,33.00
07:33:56,28.40,32.80
07:34:06,28.40,33.40
07:34:16,28.40,32.80
07:34:26,28.40,32.60
07:34:36,28.40,32.60
07:34:46,28.40,32.50
07:34:56,28.40,32.80
07:35:06,28.40,32.70
07:35:16,28.40,32.50
07:35:26,28.40,32.50
07:35:36,28.40,32.40
07:35:46,28.40,32.60
07:35:56,28.40,32.50
07:36:06,28.40,32.30
07:36:16,28.40,32.30
07:36:26,28.40,32.60
07:36:36,28.40,32.40
07:36:46,28.40,32.60
07:36:56,28.40,33.40
07:37:06,28.40,32.90
07:37:16,28.40,32.60
07:37:26,28.40,32.80
07:37:36,28.40,32.50
07:37:46,28.40,32.60
07:37:56,28.40,32.80
07:38:06,28.40,33.30
07:38:16,28.40,33.00
07:38:26,28.40,32.70
07:38:36,28.40,32.70
07:38:46,28.40,32.80
07:38:56,28.40,33.60
07:39:06,28.40,32.90
07:39:16,28.40,33.00
07:39:26,28.40,32.90
07:39:36,28.40,33.00
07:39:46,28.40,33.00
07:39:56,28.40,33.10
07:40:06,28.40,33.10
07:40:16,28.40,33.30
07:40:26,28.40,33.20
07:40:36,28.40,33.50
07:40:46,28.40,33.70
07:40:56,28.40,33.90
07:41:06,28.40,33.50
07:41:16,28.40,34.00
07:41:26,28.40,33.70
07:41:36,28.40,34.00
07:41:46,28.40,33.90
07:41:56,28.40,34.10
07:42:06,28.40,33.90
07:42:16,28.40,34.10
07:42:26,28.40,34.20
07:42:36,28.40,34.20
07:42:46,28.40,34.30
07:42:56,28.40,34.30
07:43:06,28.40,34.40
07:43:16,28.40,34.70
07:43:26,28.40,34.70
07:43:36,28.40,34.80
07:43:46,28.40,34.90
07:43:56,28.40,35.00
07:44:06,28.40,35.10
07:44:16,28.40,35.30
07:44:26,28.40,34.90
07:44:36,28.40,35.10
07:44:46,28.40,35.00
07:44:56,28.40,35.20
07:45:06,28.40,35.30
07:45:16,28.40,35.40
07:45:26,28.30,35.50
07:45:36,28.40,35.70
07:45:46,28.30,35.50
07:45:56,28.30,35.50
07:46:06,28.30,35.50
07:46:16,28.30,35.60
07:46:26,28.30,35.60
07:46:36,28.30,35.80
07:46:46,28.30,35.70
07:46:56,28.30,35.70
07:47:06,28.30,35.70
07:47:16,28.30,35.70
07:47:26,28.30,35.80
07:47:36,28.30,36.10
07:47:46,28.30,36.00
07:47:56,28.30,36.10
07:48:06,28.30,36.10
07:48:16,28.30,36.10
07:48:30,28.30,36.10
07:48:40,28.30,36.40
07:48:50,28.30,36.20
07:49:00,28.30,36.20
07:49:10,28.30,36.40
07:49:20,28.30,36.40
07:49:30,28.30,36.20
07:49:40,28.30,36.30
07:49:50,28.30,36.50
07:50:00,28.30,36.50
07:50:10,28.30,36.50
07:50:20,28.30,36.50
07:50:30,28.30,36.50
07:50:40,28.30,36.50
07:50:50,28.30,36.80
07:51:00,28.30,36.80
07:51:10,28.30,36.70
07:51:20,28.30,36.70
07:51:30,28.30,36.90
07:51:40,28.30,36.80
07:51:50,28.30,37.00
07:52:00,28.30,36.90
07:52:10,28.30,36.90
07:52:20,28.30,36.90
07:52:30,28.30,37.50
07:52:40,28.30,37.10
07:52:50,28.30,37.10
07:53:00,28.30,37.20
07:53:10,28.30,37.10
07:53:20,28.30,37.20
07:53:30,28.30,37.20
07:53:40,28.30,37.20
07:53:50,28.30,37.10
07:54:00,28.30,37.30
07:54:10,28.30,37.30
07:54:20,28.30,37.20
07:54:30,28.20,37.40
07:54:40,28.30,37.60
07:54:50,28.30,37.40
07:55:00,28.30,37.40
07:55:10,28.20,37.40
07:55:20,28.20,37.40
07:55:30,28.30,37.40
07:55:40,28.30,37.60
07:55:50,28.20,37.50
07:56:00,28.30,37.60
07:56:10,28.20,37.90
07:56:20,28.20,37.80
07:56:30,28.20,37.60
07:56:40,28.20,37.70
07:56:50,28.30,37.70
07:57:00,28.20,37.70
07:57:10,28.20,37.70
07:57:20,28.20,37.80
07:57:30,28.20,37.80
07:57:40,28.20,37.80
07:57:50,28.20,37.80
07:58:00,28.20,37.80
07:58:10,28.20,37.90
07:58:20,28.20,37.80
07:58:31,28.20,37.80
07:58:41,28.20,37.80
07:58:51,28.20,37.90
07:59:01,28.20,37.90
07:59:11,28.20,38.10
07:59:21,28.20,38.00
07:59:31,28.20,38.00
07:59:41,28.20,38.10
07:59:51,28.20,38.10
08:00:01,28.20,38.10
08:00:11,28.20,38.00
08:00:21,28.20,38.00
08:00:31,28.20,38.20
08:00:41,28.20,38.20
08:00:51,28.20,38.00
08:01:01,28.20,38.00
08:01:11,28.20,38.20
08:01:21,28.20,38.10
08:01:31,28.20,38.10
08:01:41,28.20,38.10
08:01:51,28.20,38.10
08:02:01,28.20,38.10
08:02:11,28.20,38.10
08:02:21,28.20,38.20
08:02:31,28.20,38.10
08:02:41,28.20,38.40
08:02:51,28.20,38.20
08:03:01,28.20,38.20
08:03:11,28.20,38.30
08:03:21,28.20,38.20
08:03:31,28.20,38.10
08:03:41,28.20,38.50
08:03:51,28.20,38.40
08:04:01,28.20,38.20
08:04:11,28.20,38.40
08:04:21,28.20,38.30
08:04:31,28.20,38.50
08:04:41,28.20,38.40
08:04:51,28.20,38.40
08:05:01,28.20,38.50
08:05:11,28.20,38.50
08:05:21,28.20,38.50
08:05:31,28.20,38.50
08:05:41,28.20,38.50
08:05:51,28.20,38.40
08:06:01,28.20,38.60
08:06:11,28.20,38.70
08:06:21,28.20,38.90
08:06:31,28.20,38.90
08:06:41,28.20,38.80
08:06:51,28.20,38.70
08:07:01,28.10,38.60
08:07:11,28.20,38.80
08:07:21,28.20,38.80
08:07:31,28.10,38.70
08:07:41,28.10,38.70
08:07:51,28.10,38.70
08:08:01,28.10,38.80
08:08:11,28.20,38.60
08:08:21,28.10,38.70
08:08:31,28.10,38.90
08:08:41,28.10,38.80
08:08:51,28.10,39.00
08:09:01,28.10,38.90
08:09:11,28.20,38.90
08:09:21,28.20,38.80
08:09:31,28.10,38.80
08:09:41,28.10,38.90
08:09:51,28.10,38.90
08:10:01,28.10,38.90
08:10:11,28.10,38.90
08:10:21,28.10,39.00
08:10:31,28.10,39.00
08:10:41,28.10,38.90
08:10:51,28.10,39.00
08:11:01,28.10,39.00
08:11:11,28.10,39.10
08:11:21,28.10,39.00
08:11:31,28.10,39.00
08:11:41,28.10,39.00
08:11:51,28.10,39.20
08:12:01,28.10,39.20
08:12:11,28.10,39.00
08:12:21,28.10,39.10
08:12:31,28.10,39.10
08:12:41,28.10,39.60
08:12:51,28.10,39.10
08:13:01,28.10,39.10
08:13:11,28.10,39.00
08:13:21,28.10,39.10
08:13:31,28.10,39.20
08:13:41,28.10,39.20
08:13:51,28.10,39.10
08:14:01,28.10,39.20
08:14:11,28.10,39.40
08:14:21,28.10,39.20
08:14:31,28.10,39.20
08:14:41,28.10,39.20
08:14:51,28.10,39.20
08:15:01,28.10,39.20
08:15:11,28.10,39.30
08:15:21,28.10,39.40
08:15:31,28.10,39.50
08:15:41,28.10,39.50
08:15:51,28.10,39.30
08:16:01,28.10,39.20
08:16:11,28.10,39.20
08:16:21,28.10,39.30
08:16:31,28.10,39.50
08:16:41,28.10,39.40
08:16:51,28.10,39.40
08:17:01,28.10,39.70
08:17:11,28.10,39.40
08:17:21,28.10,39.40
08:17:31,28.10,39.40
08:17:41,28.10,39.40
08:17:51,28.10,39.50
08:18:01,28.10,39.60
08:18:11,28.10,39.60
08:18:21,28.10,39.40
08:18:31,28.10,39.60
08:18:41,28.10,39.60
08:18:51,28.10,39.60
08:19:01,28.10,39.60
08:19:11,28.10,39.70
08:19:21,28.10,39.50
08:19:31,28.10,39.70
08:19:41,28.10,39.60
08:19:51,28.10,39.60
08:20:01,28.10,39.60
08:20:11,28.10,39.60
08:20:21,28.10,39.60
08:20:31,28.10,39.70
08:20:41,28.10,39.70
08:20:51,28.10,39.60
08:21:01,28.10,39.60
08:21:11,28.10,39.70
08:21:21,28.10,39.80
08:21:31,28.10,39.80
08:21:41,28.10,39.80
08:21:51,28.10,39.90
08:22:01,28.10,39.70
08:22:11,28.10,39.80
08:22:21,28.10,39.70
08:22:31,28.10,39.60
08:22:41,28.10,39.90
08:22:51,28.10,39.90
08:23:01,28.10,39.90
08:23:11,28.10,39.80
08:23:21,28.10,39.80
08:23:31,28.00,39.90
08:23:41,28.10,40.00
08:23:51,28.10,39.90
08:24:01,28.10,39.90
08:24:11,28.10,39.80
08:24:21,28.10,40.10
08:24:31,28.10,40.00
08:24:41,28.10,40.00
08:24:51,28.10,39.90
08:25:01,28.10,40.00
08:25:11,28.10,40.00
08:25:21,28.10,40.00
08:25:31,28.10,40.10
08:25:41,28.10,40.20
08:25:51,28.00,40.10
08:26:01,28.00,40.10
08:26:11,28.10,40.10
08:26:21,28.00,40.00
08:26:31,28.10,40.10
08:26:41,28.10,40.00
08:26:51,28.10,40.10
08:27:01,28.10,40.30
08:27:11,28.10,40.20
08:27:21,28.00,40.30
08:27:31,28.00,40.00
08:27:41,28.10,40.10
08:27:51,28.10,40.10
08:28:01,28.10,40.00
08:28:11,28.10,40.20
08:28:21,28.10,40.20
08:28:31,28.10,40.30
08:28:41,28.10,40.20
08:28:51,28.10,40.10
08:29:01,28.00,40.10
08:29:11,28.00,40.10
08:29:21,28.10,40.40
08:29:31,28.00,40.40
08:29:41,28.00,40.30
08:29:51,28.00,40.20
08:30:01,28.00,40.10
08:30:11,28.00,40.40
08:30:21,28.00,40.30
08:30:31,28.00,40.20
08:30:41,28.00,40.40
08:30:51,28.00,40.40
08:31:01,28.00,40.40
08:31:11,28.00,40.60
08:31:21,28.00,40.30
08:31:31,28.00,40.20
08:31:41,28.00,40.30
08:31:51,28.00,40.30
08:32:01,28.00,40.20
08:32:11,28.00,40.10
08:32:21,28.00,40.20
08:32:31,28.00,40.10
08:32:41,28.00,40.10
08:32:51,28.00,40.20
08:33:01,28.00,40.20
08:33:11,28.00,40.00
08:33:21,28.00,40.10
08:33:34,28.00,40.10
08:33:44,28.00,40.30
08:33:54,28.00,40.10
08:34:04,28.00,40.10
08:34:14,28.00,40.30
08:34:24,28.00,40.30
08:34:34,28.00,40.20
08:34:44,28.00,40.20
08:34:54,28.00,40.20
08:35:04,28.00,40.40
08:35:14,28.00,40.30
08:35:24,28.00,40.40
08:35:34,28.00,40.20
08:35:44,28.00,40.30
08:35:54,28.00,40.40
08:36:04,28.00,40.40
08:36:14,28.00,40.30
08:36:24,28.00,40.30
08:36:34,28.00,40.20
08:36:44,28.00,40.30
08:36:54,28.00,40.30
08:37:04,28.00,40.40
08:37:14,28.00,40.30
08:37:24,28.00,40.30
08:37:34,28.00,40.30
08:37:44,28.00,40.30
08:37:54,28.00,40.20
08:38:04,28.00,40.20
08:38:14,28.00,40.20
08:38:24,28.00,40.30
08:38:34,28.00,40.20
08:38:44,28.00,40.50
08:38:54,28.00,40.40
08:39:04,28.00,40.30
08:39:14,28.00,40.30
08:39:24,28.00,40.30
08:39:34,28.00,40.30
08:39:44,28.00,40.30
08:39:54,28.00,40.50
08:40:04,28.00,40.40
08:40:14,28.00,40.50
08:40:24,28.00,40.30
08:40:34,28.00,40.40
08:40:44,28.00,40.30
08:40:54,28.00,40.30
08:41:04,28.00,40.40
08:41:14,28.00,40.40
08:41:24,28.00,40.40
08:41:34,28.00,40.40
08:41:44,28.00,40.40
08:41:54,28.00,40.50
08:42:04,28.00,40.50
08:42:14,28.00,40.80
08:42:24,28.00,40.50
08:42:34,28.00,40.40
08:42:44,28.00,40.40
08:42:54,28.00,40.60
08:43:04,28.00,40.40
08:43:14,28.00,40.40
08:43:24,28.00,40.40
08:43:34,28.00,40.40
08:43:44,28.00,40.60
08:43:54,28.00,40.50
08:44:04,27.90,40.50
08:44:14,28.00,40.50
08:44:24,28.00,40.70
08:44:34,28.00,40.50
08:44:44,28.00,40.40
08:44:54,28.00,40.40
08:45:04,28.00,40.40
08:45:14,27.90,40.50
08:45:24,28.00,40.50
08:45:34,28.00,40.50
08:45:45,28.00,40.80
08:45:54,28.00,40.60
08:46:04,28.00,40.60
08:46:14,28.00,40.50
08:46:24,28.00,40.60
08:46:34,27.90,40.50
08:46:44,28.00,40.90
08:46:54,28.00,40.70
08:47:04,27.90,40.60
08:47:14,28.00,40.70
08:47:24,28.00,40.70
08:47:34,27.90,40.70
08:47:44,27.90,40.60
08:47:54,27.90,40.60
08:48:04,27.90,40.70
08:48:14,27.90,40.70
08:48:24,28.00,40.60
08:48:34,27.90,40.60
08:48:44,27.90,40.60
08:48:54,27.90,40.80
08:49:04,27.90,40.70
08:49:14,27.90,40.70
08:49:24,27.90,40.70
08:49:34,27.90,40.60
08:49:44,27.90,40.60
08:49:54,27.90,40.70
08:50:04,27.90,40.70
08:50:14,28.00,40.80
08:50:24,28.00,40.90
08:50:34,27.90,40.80
08:50:44,28.00,40.80
08:50:54,28.00,40.70
08:51:04,28.00,40.70
08:51:14,28.00,40.50
08:51:24,28.00,40.70
08:51:34,28.00,40.60
08:51:44,28.00,40.90
08:51:54,28.00,40.80
08:52:04,28.00,40.80
08:52:14,28.00,40.70
08:52:24,28.00,40.80
08:52:34,28.00,41.00
08:52:44,28.00,40.90
08:52:54,28.00,40.90
08:53:04,28.00,40.90
08:53:14,27.90,40.90
08:53:24,28.00,40.90
08:53:34,28.00,41.10
08:53:44,28.00,40.90
08:53:54,28.00,40.80
08:54:04,28.00,40.90
08:54:14,28.00,40.80
08:54:24,27.90,40.80
08:54:34,28.00,40.90
08:54:44,27.90,40.90
08:54:54,27.90,40.90
08:55:04,28.00,40.90
08:55:14,28.00,40.90
08:55:24,28.00,40.90
08:55:34,28.00,41.00
08:55:44,28.00,41.00
08:55:54,28.00,41.00
08:56:04,27.90,40.90
08:56:14,27.90,40.90
08:56:24,27.90,40.80
08:56:34,28.00,40.70
08:56:44,28.00,40.80
08:56:54,28.00,40.90
08:57:04,28.00,40.90
08:57:14,28.00,40.90
08:57:24,28.00,41.00
08:57:34,28.00,40.90
08:57:44,28.00,40.90
08:57:54,28.00,40.90
08:58:04,28.00,40.80
08:58:14,28.00,40.90
08:58:24,27.90,40.90
08:58:34,27.90,40.90
08:58:44,27.90,40.90
08:58:54,28.00,41.20
08:59:04,27.90,40.80
08:59:14,27.90,41.00
08:59:24,28.00,40.90
08:59:34,27.90,40.90
08:59:44,27.90,41.00
08:59:54,27.90,40.90
09:00:04,28.00,40.90
09:00:14,27.90,40.90
09:00:24,28.00,40.80
09:00:34,27.90,40.80
09:00:44,28.00,40.90
09:00:54,27.90,40.90
09:01:04,27.90,40.90
09:01:14,27.90,40.80
09:01:24,27.90,41.10
09:01:34,27.90,40.90
09:01:44,27.90,41.10
09:01:54,27.90,40.90
09:02:04,27.90,40.80
09:02:14,27.90,40.90
09:02:24,27.90,41.00
09:02:34,27.90,40.80
09:02:44,27.90,41.00
09:02:54,27.90,41.00
09:03:04,27.90,40.90
09:03:14,27.90,40.90
09:03:24,27.90,40.80
09:03:34,27.90,40.90
09:03:44,27.90,40.90
09:03:54,27.90,40.90
09:04:04,27.90,41.10
09:04:14,27.90,41.10
09:04:24,27.90,41.00
09:04:34,27.90,41.00
09:04:44,27.90,41.00
09:04:54,27.90,41.00
09:05:04,27.90,41.20
09:05:14,27.90,41.10
09:05:24,27.90,41.20
09:05:34,27.90,41.00
09:05:44,27.90,41.00
09:05:54,27.90,40.90
09:06:04,27.90,40.90
09:06:14,27.90,40.90
09:06:24,27.90,40.90
09:06:34,27.90,41.00
09:06:44,27.90,41.00
09:06:54,27.90,41.00
09:07:04,27.90,41.00
09:07:14,27.90,41.00
09:07:24,27.90,41.00
09:07:34,27.90,41.00
09:07:44,27.90,40.90
09:07:54,27.90,40.90
09:08:04,27.90,40.90
09:08:14,27.90,41.10
09:08:24,27.90,40.90
09:08:34,27.90,41.00
09:08:44,27.90,41.10
09:08:54,27.90,41.10
09:09:04,27.90,41.20
09:09:14,27.90,41.30
09:09:24,27.90,41.30
09:09:34,27.90,41.30
09:09:44,27.90,41.10
09:09:54,27.90,41.10
09:10:04,27.90,40.90
09:10:14,27.90,40.90
09:10:24,27.90,41.00
09:10:34,27.90,41.10
09:10:44,27.90,41.10
09:10:54,27.90,41.00
09:11:04,27.90,41.00
09:11:14,27.90,40.90
09:11:24,27.90,41.00
09:11:34,27.90,41.00
09:11:44,27.90,41.10
09:11:54,27.90,41.00
09:12:04,27.80,41.00
09:12:14,27.90,41.00
09:12:24,27.90,40.90
09:12:34,27.90,40.90
09:12:44,27.90,41.10
09:12:54,27.90,41.10
09:13:04,27.90,41.00
09:13:14,27.90,40.90
09:13:36,27.90,41.00
09:13:46,27.90,41.10
09:14:06,27.90,41.10
09:14:16,27.90,41.10
09:14:26,27.90,41.00
09:14:36,27.90,41.20
09:14:46,27.90,41.20
09:14:56,27.90,41.10
09:15:06,27.90,41.20
09:15:16,27.90,41.10
09:15:26,27.90,41.20
09:15:36,27.90,41.30
09:15:46,27.90,41.30
09:15:56,27.90,41.20
09:16:06,27.90,41.30
09:16:16,27.90,41.30
09:16:26,27.90,41.40
09:16:36,27.90,41.40
09:16:46,27.90,41.30
09:16:56,27.90,41.30
09:17:06,27.90,41.20
09:17:16,27.90,41.30
09:17:26,27.90,41.50
09:17:36,27.90,41.40
09:17:46,27.90,41.30
09:17:56,27.90,41.40
09:18:06,27.90,41.30
09:18:16,27.90,41.30
09:18:26,27.90,41.30
09:18:36,27.90,41.20
09:18:46,27.90,41.20
09:18:56,27.90,41.30
09:19:06,27.90,41.20
09:19:16,27.90,41.20
09:19:26,27.90,41.20
09:19:36,27.90,41.20
09:19:46,27.90,41.20
09:19:56,27.90,41.20
09:20:06,27.90,41.30
09:20:16,27.90,41.40
09:20:26,27.90,41.30
09:20:36,27.90,41.30
09:20:46,27.90,41.40
09:20:56,27.90,41.70
09:21:06,27.90,41.50
09:21:16,27.90,41.30
09:21:26,27.90,41.30
09:21:36,27.90,41.30
09:21:46,27.90,41.30
09:21:56,27.90,41.40
09:22:06,27.90,41.20
09:22:16,27.90,41.20
09:22:26,27.90,41.30
09:22:36,27.90,41.10
09:22:46,27.90,41.10
09:22:56,27.90,41.30
09:23:06,27.90,41.30
09:23:16,27.90,41.30
09:23:26,27.90,41.30
09:23:36,27.90,41.50
09:23:46,27.90,41.30
09:23:56,27.90,41.20
09:24:06,27.90,41.30
09:24:16,27.90,41.30
09:24:26,27.90,41.30
09:24:36,27.90,41.20
09:24:46,27.90,41.20
09:24:56,27.90,41.30
09:25:06,27.90,41.30
09:25:16,27.90,41.30
09:25:26,27.90,41.30
09:25:36,27.90,41.20
09:25:46,27.90,41.20
09:25:57,27.90,41.20
09:26:06,27.90,41.30
09:26:16,27.90,41.30
09:26:26,27.90,41.30
09:26:36,27.90,41.30
09:26:46,27.90,41.20
09:26:56,27.80,41.30
09:27:06,27.90,41.30
09:27:16,27.90,41.30
09:27:26,27.90,41.30
09:27:36,27.90,41.30
09:27:46,27.90,41.20
09:27:56,27.90,41.40
09:28:06,27.90,41.40
09:28:16,27.90,41.40
09:28:27,27.90,41.40
09:28:37,27.90,41.30
09:28:46,27.90,41.40
09:28:56,27.90,41.40
09:29:07,27.90,41.70
09:29:16,27.90,41.50
09:29:26,27.90,41.50
09:29:36,27.80,41.60
09:29:46,27.80,41.50
09:29:56,27.80,41.40
09:30:06,27.80,41.40
09:30:16,27.80,41.40
09:30:26,27.90,41.50
09:30:37,27.80,41.40
09:30:46,27.80,41.40
09:30:56,27.90,41.30
09:31:06,27.90,41.40
09:31:16,27.90,41.40
09:31:26,27.90,41.50
09:31:36,27.90,41.60
09:31:46,27.90,41.50
09:31:56,27.90,41.60
09:32:06,27.90,41.70
09:32:16,27.90,41.70
09:32:26,27.80,41.80
09:32:36,27.90,41.80
09:32:46,27.90,41.80
09:32:56,27.80,41.80
09:33:06,27.80,41.70
09:33:16,27.80,41.60
09:33:26,27.80,41.50
09:33:36,27.80,41.60
09:33:46,27.80,41.60
09:33:56,27.80,41.60
09:34:06,27.80,41.50
09:34:16,27.80,41.50
09:34:26,27.80,41.50
09:34:36,27.80,41.50
09:34:46,27.80,41.50
09:34:56,27.80,41.60
09:35:06,27.90,41.60
09:35:16,27.80,41.50
09:35:26,27.90,41.60
09:35:36,27.90,41.60
09:35:46,27.80,41.50
09:35:56,27.80,41.60
09:36:06,27.80,41.60
09:36:16,27.80,41.60
09:36:26,27.80,41.60
09:36:36,27.80,41.50
09:36:46,27.80,41.50
09:36:56,27.80,41.50
09:37:06,27.80,41.50
09:37:16,27.80,41.60
09:37:26,27.80,41.60
09:37:36,27.80,41.60
09:37:46,27.80,41.50
09:37:57,27.80,41.50
09:38:06,27.80,41.50
09:38:16,27.90,41.50
09:38:27,27.80,41.50
09:38:36,27.80,41.50
09:38:46,27.90,41.50
09:38:56,27.90,41.50
09:39:06,27.80,41.50
09:39:16,27.90,41.40
09:39:26,27.90,41.50
09:39:36,27.90,41.70
09:39:46,27.90,41.60
09:39:56,27.90,41.60
09:40:06,27.90,41.60
09:40:16,27.80,41.40
09:40:26,27.90,41.40
09:40:36,27.90,41.60
09:40:46,27.90,41.60
09:40:56,27.80,41.50
09:41:06,27.90,41.50
09:41:16,27.90,41.50
09:41:26,27.90,41.60
09:41:36,27.90,41.70
09:41:46,27.80,41.50
09:41:56,27.90,41.50
09:42:06,27.90,41.60
09:42:16,27.90,41.60
09:42:26,27.90,41.60
09:42:36,27.90,41.60
09:42:46,27.80,41.50
09:42:56,27.90,41.50
09:43:06,27.90,41.50
09:43:16,27.90,41.50
09:43:26,27.90,41.50
09:43:37,27.90,41.60
09:43:46,27.90,41.80
09:43:56,27.90,41.80
09:44:06,27.90,41.70
09:44:16,27.90,41.90
09:44:26,27.90,41.70
09:44:36,27.90,41.70
09:44:46,27.90,41.70
09:44:56,27.90,41.80
09:45:06,27.90,41.80
09:45:16,27.90,41.80
09:45:26,27.90,41.70
09:45:36,27.90,41.60
09:45:47,27.90,41.80
09:45:56,27.90,41.90
09:46:06,27.90,41.90
09:46:17,27.90,42.50
09:46:26,27.90,41.90
09:46:36,27.90,41.90
09:46:46,27.90,41.90
09:46:56,27.90,41.70
09:47:06,27.90,41.80
09:47:16,27.90,41.70
09:47:26,27.90,41.90
09:47:36,27.90,41.90
09:47:46,27.90,41.80
09:47:56,27.90,41.90
09:48:06,27.90,41.90
09:48:16,27.80,41.80
09:48:26,27.90,41.90
09:48:36,27.80,42.00
09:48:46,27.90,41.90
09:48:56,27.80,41.90
09:49:06,27.80,42.00
09:49:16,27.90,41.90
09:49:26,27.80,42.00
09:49:36,27.90,41.80
09:49:46,27.80,41.90
09:49:57,27.80,41.80
09:50:07,27.90,41.90
09:50:17,27.90,41.80
09:50:27,27.90,41.80
09:50:37,27.90,41.90
09:50:47,27.90,42.00
09:52:07,27.90,41.80
09:52:17,27.90,41.80
09:52:27,27.90,41.70
09:52:37,27.90,41.80
09:52:47,27.90,41.80
09:52:57,27.90,41.80
09:53:07,27.90,41.90
09:53:17,27.90,41.90
09:53:27,27.90,41.80
09:53:37,27.90,41.80
09:53:47,27.90,41.80
09:53:57,27.90,41.90
09:54:07,27.90,41.70
09:54:17,27.90,41.70
09:54:27,27.90,41.90
09:54:37,27.90,41.90
09:54:47,27.90,41.90
09:54:57,27.90,42.00
09:55:07,27.90,41.80
09:55:17,27.90,41.90
09:55:27,27.90,41.90
09:55:37,27.90,41.90
09:55:47,27.90,42.10
09:55:57,27.90,42.10
09:56:07,27.90,42.00
09:56:17,27.90,42.00
09:56:27,27.90,42.00
09:56:37,27.90,42.00
09:56:47,27.90,42.00
09:56:57,27.90,41.90
09:57:07,27.90,41.80
09:57:17,27.90,41.80
09:57:27,27.90,41.80
09:57:37,27.90,42.00
09:57:47,27.90,42.00
09:57:57,27.90,42.00
09:58:07,27.90,42.00
09:58:17,27.90,41.90
09:58:27,27.90,41.90
09:58:37,27.90,41.90
09:58:47,27.90,42.00
09:58:57,27.90,41.90
09:59:07,27.90,42.10
09:59:17,27.90,41.90
09:59:27,27.90,41.90
09:59:37,27.90,41.90
09:59:47,27.90,41.90
09:59:57,27.90,41.80
10:00:07,27.90,41.90
10:00:17,27.90,41.80
10:00:27,27.90,41.80
10:00:37,27.90,41.80
10:00:47,27.90,41.90
10:00:57,27.90,41.80
10:01:07,27.90,41.80
10:01:17,27.90,41.70
10:01:27,27.90,41.80
10:01:37,27.90,41.70
10:01:47,27.90,41.80
10:01:57,27.90,41.70
10:02:07,27.90,41.80
10:02:17,27.90,41.80
10:02:27,27.90,41.90
10:02:37,27.90,41.90
10:02:47,28.00,41.90
10:02:57,27.90,41.90
10:03:07,27.90,41.80
10:03:17,27.90,41.80
10:03:27,27.90,41.80
10:03:37,28.00,41.70
10:03:47,28.00,41.80
10:03:57,28.00,41.70
10:04:07,28.00,41.70
10:04:17,27.90,41.80
10:04:27,28.00,41.90
10:04:37,28.00,41.90
10:04:47,28.00,41.80
10:04:57,28.00,41.70
10:05:07,27.90,42.00
10:05:17,27.90,41.80
10:05:27,27.90,41.80
10:05:37,27.90,41.80
10:05:47,27.90,41.80
10:05:57,27.90,41.90
10:06:07,27.90,41.90
10:06:17,27.90,41.80
10:06:27,27.90,41.90
10:06:37,27.90,41.90
10:06:47,27.90,41.80
10:06:57,28.00,41.90
10:07:07,28.00,41.90
10:07:17,28.00,41.80
10:07:27,28.00,41.80
10:07:37,28.00,41.90
10:07:47,28.00,41.80
10:07:57,28.00,41.90
10:08:07,28.00,42.20
10:08:17,28.00,42.40
10:08:27,28.00,41.90
10:08:39,28.00,41.90
10:08:50,28.00,41.80
10:09:00,28.00,41.80
10:09:09,28.00,41.80
10:09:19,28.00,41.80
10:09:30,28.00,41.90
10:09:39,28.00,41.80
10:09:50,28.00,41.90
10:10:00,28.00,41.90
10:10:09,28.00,41.80
10:10:20,28.00,41.80
10:10:30,28.00,41.90
10:10:39,28.00,41.80
10:10:49,28.00,41.90
10:11:00,28.00,41.90
10:11:09,28.00,41.90
10:11:20,28.00,41.90
10:11:30,28.00,41.90
10:11:40,28.00,42.00
10:11:50,28.00,41.90
10:12:00,28.00,42.00
10:12:09,28.00,42.10
10:12:20,28.00,41.90
10:12:30,28.00,41.90
10:12:39,28.00,41.90
10:12:50,28.00,42.00
10:13:00,28.00,42.20
10:13:09,28.00,42.30
10:13:20,28.00,41.90
10:13:30,28.00,42.00
10:13:44,28.00,42.00
10:13:54,28.00,41.90
10:14:04,28.00,42.10
10:14:14,28.00,42.10
10:14:24,28.00,42.00
10:14:34,28.00,42.10
10:14:44,28.00,42.00
10:14:54,28.00,42.10
10:15:04,28.00,42.40
10:15:14,28.00,42.10
10:15:24,28.00,42.00
10:15:34,28.00,42.10
10:15:44,28.00,42.10
10:15:54,28.00,42.20
10:16:04,28.00,42.10
10:16:14,28.00,42.10
10:16:24,28.00,42.00
10:16:34,28.00,42.10
10:16:44,28.00,42.10
10:16:54,28.00,42.00
10:17:04,28.00,42.10
10:17:14,28.00,42.10
10:17:24,28.00,42.10
10:17:34,28.00,42.00
10:17:44,28.00,42.20
10:17:54,28.00,42.10
10:18:04,28.00,42.00
10:18:14,28.00,42.10
10:18:24,28.00,42.10
10:18:34,28.00,42.20
10:18:49,28.00,42.30
10:18:59,28.00,42.20
10:19:09,28.00,42.20
10:19:19,28.00,42.10
10:19:29,28.00,42.10
10:19:39,28.00,42.20
10:19:49,28.00,42.30
10:19:59,28.00,42.10
10:20:09,28.00,42.30
10:20:19,28.10,42.20
10:20:29,28.00,42.70
10:20:39,28.00,42.10
10:20:49,28.00,42.10
10:20:59,28.00,42.10
10:21:09,28.00,42.10
10:21:19,28.00,42.20
10:21:29,28.00,42.10
10:21:39,28.00,42.40
10:21:49,28.00,42.10
10:21:59,28.10,42.20
10:22:09,28.10,42.20
10:22:19,28.10,42.10
10:22:29,28.00,42.10
10:22:39,28.10,42.00
10:22:49,28.10,42.10
10:22:59,28.00,42.00
10:23:09,28.10,42.10
10:23:19,28.10,42.10
10:23:29,28.00,42.10
10:23:39,28.00,42.10
10:23:50,28.00,42.00
10:24:00,28.00,42.00
10:24:10,28.00,42.30
10:24:20,28.00,42.20
10:24:30,28.00,42.10
10:24:40,28.00,42.10
10:24:50,28.00,42.20
10:25:00,28.00,42.20
10:25:10,28.10,42.10
10:25:20,28.00,42.00
10:25:30,28.00,42.10
10:25:40,28.00,42.10
10:25:50,28.00,42.10
10:26:00,28.00,42.10
10:26:10,28.00,42.20
10:26:20,28.10,42.30
10:26:30,28.00,42.10
10:26:40,28.00,42.20
10:26:50,28.00,42.20
10:27:00,28.10,42.10
10:27:10,28.00,42.10
10:27:20,28.00,42.10
10:27:30,28.00,42.10
10:27:40,28.00,42.10
10:27:50,28.00,42.10
10:28:00,28.00,42.10
10:28:10,28.00,42.20
10:28:20,28.00,42.00
10:28:30,28.00,42.10
10:28:40,28.00,42.10
10:29:00,28.00,42.10
10:29:10,28.00,42.10
10:29:20,28.00,42.20
10:29:30,28.00,42.10
10:29:40,28.00,42.10
10:29:50,28.00,42.30
10:30:01,28.00,42.10
10:30:10,28.00,42.20
10:30:21,28.00,42.20
10:30:31,28.00,42.10
10:30:41,28.00,42.00
10:30:51,28.00,42.10
10:31:01,28.00,42.00
10:31:11,28.00,42.20
10:31:21,28.00,42.20
10:31:31,28.00,42.10
10:31:41,28.00,42.00
10:31:51,28.00,42.10
10:32:01,28.00,42.10
10:32:11,28.00,42.10
10:32:21,28.00,42.10
10:32:31,28.00,42.00
10:32:41,28.00,42.10
10:32:51,28.00,42.00
10:33:01,28.00,41.90
10:33:11,28.00,42.10
10:33:21,28.00,42.00
10:33:31,28.00,42.00
10:33:41,28.00,42.00
10:33:53,28.00,42.10
10:34:03,28.00,42.00
10:34:13,28.00,42.00
10:34:23,28.00,42.00
10:34:33,28.00,42.00
10:34:43,28.00,41.90
10:34:53,28.00,42.00
10:35:03,28.00,41.90
10:35:13,28.00,42.10
10:35:23,28.00,42.10
10:35:33,28.00,42.00
10:35:43,28.00,41.90
10:35:53,28.00,42.00
10:36:03,28.00,42.00
10:36:13,28.00,42.00
10:36:23,28.00,42.10
10:36:33,28.00,42.10
10:36:43,28.00,41.90
10:36:53,28.00,42.10
10:37:03,28.00,42.10
10:37:13,28.00,42.10
10:37:23,28.00,42.20
10:37:33,28.00,42.20
10:37:43,28.00,42.10
10:37:53,28.00,42.00
10:38:03,28.00,42.00
10:38:13,28.00,42.00
10:38:23,28.00,42.00
10:38:33,28.00,42.00
10:38:43,28.00,42.10
10:38:53,28.00,42.10
10:39:03,28.00,42.10
10:39:13,28.00,42.00
10:39:23,28.00,41.90
10:39:33,28.00,42.20
10:39:43,28.00,42.10
10:39:53,28.00,42.00
10:40:03,28.00,42.10
10:40:13,28.00,42.10
10:40:23,28.00,42.10
10:40:33,28.00,42.00
10:40:43,28.00,42.10
10:40:53,28.00,42.10
10:41:03,28.00,42.10
10:41:13,28.00,42.10
10:41:23,28.00,42.20
10:41:33,28.00,42.20
10:41:43,28.00,42.10
10:41:53,28.00,42.20
10:42:03,28.00,42.00
10:42:13,28.00,42.30
10:42:23,28.00,42.20
10:42:33,28.00,42.10
10:42:43,28.00,42.10
10:42:53,28.00,42.10
10:43:03,28.00,42.20
10:43:13,28.00,42.10
10:43:23,28.00,42.00
10:43:33,28.00,42.20
10:43:43,28.00,42.10
10:43:53,28.00,42.10
10:44:03,28.00,42.10
10:44:13,28.00,42.20
10:44:23,28.00,42.10
10:44:33,28.00,42.20
10:44:43,28.00,42.00
10:44:53,28.00,42.10
10:45:03,28.00,42.00
10:45:13,28.00,42.10
10:45:23,28.00,42.20
10:45:33,28.00,42.10
10:45:43,28.00,42.20
10:45:53,28.00,42.10
10:46:03,28.00,42.00
10:46:13,28.00,42.00
10:46:23,28.00,42.00
10:46:33,28.00,42.10
10:46:43,28.00,42.10
10:46:53,28.00,42.10
10:47:03,28.00,42.10
10:47:13,28.00,42.20
10:47:23,28.00,42.10
10:47:33,28.00,42.00
10:47:43,28.00,42.10
10:47:53,28.00,42.10
10:48:03,28.00,42.10
10:48:13,28.00,42.30
10:48:23,28.00,42.20
10:48:33,28.00,42.20
10:48:43,28.00,42.30
10:48:55,28.00,42.30
10:49:05,28.00,42.40
10:49:15,28.00,42.30
10:49:25,28.00,42.30
10:49:35,28.00,42.20
10:49:45,28.00,42.10
10:49:55,28.00,42.20
10:50:05,28.00,42.10
10:50:15,28.00,42.20
10:50:25,28.00,42.20
10:50:35,28.00,42.30
10:50:45,28.00,42.20
10:50:55,28.00,42.20
10:51:05,28.00,42.30
10:51:15,28.00,42.10
10:51:25,28.00,42.20
10:51:35,28.00,42.20
10:51:45,28.00,42.20
10:51:55,28.00,42.30
10:52:05,28.00,42.30
10:52:15,28.00,42.30
10:52:25,28.00,42.30
10:52:35,28.00,42.40
10:52:45,28.00,42.20
10:52:55,28.00,42.30
10:53:05,28.00,42.40
10:53:15,28.00,42.30
10:53:25,28.00,42.50
10:53:35,28.00,42.50
10:53:45,28.00,42.40
10:53:55,28.00,42.40
10:54:05,28.00,42.30
10:54:15,28.00,42.30
10:54:25,28.00,42.30
10:54:35,28.00,42.20
10:54:45,28.00,42.20
10:54:55,28.00,42.60
10:55:05,28.00,42.50
10:55:15,28.00,42.60
10:55:25,28.00,42.90
10:55:35,28.00,42.90
10:55:45,28.00,42.90
10:55:55,28.00,43.40
10:56:05,28.00,43.30
10:56:15,28.00,43.40
10:56:25,28.00,43.40
10:56:35,28.00,43.20
10:56:45,28.00,43.20
10:56:55,28.00,43.40
10:57:05,28.00,43.50
10:57:15,28.10,43.70
10:57:25,28.10,43.70
10:57:35,28.00,43.70
10:57:45,28.00,43.50
10:57:55,28.00,43.70
10:58:05,28.10,43.50
10:58:15,28.00,43.50
10:58:25,28.10,43.40
10:58:35,28.10,43.40
10:58:45,28.10,43.40
10:58:56,28.00,43.20
10:59:06,28.10,43.40
10:59:16,28.00,43.20
10:59:26,28.00,43.20
10:59:36,28.00,43.20
10:59:46,28.00,43.30
10:59:56,28.00,43.30
11:00:06,28.00,43.30
11:00:16,28.10,43.40
11:00:26,28.00,43.30
11:00:36,28.00,43.40
11:00:46,28.00,43.30
11:00:56,28.00,43.20
11:01:06,28.00,43.30
11:01:16,28.00,43.10
11:01:26,28.00,43.10
11:01:36,28.00,43.00
11:01:46,28.00,43.10
11:01:56,28.00,43.00
11:02:06,28.00,43.10
11:02:16,28.00,43.00
11:02:26,28.00,43.10
11:02:36,28.00,43.10
11:02:46,28.00,43.20
11:02:56,28.00,43.20
11:03:06,28.00,43.10
11:03:16,28.00,43.10
11:03:26,28.00,43.10
11:03:36,28.00,43.10
11:03:46,28.00,43.10
11:03:56,28.00,43.20
11:04:06,28.00,43.20
11:04:16,28.00,43.20
11:04:26,28.00,43.30
11:04:36,28.00,43.10
11:04:46,28.00,43.10
11:04:56,28.00,43.10
11:05:06,28.00,43.00
11:05:16,28.00,43.00
11:05:26,28.00,42.90
11:05:36,28.00,42.90
11:05:46,28.00,43.10
11:05:56,28.00,42.90
11:06:06,28.00,42.90
11:06:16,28.00,42.90
11:06:26,28.00,42.70
11:06:36,28.00,42.80
11:06:46,28.00,42.90
11:06:56,28.00,42.90
11:07:06,28.00,42.80
11:07:16,28.00,42.90
11:07:26,28.00,42.80
11:07:36,28.00,42.80
11:07:46,28.00,42.80
11:07:56,28.00,42.80
11:08:06,28.00,42.80
11:08:16,28.00,42.70
11:08:26,28.00,42.70
11:08:36,28.00,42.80
11:08:46,28.00,42.70
11:08:56,28.00,42.80
11:09:06,28.00,42.80
11:09:16,28.00,42.70
11:09:26,28.00,42.80
11:09:36,28.00,42.60
11:09:46,28.00,42.80
11:09:56,28.00,42.70
11:10:06,28.00,42.80
11:10:16,28.00,42.70
11:10:26,28.00,42.60
11:10:36,28.00,42.70
11:10:46,28.00,42.80
11:10:56,28.00,42.70
11:11:06,28.00,42.70
11:11:16,28.00,42.70
11:11:26,28.00,42.60
11:11:36,28.00,42.70
11:11:56,28.00,42.60
11:12:06,28.00,42.70
11:12:16,28.00,42.70
11:12:26,28.00,42.80
11:12:36,28.00,42.60
11:12:46,28.00,42.70
11:12:56,28.00,42.80
11:13:06,28.00,42.70
11:13:16,28.00,42.70
11:13:26,28.00,42.70
11:13:36,28.00,42.60
11:13:46,28.00,42.70
11:13:56,28.00,42.80
11:14:06,28.00,42.70
11:14:16,28.00,42.70
11:14:26,28.00,42.70
11:14:36,28.00,42.70
11:14:46,28.00,42.70
11:14:56,28.00,42.70
11:15:06,28.00,42.70
11:15:16,28.00,42.80
11:15:26,28.00,42.80
11:15:36,28.00,42.80
11:15:46,28.00,42.90
11:15:56,28.00,42.80
11:16:06,28.00,42.90
11:16:16,28.00,42.70
11:16:26,28.00,42.70
11:16:36,28.00,42.70
11:16:46,28.00,42.80
11:16:56,28.00,42.60
11:17:06,28.00,42.60
11:17:16,28.00,42.60
11:17:26,28.00,42.70
11:17:36,28.00,42.80
11:17:46,28.00,42.80
11:17:56,28.00,42.70
11:18:06,28.00,42.80
11:18:16,28.00,42.80
11:18:26,28.00,42.80
11:18:36,28.00,42.70
11:18:46,28.00,42.70
11:18:56,28.00,42.80
11:19:06,28.00,42.70
11:19:16,28.00,42.80
11:19:26,28.00,42.80
11:19:36,28.00,42.80
11:19:46,28.00,42.90
11:19:56,28.00,43.00
11:20:06,28.00,42.90
11:20:16,28.00,42.80
11:20:26,28.00,42.90
11:20:36,28.00,42.80
11:20:46,28.00,42.80
11:20:56,28.00,42.80
11:21:06,28.00,42.70
11:21:16,28.00,42.90
11:21:26,28.00,42.80
11:21:36,28.00,42.80
11:21:46,28.00,42.70
11:21:56,28.00,42.60
11:22:06,28.00,42.50
11:22:16,28.10,42.70
11:22:27,28.00,42.70
11:22:36,28.10,42.80
11:22:46,28.10,42.80
11:22:56,28.10,43.10
11:23:06,28.00,42.80
11:23:16,28.10,42.80
11:23:26,28.10,42.70
11:23:36,28.10,42.60
11:23:46,28.10,42.90
11:23:59,28.10,42.80
11:24:09,28.10,42.60
11:24:19,28.10,42.70
11:24:30,28.10,42.80
11:24:39,28.10,42.60
11:24:49,28.10,42.60
11:24:59,28.10,42.70
11:25:09,28.10,43.30
11:25:19,28.10,42.70
11:25:29,28.10,42.70
11:25:39,28.10,42.50
11:25:49,28.10,42.70
11:25:59,28.10,42.60
11:26:09,28.10,42.50
11:26:19,28.10,42.70
11:26:29,28.10,42.80
11:26:39,28.10,42.70
11:26:49,28.10,42.90
11:26:59,28.10,42.80
11:27:09,28.10,42.70
11:27:19,28.10,42.70
11:27:29,28.10,42.80
11:27:39,28.10,42.90
11:27:50,28.10,42.70
11:27:59,28.10,42.70
11:28:09,28.10,42.50
11:28:19,28.10,42.70
11:28:29,28.10,42.50
11:28:39,28.10,42.60
11:28:49,28.10,42.50
11:28:59,28.10,42.60
11:29:09,28.10,42.60
11:29:19,28.10,42.60
11:29:29,28.10,42.50
11:29:39,28.10,42.60
11:29:49,28.10,42.60
11:29:59,28.10,42.60
11:30:09,28.10,42.60
11:30:19,28.10,42.60
11:30:29,28.10,42.60
11:30:39,28.10,42.60
11:30:49,28.10,42.60
11:30:59,28.10,42.60
11:31:09,28.10,42.60
11:31:19,28.10,42.60
11:31:29,28.10,42.60
11:31:39,28.10,42.60
11:31:49,28.10,42.70
11:31:59,28.10,42.70
11:32:09,28.10,42.70
11:32:19,28.10,42.70
11:32:29,28.10,42.80
11:32:39,28.10,42.70
11:32:49,28.10,42.70
11:32:59,28.10,42.70
11:33:09,28.10,42.70
11:33:19,28.10,42.90
11:33:29,28.10,42.80
11:33:40,28.10,42.80
11:33:50,28.10,42.90
11:34:01,28.10,42.80
11:34:11,28.10,43.00
11:34:21,28.10,42.90
11:34:31,28.10,42.80
11:34:41,28.10,43.20
11:34:51,28.10,42.80
11:35:01,28.10,42.90
11:35:11,28.10,42.80
11:35:21,28.10,42.80
11:35:31,28.10,42.80
11:35:41,28.10,42.80
11:35:51,28.10,42.80
11:36:01,28.10,42.80
11:36:11,28.10,42.80
11:36:21,28.10,42.90
11:36:31,28.10,42.80
11:36:41,28.10,42.80
11:36:51,28.10,42.80
11:37:01,28.10,42.80
11:37:11,28.10,42.90
11:37:21,28.10,42.80
11:37:31,28.10,42.90
11:37:41,28.10,42.80
11:37:51,28.10,42.80
11:38:01,28.10,42.80
11:38:11,28.10,42.80
11:38:21,28.10,42.90
11:38:31,28.00,42.90
11:38:41,28.00,42.90
11:38:51,28.10,42.90
11:39:06,28.00,42.90
11:39:16,28.10,42.90
11:39:26,28.10,43.10
11:39:36,28.10,43.00
11:39:46,28.10,42.90
11:39:56,28.10,42.80
11:40:06,28.10,42.90
11:40:19,28.10,42.90
11:40:29,28.10,42.90
11:40:39,28.10,43.00
11:40:49,28.10,42.90
11:40:59,28.10,42.90
11:41:09,28.10,42.90
11:41:19,28.10,42.90
11:41:29,28.10,42.90
11:41:39,28.10,42.90
11:41:49,28.10,42.80
11:41:59,28.00,42.90
11:42:09,28.00,42.90
11:42:19,28.10,42.80
11:42:29,28.10,42.90
11:42:39,28.10,42.90
11:42:49,28.10,42.90
11:42:59,28.10,43.00
11:43:09,28.00,42.80
11:43:19,28.10,42.90
11:43:29,28.10,42.80
11:43:39,28.00,42.90
11:43:49,28.10,42.70
11:43:59,28.10,42.80
11:44:09,28.10,42.80
11:44:19,28.00,42.90
11:44:29,28.10,42.90
11:44:39,28.10,42.90
11:44:49,28.00,42.90
11:44:59,28.10,42.80
11:45:09,28.00,42.80
11:45:19,28.10,42.90
11:45:29,28.00,42.80
11:45:39,28.10,42.90
11:45:49,28.10,43.00
11:45:59,28.10,43.00
11:46:09,28.10,43.10
11:46:19,28.10,42.90
11:46:29,28.10,42.90
11:46:39,28.10,43.00
11:46:49,28.10,42.80
11:46:59,28.10,42.80
11:47:09,28.10,42.90
11:47:19,28.10,42.90
11:47:29,28.10,42.80
11:47:39,28.10,42.70
11:47:49,28.10,42.80
11:47:59,28.10,42.90
11:48:09,28.10,42.70
11:48:19,28.10,42.80
11:48:29,28.10,42.80
11:48:39,28.10,42.80
11:48:49,28.10,42.70
11:48:59,28.10,42.80
11:49:20,28.10,42.70
11:49:30,28.10,42.80
11:49:40,28.10,42.80
11:49:51,28.10,42.80
11:50:01,28.10,42.90
11:50:11,28.10,42.90
11:50:20,28.10,42.90
11:50:31,28.00,42.90
11:50:41,28.00,42.90
11:50:51,28.10,42.90
11:51:01,28.10,42.80
11:51:11,28.10,42.80
11:51:21,28.10,42.80
11:51:31,28.10,42.80
11:51:41,28.10,42.70
11:51:51,28.10,42.70
11:52:01,28.10,42.70
11:52:11,28.10,42.90
11:52:21,28.10,42.80
11:52:31,28.10,42.80
11:52:41,28.10,42.70
11:52:51,28.10,42.80
11:53:01,28.10,42.80
11:53:11,28.10,43.00
11:53:21,28.10,42.80
11:53:31,28.10,43.00
11:53:41,28.10,42.80
11:53:51,28.10,42.80
11:54:01,28.10,42.80
11:54:19,28.10,42.70
11:54:29,28.10,42.80
11:54:39,28.10,42.90
11:54:49,28.10,43.00
11:54:59,28.10,42.90
11:55:09,28.10,42.80
11:55:19,28.10,42.70
11:55:29,28.10,42.80
11:55:39,28.10,43.20
11:55:49,28.10,42.80
11:55:59,28.10,42.80
11:56:09,28.10,42.80
11:56:19,28.10,42.70
11:56:29,28.10,42.70
11:56:39,28.10,42.80
11:56:49,28.10,42.80
11:56:59,28.10,42.80
11:57:09,28.10,43.00
11:57:19,28.10,43.10
11:57:29,28.10,42.90
11:57:39,28.10,42.90
11:57:49,28.10,42.80
11:57:59,28.10,42.80
11:58:09,28.10,42.80
11:58:19,28.10,42.90
11:58:29,28.10,42.90
11:58:39,28.10,42.80
11:58:49,28.10,42.70
11:58:59,28.10,42.80
11:59:09,28.10,42.80
11:59:25,28.10,42.80
11:59:35,28.10,42.80
11:59:45,28.10,42.80
11:59:55,28.10,42.90
12:00:05,28.10,42.80
12:00:15,28.10,42.80
12:00:25,28.10,42.90
12:00:35,28.10,42.90
12:00:45,28.10,43.00
12:00:55,28.10,43.00
12:01:05,28.10,43.10
12:01:15,28.10,43.20
12:01:25,28.10,43.50
12:01:35,28.10,43.50
12:01:45,28.10,43.60
12:01:55,28.10,43.60
12:02:05,28.10,43.50
12:02:15,28.10,43.50
12:02:25,28.10,43.50
12:02:35,28.10,43.50
12:02:45,28.10,43.40
12:02:55,28.10,43.30
12:03:05,28.10,43.30
12:03:15,28.10,43.30
12:03:25,28.10,43.30
12:03:35,28.10,43.40
12:03:45,28.10,43.30
12:03:55,28.10,43.30
12:04:05,28.10,43.40
12:04:15,28.10,43.40
12:04:31,28.10,43.40
12:04:41,28.10,43.40
12:04:51,28.10,43.30
12:05:01,28.10,43.30
12:05:11,28.10,43.40
12:05:21,28.10,43.30
12:05:31,28.10,43.40
12:05:41,28.10,43.40
12:05:51,28.10,43.30
12:06:01,28.10,43.40
12:06:11,28.10,43.40
12:06:21,28.10,43.50
12:06:31,28.00,43.40
12:06:41,28.00,43.50
12:06:51,28.00,43.50
12:07:01,28.00,43.50
12:07:11,28.00,43.50
12:07:21,28.00,43.50
12:07:31,28.00,43.50
12:07:41,28.00,43.50
12:07:51,28.00,43.60
12:08:01,28.10,43.50
12:08:11,28.00,43.60
12:08:21,28.10,43.60
12:08:31,28.00,43.70
12:08:41,28.10,43.70
12:08:51,28.00,43.70
12:09:01,28.10,43.70
12:09:11,28.10,43.70
12:09:21,28.00,43.70
12:09:56,28.00,43.80
12:10:06,28.00,43.70
12:10:16,28.00,43.70
12:10:26,28.00,43.70
12:10:36,28.00,43.70
12:10:46,28.00,43.80
12:10:56,28.00,43.80
12:11:06,28.00,43.80
12:11:16,28.00,43.80
12:11:26,28.10,43.90
12:11:36,28.10,43.80
12:11:46,28.00,43.80
12:11:56,28.00,43.80
12:12:06,28.00,43.80
12:12:16,28.00,43.70
12:12:26,28.00,43.70
12:12:36,28.00,43.70
12:12:46,28.00,43.70
12:12:56,28.00,43.70
12:13:06,28.00,43.80
12:13:16,28.00,43.80
12:13:26,28.00,43.90
12:13:36,28.00,43.90
12:13:46,28.00,43.80
12:13:56,28.00,43.80
12:14:06,28.00,43.80
12:14:16,28.00,43.80
12:14:26,28.00,43.90
12:14:36,28.00,43.90
12:14:46,28.00,43.80
12:14:56,28.00,43.80
12:15:06,28.00,43.80
12:15:16,28.00,43.80
12:15:26,28.00,43.90
12:15:36,28.00,43.90
12:15:46,28.00,43.70
12:15:56,28.00,43.70
12:16:06,28.00,43.60
12:16:16,28.00,43.70
12:16:26,28.00,43.60
12:16:36,28.00,43.70
12:16:46,28.00,43.70
12:16:56,28.00,43.60
12:17:06,28.00,43.70
12:17:16,28.00,43.80
12:17:26,28.00,43.80
12:17:36,28.00,43.60
12:17:46,28.00,43.70
12:17:56,28.00,43.70
12:18:06,28.00,43.80
12:18:16,28.00,43.70
12:18:26,28.00,43.70
12:18:36,28.00,43.70
12:18:46,28.00,43.70
12:18:56,28.00,43.70
12:19:06,28.00,43.70
12:19:16,28.00,43.70
12:19:26,28.00,43.60
12:19:36,28.00,43.70
12:19:46,28.00,43.60
12:19:56,28.00,43.70
12:20:06,28.00,43.60
12:20:16,28.00,43.60
12:20:26,28.00,43.70
12:20:36,28.00,43.70
12:20:46,28.00,43.70
12:20:56,28.00,43.70
12:21:06,28.00,43.70
12:21:16,28.00,43.70
12:21:26,28.00,43.70
12:21:36,28.00,43.70
12:21:46,28.00,43.70
12:21:56,28.00,43.60
12:22:06,28.00,43.60
12:22:16,28.00,43.60
12:22:26,28.00,43.60
12:22:36,28.00,43.50
12:22:46,28.00,43.50
12:22:56,28.00,43.50
12:23:06,28.00,43.50
12:23:16,28.00,43.60
12:23:26,28.00,43.50
12:23:36,28.00,43.50
12:23:46,28.00,43.60
12:23:56,28.00,43.50
12:24:06,28.00,43.40
12:24:16,28.00,43.30
12:24:26,28.00,43.50
12:24:38,28.00,43.50
12:24:48,28.00,43.30
12:24:58,28.00,43.30
12:25:08,28.00,43.40
12:25:18,28.00,43.40
12:25:28,28.00,43.40
12:25:38,28.00,43.40
12:25:48,28.00,43.40
12:25:58,28.00,43.50
12:26:08,28.00,43.50
12:26:18,28.00,43.30
12:26:28,28.00,43.30
12:26:38,28.00,43.30
12:26:48,28.00,43.30
12:26:58,28.00,43.30
12:27:08,27.90,43.40
12:27:18,28.00,43.40
12:27:28,27.90,43.40
12:27:38,28.00,43.40
12:27:48,27.90,43.40
12:27:58,28.00,43.30
12:28:08,27.90,43.30
12:28:18,28.00,43.30
12:28:28,27.90,43.30
12:28:38,28.00,43.30
12:28:48,28.00,43.30
12:28:58,28.00,43.30
12:29:08,28.00,43.40
12:29:18,28.00,43.40
12:29:28,28.00,43.50
12:29:38,28.00,43.40
12:29:48,28.00,43.50
12:29:58,28.00,43.40
12:30:08,28.00,43.50
12:30:18,28.00,43.40
12:30:28,28.00,43.40
12:30:38,28.00,43.40
12:30:48,28.00,43.40
12:30:58,28.00,43.40
12:31:08,28.00,43.40
12:31:18,28.00,43.40
12:31:28,28.00,43.40
12:31:38,27.90,43.50
12:31:48,28.00,43.40
12:31:58,28.00,43.40
12:32:08,28.00,43.40
12:32:18,28.00,43.20
12:32:28,28.00,43.20
12:32:38,27.90,43.40
12:32:48,28.00,43.40
12:32:58,28.00,43.50
12:33:08,28.00,43.40
12:33:18,28.00,43.30
12:33:28,28.00,43.30
12:33:38,28.00,43.40
12:33:48,28.00,43.40
12:33:58,27.90,43.30
12:34:08,28.00,43.40
12:34:18,28.00,43.40
12:34:28,28.00,43.30
12:34:46,28.00,43.30
12:34:56,28.00,43.50
12:35:06,27.90,43.40
12:35:16,28.00,43.50
12:35:26,28.00,43.50
12:35:36,28.00,43.50
12:35:46,28.00,43.50
12:35:56,28.00,43.50
12:36:06,28.00,43.50
12:36:16,28.00,43.50
12:36:26,28.00,43.40
12:36:36,28.00,43.40
12:36:46,28.00,43.40
12:36:56,28.00,43.40
12:37:06,28.00,43.40
12:37:16,28.00,43.30
12:37:26,28.00,43.40
12:37:36,27.90,43.40
12:37:46,28.00,43.40
12:37:56,28.00,43.50
12:38:06,28.00,43.50
12:38:16,28.00,43.40
12:38:26,28.00,43.40
12:38:36,28.00,43.40
12:38:46,28.00,43.30
12:38:56,28.00,43.30
12:39:06,28.00,43.30
12:39:16,28.00,43.30
12:39:26,28.00,43.30
12:39:36,28.00,43.40
12:39:48,28.00,43.30
12:39:58,28.00,43.30
12:40:08,28.00,43.30
12:40:18,28.00,43.20
12:40:28,28.00,43.20
12:40:38,28.00,43.30
12:40:48,28.00,43.40
12:40:58,28.00,43.30
12:41:08,28.00,43.40
12:41:18,28.00,43.30
12:41:28,28.00,43.30
12:41:38,28.00,43.30
12:41:48,28.00,43.40
12:41:58,28.00,43.20
12:42:08,28.00,43.30
12:42:18,28.00,43.30
12:42:28,28.00,43.30
12:42:38,28.00,43.40
12:42:48,28.00,43.40
12:42:58,28.00,43.30
12:43:08,28.00,43.20
12:43:18,28.00,43.30
12:43:28,28.00,43.30
12:43:38,28.00,43.30
12:43:48,28.00,43.30
12:43:58,28.00,43.40
12:44:08,28.00,43.30
12:44:18,28.00,43.20
12:44:28,28.00,43.20
12:44:38,28.00,43.10
12:44:55,28.00,43.30
12:45:05,28.00,43.30
12:45:15,28.00,43.30
12:45:25,28.00,43.10
12:45:35,28.00,43.10
12:45:45,28.00,43.10
12:45:55,27.90,43.10
12:46:05,28.00,43.00
12:46:15,27.90,43.10
12:46:25,27.90,43.00
12:46:35,27.90,43.20
12:46:45,28.00,43.10
12:46:55,27.90,43.00
12:47:05,27.90,43.00
12:47:15,28.00,43.00
12:47:25,28.00,43.00
12:47:35,27.90,42.90
12:47:45,27.90,42.90
12:47:55,27.90,42.80
12:48:05,27.90,43.10
12:48:15,27.90,43.10
12:48:25,27.90,43.00
12:48:35,27.90,43.00
12:48:45,27.90,42.90
12:48:55,27.90,42.90
12:49:05,27.90,42.80
12:49:15,27.90,42.80
12:49:25,27.90,42.70
12:49:35,27.90,42.60
12:49:45,27.90,42.60
12:50:26,27.80,42.40
12:50:36,27.70,42.30
12:50:46,27.70,42.20
12:50:56,27.70,42.10
12:51:06,27.60,42.10
12:51:16,27.60,42.00
12:51:26,27.50,41.90
12:51:36,27.50,41.90
12:51:46,27.50,41.70
12:51:56,27.40,41.60
12:52:06,27.40,41.40
12:52:16,27.30,41.40
12:52:26,27.30,41.40
12:52:36,27.30,41.30
12:52:46,27.20,41.20
12:52:56,27.20,41.30
12:53:06,27.10,41.40
12:53:16,27.00,41.30
12:53:26,27.00,41.40
12:53:36,26.90,41.40
12:53:46,26.90,41.50
12:53:56,26.80,41.60
12:54:06,26.80,41.60
12:54:16,26.70,41.70
12:54:26,26.70,41.70
12:54:36,26.70,41.70
12:54:46,26.70,41.80
12:55:09,26.60,41.80
12:55:19,26.50,41.80
12:55:29,26.50,41.80
12:55:39,26.50,41.80
12:55:49,26.40,41.80
12:55:59,26.40,41.90
12:56:09,26.40,42.00
12:56:19,26.40,41.90
12:56:29,26.30,42.00
12:56:39,26.30,42.00
12:56:49,26.20,42.00
12:56:59,26.20,41.90
12:57:09,26.20,42.10
12:57:19,26.20,42.20
12:57:29,26.20,42.30
12:57:39,26.20,42.50
12:57:49,26.20,42.90
12:57:59,26.20,42.80
12:58:09,26.30,43.00
12:58:19,26.30,43.00
12:58:29,26.30,43.10
12:58:39,26.40,43.30
12:58:49,26.40,43.20
12:58:59,26.50,43.40
12:59:09,26.50,43.20
12:59:19,26.50,43.30
12:59:29,26.60,43.20
12:59:39,26.60,43.30
12:59:49,26.70,43.30
13:00:18,26.70,43.40
13:00:28,26.80,43.60
13:00:38,26.80,43.60
13:00:48,26.90,43.80
13:00:58,26.90,43.70
15:08:08,28.60,31.50
15:08:28,28.60,31.90
15:08:38,28.60,32.20
15:08:48,28.60,32.40
15:08:58,28.60,32.60
15:09:08,28.60,32.80
15:09:18,28.60,33.00
15:09:28,28.60,33.10
15:09:38,28.60,33.10
15:09:48,28.60,33.00
15:09:58,28.60,33.20
15:10:08,28.60,33.30
15:10:18,28.60,33.30
15:10:28,28.60,33.60
15:10:38,28.60,33.70
15:10:48,28.60,33.70
15:10:58,28.60,33.90
15:11:09,28.60,33.50
15:11:18,28.60,33.40
15:11:28,28.50,33.80
15:11:40,28.50,33.70
15:11:48,28.50,33.60
15:11:58,28.50,33.80
15:12:08,28.50,33.90
15:12:18,28.50,33.70
15:12:29,28.40,33.50
15:12:38,28.40,33.80
15:12:48,28.40,33.90
15:12:58,28.40,34.00
15:13:08,28.40,33.80
15:13:18,28.40,33.80
15:13:28,28.40,33.70
15:13:38,28.40,33.50
15:13:48,28.40,33.30
15:13:58,28.30,33.20
15:14:08,28.40,32.90
15:14:18,28.30,32.70
15:14:28,28.40,32.50
15:14:38,28.40,32.60
15:14:48,28.40,32.10
15:14:58,28.40,32.00
15:15:08,28.40,31.80
15:15:18,28.40,31.80
15:15:28,28.40,31.70
15:15:38,28.40,31.40
15:15:48,28.40,31.40
15:15:58,28.40,31.60
15:16:08,28.40,31.10
15:16:18,28.40,31.20
15:16:28,28.40,31.40
15:16:38,28.40,31.20
15:16:48,28.40,30.80
15:16:58,28.40,31.10
15:17:08,28.50,31.00
15:17:18,28.40,31.00
15:17:28,28.50,31.50
15:17:38,28.50,31.30
15:17:49,28.50,31.20
15:17:58,28.50,31.10
15:18:08,28.50,31.10
15:18:18,28.50,31.30
15:18:29,28.50,31.40
15:18:39,28.50,31.50
15:18:49,28.50,31.10
15:18:59,28.50,31.30
15:19:09,28.50,31.10
15:19:19,28.50,31.10
15:19:29,28.50,31.60
15:19:39,28.50,31.30
15:19:49,28.50,31.10
15:19:59,28.50,30.90
15:20:09,28.50,31.00
15:20:19,28.50,31.20
15:20:29,28.50,31.30
15:20:39,28.50,31.30
15:20:49,28.50,31.90
15:20:59,28.60,31.90
15:21:09,28.60,31.10
15:21:19,28.60,31.80
15:21:29,28.60,31.70
15:21:39,28.60,31.70
15:21:49,28.60,31.60
15:21:59,28.60,31.50
15:22:09,28.60,32.00
15:22:19,28.60,31.30
15:22:29,28.60,31.30
15:22:39,28.60,31.00
15:22:49,28.60,31.20
15:22:59,28.60,31.20
15:23:09,28.60,31.10
15:23:19,28.60,31.10
15:23:30,28.60,31.20
15:23:40,28.60,31.20
15:23:50,28.60,31.00
15:24:00,28.60,31.10
15:24:10,28.60,31.40
15:24:20,28.60,31.70
15:24:30,28.60,31.60
15:24:40,28.60,31.90
15:24:50,28.60,31.80
15:25:00,28.60,31.40
15:25:10,28.60,31.70
15:25:20,28.60,32.20
15:25:30,28.60,32.00
15:25:40,28.60,31.70
15:25:50,28.60,31.90
15:26:03,28.60,31.70
15:26:10,28.60,31.80
15:26:20,28.60,31.70
15:26:30,28.60,31.60
15:26:40,28.60,31.80
15:26:50,28.60,31.10
15:27:00,28.60,31.40
15:27:10,28.60,31.40
15:27:20,28.60,31.40
15:27:30,28.60,31.80
15:27:41,28.60,31.30
15:27:50,28.60,31.20
15:28:00,28.60,31.40
15:28:10,28.60,31.80
15:28:20,28.60,31.80
15:28:30,28.60,31.70
15:28:40,28.60,31.50
15:28:50,28.70,31.80
15:29:00,28.70,32.40
15:29:10,28.70,31.60
15:29:20,28.60,31.60
15:29:30,28.60,31.60
15:29:40,28.70,31.50
15:29:50,28.60,31.70
15:30:00,28.70,31.50
15:30:10,28.70,31.50
15:30:20,28.70,31.40
15:30:30,28.70,31.40
15:30:40,28.60,31.40
15:30:50,28.70,31.40
15:31:00,28.70,31.70
15:31:10,28.70,31.80
15:31:20,28.70,31.90
15:31:30,28.70,32.20
15:31:40,28.70,31.90
15:31:50,28.70,31.80
15:32:00,28.70,31.80
15:32:10,28.70,31.90
15:32:20,28.70,32.20
15:32:30,28.70,32.30
15:32:40,28.70,32.00
15:32:50,28.70,31.90
15:33:00,28.70,32.20
15:33:10,28.70,32.10
15:33:20,28.70,32.40
15:33:33,28.70,32.60
15:33:43,28.70,32.30
15:33:53,28.70,32.30
15:34:03,28.60,32.20
15:34:13,28.60,31.90
15:34:23,28.70,31.80
15:34:33,28.70,32.10
15:34:43,28.70,32.10
15:34:53,28.70,32.30
15:35:03,28.70,32.60
15:35:13,28.70,32.00
15:35:23,28.70,31.80
15:35:33,28.70,31.80
15:35:43,28.70,31.90
15:35:53,28.70,32.40
15:36:03,28.70,32.40
15:36:13,28.70,32.40
15:36:23,28.70,32.30
15:36:33,28.70,32.50
15:36:43,28.70,32.70
15:36:53,28.70,32.70
15:37:03,28.70,32.70
15:37:13,28.70,32.90
15:37:23,28.70,33.00
15:37:33,28.70,33.00
15:37:43,28.70,32.70
15:37:53,28.70,32.50
15:38:03,28.70,32.00
15:38:13,28.70,32.10
15:38:23,28.70,32.20
15:38:33,28.70,32.40
15:38:43,28.70,32.50
15:38:53,28.70,32.60
15:39:03,28.70,32.60
15:39:13,28.70,32.30
15:39:23,28.70,32.90
15:39:33,28.70,32.30
15:39:43,28.70,32.00
15:39:53,28.70,32.00
15:40:03,28.70,32.30
15:40:13,28.70,32.20
15:40:23,28.70,32.60
15:40:33,28.70,33.00
15:40:45,28.70,32.40
15:40:53,28.70,32.70
15:41:03,28.70,32.60
15:41:13,28.70,32.60
15:41:23,28.70,32.70
15:41:33,28.70,32.30
15:41:43,28.70,32.80
15:41:53,28.70,32.40
15:42:03,28.70,32.50
15:42:13,28.70,32.40
15:42:23,28.70,32.30
15:42:34,28.70,32.40
15:42:43,28.70,32.10
15:42:53,28.70,32.60
15:43:03,28.70,32.30
15:43:13,28.70,32.20
15:43:23,28.70,33.00
15:43:35,28.70,32.60
15:43:45,28.70,32.80
15:43:55,28.70,32.80
15:44:05,28.70,33.10
15:44:15,28.70,32.60
15:44:25,28.70,33.00
15:44:35,28.70,32.20
15:44:47,28.70,32.50
15:44:55,28.70,32.60
15:45:05,28.70,32.30
15:45:15,28.70,32.90
15:45:25,28.70,32.20
15:45:35,28.70,32.50
15:45:45,28.70,32.50
15:45:55,28.70,32.50
15:46:05,28.70,32.50
15:46:15,28.70,32.20
15:46:25,28.70,32.10
15:46:35,28.70,32.20
15:46:45,28.70,32.60
15:46:55,28.70,32.30
15:47:05,28.70,32.30
15:47:15,28.70,32.70
15:47:25,28.70,32.80
15:47:35,28.70,32.50
15:47:45,28.70,32.90
15:47:55,28.70,33.00
15:48:05,28.70,33.10
15:48:15,28.70,32.80
15:48:25,28.70,32.90
15:48:36,28.70,33.20
15:48:46,28.70,33.10
15:48:56,28.70,33.20
15:49:06,28.70,33.20
15:49:16,28.70,32.40
15:49:26,28.70,32.20
15:49:36,28.70,32.50
15:49:46,28.70,32.30
15:49:56,28.70,32.30
15:50:06,28.70,32.70
15:50:16,28.70,32.90
15:50:26,28.70,32.70
15:50:36,28.70,32.90
15:50:46,28.70,32.80
15:50:56,28.70,32.40
15:51:06,28.80,32.80
15:51:16,28.70,32.50
15:51:26,28.70,32.20
15:51:36,28.70,32.10
15:51:46,28.80,32.30
15:51:56,28.70,32.20
15:52:07,28.80,32.80
15:52:16,28.70,32.00
15:52:26,28.70,32.30
15:52:36,28.80,32.00
15:52:46,28.80,32.10
15:52:56,28.70,32.20
15:53:06,28.70,32.50
15:53:16,28.70,32.30
15:53:26,28.80,32.10
15:53:36,28.70,32.50
15:53:46,28.70,32.10
15:53:56,28.70,32.00
15:54:06,28.70,32.80
15:54:16,28.80,32.70
15:54:26,28.70,33.00
15:54:36,28.80,32.90
15:54:46,28.80,32.30
15:54:56,28.70,32.20
15:55:06,28.80,32.80
15:55:16,28.70,32.40
15:55:26,28.70,32.60
15:55:37,28.70,32.60
15:55:46,28.70,32.80
15:55:56,28.80,33.00
15:56:06,28.70,32.60
15:56:16,28.80,32.70
15:56:26,28.80,32.30
15:56:36,28.80,32.00
15:56:46,28.80,32.30
15:56:56,28.80,32.00
15:57:06,28.70,32.20
15:57:16,28.80,32.50
15:57:26,28.80,32.20
15:57:36,28.80,32.30
15:57:46,28.80,32.10
15:57:56,28.80,32.00
15:58:06,28.80,32.10
15:58:16,28.80,32.70
15:58:26,28.80,32.00
15:58:37,28.80,32.20
15:58:46,28.80,32.40
15:58:57,28.80,32.30
15:59:07,28.80,32.00
15:59:16,28.80,32.50
15:59:27,28.80,32.80
15:59:37,28.80,32.60
15:59:46,28.80,32.40
15:59:57,28.80,32.10
16:00:07,28.80,32.60
16:00:16,28.80,32.80
16:00:27,28.80,32.70
16:00:37,28.80,32.00
16:00:46,28.80,32.20
16:00:57,28.80,32.30
16:01:07,28.80,32.40
16:01:16,28.80,31.90
16:01:27,28.80,31.80
16:01:37,28.80,32.00
16:01:47,28.80,32.00
16:01:57,28.80,32.40
16:02:07,28.80,32.20
16:02:17,28.80,31.90
16:02:27,28.80,32.00
16:02:37,28.80,32.30
16:02:47,28.80,32.00
16:02:57,28.80,31.90
16:03:07,28.80,32.30
16:03:17,28.80,31.90
16:03:27,28.80,31.90
16:03:37,28.80,32.30
16:03:47,28.80,32.10
16:03:57,28.80,32.50
16:04:07,28.80,32.50
16:04:17,28.80,32.30
16:04:27,28.80,32.20
16:04:37,28.80,32.70
16:04:47,28.80,32.20
16:04:57,28.80,32.60
16:05:07,28.80,32.40
16:05:17,28.80,32.20
16:05:27,28.80,32.30
16:05:37,28.80,32.40
16:05:47,28.80,32.60
16:05:57,28.80,32.20
16:06:07,28.80,32.60
16:06:17,28.80,32.30
16:06:27,28.80,32.10
16:06:37,28.80,32.20
16:06:47,28.80,32.10
16:06:57,28.80,32.70
16:07:07,28.80,32.90
16:07:17,28.80,32.30
16:07:27,28.80,32.70
16:07:37,28.80,32.50
16:07:47,28.80,32.40
16:07:57,28.80,32.40
16:08:08,28.80,32.30
16:08:17,28.80,32.30
16:08:27,28.80,32.50
16:08:37,28.80,32.60
16:08:47,28.80,32.40
16:08:57,28.80,32.80
16:09:07,28.80,32.40
16:09:17,28.80,32.50
16:09:27,28.80,32.80
16:09:37,28.80,33.10
16:09:47,28.80,32.70
16:09:57,28.80,32.50
16:10:07,28.80,32.40
16:10:17,28.80,32.40
16:10:27,28.80,32.60
16:10:37,28.80,33.20
16:10:47,28.80,33.00
16:10:57,28.80,33.10
16:11:07,28.80,33.20
16:11:17,28.80,33.30
16:11:27,28.80,33.20
16:11:37,28.80,33.50
16:11:47,28.80,33.50
16:11:57,28.80,33.20
16:12:07,28.80,33.20
16:12:17,28.80,33.30
16:12:27,28.80,32.80
16:12:37,28.80,33.20
16:12:47,28.80,32.90
16:12:57,28.80,32.60
16:13:07,28.80,32.90
16:13:17,28.80,32.80
16:13:27,28.80,32.90
16:13:38,28.80,33.20
16:13:48,28.80,32.60
16:13:58,28.80,32.50
16:14:08,28.80,32.60
16:14:18,28.80,32.60
16:14:28,28.80,32.70
16:14:58,28.80,32.40
16:15:08,28.80,32.50
16:15:18,28.80,32.90
16:15:28,28.80,32.80
16:15:38,28.80,32.80
16:15:48,28.80,32.70
16:15:58,28.80,32.70
16:16:08,28.80,33.00
16:16:18,28.80,32.60
16:16:28,28.80,32.50
16:16:38,28.80,32.60
16:16:48,28.80,33.30
16:16:58,28.80,32.90
16:17:08,28.80,32.90
16:17:18,28.80,32.90
16:17:28,28.80,33.00
16:17:38,28.80,33.40
16:17:48,28.80,33.30
16:17:58,28.80,33.00
16:18:08,28.80,33.00
16:18:18,28.80,32.90
16:18:28,28.80,33.10
16:18:39,28.80,33.30
16:18:49,28.80,33.30
16:18:59,28.80,33.00
16:19:09,28.80,33.20
16:19:19,28.80,33.40
16:19:29,28.80,32.90
16:19:39,28.80,33.20
16:19:49,28.80,33.00
16:19:59,28.80,32.90
16:20:09,28.80,32.90
16:20:19,28.80,33.00
16:20:29,28.80,32.80
16:20:39,28.80,33.20
16:20:49,28.80,33.00
16:20:59,28.80,33.40
16:21:09,28.80,32.90
16:21:19,28.80,33.30
16:21:29,28.80,32.90
16:21:39,28.80,33.10
16:21:49,28.80,33.10
16:21:59,28.80,33.10
16:22:09,28.80,33.10
16:22:19,28.80,33.40
16:22:29,28.80,33.60
16:22:39,28.80,33.50
16:22:49,28.80,33.70
16:22:59,28.90,33.80
16:23:09,28.80,33.80
16:23:19,28.90,33.90
16:23:29,28.90,33.30
16:23:41,28.80,33.30
16:23:51,28.90,33.60
16:24:01,28.80,33.30
16:24:11,28.80,33.40
16:24:21,28.80,33.40
16:24:31,28.80,33.70
16:24:41,28.80,33.20
16:24:51,28.80,33.40
16:25:01,28.80,33.30
16:25:11,28.80,33.20
16:25:21,28.80,33.20
16:25:31,28.90,33.30
16:25:41,28.80,33.20
16:25:51,28.80,33.20
16:26:01,28.80,33.00
16:26:11,28.90,33.00
16:26:21,28.90,33.00
16:26:31,28.90,33.20
16:26:41,28.90,33.40
16:26:51,28.90,33.60
16:27:01,28.90,33.30
16:27:11,28.90,33.40
16:27:21,28.90,33.40
16:27:31,28.90,33.30
16:27:41,28.90,33.40
16:27:51,28.90,33.20
16:28:01,28.90,33.30
16:28:11,28.90,33.30
16:28:21,28.90,33.30
16:28:31,28.90,33.30
16:28:57,28.90,33.20
16:29:07,28.90,33.20
16:29:17,28.90,33.40
16:29:27,28.90,33.60
16:29:37,28.90,33.90
16:29:47,28.90,33.60
16:29:57,28.90,33.80
16:30:07,28.90,33.50
16:30:17,28.90,33.90
16:30:27,28.90,33.80
16:30:37,28.90,33.70
16:30:47,28.90,33.50
16:30:57,28.80,33.10
16:31:07,28.90,33.10
16:31:17,28.90,33.20
16:31:27,28.90,33.10
16:31:37,28.90,33.00
16:31:47,28.90,33.60
16:31:57,28.90,33.30
16:32:07,28.90,33.20
16:32:17,28.90,33.10
16:32:27,28.90,33.20
16:32:37,28.90,33.00
16:32:59,28.90,33.10
16:33:07,28.80,33.00
16:33:17,28.80,32.90
16:33:27,28.90,32.70
16:33:37,28.80,32.80
16:34:39,28.90,33.40
16:34:49,28.90,33.50
16:34:59,28.90,33.50
16:35:09,28.90,33.20
16:35:19,28.90,33.30
16:35:30,28.90,33.20
16:35:39,28.90,33.20
16:35:49,28.90,33.50
16:35:59,28.90,32.90
16:36:09,28.90,33.20
16:36:19,28.90,33.30
16:36:29,28.90,33.00
16:36:39,28.90,33.40
16:36:49,28.90,33.30
16:36:59,28.90,33.10
16:37:09,28.90,33.20
16:37:19,28.90,33.50
16:37:29,28.90,33.60
16:37:39,28.90,33.50
16:37:49,28.90,33.30
16:37:59,28.90,33.10
16:38:09,28.90,33.50
16:38:19,28.90,33.50
16:38:29,28.90,33.20
16:38:39,28.90,33.30
16:39:06,28.90,33.60
16:39:16,28.90,33.40
16:39:26,28.90,33.50
16:39:36,28.90,33.40
16:39:46,28.90,33.30
16:39:56,28.90,33.30
16:40:06,28.90,33.20
16:40:16,28.90,33.40
16:40:26,28.90,33.20
16:40:36,28.90,33.60
16:40:46,28.90,33.60
16:40:56,28.90,33.40
16:41:06,28.90,33.20
16:41:16,28.90,33.30
16:41:26,28.90,33.50
16:41:36,28.90,33.60
16:41:46,28.90,33.60
16:41:56,28.90,33.50
16:42:06,28.90,33.70
16:42:16,28.90,33.40
16:42:26,28.90,33.20
16:42:36,28.90,33.20
16:42:46,28.90,33.40
16:42:56,28.90,33.40
16:43:06,28.90,33.50
16:43:16,28.90,33.30
16:43:26,28.90,33.40
16:43:36,28.90,33.40
16:43:46,28.90,33.10
16:44:09,28.90,33.10
16:44:19,28.90,33.30
16:44:29,28.90,33.40
16:44:39,28.90,33.10
16:44:49,28.90,33.40
16:44:59,28.90,33.20
16:45:09,28.90,33.60
16:45:19,28.90,33.50
16:45:29,28.90,33.70
16:45:39,28.90,33.70
16:45:49,28.90,33.20
16:45:59,28.90,33.40
16:46:09,28.90,33.60
16:46:19,28.90,33.50
16:46:29,28.90,33.40
16:46:39,28.90,33.80
16:46:49,28.90,33.30
16:46:59,28.90,33.50
16:47:09,28.90,33.20
16:47:19,28.90,33.70
16:47:29,28.90,33.50
16:47:39,28.90,33.50
16:47:49,28.90,33.30
16:47:59,28.90,33.10
16:48:09,28.90,33.30
16:48:19,28.90,33.30
16:48:29,28.90,33.60
16:48:39,28.90,33.50
16:48:49,28.90,33.30
16:49:13,28.90,33.20
16:49:23,28.90,33.30
16:49:33,28.90,33.20
16:49:43,28.90,33.20
16:49:53,28.90,33.20
16:50:03,28.90,33.40
16:50:13,28.90,33.30
16:50:23,28.90,33.60
16:50:33,28.90,33.20
16:50:43,28.90,33.20
16:50:53,28.90,33.20
16:52:44,28.90,33.20
16:52:53,28.90,33.40
16:53:03,28.90,33.30
16:53:13,28.90,33.50
16:53:23,28.90,33.60
16:53:33,28.90,33.30
16:53:43,28.90,33.20
16:53:53,28.90,33.60
16:54:28,28.90,33.70
16:54:38,28.90,33.50
16:54:48,28.90,33.50
16:54:58,28.90,33.50
16:55:08,28.90,33.40
16:55:18,28.90,33.50
16:55:28,28.90,33.20
16:55:38,28.90,33.20
16:55:48,28.90,33.30
16:55:58,28.90,33.40
16:56:08,28.90,33.30
16:56:18,29.00,33.20
16:56:28,29.00,33.60
16:56:38,28.90,33.70
16:56:48,28.90,33.70
16:56:58,28.90,33.70
16:57:08,28.90,33.60
16:57:18,28.90,33.90
16:57:28,28.90,33.60
16:57:38,28.90,33.50
16:57:48,28.90,33.70
16:57:58,28.90,33.90
16:58:08,29.00,33.50
16:58:18,29.00,33.30
16:58:28,28.90,33.30
16:58:38,29.00,33.20
16:58:48,29.00,33.50
16:58:58,28.90,33.40
16:59:23,29.00,33.60
16:59:33,28.90,33.50
16:59:44,29.00,33.30
16:59:53,28.90,33.20
17:00:04,29.00,33.30
17:00:14,29.00,33.30
17:00:23,29.00,33.50
17:00:34,28.90,33.20
17:00:44,29.00,33.30
17:00:53,29.00,33.30
17:01:03,29.00,33.50
17:01:14,29.00,33.60
17:01:23,29.00,33.60
17:01:34,29.00,33.50
17:01:44,29.00,33.40
17:01:53,29.00,33.50
17:02:04,29.00,33.30
17:02:14,29.00,33.60
17:02:23,29.00,33.40
17:02:34,29.00,33.30
17:02:44,29.00,33.50
17:02:53,29.00,33.40
17:03:04,29.00,33.70
17:03:14,29.00,33.50
17:03:23,29.00,33.40
17:03:34,29.00,33.40
17:03:44,29.00,33.60
17:03:53,29.00,33.40
17:04:04,29.00,33.30
17:04:31,29.00,33.30
17:04:41,29.00,33.50
17:04:51,29.00,33.80
17:05:01,29.00,33.90
17:05:11,29.00,33.80
17:05:21,29.00,33.60
17:05:31,29.00,34.00
17:05:41,29.00,33.50
17:05:51,29.00,33.70
17:06:01,29.00,33.50
17:06:11,29.00,33.40
17:06:21,29.00,33.40
17:06:31,29.00,33.40
17:06:41,29.00,33.40
17:06:51,29.00,33.40
17:07:01,29.00,33.40
17:07:11,29.00,33.40
17:07:21,29.00,33.40
17:07:31,29.00,33.30
17:07:41,29.00,33.40
17:07:51,29.00,33.50
17:08:01,29.00,33.50
17:08:11,29.00,33.40
17:08:21,29.00,33.60
17:08:31,29.00,33.70
17:08:41,29.00,34.00
17:08:51,29.00,33.60
17:09:01,29.00,33.60
17:09:11,29.00,33.70
17:09:34,29.00,33.60
17:09:44,29.00,34.10
17:09:54,29.00,33.60
17:10:04,29.00,33.60
17:10:14,29.00,34.00
17:10:24,29.00,33.60
17:10:46,29.00,34.10
17:10:58,29.00,33.80
17:11:04,29.00,33.70
17:11:14,29.00,33.60
17:11:54,29.00,33.70
17:12:04,29.00,33.60
17:12:14,29.00,33.60
17:12:27,29.00,33.60
17:12:34,29.00,33.80
17:12:44,29.00,33.60
17:12:58,29.10,33.90
17:13:04,29.10,33.60
17:13:24,29.00,33.70
17:13:34,29.10,33.70
17:13:44,29.10,33.80
17:13:54,29.10,33.70
17:14:04,29.10,33.90
17:14:14,29.10,34.00
17:14:42,29.10,33.70
17:14:52,29.10,33.90
17:15:02,29.10,33.60
17:15:12,29.10,33.70
17:15:22,29.10,34.00
17:15:32,29.10,33.90
17:15:42,29.10,33.70
17:15:52,29.10,33.70
17:16:02,29.10,33.70
17:16:12,29.10,33.90
17:16:22,29.10,34.10
17:16:32,29.10,34.20
17:16:41,29.10,33.80
17:16:52,29.10,34.20
17:17:02,29.10,33.70
17:17:12,29.10,33.80
17:17:22,29.10,33.70
17:17:32,29.10,33.80
17:17:41,29.10,33.70
17:17:52,29.10,33.90
17:18:02,29.00,33.70
17:18:12,29.10,33.70
17:18:22,29.10,34.00
17:18:32,29.10,33.90
17:18:42,29.10,33.90
17:18:52,29.10,33.70
17:19:02,29.10,34.00
17:19:12,29.10,33.70
17:19:22,29.10,33.70
17:19:42,29.10,34.00
17:19:52,29.10,33.70
17:20:03,29.10,33.80
17:20:12,29.10,33.90
17:20:22,29.10,34.20
17:20:32,29.10,33.90
17:20:42,29.10,33.90
17:20:52,29.10,34.00
17:21:02,29.10,33.80
17:21:12,29.10,33.80
17:21:22,29.10,33.90
17:21:32,29.10,34.00
17:21:42,29.10,34.10
17:21:52,29.10,33.80
17:22:02,29.10,34.10
17:22:12,29.10,33.90
17:22:22,29.10,34.00
17:22:32,29.10,33.90
17:22:42,29.10,33.90
17:22:52,29.10,34.00
17:23:02,29.10,34.30
17:23:12,29.10,34.20
17:23:22,29.10,34.10
17:23:32,29.10,34.10
17:23:42,29.10,34.00
17:23:52,29.10,34.10
17:24:02,29.10,34.00
17:24:12,29.10,33.90
17:24:22,29.10,34.10
17:24:33,29.10,34.10
17:24:43,29.10,34.00
17:24:53,29.10,34.10
17:25:03,29.10,34.00
17:25:13,29.10,34.00
17:25:23,29.10,34.30
17:25:33,29.10,34.00
17:25:43,29.10,34.30
17:25:53,29.10,34.00
17:26:03,29.10,34.10
17:26:13,29.10,34.30
17:26:23,29.10,34.20
17:26:33,29.10,34.00
17:26:43,29.10,34.00
17:26:53,29.10,33.90
17:27:03,29.10,34.10
17:27:13,29.10,34.10
17:27:23,29.10,34.00
17:27:33,29.10,34.00
17:27:43,29.10,34.30
17:27:53,29.10,34.10
17:28:03,29.10,34.10
17:28:13,29.10,34.10
17:28:23,29.10,34.20
17:28:33,29.10,34.20
17:28:43,29.10,34.20
17:28:53,29.10,34.20
17:29:03,29.10,34.00
17:29:13,29.10,33.90
17:29:23,29.10,34.00
17:29:33,29.10,33.90
17:29:43,29.10,33.90
17:29:53,29.10,33.80
17:30:03,29.10,34.10
17:30:13,29.10,34.10
17:30:23,29.10,33.90
17:30:33,29.10,34.20
17:30:43,29.10,33.90
17:30:53,29.10,34.00
17:31:03,29.10,33.90
17:31:13,29.10,33.70
17:31:23,29.10,33.50
17:31:33,29.10,33.70
17:31:43,29.10,33.90
17:31:53,29.10,33.60
17:32:03,29.10,33.90
17:32:13,29.10,34.10
17:32:23,29.10,33.80
17:32:33,29.10,33.50
17:32:43,29.10,33.60
17:32:53,29.10,33.60
17:33:03,29.10,33.80
17:33:13,29.10,33.40
17:33:23,29.10,33.40
17:33:33,29.10,33.50
17:33:43,29.10,33.70
17:33:53,29.10,33.30
17:34:03,29.10,33.40
17:34:13,29.10,33.30
17:34:23,29.10,33.10
17:34:34,29.10,33.10
17:34:44,29.10,33.20
17:34:54,29.20,33.10
17:35:04,29.10,33.10
17:35:14,29.10,33.30
17:35:24,29.10,33.40
17:35:34,29.20,33.30
17:35:44,29.10,33.20
17:35:54,29.20,33.20
17:36:04,29.20,33.20
17:36:14,29.20,33.30
17:36:24,29.20,33.20
17:36:34,29.20,33.20
17:36:44,29.10,33.20
17:36:54,29.20,33.60
17:37:04,29.20,33.30
17:37:14,29.20,33.40
17:37:24,29.20,33.40
17:37:34,29.10,33.40
17:37:44,29.20,33.20
17:37:54,29.20,33.20
17:38:04,29.20,33.30
17:38:14,29.20,33.30
17:38:24,29.20,33.30
17:38:34,29.20,33.30
17:38:44,29.20,33.50
17:38:54,29.20,33.30
17:39:04,29.20,33.50
17:39:14,29.20,33.30
17:39:24,29.20,33.60
17:39:35,29.20,33.30
17:39:45,29.20,33.10
17:39:55,29.20,33.10
17:40:05,29.20,33.20
17:40:15,29.20,33.20
17:40:25,29.20,33.00
17:40:35,29.20,33.30
17:40:45,29.20,33.00
17:40:55,29.20,33.00
17:41:05,29.20,32.90
17:41:15,29.20,33.00
17:41:25,29.20,33.00
17:41:35,29.20,33.00
17:41:45,29.20,33.00
17:41:55,29.10,32.90
17:42:05,29.20,32.90
17:42:15,29.20,33.00
17:42:25,29.20,32.90
17:42:35,29.20,32.90
17:42:45,29.20,33.10
17:42:55,29.20,33.30
17:43:05,29.10,33.10
17:43:15,29.20,33.30
17:43:25,29.20,33.40
17:43:35,29.20,33.10
17:43:45,29.10,33.20
17:43:55,29.20,33.10
17:44:05,29.20,33.00
17:44:15,29.20,33.10
17:44:25,29.20,33.10
17:44:36,29.20,33.20
17:44:46,29.20,33.10
17:44:56,29.20,33.10
17:45:06,29.20,33.00
17:45:16,29.20,33.10
17:45:26,29.20,32.90
17:45:36,29.20,33.00
17:45:46,29.20,32.90
17:45:56,29.20,33.10
17:46:06,29.20,33.00
17:46:16,29.20,33.10
17:46:26,29.20,33.00
17:46:36,29.20,33.20
17:46:46,29.20,33.10
17:46:56,29.20,33.10
17:47:06,29.20,33.10
17:47:16,29.20,33.00
17:47:26,29.10,33.10
17:47:36,29.20,33.30
17:47:46,29.20,33.10
17:47:56,29.20,33.10
17:48:06,29.20,33.60
17:48:16,29.10,33.30
17:48:26,29.20,33.20
17:48:36,29.20,33.20
17:48:46,29.20,33.10
17:48:56,29.10,33.40
17:49:06,29.20,33.40
17:49:16,29.20,33.40
17:49:26,29.10,33.30
17:49:37,29.10,33.50
17:49:47,29.20,33.40
17:49:57,29.20,33.50
17:50:07,29.20,33.60
17:50:17,29.20,33.70
17:50:27,29.20,33.40
17:50:37,29.20,33.30
17:50:47,29.10,33.30
17:50:57,29.10,33.50
17:51:07,29.20,33.70
17:51:17,29.20,33.90
17:51:27,29.20,33.50
17:51:37,29.20,33.70
17:51:47,29.20,33.70
17:51:57,29.10,33.60
17:52:07,29.20,33.50
17:52:17,29.20,33.50
17:52:27,29.20,33.40
17:52:37,29.10,33.40
17:52:47,29.10,33.70
17:52:57,29.10,33.50
17:53:07,29.10,33.50
17:53:17,29.10,33.40
17:53:27,29.10,33.50
17:53:37,29.10,33.40
17:53:47,29.10,33.50
17:53:57,29.10,33.40
17:54:07,29.10,33.40
17:54:17,29.10,33.60
17:54:27,29.10,33.70
17:54:38,29.20,33.50
17:54:48,29.10,33.60
17:54:58,29.10,33.80
17:55:08,29.10,33.60
17:55:18,29.10,33.90
17:55:28,29.10,33.50
17:55:38,29.10,33.60
17:55:48,29.10,33.50
17:55:58,29.10,33.60
17:56:08,29.10,33.70
17:56:18,29.10,33.90
17:56:28,29.10,33.70
17:56:38,29.10,33.70
17:56:49,29.10,33.80
17:56:58,29.10,34.20
17:57:08,29.10,33.80
17:57:18,29.10,33.90
17:57:28,29.10,33.90
17:57:38,29.10,33.80
17:57:48,29.10,34.00
17:57:58,29.10,34.10
17:58:08,29.10,33.90
17:58:18,29.10,33.80
17:58:28,29.10,34.20
17:58:38,29.10,33.90
17:58:48,29.10,33.90
17:58:58,29.10,34.00
17:59:08,29.10,34.10
17:59:18,29.10,33.90
17:59:28,29.10,33.90
17:59:39,29.10,34.10
17:59:49,29.10,34.00
17:59:59,29.10,34.10
18:00:09,29.10,34.10
18:00:19,29.10,34.10
18:00:29,29.10,34.20
18:00:39,29.10,34.10
18:00:49,29.10,34.10
18:00:59,29.10,34.20
18:01:09,29.10,34.20
18:01:19,29.10,34.30
18:01:29,29.10,34.40
18:01:39,29.10,34.30
18:01:49,29.10,34.40
18:01:59,29.10,34.60
18:02:09,29.10,34.60
18:02:19,29.10,34.50
18:02:29,29.10,34.40
18:02:39,29.10,34.30
18:02:49,29.10,34.30
18:02:59,29.10,34.40
18:03:09,29.10,34.50
18:03:19,29.10,34.60
18:03:29,29.10,34.40
18:03:39,29.10,34.40
18:03:49,29.10,34.50
18:03:59,29.10,34.40
18:04:09,29.10,34.30
18:04:19,29.10,34.40
18:04:29,29.10,34.40
18:04:39,29.10,34.40
18:04:49,29.10,34.40
18:04:59,29.10,34.40
18:05:09,29.10,34.70
18:05:19,29.10,34.70
18:05:29,29.10,34.40
18:05:39,29.10,34.40
18:05:50,29.10,34.40
18:05:59,29.10,34.40
18:06:09,29.10,34.40
18:06:19,29.10,34.50
18:06:29,29.10,34.50
18:06:39,29.10,34.60
18:06:49,29.10,34.40
18:06:59,29.10,34.70
18:07:09,29.10,34.50
18:07:19,29.10,34.70
18:07:29,29.10,34.60
18:07:39,29.10,34.60
18:07:49,29.10,34.80
18:07:59,29.10,34.60
18:08:09,29.10,34.60
18:08:19,29.10,34.50
18:08:29,29.10,34.50
18:08:39,29.10,34.60
18:08:49,29.10,34.50
18:09:00,29.10,34.50
18:09:09,29.10,34.50
18:09:19,29.10,34.60
18:09:30,29.10,34.50
18:09:41,29.00,34.50
18:09:51,29.10,34.50
18:10:01,29.10,34.40
18:10:11,29.10,34.40
18:10:21,29.10,34.50
18:10:31,29.00,34.50
18:10:41,29.00,34.70
18:10:51,29.10,34.60
18:11:01,29.10,34.70
18:11:11,29.10,34.80
18:11:21,29.10,34.90
18:11:31,29.10,34.50
18:11:41,29.00,34.80
18:11:51,29.10,34.60
18:12:01,29.00,34.50
18:12:11,29.00,34.50
18:12:21,29.00,34.70
18:12:31,29.00,34.80
18:12:41,29.00,34.80
18:12:51,29.00,34.70
18:13:01,29.10,34.50
18:13:11,29.10,34.90
18:13:21,29.00,34.60
18:13:31,29.00,34.90
18:13:41,29.00,34.70
18:13:51,29.00,34.70
18:14:01,29.00,34.80
18:14:11,29.00,34.60
18:14:21,29.00,34.60
18:14:31,29.00,34.90
18:14:42,29.00,34.90
18:14:52,29.00,34.70
18:15:02,29.00,34.70
18:15:12,29.00,34.70
18:15:22,29.00,34.70
18:15:32,29.00,34.70
18:15:42,29.00,34.70
18:15:52,29.00,34.80
18:16:02,29.00,34.70
18:16:12,29.00,34.70
18:16:22,29.00,34.80
18:16:32,29.00,34.70
18:16:42,29.00,34.70
18:16:52,29.00,34.70
18:17:02,29.00,34.70
18:17:12,29.00,34.70
18:17:22,29.00,34.70
18:17:32,29.00,34.80
18:17:42,29.00,34.70
18:17:52,29.00,35.00
18:18:02,29.00,34.80
18:18:12,29.00,34.70
18:18:22,29.00,34.70
18:18:32,29.00,34.90
18:18:42,29.00,34.70
18:18:52,29.00,34.80
18:19:02,29.00,34.90
18:19:12,29.00,35.00
18:19:22,29.00,35.00
18:19:32,29.00,34.80
18:19:43,29.00,35.00
18:19:53,29.00,34.80
18:20:03,29.00,34.90
18:20:13,29.00,34.80
18:20:23,29.00,34.80
18:20:33,29.00,34.80
18:20:43,29.00,34.80
18:20:53,29.00,34.90
18:21:03,29.00,35.00
18:21:13,29.00,34.90
18:21:23,29.10,34.90
18:21:33,29.00,34.90
18:21:43,29.00,34.90
18:21:53,29.00,35.00
18:22:03,29.00,35.00
18:22:13,29.00,34.90
18:22:23,29.00,34.90
18:22:33,29.00,35.00
18:22:43,29.00,35.10
18:22:53,29.00,35.00
18:23:03,29.00,35.20
18:23:13,29.00,35.00
18:23:23,29.00,35.00
18:23:33,29.00,35.00
18:23:43,29.00,35.00
18:23:53,29.00,35.00
18:24:03,29.00,35.00
18:24:13,29.00,35.20
18:24:23,29.00,35.10
18:24:33,29.00,35.10
18:24:44,29.00,35.10
18:24:54,29.00,35.10
18:25:04,29.00,35.10
18:25:14,29.00,35.10
18:25:24,29.00,35.00
18:25:34,29.00,35.10
18:25:44,29.00,35.00
18:25:54,29.00,35.10
18:26:04,29.00,35.20
18:26:14,29.00,35.10
18:26:24,29.00,35.20
18:26:34,29.00,35.20
18:26:44,29.00,35.20
18:26:54,29.00,35.30
18:27:04,29.00,35.20
18:27:14,29.00,35.30
18:27:24,29.00,35.30
18:27:34,29.00,35.20
18:27:44,29.00,35.20
18:27:54,29.00,35.40
18:28:04,29.00,35.40
18:28:14,29.00,35.30
18:28:24,29.00,35.30
18:28:34,29.00,35.20
18:28:44,29.00,35.20
18:28:54,29.00,35.30
18:29:04,29.00,35.30
18:29:14,29.00,35.30
18:29:24,29.00,35.40
18:29:34,29.00,35.50
18:29:45,29.00,35.30
18:29:55,29.00,35.50
18:30:05,29.00,35.30
18:30:15,29.00,35.40
18:30:25,29.00,35.30
18:30:35,29.00,35.50
18:30:45,29.00,35.60
18:30:55,29.00,35.50
18:31:05,29.00,35.40
18:31:15,29.00,35.50
18:31:25,29.00,35.40
18:31:35,29.00,35.50
18:31:45,29.00,35.60
18:31:55,29.00,35.50
18:32:05,29.00,35.50
18:32:15,29.00,35.50
18:32:25,29.00,35.50
18:32:35,29.00,35.50
18:32:45,29.00,35.50
18:32:55,29.00,35.80
18:33:05,29.00,35.60
18:33:15,29.00,35.60
18:33:25,29.00,35.60
18:33:35,29.00,35.50
18:33:45,29.00,35.50
18:33:55,29.00,35.80
18:34:05,29.00,35.50
18:34:15,29.00,35.70
18:34:25,29.00,35.60
18:34:35,29.00,35.50
18:34:46,29.00,35.70
18:34:56,29.00,35.70
18:35:06,29.00,35.60
18:35:16,29.00,35.60
18:35:26,29.00,35.60
18:35:36,28.90,35.50
18:35:46,29.00,35.60
18:35:56,29.00,35.70
18:36:06,29.00,35.80
18:36:16,29.00,35.70
18:36:26,29.00,35.70
18:36:36,29.00,35.80
18:36:46,29.00,35.60
18:36:56,29.00,35.60
18:37:06,29.00,35.70
18:37:16,29.00,35.80
18:37:26,29.00,35.60
18:37:36,29.00,35.60
18:37:46,29.00,35.60
18:37:56,29.00,35.60
18:38:06,29.00,35.70
18:38:16,28.90,35.90
18:38:26,28.90,35.70
18:38:36,28.90,35.60
18:38:46,28.90,35.60
18:38:56,29.00,35.60
18:39:06,29.00,35.70
18:39:16,28.90,35.60
18:39:26,29.00,35.70
18:39:36,29.00,35.70
18:39:47,28.90,35.70
18:39:57,29.00,35.70
18:40:07,28.90,35.70
18:40:17,28.90,35.80
18:40:27,29.00,35.90
18:40:37,29.00,35.80
18:40:47,29.00,35.80
18:40:57,29.00,35.90
18:41:07,29.00,35.90
18:41:17,28.90,35.90
18:41:27,29.00,36.00
18:41:37,29.00,35.80
18:41:47,28.90,35.80
18:41:57,29.00,35.70
18:42:07,28.90,35.80
18:42:17,29.00,35.80
18:42:27,29.00,35.80
18:42:37,28.90,35.90
18:42:47,29.00,35.80
18:42:57,29.00,35.80
18:43:07,29.00,35.80
18:43:17,29.00,35.80
18:43:27,28.90,35.90
18:43:37,28.90,36.00
18:43:47,28.90,35.80
18:43:57,28.90,35.80
18:44:07,28.90,36.00
18:44:17,28.90,35.90
18:44:27,28.90,35.90
18:44:37,28.90,35.90
18:44:48,29.00,36.00
18:44:58,29.00,35.90
18:45:08,29.00,35.90
18:45:18,29.00,35.80
18:45:28,29.00,35.90
18:45:38,28.90,35.80
18:45:48,28.90,35.90
18:45:58,29.00,36.00
18:46:08,28.90,36.00
18:46:18,28.90,36.00
18:46:28,28.90,36.00
18:46:38,29.00,36.00
18:46:48,28.90,35.90
18:46:58,28.90,36.00
18:47:08,28.90,36.00
18:47:18,28.90,35.90
18:47:28,28.90,36.00
18:47:38,28.90,36.00
18:47:48,28.90,36.00
18:47:58,28.90,36.00
18:48:08,28.90,36.00
18:48:18,28.90,36.10
18:48:28,28.90,36.00
18:48:38,28.90,36.10
18:48:48,28.90,36.00
18:48:58,28.90,36.10
18:49:08,28.90,36.10
18:49:18,28.90,36.10
18:49:28,28.90,36.10
18:49:38,28.90,36.20
18:49:49,28.90,36.20
18:49:59,28.90,36.10
18:50:09,28.90,36.20
18:50:19,28.90,36.30
18:50:29,28.90,36.20
18:50:39,28.90,36.30
18:50:49,28.90,36.30
18:50:59,28.90,36.30
18:51:09,29.00,36.40
18:51:19,29.00,36.20
18:51:29,28.90,36.40
18:51:39,29.00,36.40
18:51:49,29.00,36.40
18:51:59,29.00,36.40
18:52:09,29.00,36.40
18:52:19,29.00,36.40
18:52:29,29.00,36.30
18:52:39,29.00,36.40
18:52:49,29.00,36.60
18:52:59,29.00,37.10
18:53:09,28.90,36.90
18:53:19,29.00,37.10
18:53:29,29.00,37.10
18:53:39,29.00,37.70
18:53:49,29.00,37.60
18:53:59,29.00,38.20
18:54:09,29.00,37.90
18:54:19,28.90,38.10
18:54:29,29.00,38.10
18:54:39,28.90,38.20
18:54:50,28.90,38.30
18:55:00,28.90,38.20
18:55:10,29.00,38.60
18:55:20,28.90,38.40
18:55:30,28.90,38.80
18:55:40,28.90,38.50
18:55:50,29.00,39.10
18:56:00,29.00,39.00
18:56:10,28.90,39.20
18:56:20,28.90,38.80
18:56:30,28.90,39.00
18:56:40,28.90,39.10
18:56:50,28.90,39.00
18:57:00,28.90,39.10
18:57:10,28.90,39.00
18:57:20,28.90,39.20
18:57:30,28.90,39.10
18:57:40,28.90,39.20
18:57:50,28.90,39.20
18:58:00,28.90,39.30
18:58:10,28.90,39.30
18:58:20,28.90,39.50
18:58:30,28.90,39.30
18:58:40,28.90,39.30
18:58:50,28.90,39.20
18:59:00,28.90,39.30
18:59:10,28.90,39.30
18:59:20,28.90,39.30
18:59:30,28.90,39.30
18:59:40,28.90,39.10
18:59:51,28.90,39.50
19:00:02,28.90,39.40
19:00:11,28.90,39.20
19:00:21,28.90,39.30
19:00:32,28.90,39.20
19:00:41,28.90,39.20
19:00:51,28.90,39.10
19:01:01,28.90,39.20
19:01:11,28.90,39.30
19:01:21,28.90,39.40
19:01:31,28.90,39.50
19:01:41,28.90,39.60
19:01:51,28.90,39.50
19:02:01,28.90,39.60
19:02:11,28.90,39.50
19:02:21,28.90,39.50
19:02:31,28.90,39.60
19:02:41,28.90,39.30
19:02:51,28.90,39.40
19:03:01,28.90,39.40
19:03:11,28.90,39.50
19:03:21,28.90,39.40
19:03:31,28.90,39.60
19:03:41,28.90,39.60
19:03:51,28.90,39.50
19:04:01,28.90,39.60
19:04:11,28.90,39.60
19:04:21,28.90,39.60
19:04:31,28.90,39.60
19:04:41,28.90,39.50
19:04:53,28.90,39.40
19:05:03,28.90,39.40
19:05:13,28.90,39.40
19:05:23,28.90,39.70
19:05:33,28.90,39.70
19:05:43,28.90,39.70
19:05:53,28.90,39.50
19:06:03,28.90,39.50
19:06:13,28.90,39.40
19:06:23,28.90,39.60
19:06:33,28.90,39.60
19:06:43,28.90,39.70
19:06:53,28.90,39.80
19:07:03,28.90,39.70
19:07:13,28.90,39.60
19:07:23,28.90,39.50
19:07:33,28.90,39.70
19:07:43,28.90,39.70
19:07:53,28.90,39.70
19:08:03,28.90,39.60
19:08:13,28.90,39.70
19:08:23,28.90,39.60
19:08:33,28.90,39.50
19:08:43,28.90,39.60
19:08:53,28.90,39.70
19:09:03,28.90,39.60
19:09:13,28.90,39.80
19:09:23,28.90,39.70
19:09:33,28.90,39.70
19:09:43,28.90,39.70
19:09:54,28.90,39.70
19:10:04,28.90,39.60
19:10:14,28.90,39.70
19:10:24,28.90,39.70
19:10:34,28.90,39.70
19:10:44,28.90,39.70
19:10:54,28.90,39.60
19:11:04,28.90,39.70
19:11:14,28.90,39.70
19:11:24,28.90,39.70
19:11:34,28.90,39.70
19:11:44,28.90,39.70
19:11:54,28.90,39.60
19:12:04,28.90,39.70
19:12:14,28.90,39.70
19:12:24,28.90,39.70
19:12:34,28.90,39.90
19:12:44,28.90,39.80
19:12:54,28.90,39.80
19:13:04,28.90,39.80
19:13:14,28.90,39.70
19:13:24,28.90,39.90
19:13:34,28.90,39.70
19:13:44,28.90,39.80
19:13:54,28.90,39.90
19:14:04,28.90,39.80
19:14:14,28.90,39.80
19:14:24,28.90,39.80
19:14:34,28.90,39.80
19:14:44,28.90,39.80
19:14:55,28.90,39.80
19:15:05,28.90,39.90
19:15:15,28.90,39.80
19:15:25,28.90,39.80
19:15:35,28.90,39.80
19:15:45,28.90,39.80
19:15:55,28.90,39.80
19:16:05,28.90,39.80
19:16:15,28.90,39.80
19:16:25,28.90,39.70
19:16:35,28.90,39.90
19:16:45,28.90,39.70
19:16:55,28.90,39.70
19:17:05,28.90,39.80
19:17:15,28.90,39.70
19:17:25,28.90,39.70
19:17:35,28.90,39.60
19:17:45,28.90,39.60
19:17:55,28.90,39.80
19:18:05,28.90,39.80
19:18:15,28.90,39.70
19:18:25,28.90,39.80
19:18:35,28.90,39.80
19:18:45,28.90,39.80
19:18:55,28.90,39.80
19:19:05,28.90,39.70
19:19:15,28.90,39.70
19:19:25,28.90,39.90
19:19:35,28.90,39.80
19:19:45,28.90,39.70
19:19:57,28.90,39.70
19:20:07,28.90,39.80
19:20:17,28.90,39.80
19:20:27,28.90,39.80
19:20:37,28.90,39.80
19:20:47,28.90,39.90
19:20:57,28.90,39.90
19:21:07,28.90,39.80
19:21:17,28.90,39.90
19:21:27,28.90,39.80
19:21:37,28.90,39.90
19:21:47,28.90,39.90
19:21:57,28.90,39.80
19:22:07,28.90,39.70
19:22:17,28.90,39.80
19:22:27,28.90,39.70
19:22:37,28.90,39.60
19:22:47,28.90,39.70
19:22:57,28.90,39.80
19:23:07,28.90,39.80
19:23:17,28.90,39.70
19:23:27,28.90,39.70
19:23:37,28.90,39.70
19:23:47,28.90,39.80
19:23:57,28.90,39.80
19:24:07,28.90,39.80
19:24:17,28.90,39.80
19:24:27,28.90,39.80
19:24:37,28.90,39.90
19:24:47,28.90,39.90
19:24:59,28.90,39.70
19:25:09,28.90,39.70
19:25:19,28.90,39.80
19:25:29,28.90,39.90
19:25:39,28.90,39.80
19:25:52,28.90,39.70
19:25:59,28.90,39.80
19:26:09,28.90,39.90
19:26:19,28.90,39.80
19:26:29,28.90,39.90
19:26:39,28.90,39.80
19:26:49,28.90,39.70
19:26:59,28.90,39.70
19:27:09,28.90,39.80
19:27:19,28.90,39.70
19:27:29,28.90,39.80
19:27:39,28.90,39.80
19:27:49,28.90,39.80
19:27:59,28.90,39.70
19:28:09,28.90,39.50
19:28:19,28.90,39.80
19:28:29,28.90,39.80
19:28:39,28.90,39.50
19:28:49,28.90,39.60
19:28:59,28.90,39.60
19:29:09,28.90,39.60
19:29:19,28.90,39.60
19:29:29,28.90,39.60
19:29:39,28.90,39.60
19:29:49,28.90,39.70
19:30:01,28.90,39.60
19:30:11,28.90,39.50
19:30:21,28.90,39.50
19:30:31,28.90,39.70
19:30:41,28.90,39.50
19:30:51,28.90,39.30
19:31:01,28.90,39.70
19:31:11,28.90,39.40
19:31:21,28.90,39.60
19:31:31,28.90,39.40
19:31:41,28.90,39.00
19:31:51,28.90,39.40
19:32:01,28.90,39.50
19:32:11,28.90,39.50
19:32:21,28.90,39.40
19:32:31,28.90,39.30
19:32:41,28.90,39.20
19:32:51,28.90,39.30
19:33:01,28.90,39.40
19:33:11,28.90,39.30
19:33:21,28.90,39.30
19:33:31,28.90,39.30
19:33:41,28.90,39.40
19:33:51,28.90,39.40
19:34:01,28.90,39.30
19:34:11,28.90,39.10
19:34:21,28.90,39.20
19:34:31,28.90,39.30
19:34:41,28.90,39.20
19:34:51,28.90,39.20
19:35:01,28.90,39.30
19:35:11,28.90,39.20
19:35:21,28.90,39.10
19:35:31,28.90,39.00
19:35:41,28.90,39.20
19:35:51,28.90,39.00
19:36:01,28.90,39.00
19:36:11,28.90,38.90
19:36:21,28.90,39.00
19:36:31,28.90,39.30
19:36:41,28.90,39.10
19:36:51,28.90,39.00
19:37:01,28.90,39.10
19:37:11,28.90,39.00
19:37:21,28.90,38.90
19:37:31,28.90,38.90
19:37:41,28.90,38.90
19:37:51,28.90,38.90
19:38:01,28.90,39.10
19:38:11,28.90,39.00
19:38:21,28.90,39.30
19:38:31,28.90,39.30
19:38:41,28.90,39.00
19:38:51,28.90,39.00
19:39:01,28.90,39.10
19:39:11,28.90,39.00
19:39:21,28.90,39.00
19:39:31,28.90,39.00
19:39:41,28.90,38.90
19:39:51,28.90,38.90
19:40:04,28.90,38.70
19:40:14,28.90,38.80
19:40:24,28.90,38.70
19:40:34,28.90,38.80
19:40:44,28.90,38.90
19:40:54,28.90,38.90
19:41:04,28.90,38.80
19:41:14,28.90,38.70
19:41:24,28.90,38.80
19:41:34,29.00,38.80
19:41:44,28.90,38.80
19:41:54,28.90,38.70
19:42:04,28.90,38.70
19:42:14,28.90,38.70
19:42:24,28.90,38.70
19:42:34,28.90,38.60
19:42:44,28.90,38.70
19:42:54,28.90,38.80
19:43:04,28.90,38.80
19:43:14,28.90,38.70
19:43:24,28.90,38.70
19:43:34,28.90,38.70
19:43:44,28.90,38.70
19:43:54,28.90,38.60
19:44:04,28.90,38.70
19:44:14,28.90,38.70
19:44:24,28.90,38.70
19:44:34,28.90,38.70
19:44:44,28.90,38.60
19:44:54,28.90,38.60
19:45:05,28.90,38.70
19:45:15,28.90,38.70
19:45:25,28.90,38.80
19:45:35,28.90,38.80
19:45:45,28.90,38.60
19:45:55,28.90,38.70
19:46:05,28.90,38.70
19:46:15,29.00,38.60
19:46:25,28.90,38.60
19:46:35,28.90,38.40
19:46:45,28.90,38.40
19:46:55,28.90,38.40
19:47:05,28.90,38.40
19:47:15,28.90,38.40
19:47:25,28.90,38.40
19:47:35,28.90,38.30
19:47:45,28.90,38.30
19:47:55,28.90,38.20
19:48:05,28.90,38.10
19:48:15,28.90,38.30
19:48:25,28.90,38.20
19:48:35,28.90,38.20
19:48:45,28.90,38.20
19:48:55,28.90,38.10
19:49:05,28.90,38.10
19:49:15,28.90,38.10
19:49:25,28.90,38.00
19:49:35,28.90,38.00
19:49:45,29.00,38.00
19:49:55,28.90,38.20
19:50:06,29.00,38.10
19:50:16,29.00,38.10
19:50:26,28.90,38.20
19:50:36,29.00,38.20
19:50:46,29.00,38.00
19:50:56,28.90,38.00
19:51:06,28.90,37.90
19:51:16,28.90,37.80
19:51:26,28.90,38.00
19:51:36,28.90,38.00
19:51:46,28.90,38.00
19:51:56,29.00,38.00
19:52:06,29.00,38.10
19:52:16,29.00,38.00
19:52:26,29.00,37.80
19:52:36,29.00,37.80
19:52:46,29.00,37.80
19:52:56,29.00,37.80
19:53:06,29.00,37.80
19:53:16,28.90,37.70
19:53:26,29.00,37.80
19:53:36,28.90,37.80
19:53:46,29.00,37.80
19:53:56,28.90,37.70
19:54:06,28.90,37.80
19:54:16,29.00,37.80
19:54:26,29.00,37.70
19:54:36,29.00,38.00
19:54:46,29.00,37.90
19:54:56,28.90,37.80
19:55:07,28.90,37.70
19:55:17,29.00,37.80
19:55:27,29.00,37.80
19:55:37,29.00,37.80
19:55:47,28.90,37.60
19:55:57,29.00,37.70
19:56:07,29.00,37.80
19:56:17,28.90,37.70
19:56:27,28.90,37.70
19:56:37,28.90,37.70
19:56:47,28.90,37.70
19:56:57,29.00,37.70
19:57:07,29.00,37.60
19:57:17,29.00,37.80
19:57:27,29.00,37.60
19:57:37,28.90,37.70
19:57:47,29.00,37.60
19:57:57,29.00,37.70
19:58:07,29.00,37.60
19:58:17,28.90,37.70
19:58:27,29.00,37.60
19:58:37,29.00,37.70
19:58:47,29.00,37.50
19:58:57,29.00,37.50
19:59:07,29.00,37.70
19:59:17,29.00,37.70
19:59:27,29.00,37.60
19:59:37,29.00,37.50
19:59:47,29.00,37.50
19:59:57,29.00,37.50
20:00:10,29.00,37.50
20:00:20,29.00,37.40
20:00:30,29.00,37.40
20:00:40,29.00,37.40
20:00:50,29.00,37.40
20:01:00,29.00,37.40
20:01:10,29.00,37.40
20:01:20,29.00,37.30
20:01:30,29.00,37.30
20:01:40,29.00,37.30
20:01:50,29.00,37.40
20:02:00,29.00,37.40
20:02:10,29.00,37.40
20:02:20,29.00,37.30
20:02:30,29.00,37.40
20:02:40,29.00,37.40
20:02:50,29.00,37.40
20:03:00,29.00,37.20
20:03:10,29.00,37.30
20:03:20,29.00,37.30
20:03:30,29.00,37.00
20:03:40,29.00,37.00
20:03:50,29.00,37.00
20:04:00,29.00,37.00
20:04:10,29.00,36.90
20:04:20,29.00,37.00
20:04:30,29.00,36.90
20:04:40,29.00,37.00
20:04:50,29.00,37.00
20:05:00,29.00,36.90
20:05:11,29.00,37.00
20:05:21,29.00,37.10
20:05:31,29.00,36.90
20:05:41,29.00,36.90
20:05:51,29.00,36.90
20:06:01,29.00,36.90
20:06:11,29.00,36.80
20:06:21,29.00,36.90
20:06:31,29.00,37.00
20:06:41,29.00,37.20
20:06:51,29.00,36.80
20:07:01,29.00,36.80
20:07:11,29.00,36.80
20:07:21,29.00,36.80
20:07:31,29.00,36.90
20:07:41,29.00,36.80
20:07:51,29.00,36.90
20:08:01,29.00,36.80
20:08:11,29.00,36.90
20:08:21,29.00,37.10
20:08:31,29.00,37.20
20:08:41,29.00,37.10
20:08:51,29.00,37.00
20:09:01,29.00,37.00
20:09:11,29.00,36.90
20:09:21,29.00,37.00
20:09:31,29.00,37.10
20:09:41,29.00,37.00
20:09:51,29.00,37.00
20:10:01,29.00,37.10
20:10:12,29.00,37.00
20:10:22,29.00,37.00
20:10:32,29.00,37.00
20:10:42,29.00,37.00
20:10:52,29.00,36.90
20:11:02,29.00,37.00
20:11:12,29.00,37.00
20:11:22,29.00,37.00
20:11:32,29.00,37.00
20:11:42,29.00,37.00
20:11:52,29.00,37.10
20:12:02,29.00,37.10
20:12:12,29.00,37.20
20:12:22,29.00,37.20
20:12:32,29.00,37.10
20:12:42,29.00,37.10
20:12:52,29.00,37.20
20:13:02,29.00,37.30
20:13:12,29.00,37.20
20:13:22,29.00,37.20
20:13:32,29.00,37.40
20:13:42,29.00,37.20
20:13:52,29.00,37.20
20:14:02,29.00,37.50
20:14:12,29.00,37.50
20:14:22,29.00,37.30
20:14:32,29.00,37.30
20:14:42,29.00,37.30
20:14:52,29.00,37.30
20:15:02,29.00,37.40
20:15:13,29.00,37.30
20:15:23,29.00,37.40
20:15:33,29.00,37.40
20:15:43,29.00,37.40
20:15:53,29.00,37.30
20:16:03,29.00,37.40
20:16:13,29.00,37.40
20:16:23,29.00,37.40
20:16:33,29.00,37.40
20:16:43,29.00,37.40
20:16:53,29.00,37.40
20:17:03,29.00,37.40
20:17:13,29.00,37.50
20:17:23,29.00,37.40
20:17:33,29.00,37.40
20:17:43,29.00,37.60
20:17:53,29.00,37.50
20:18:03,29.00,37.60
20:18:13,29.00,37.40
20:18:23,29.00,37.40
20:18:33,29.00,37.60
20:18:43,29.00,37.60
20:18:53,29.00,37.40
20:19:03,29.00,37.40
20:19:13,29.00,37.50
20:19:23,29.00,37.40
20:19:33,29.00,37.30
20:19:43,29.00,37.50
20:19:53,29.00,37.60
20:20:03,29.00,37.50
20:20:14,29.00,37.20
20:20:24,29.00,37.30
20:20:34,29.00,37.40
20:20:44,29.00,37.30
20:20:54,29.00,37.30
20:21:04,29.00,37.50
20:21:14,29.00,37.50
20:21:24,29.00,37.30
20:21:34,29.00,37.30
20:21:44,29.00,37.50
20:21:54,29.00,37.30
20:22:04,29.00,37.40
20:22:14,29.00,37.20
20:22:24,29.00,37.20
20:22:34,29.00,37.10
20:22:44,29.00,37.10
20:22:54,29.00,37.10
20:23:04,29.00,37.30
20:23:14,29.00,37.20
20:23:24,29.00,37.20
20:23:34,29.00,37.20
20:23:44,29.00,37.10
20:23:54,29.00,37.10
20:24:04,29.00,37.10
20:24:14,29.00,37.10
20:24:24,29.00,37.10
20:24:34,29.00,37.10
20:24:44,29.00,37.40
20:24:54,29.00,37.10
20:25:04,29.00,37.20
20:25:16,29.00,37.10
20:26:36,29.00,36.90
20:26:46,29.00,36.90
20:26:56,29.00,36.90
20:27:06,29.00,37.00
20:27:16,29.00,36.80
20:27:26,29.00,36.80
20:27:37,29.00,36.60
20:27:47,29.00,36.70
20:27:57,29.00,36.80
20:28:07,29.00,36.80
20:28:17,29.00,36.80
20:28:27,29.00,36.80
20:28:37,29.00,36.80
20:28:47,29.00,36.70
20:28:57,29.00,36.70
20:29:07,29.00,37.10
20:29:17,29.00,36.90
20:29:27,29.00,36.80
20:29:37,29.00,36.90
20:29:47,29.00,37.10
20:29:57,29.00,36.90
20:30:07,29.00,36.90
20:30:24,29.00,37.00
20:30:34,29.00,37.00
20:30:43,29.00,36.90
20:30:53,29.00,36.90
20:31:04,29.00,37.00
20:31:13,29.00,36.90
20:31:23,29.00,36.90
20:31:33,29.00,37.20
20:31:43,29.00,37.10
20:31:53,29.00,36.90
20:32:04,29.00,36.90
20:32:13,29.00,36.90
20:32:24,29.00,36.90
20:32:34,29.00,36.90
20:32:43,29.10,37.00
20:32:54,29.00,36.70
20:33:04,29.00,36.80
20:33:13,29.00,36.90
20:33:24,29.00,36.80
20:33:34,29.00,36.90
20:33:43,29.00,36.80
20:33:54,29.00,36.80
20:34:04,29.00,36.90
20:34:14,29.10,36.90
20:34:24,29.00,37.00
20:34:34,29.00,36.90
20:34:43,29.00,36.80
20:34:54,29.00,36.80
20:35:03,29.00,36.70
20:35:13,29.00,36.70
20:35:28,29.00,36.80
20:35:38,29.00,36.80
20:35:48,29.00,37.00
20:35:58,29.00,36.80
20:36:08,29.00,37.00
20:36:18,29.00,37.10
20:36:28,29.10,36.90
20:36:38,29.00,36.80
20:36:48,29.00,37.00
20:36:58,29.00,36.90
20:37:08,29.10,36.90
20:37:18,29.00,36.70
20:37:28,29.00,36.80
20:37:38,29.00,36.70
20:37:48,29.00,36.60
20:37:58,29.10,36.60
20:38:08,29.00,36.40
20:38:18,29.00,36.50
20:38:28,29.00,36.40
20:38:38,29.00,36.50
20:38:48,29.00,36.50
20:38:58,29.00,36.40
20:39:08,29.00,36.40
20:39:18,29.00,36.40
20:39:28,29.00,36.30
20:39:38,29.00,36.30
20:39:48,29.00,36.50
20:39:58,29.00,36.50
20:40:08,29.00,36.50
20:40:18,29.00,36.40
20:40:33,29.00,36.50
20:40:43,29.00,36.50
20:40:53,29.00,36.50
20:41:03,29.00,36.50
20:41:13,29.00,36.50
20:41:23,29.00,36.60
20:41:33,29.00,36.50
20:41:43,29.00,36.50
20:41:53,29.00,36.50
20:42:03,29.00,36.50
20:42:13,29.00,36.50
20:42:23,29.00,36.50
20:42:33,29.00,36.60
20:42:43,29.00,36.50
20:42:53,29.00,36.70
20:43:03,29.00,36.60
20:43:13,29.00,36.60
20:43:23,29.00,36.60
20:43:33,29.00,36.60
20:43:43,29.00,36.70
20:43:53,29.00,36.70
20:44:03,29.00,36.80
20:44:13,29.00,36.80
20:44:23,29.00,37.00
20:44:33,29.00,37.10
20:44:43,29.00,37.00
20:44:53,29.00,36.90
20:45:03,29.00,37.00
20:45:13,29.00,37.00
20:45:23,29.00,37.00
20:45:39,29.00,37.00
20:45:49,29.00,37.00
20:45:59,29.00,37.00
20:46:09,29.00,37.20
20:46:19,29.00,37.20
20:46:29,29.00,37.20
20:46:39,29.00,37.20
20:46:49,29.00,37.20
20:46:59,29.00,37.20
20:47:09,29.00,37.20
20:47:19,29.00,37.20
20:47:29,29.00,37.30
20:47:39,29.00,37.30
20:47:49,29.00,37.30
20:47:59,29.00,37.30
20:48:09,29.00,37.40
20:48:19,29.00,37.50
20:48:29,29.00,37.40
20:48:39,29.00,37.50
20:48:49,29.00,37.50
20:48:59,29.00,37.50
20:49:09,29.00,37.60
20:49:19,29.00,37.70
20:49:29,29.00,37.70
20:49:39,29.00,37.90
20:49:49,29.00,37.80
20:49:59,29.00,37.80
20:50:09,29.00,38.00
20:50:19,29.00,38.00
20:50:29,29.00,38.10
20:50:41,29.00,38.30
20:50:51,29.00,38.20
20:51:01,29.00,38.20
20:51:11,29.00,38.30
20:51:21,29.00,38.30
20:51:31,29.00,38.50
20:51:41,29.00,38.50
20:51:51,29.00,38.50
20:52:01,29.00,38.50
20:52:11,29.00,38.60
20:52:21,29.00,38.60
20:52:31,29.00,38.60
20:52:41,29.00,38.60
20:52:51,29.00,38.80
20:53:01,29.00,38.80
20:53:11,29.00,38.80
20:53:21,29.00,38.90
20:53:31,29.00,39.00
20:53:41,29.00,39.10
20:53:51,29.00,39.10
20:54:01,29.00,39.20
20:54:11,29.00,39.20
20:54:21,29.00,39.10
20:54:31,28.90,39.10
20:54:41,28.90,39.20
20:54:51,28.90,39.10
20:55:01,28.90,39.10
20:55:11,28.80,39.00
20:55:21,28.80,38.90
20:55:31,28.80,38.90
20:55:42,28.70,38.90
20:55:52,28.60,38.90
20:56:02,28.60,39.00
20:56:12,28.50,39.00
20:56:22,28.50,38.90
20:56:32,28.50,38.90
20:56:42,28.40,38.90
20:56:52,28.30,39.00
20:57:02,28.30,39.00
20:57:12,28.30,39.00
20:57:22,28.20,39.00
20:57:32,28.20,38.90
20:57:42,28.20,38.90
20:57:52,28.10,38.90
20:58:02,28.10,39.00
20:58:12,28.00,38.90
20:58:22,28.00,38.90
20:58:32,27.90,38.90
20:58:42,27.90,38.90
20:58:52,27.90,38.90
20:59:02,27.90,38.80
20:59:12,27.80,38.70
20:59:22,27.80,38.70
20:59:32,27.80,38.70
20:59:42,27.70,38.80
20:59:52,27.70,38.80
21:00:02,27.60,38.90
21:00:12,27.60,38.90
21:00:22,27.60,39.00
21:00:32,27.60,39.00
21:00:45,27.50,39.10
21:00:55,27.50,39.10
21:01:05,27.50,39.20
21:01:15,27.50,39.20
21:01:25,27.40,39.20
21:01:35,27.40,39.20
21:01:45,27.40,39.20
21:01:55,27.40,39.20
21:02:05,27.30,39.20
21:02:15,27.30,39.20
21:02:25,27.30,39.30
21:02:35,27.20,39.30
21:02:45,27.20,39.30
21:02:55,27.20,39.30
21:03:05,27.20,39.30
21:03:15,27.10,39.30
21:03:25,27.10,39.40
21:03:35,27.10,39.40
21:03:45,27.10,39.40
21:03:55,27.10,39.40
21:04:05,27.10,39.50
21:04:15,27.10,39.60
21:04:25,27.10,39.60
21:04:35,27.10,39.70
21:04:45,27.10,39.80
21:04:55,27.00,39.60
21:05:05,27.00,39.70
21:05:15,27.00,39.60
21:05:25,27.00,39.60
21:05:35,27.00,39.60
21:05:47,26.90,39.60
21:05:57,26.90,39.50
21:06:07,26.90,39.60
21:06:17,26.90,39.70
21:06:27,26.90,39.70
21:06:37,26.90,39.70
21:06:47,26.90,39.80
21:06:57,26.90,39.80
21:07:07,26.90,39.80
21:07:17,26.90,40.00
21:07:27,26.90,40.00
21:07:37,26.90,39.90
21:07:47,26.90,39.80
21:07:57,26.80,39.90
21:08:07,26.90,40.00
21:08:17,26.80,40.00
21:08:27,26.80,40.00
21:08:37,26.80,40.10
21:08:47,26.80,40.20
21:08:57,26.80,40.20
21:09:07,26.80,40.30
21:09:17,26.80,40.20
21:09:27,26.80,40.10
21:09:37,26.80,39.90
21:09:47,26.80,39.70
21:09:57,26.80,39.70
21:10:07,26.70,39.70
21:10:17,26.70,39.60
21:10:27,26.70,39.50
21:10:37,26.60,39.40
21:10:50,26.60,39.20
21:11:00,26.60,39.10
21:11:10,26.60,39.00
21:11:20,26.50,38.90
21:11:30,26.50,38.80
21:11:40,26.50,38.80
21:11:50,26.50,38.70
21:12:00,26.40,38.70
21:12:10,26.40,38.60
21:12:20,26.40,38.60
21:12:30,26.40,38.60
21:12:40,26.40,38.70
21:12:50,26.30,38.70
21:13:00,26.30,38.80
21:13:10,26.30,38.80
21:13:20,26.30,39.00
21:13:30,26.30,39.10
21:13:40,26.30,39.20
21:13:50,26.20,39.30
21:14:00,26.30,39.40
21:14:10,26.30,39.40
21:14:20,26.30,39.60
21:14:30,26.30,39.70
21:14:40,26.20,39.80
21:14:50,26.20,39.80
21:15:00,26.20,40.10
21:15:10,26.30,40.10
21:15:20,26.30,40.30
21:15:30,26.30,40.50
21:15:40,26.30,40.60
21:15:54,26.30,40.80
21:16:04,26.30,41.00
21:16:13,26.30,41.10
21:16:24,26.20,41.40
21:16:34,26.30,41.40
21:16:43,26.30,41.60
21:16:54,26.30,41.90
21:17:04,26.30,42.00
21:17:13,26.30,42.20
21:17:24,26.30,42.50
21:17:34,26.30,42.60
21:17:44,26.30,42.90
21:17:54,26.40,43.20
21:18:04,26.40,43.30
21:18:13,26.40,43.50
21:18:24,26.40,43.80
21:18:34,26.40,43.90
21:18:43,26.40,44.10
21:18:54,26.40,44.30
21:19:04,26.40,44.20
21:19:13,26.40,44.40
21:19:24,26.40,44.60
21:19:34,26.40,44.90
21:19:43,26.50,45.00
21:19:54,26.40,45.20
21:20:04,26.40,45.20
21:20:13,26.40,45.50
21:20:24,26.50,45.60
21:20:34,26.50,45.80
21:20:44,26.50,45.80
